mode,id,n_injected,finish,src,ko
none,P001,45,stop,"The patient presented with acute nephritic syndrome characterized by hematuria, hypertension, and mild edema following a recent streptococcal throat infection. Initial laboratory evaluation strongly suggested psgn as the primary etiology, supported by elevated anti-streptolysin O titers and depressed complement levels. While managing fluid balance and blood pressure, the care team reviewed the hospital quarterly report regarding case-mix indices to ensure appropriate resource allocation for this complex renal presentation. Concurrently, the research division requested a small urine sample for an investigational study involving a novel hammerhead ribozyme designed to target specific viral RNA sequences, though this experimental protocol remains separate from the standard therapeutic regimen for the current glomerulonephritis. The patient responded well to supportive care, with gradual improvement in renal function over the subsequent forty-eight hours. Discharge planning included strict sodium restriction and follow-up monitoring to track resolution of the inflammatory process. No immediate indications for biopsy were noted given the classic clinical picture and serological findings. The interdisciplinary team emphasized the importance of adherence to medication schedules and outpatient nephrology appointments to prevent long-term complications associated with post-infectious glomerular injury.","최근 연쇄상구균 인두 감염 이후, 환자는 혈뇨, 고혈압 및 경미한 부종을 특징으로 하는 급성 신염 증후군으로 내원하였다. 초기 검사실 평가에서는 상승된 항연쇄구균용혈소 O 역가와 감소된 보체 수치가 뒷받침하여, PSGN이 주요 원인일 가능성이 매우 높은 것으로 시사되었다. 의료진은 체액 균형과 혈압을 관리하는 동시에, 이러한 복잡한 신장 질환 사례에 대한 적절한 자원 배분을 보장하기 위해 병원의 분기별 케이스믹스 지수 보고서를 검토하였다. 이와 동시에, 연구 부서에서는 특정 바이러스 RNA 서열을 표적으로 하도록 고안된 새로운 해머헤드 리보자임을 활용한 연구용 시험을 위해 소량의 소변 샘플을 요청하였으나, 이 실험적 프로토콜은 현재 사구체신염의 표준 치료 요법과는 별개로 진행된다. 환자는 보존적 치료에 잘 반응하였으며, 이후 48시간 동안 신기능이 점진적으로 호전되었다. 퇴원 계획에는 엄격한 나트륨 제한과 염증 과정의 소실을 추적하기 위한 추적 모니터링이 포함되었다. 전형적인 임상 양상과 혈청학적 소견을 고려할 때 즉각적인 생검의 적응증은 없었다. 다학제 진료팀은 감염 후 사구체 손상과 관련된 장기적 합병증을 예방하기 위해 약물 복용 일정과 외래 신장내과 진료 예약을 준수하는 것의 중요성을 강조하였다."
none,P002,37,stop,"The patient presented with persistent cheilosis affecting the lower lip vermilion, characterized by fissuring and mild erythema that failed to resolve with topical emollients. Concurrent neurological evaluation revealed significant memory deficits, prompting advanced imaging which confirmed unilateral hippocampal sclerosis with associated volume loss and signal hyperintensity on T2-weighted sequences. Given the refractory nature of the seizures and the clear structural lesion, the multidisciplinary team recommended surgical staging to delineate the epileptogenic zone precisely. This comprehensive surgical staging included prolonged video-EEG monitoring, high-resolution MRI volumetry, and neuropsychological testing to assess functional reserve prior to any potential resection. The cheilosis was managed supportively while the primary focus remained on the intricate planning required for the upcoming surgical staging protocol. Careful coordination between dermatology and neurology ensured that systemic factors were ruled out before proceeding. The patient tolerated the initial phases of surgical staging well, showing no adverse reactions to the invasive electrode placement. Final decisions regarding therapeutic intervention will depend entirely on the data gathered during this critical surgical staging period, aiming to maximize seizure freedom while preserving cognitive function.","환자는 국소 보습제로 호전되지 않는 갈라짐과 경도 홍반을 특징으로 하는 하순 vermilion 부위의 지속성 구순염을 주소로 내원하였다. 동반된 신경학적 평가에서 유의한 기억 결손이 확인되어 시행한 고급 영상 검사에서 T2 강조 영상序列에서 과신호 강도와 동반된 용적 감소를 보이는 편측 해마 경화증이 확인되었다. 난치성 간질 발작의 특성과 명확한 구조적 병변을 고려하여, 다학제 팀은 간질 발생 영역을 정확히 규명하기 위해 수술적 병기 설정을 권고하였다. 이 포괄적인 수술적 병기 설정에는 장시간 비디오-EEG 모니터링, 고해상도 MRI 용적 측정 및 잠재적 절제 전 기능적 예비력을 평가하기 위한 신경심리학적 검사가 포함되었다. 향후 수술적 병기 설정 프로토콜에 필요한 복잡한 계획 수립에 주안점을 둔 상태에서 구순염은 대증적으로 관리되었다. 피부과와 신경과 간의 긴밀한 조율을 통해 진행 전 전신적 요인이 배제되었다. 환자는 수술적 병기 설정의 초기 단계를 잘 견뎠으며, 침습적 전극 삽입에 대한 이상 반응을 보이지 않았다. 인지 기능 보존과 함께 간질 발작으로부터의 자유를 최대화하는 것을 목표로, 치료적 중재와 관련된 최종 결정은 이 중요한 수술적 병기 설정 기간 동안 수집된 데이터에 전적으로 좌우될 것이다."
none,P003,30,stop,"The patient presented for routine obstetric evaluation with a history suggestive of placental anomalies. Ultrasound imaging confirmed the presence of a bidiscoidal placenta, characterized by two distinct lobes connected by fetal vessels, which requires careful monitoring throughout the remainder of the gestation to prevent potential complications such as vasa previa or retained placental tissue post-delivery. Concurrently, laboratory protocols necessitated the processing of maternal serum samples to screen for infectious markers. The technician utilized a reciprocal shaker to ensure thorough mixing of the reagents and specimens prior to analysis, maintaining consistent agitation speeds to optimize reaction kinetics without causing hemolysis. Subsequent serological testing yielded results indicating high quality-hcv ab levels, suggesting a robust immune response or past exposure to the hepatitis C virus that warrants further confirmatory testing and hepatology consultation. The clinical team documented these findings immediately to coordinate appropriate prenatal care strategies, ensuring both maternal and fetal safety while addressing the identified placental structure and infectious disease status comprehensively within the electronic health record system for future reference and interdisciplinary management planning.","환자는 태반 이상을 시사하는 병력을 가지고 정기 산과 평가를 위해 내원하였다. 초음파 검사에서 태아 혈관으로 연결된 두 개의 뚜렷한 엽이 특징인 이엽 태반(bidiscoidal placenta)의 존재가 확인되었으며, 이는 전치혈관(vasa previa)이나 분만 후 태반 조직 잔류와 같은 잠재적 합병증을 예방하기 위해 임신 남은 기간 동안 주의 깊은 모니터링이 필요하다. 동시에, 감염 표지자 선별을 위해 모체 혈청 샘플을 처리해야 하는 검사실 프로토콜이 요구되었다. 검사자는 분석 전 시약과 검체의 철저한 혼합을 보장하기 위해 왕복식 진탕기를 사용하였고, 용혈을 유발하지 않으면서 반응 동역학을 최적화하기 위해 일정한 진탕 속도를 유지하였다. 후속 혈청학적 검사 결과 고품질 HCV 항체 수치를 나타내어, 강력한 면역 반응이나 과거 C형 간염 바이러스 노출을 시사하므로 추가 확인 검사와 간장학적 진료 상담이 필요하다. 임상팀은 이러한 소견을 즉시 문서화하여 적절한 산전 관리 전략을 조율하였으며, 확인된 태반 구조와 감염성 질환 상태를 전자 건강 기록 시스템 내에 종합적으로 기록하여 향후 참조 및 학제간 관리 계획 수립에 활용함으로써 모체와 태아의 안전을 모두 보장하였다."
none,P004,38,stop,"The patient presented for a comprehensive preoperative evaluation prior to undergoing scheduled orthognathic surgery to correct severe mandibular retrognathia and associated malocclusion. During the detailed review of past surgical history, it was noted that the individual previously required an emergency meckel's diverticulectomy at age twelve due to acute lower gastrointestinal bleeding and abdominal pain, which resolved without subsequent complications. Current physical examination revealed no acute distress, though the patient reported mild intermittent flank discomfort on the left side. To further investigate these renal symptoms and rule out any obstructive uropathy before the major jaw procedure, diagnostic imaging was urgently ordered. The radiology department performed a kub left lateral view to assess for potential calculi or abnormal calcifications within the urinary tract that might not be visible on standard anteroposterior projections. Results from this specific radiographic series were pending at the time of consultation, but initial assessment suggested no obvious large stones. The surgical team agreed to proceed with the planned orthognathic surgery once the imaging results are fully reviewed and cleared by anesthesia, ensuring no contraindications exist from the recent renal workup or the remote history of bowel resection.","환자는 심한 하악 후퇴증 및 동반된 부정교합을 교정하기 위해 예정된 악교정수술 전 포괄적인 수술 전 평가를 위해 내원하였다. 상세한 과거 수술력 검토 결과, 환자는 12세 때 급성 하부 위장관 출혈 및 복통으로 인해 응급 메켈 게실 절제술을 받았으며, 이후 합병증 없이 회복되었음이 확인되었다. 현재 신체 검진에서 급성 곤란 증상은 없었으나, 환자는 좌측의 가벼운 간헐적 측복부 불편감을 호소하였다. 주요 악안면 수술에 앞서 이러한 신장 관련 증상을 추가적으로 조사하고 폐쇄성 신병증을 배제하기 위해 진단 영상 검사가 긴급히 의뢰되었다. 방사선과에서는 표준 전후방 촬영에서 보이지 않을 수 있는 요로 내 잠재적 결석이나 비정상적 석회화를 평가하기 위해 좌측면 KUB 촬영을 시행하였다. 진료 시점에서 이 특정 방사선 촬영 결과는 대기 중이었으나, 초기 평가상 명확한 대형 결석은 없는 것으로 판단되었다. 수술 팀은 영상 검사 결과가 전면적으로 검토되고 마취과에서 허가를 내릴 경우, 최근 신장 검사나 과거 장 절제술 병력으로 인한 금기증이 없음을 확인한 후 계획된 악교정수술을 진행하기로 합의하였다."
none,P005,43,stop,"The patient presented with acute symptoms consistent with gastroenteritis paratyphosa, including severe diarrhea, abdominal cramping, and high-grade fever lasting three days. Initial laboratory analysis focused on achieving bacteriostasis to inhibit the rapid multiplication of the suspected Salmonella pathogen while awaiting definitive culture results. To ensure sample integrity and prevent external contamination during processing, all specimen handling was conducted within a certified clean bench environment. The medical team initiated supportive care measures alongside targeted antimicrobial therapy designed to maintain bacteriostasis until the immune system could effectively clear the infection. Monitoring of fluid and electrolyte balance remained a priority given the significant losses associated with gastroenteritis paratyphosa. Staff adhered to strict aseptic protocols, utilizing the clean bench for all open system manipulations to minimize the risk of secondary infections or cross-contamination. As the patient responded to treatment, signs of dehydration resolved, and gastrointestinal symptoms gradually subsided, indicating successful control of the bacterial load. Continued observation is planned to ensure complete recovery and prevent relapse of gastroenteritis paratyphosa, with follow-up cultures scheduled to confirm eradication of the organism and verify that bacteriostasis has transitioned to full resolution.","환자는 3일간 지속된 심한 설사, 복부 경련 및 고열을 포함하여 파라티푸스성 위장염과 일치하는 급성 증상으로 내원하였다. 초기 검사실 분석은 확정 배양 결과를 기다리는 동안 의심되는 살모넬라 병원균의 급속한 증식을 억제하기 위해 정균 작용을 달성하는 데 중점을 두었다. 검체 처리 중 외부 오염을 방지하고 검체 무결성을 보장하기 위해 모든 검체 취급은 인증된 클린 벤치 환경 내에서 수행되었다. 의료진은 면역 체계가 감염을 효과적으로 제거할 때까지 정균 상태를 유지하도록 고안된 표적 항균 요법과 함께 대증 요법을 시작했다. 파라티푸스성 위장염으로 인한 상당한 손실을 고려하여 수분 및 전해질 균형 모니터링이 최우선 과제로 유지되었다. 직원들은 이차 감염 또는 교차 오염의 위험을 최소화하기 위해 모든 개방계 조작에 클린 벤치를 활용하는 엄격한 무균 프로토콜을 준수했다. 환자가 치료에 반응함에 따라 탈수 징후가 해소되고 위장관 증상이 점차 가라앉아 세균 부하가 성공적으로 통제되었음을 나타냈다. 완전한 회복을 보장하고 파라티푸스성 위장염의 재발을 방지하기 위해 지속적인 관찰이 계획되었으며, 병원균의 박멸을 확인하고 정균 상태가 완전한 소멸로 전환되었음을 검증하기 위해 추적 배양 검사가 예정되어 있다."
none,P006,42,stop,"The patient presented with a complex history involving significant behavioral concerns related to mysophilia that have complicated hygiene compliance during prior hospitalizations. On physical examination, the oropharynx revealed erythematous and enlarged bilateral palatine tonsils without exudate, suggesting an acute infectious process rather than chronic hypertrophy alone. Despite initial treatment for presumed bacterial pharyngitis, the patient deteriorated neurologically with altered mental status and severe headache. Subsequent lumbar puncture and imaging studies confirmed a diagnosis of cryptococcal meningocerebritis, necessitating immediate initiation of antifungal therapy with amphotericin B and flucytosine. The presence of mysophilia initially obscured the clinical picture by introducing confounding variables regarding potential environmental exposures and personal cleanliness habits. Careful monitoring of intracranial pressure remains critical as the infection involves both meningeal and parenchymal tissues. The inflamed bilateral palatine tonsils may have served as a portal of entry or a concurrent site of infection, although blood cultures remained negative for typical bacterial pathogens. Multidisciplinary management is required to address both the severe fungal infection and the underlying behavioral issues to ensure long-term treatment adherence and prevent recurrence of this life-threatening condition in the future.","환자는 임상 병력이 복잡하며, 이전 입원 중 위생 준수를 어렵게 만든 mysophilia(오열애호증)와 관련된 중대한 행동 문제를 동반하고 있었다. 신체 검사에서 구인두부는 삼출물 없이 홍조를 동반하고 양측 구개편도가 비대해져 있어, 단순 만성 비대증보다는 급성 감염 과정을 시사했다. 세균성 인두염으로 추정하여 초기 치료를 시행했음에도 불구하고, 환자는 의식 변화와 심한 두통을 동반하며 신경학적으로 악화되었다. 이후 시행한 요추 천자 및 영상 검사에서 크립토코커스 뇌수막뇌염 진단이 확인되었고, 이로 인해 암포테리신 B와 플루시토신을 사용한 항진균 요법을 즉시 시작해야 했다. 잠재적인 환경 노출 및 개인 위생 습관과 관련하여 혼란 변수를 도입함으로써 mysophilia의 존재는 초기에 임상 양상을 모호하게 만들었다. 감염이 뇌수막과 실질 조직 모두를 침범함에 따라 뇌압에 대한 면밀한 모니터링이 매우 중요하다. 혈액 배양 검사에서 전형적인 세균성 병원균은 음성으로 나타났으나, 염증이 있는 양측 구개편도는 감염의 진입로 또는 동반 감염 부위 역할을 했을 가능성이 있다. 이 중대한 진균 감염과 근본적인 행동 문제를 모두 해결하여 장기적인 치료 순응도를 확보하고 향후 이 생명을 위협하는 질환의 재발을 방지하기 위해서는 다학제적 관리가 필요하다."
none,P007,55,stop,"The patient presented with acute neurological decline following a recent travel history to endemic regions where sao paulo fever is known to circulate among local populations. Initial imaging revealed a complex cranial defect consistent with meningoencephalocele, showing herniation of brain tissue through a skull base anomaly. This structural abnormality appeared congenital but remained asymptomatic until the current infectious episode triggered severe inflammation. Throughout the examination, the patient displayed involuntary movements affecting the upper extremities and facial muscles, which persisted despite sedation attempts. These motor disturbances complicated the neurological assessment and suggested deep central nervous system involvement beyond the visible structural defect. Laboratory results indicated elevated inflammatory markers typical of viral encephalitis, supporting the clinical suspicion of sao paulo fever as the precipitating agent. The combination of meningoencephalocele and active infection created a high-risk scenario for rapid deterioration. Medical staff monitored the involuntary spasms closely while preparing for potential surgical intervention to repair the cranial defect once the acute infectious phase subsided. Immediate isolation protocols were enacted to prevent nosocomial transmission while awaiting confirmatory serology results from the reference laboratory.","환자는 상파울루 열(Sao Paulo fever)이 지역 주민들 사이에서 유행하는 것으로 알려진 풍토 지역으로의 최근 여행력 이후 급성 신경학적 악화를 보이며 내원하였다. 초기 영상 검사에서 두개저 이상을 통해 뇌 조직이 탈출되는 뇌막뇌탈출증과 일치하는 복잡한 두개 결손이 확인되었다. 이 구조적 이상은 선천적인 것으로 보였으나, 현재의 감염 에피소드가 심한 염증 반응을 유발하기 전까지는 무증상 상태였던 것으로 추정된다. 검사 내내 환자는 상지 및 안면 근육에 영향을 미치는 불수의적 운동을 보였으며, 이는 진정 시도에도 불구하고 지속되었다. 이러한 운동 이상은 신경학적 평가를 복잡하게 하였으며, 육안으로 관찰되는 구조적 결손을 넘어 중추신경계의 깊은 부위까지 침범되었음을 시사했다. 검사실 결과는 바이러스성 뇌염에 전형적인 염증 지표 상승을 보여 상파울루 열이 원인 병원체라는 임상적 의심을 뒷받침했다. 뇌막뇌탈출증과 활동성 감염의 병발은 급속한 상태 악화의 고위험 상황을 초래했다. 의료진은 급성 감염기가 가라앉은 후 두개 결손을 복구하기 위한 수술적 중재를 준비하는 동안 불수의적 경련을 면밀히 모니터링했다. 의뢰 검사실의 확진 혈청학적 검사 결과를 기다리는 동안 병원 내 전파를 방지하기 위해 즉각적인 격리 규정이 시행되었다."
none,P008,32,stop,"The patient presented with persistent headaches and visual disturbances, prompting a detailed neurological examination and advanced imaging studies. Initial assessment revealed no obvious external trauma, yet the patient reported sharp pain radiating along the path of the auriculotemporal nerve during chewing movements. This specific symptom complex suggested potential compression or irritation within the deep cranial structures. Subsequent magnetic resonance imaging provided high-resolution views of the central brain anatomy, clearly delineating the third ventricle structure without evidence of mass effect or hydrocephalus. The scan also captured fine bony landmarks near the temporal region, where the suprameatal foveola appeared intact and showed no signs of erosion or abnormal calcification. Despite the normal appearance of these specific anatomical features, the clinical picture remained concerning for a subtle neuropathic process. Further evaluation focused on ruling out vascular anomalies or inflammatory conditions that might not be immediately visible on standard sequences. The care team decided to monitor the patient closely while preparing for possible nerve block interventions to manage the debilitating pain symptoms effectively.","환자는 지속적인 두통과 시각 장애를 주소로 내원하여 상세한 신경학적 검사와 고급 영상 검사가 시행되었다. 초기 평가에서 명확한 외부 외상의 흔적은 없었으나, 환자는 저작 운동 중 귓바퀴관자신경 경로를 따라 방사되는 날카로운 통증을 호소하였다. 이러한 특정 증상 복합체는 두개 내 심부 구조의 압박 또는 자극 가능성을 시사하였다. 이후 시행한 자기공명영상(MRI)은 중심 뇌 해부학적 구조에 대한 고해상도 영상을 제공하였으며, 종괴 효과나 뇌수종의 증거 없이 제3뇌실 구조를 명확히 변연 지었다. 또한 이 검사는 측두부 근처의 미세한 골 표식(landmark)을 포착하였는데, 상이와와(superameatal foveola)는 온전하게 유지되어 있었으며 침식이나 비정상적 석회화의 징후는 보이지 않았다. 이러한 특정 해부학적 특징들이 정상적으로 보였음에도 불구하고, 임상 양상은 미세한 신경병리학적 과정에 대한 우려를 남겨두었다. 추가 평가는 표준 자기공명영상 시퀀스에서 즉각적으로 관찰되지 않을 수 있는 혈관 기형이나 염증성 질환을 배제하는 데 중점을 두었다. 의료진은 환자의 심각한 통증 증상을 효과적으로 관리하기 위해 가능한 신경 차단 중재를 준비하는 동시에 환자를 면밀히 모니터링하기로 결정하였다."
none,P009,28,stop,"The patient presented with persistent pelvic discomfort and irregular bleeding patterns that warranted further investigation. Initial imaging suggested a complex fibroid configuration, leading to the decision to proceed with a colpomyomectomy to address the structural abnormalities while preserving uterine integrity. During the preoperative assessment, the medical team noted significant deviations in the patient's baseline physiology, specifically documenting altered uterine contractions that differed markedly from typical labor patterns or standard myometrial activity. These irregularities complicated the surgical planning but did not contraindicate the procedure. Postoperatively, the patient was monitored closely for signs of hemorrhage or infection, and her recovery trajectory appeared stable despite the complexity of the intervention. It is worth noting that the patient reported a family history of similar gynecological issues, including a relative who underwent treatment at hapgok, though this geographical detail did not directly influence the immediate surgical approach. The pathology results later confirmed benign leiomyomas, validating the chosen therapeutic strategy. Follow-up appointments will focus on ensuring the resolution of symptoms and monitoring for any recurrence of the altered uterine contractions observed prior to the surgery.","환자는 지속적인 골반 불편감과 비정상적인 출혈 패턴을 보여 추가 검사가 필요했다. 초기 영상 검사에서 복잡한 자궁근종 구성이 의심되어, 자궁의 온전성을 보존하면서 구조적 이상을 교정하기 위해 질식 자궁근종 절제술을 시행하기로 결정했다. 수술 전 평가에서 의료진은 환자의 기본 생리 상태에서 유의미한 이상을 확인했으며, 특히 전형적인 진통 패턴이나 표준 자궁근층 활동과 현저히 다른 변형된 자궁 수축을 기록했다. 이러한 비정상 소견은 수술 계획을 복잡하게 만들었으나 수술 금기 사유에는 해당하지 않았다. 수술 후 환자는 출혈이나 감염 징후에 대해 면밀히 모니터링되었으며, 시술의 복잡성에도 불구하고 회복 경과는 안정적인 것으로 보였다. 환자는 유사한 부인과 질환의 가족력이 있다고 보고했으며, 여기에는 합곡에서 치료를 받은 친척도 포함되어 있었으나, 이러한 지리적 세부 사항은 즉각적인 수술 접근 방식에 직접적인 영향을 미치지 않았다. 이후 병리 결과에서 양성 평활근종이 확인되어 선택된 치료 전략이 타당함이 입증되었다. 추후 외래 방문은 증상의 해소를 확인하고 수술 전 관찰되었던 변형된 자궁 수축의 재발 여부를 모니터링하는 데 중점을 둘 것이다."
none,P010,45,stop,"The neonate presented with severe congenital anomalies consistent with sirenomelia syndrome, characterized by fused lower limbs and absent external genitalia. Immediate assessment focused on stabilizing respiratory function while evaluating the extent of skeletal malformations. Despite the profound lower body defects, the upper extremity development appeared largely preserved, allowing for normal reflexive grasping and movement bilaterally. A thorough abdominal examination revealed significant distension, prompting further investigation into potential gastrointestinal obstructions or fistulas commonly associated with this rare condition. To assess the distal rectal anatomy and rule out imperforate anus or other anorectal malformations, a pediatric proctoscope was gently introduced under sterile conditions. The procedure allowed direct visualization of the rectal mucosa, confirming the presence of a narrow but patent channel despite the surrounding structural abnormalities. Multidisciplinary consultation involving pediatric surgery, nephrology, and genetics was initiated immediately to discuss prognosis and potential palliative measures, as renal agenesis is frequently observed alongside sirenomelia syndrome. The family received compassionate counseling regarding the gravity of the diagnosis and the limited therapeutic options available for such extensive developmental errors affecting multiple organ systems simultaneously.","신생아는 하지 유합과 외부 생식기 결손을 특징으로 하는 사이레노멜리아 증후군과 일치하는 심각한 선천적 기형을 보이며 내원하였다. 즉각적인 평가는 골격 기형의 범위를 평가하는 동시 호흡 기능 안정화에 중점을 두었다. 심각한 하체 결손에도 불구하고 상지 발달은 대체로 보존된 것으로 보였으며, 이로 인해 양측 정상적인 반사성 잡기 및 움직임이 가능했다. 철저한 복부 검사는 유의미한 팽만을 드러내었고, 이 희귀 질환과 흔히 동반되는 잠재적 위장관 폐쇄나 누공에 대한 추가 조사가 촉발되었다. 원위 직장 해부학을 평가하고 항문 폐쇄증 또는 기타 항문직장 기형을 배제하기 위해, 무균 상태에서 소아 직장경을 조심스럽게 삽입하였다. 이 시술은 직장 점막의 직접적인 관찰을 가능하게 하였고, 주변 구조적 이상에도 불구하고 좁지만 개방성을 유지하는 통로가 있음을 확인하였다. 사이레노멜리아 증후군과 함께 신무신증이 흔히 관찰되므로 예후 및 잠재적 완화 치료를 논의하기 위해 소아외과, 신장내과, 유전학이 참여하는 다학제 진료 협의가 즉시 시작되었다. 가족은 진단의 심각성과 다발성 장기 계통에 영향을 미치는 이러한 광범위한 발달 이상에 대해 이용 가능한 치료 옵션이 제한적이라는 점에 관하여 인도적 상담을 받았다."
none,P011,46,stop,"The patient presented with a complex clinical picture suggestive of a chronic systemic disorder. Initial laboratory investigations revealed significant hematological abnormalities, most notably a diagnosis of sideroblastic anaemia characterized by ringed sideroblasts in the bone marrow aspirate. This finding prompted a thorough review of the family history, which uncovered a pattern consistent with heredoinfection, indicating a potential genetic predisposition passed through multiple generations. Upon physical examination, the dermatological assessment identified a distinct rash purpuric distributed primarily across the lower extremities and trunk, non-blanching under pressure. The combination of these specific findings, including the refractory nature of the anaemia and the cutaneous manifestations, raised concerns for an underlying mitochondrial cytopathy or a rare congenital metabolic defect. Further genetic sequencing was ordered to confirm the etiology linking the heredoinfection trait with the observed sideroblastic anaemia and the associated rash purpuric. Supportive care including blood transfusions was initiated while awaiting definitive molecular results to guide long-term management strategies for this multifaceted presentation affecting both hematopoietic and integumentary systems.","환자는 만성 전신 질환을 시사하는 복합적인 임상 양상으로 내원하였다. 초기 검사실 검사에서 유의한 혈액학적 이상 소견이 확인되었으며, 특히 골수 흡인 검사에서 환형 철아구가 관찰되는 철아구성 빈혈 진단이 주목할 만하였다. 이 소견은 가족력에 대한 면밀한 조사를 촉발하였고, 이를 통해 여러 세대에 걸쳐 전달된 잠재적 유전적 소인을 나타내는 유전-감염 패턴이 밝혀졌다. 신체 진찰 시 피부과 평가에서는 주로 하지와 몸통에 분포하며 압박 시 소실되지 않는(non-blanching) 뚜렷한 자반성 발진이 확인되었다. 난치성 빈혈의 특성과 피부 발현을 포함한 이러한 특정 소견들이 결합되어, 잠재된 미토콘드리아 세포병증이나 희귀 선천성 대사 결함에 대한 우려가 제기되었다. 유전-감염 형질과 관찰된 철아구성 빈혈 및 동반된 자반성 발진을 연결하는 병인을 확인하기 위해 추가 유전자 염기서열 분석이 의뢰되었다. 조혈 및 피부 시스템 모두에 영향을 미치는 이러한 다면적 양상에 대한 장기적 관리 전략을 안내할 명확한 분자 검사 결과를 기다리는 동안 수혈을 포함한 지지적 치료가 시작되었다."
none,P012,44,stop,"The patient presents with a complex history requiring multidisciplinary management, primarily due to a confirmed diagnosis of epidermolysis bullosa dystrophica. This severe genetic condition has resulted in extensive blistering and chronic wound formation across the extremities and trunk, necessitating rigorous daily dressing changes to prevent secondary complications. Due to the compromised integrity of the skin barrier, there is a significant concern for potential airborne infection, particularly given the recent exposure to a household contact with active respiratory symptoms. The care team has implemented strict isolation precautions to mitigate this risk while monitoring vital signs closely for any signs of systemic involvement. Additionally, the patient reports new onset of localized pain and swelling in the gluteal region, prompting an immediate evaluation that revealed signs consistent with glutitis. This inflammatory condition appears secondary to prolonged pressure and moisture associated with the necessary wound care regimen. Treatment plans are being adjusted to address both the acute inflammatory response in the gluteal area and the overarching need to protect fragile skin from further trauma or microbial invasion. Close follow-up is scheduled to assess response to topical therapies and ensure no progression of the airborne infection occurs within this vulnerable clinical setting.","환자는 주로 확인된 영양불량형 수포성 표피박리증 진단으로 인해 다학제 관리가 필요한 복잡한 병력을 보인다. 이 중증 유전 질환으로 인해 사지와 체간에 광범위한 수포 형성 및 만성 창상이 발생하여, 이차 합병증을 예방하기 위해 매일 엄격한 드레싱 교체가 필요하다. 피부 장벽의 손상으로 인해 공기 감염의 잠재적 위험에 대한 우려가 크며, 특히 최근 호흡기 증상이 있는 가족 접촉자에 대한 노출이 있었던 점을 고려할 때 더욱 그러하다. 의료진은 이 위험을 완화하기 위해 엄격한 격리 예방 조치를 시행하는 동시에, 전신 침범의 징후가 있는지 활력 징후를 면밀히 모니터링하고 있다. 또한, 환자는 둔부 영역에 국소 통증과 부종이 새롭게 발생했다고 보고하여 즉각적인 평가를 시행한 결과 둔근염과 일치하는 소견이 확인되었다. 이 염증성 질환은 필수적인 창상 관리 요법과 관련된 장기간의 압력 및 습기로 인해 이차적으로 발생한 것으로 보인다. 치료 계획은 둔부 영역의 급성 염증 반응을 해결하고, 연약한 피부를 추가적인 외상이나 미생물 침입으로부터 보호해야 하는 전반적인 필요성을 충족하도록 조정 중이다. 국소 치료에 대한 반응을 평가하고, 이 취약한 임상 환경에서 공기 감염이 진행되지 않는지 확인하기 위해 면밀한 추적 관찰이 예정되어 있다."
none,P013,41,stop,"The patient presented with a history of agenesis of lung discovered incidentally during childhood imaging, which has remained asymptomatic until recent evaluation for unrelated symptoms. During the comprehensive review of systems, the individual reported a recent episode of implosion sensation within the thoracic cavity following a severe coughing fit, raising concerns for potential barotrauma or structural compromise despite the congenital absence of pulmonary tissue on the affected side. The medical history is otherwise unremarkable, though the patient maintains a regular schedule of blood donation every eight weeks, a practice that has been tolerated well without evidence of anemia or hemodynamic instability. Physical examination revealed diminished breath sounds on the right, consistent with the known agenesis of lung, while the left lung demonstrated hyperinflation to compensate for the missing volume. The reported implosion feeling was transient and not associated with acute pain or desaturation, suggesting a musculoskeletal origin rather than true parenchymal collapse. Given the stable nature of the congenital anomaly and the benign course of the recent sensation, no immediate intervention is planned, but the patient will be advised to temporarily suspend blood donation until further pulmonary function testing can definitively rule out any subtle physiological strain caused by the compensatory mechanisms of the solitary lung.","환자는 소아기 영상 검사에서 우연히 발견된 폐 무발생 병력을 보였으며, 무관한 증상 평가를 위해 내원하기 최근까지 무증상 상태가 유지되었다. 전신 계통 검토에서 환자는 심한 기침 발작 후 흉강 내에 함몰감(implosion sensation)을 느끼는 최근 발작을 보고하였으며, 이는 환측의 선천적 폐 조직 결손에도 불구하고 잠재적 기압손상이나 구조적 손상에 대한 우려를 제기하였다. 그 외의 병력은 특이사항이 없으나, 환자는 8주마다 정기적으로 헌혈을 하는 일정을 유지하고 있으며, 이는 빈혈이나 혈역학적 불안정성의 증거 없이 잘 견뎌내고 있다. 신체 검진에서는 알려진 폐 무발생과 일치하게 우측에서 호흡음이 감소되어 있었고, 좌측 폐는 결손된 용적을 보상하기 위해 과팽창을 보였다. 보고된 함몰감은 일시적이었으며 급성 통통이나 탈포화와 관련이 없어, 진정한 실질 허탈보다는 근골격계 기원을 시사한다. 선천적 이상의 안정적인 특성과 최근 증상의 양성 경과를 고려하여 즉각적인 중재는 계획되지 않았으나, 단일 폐의 보상 기전으로 인한 미세한 생리적 부담을 확실히 배제하기 위한 추가 폐기능 검사가 이루어질 때까지 헌혈을 일시적으로 중단하도록 환자에게 권고할 예정이다."
none,P014,38,stop,"The patient presented with persistent topalgia localized to the lower lumbar region, which had worsened over the preceding three weeks despite conservative management. Initial imaging revealed a suspicious mass requiring further characterization through advanced oncotaxonomy protocols to determine the precise lineage and potential metastatic behavior of the lesion. Following multidisciplinary review, the decision was made to proceed with a biopsy under image guidance. During the procedure, careful application of negative pressure was maintained within the aspiration device to ensure adequate cellular yield while minimizing trauma to surrounding vascular structures. The sample obtained was immediately sent for pathological analysis, with preliminary results suggesting a need for additional molecular profiling. Throughout the intervention, the patient reported significant relief from their topalgia, likely due to the decompressive effect of the needle insertion. Post-procedure monitoring showed no immediate complications, and the site remained stable without signs of hematoma or infection. The integration of refined oncotaxonomy data will be critical in formulating the subsequent therapeutic strategy, potentially involving targeted agents or radiation therapy depending on final classification. Continued assessment of pain levels and functional status remains a priority in the ongoing care plan.","환자는 보존적 치료에도 불구하고 지난 3주간 악화된 하부 요추 부위에 국한된 지속성 국소 통증을 주소로 내원하였다. 초기 영상 검사에서 의심스러운 종괴가 발견되었으며, 병변의 정확한 계통 및 잠재적 전이 거동을 결정하기 위해 고도의 종양 분류 체계 프로토콜을 통한 추가적인 특성 규명이 필요하였다. 다학제 진료 회의 결과, 영상 유도하 생검을 시행하기로 결정하였다. 시술 중에는 주변 혈관 구조에 대한 손상을 최소화하면서 충분한 세포 채취량을 확보하기 위해 흡인 기기 내에 음압을 주의 깊게 유지하였다. 획득된 검체는 즉시 병리 분석을 위해 의뢰되었으며, 예비 결과는 추가적인 분자 프로파일링의 필요성을 시사하였다. 시술 내내 환자는 바늘 삽입의 감압 효과로 인해 것으로 보이는 국소 통증의 유의미한 완화를 호소하였다. 시술 후 모니터링 결과 즉각적인 합병증은 관찰되지 않았으며, 시술 부위는 혈종이나 감염의 징후 없이 안정적인 상태를 유지하였다. 정교화된 종양 분류 데이터의 통합은 최종 분류 결과에 따라 표적 치료제 또는 방사선 치료를 포함할 수 있는 후속 치료 전략을 수립하는 데 있어 핵심적인 역할을 할 것이다. 지속적인 치료 계획에서 통증 수준 및 기능적 상태에 대한 지속적인 평가는 여전히 최우선 과제로 남아 있다."
none,P015,42,stop,"The patient presented with severe pain in the left hallux, where clinical examination confirmed a diagnosis of onychocryptosis with significant surrounding erythema and purulent drainage. Due to the patient's concurrent complaint of radiating lower back pain extending down the right leg, a comprehensive evaluation was deemed necessary to rule out spinal pathology alongside the local foot infection. The medical team proceeded to schedule advanced imaging to assess potential foraminal stenosis at the L5-S1 level, which could explain the radicular symptoms. During the radiology procedure, the technologist carefully positioned the patient and adjusted the rotalix tube to obtain high-resolution lateral and anteroposterior views of the lumbar spine. The resulting images clearly demonstrated narrowing of the neural foramina, correlating with the patient's neurological findings. Meanwhile, the onychocryptosis was managed with partial nail avulsion and chemical matrixectomy to prevent recurrence. Post-procedure instructions included keeping the toe dry and monitoring for signs of spreading infection. The patient tolerated both the spinal imaging involving the rotalix tube and the minor surgical intervention well, reporting immediate relief from the toe pain and expressing hope that further physical therapy would address the foraminal compression issues identified in the lumbar region during this same clinical visit.","환자는 좌측 엄지발가락의 심한 통증을 주소로 내원하였으며, 임상 검사를 통해 주변부의 현저한 홍반과 화농성 배액을 동반한 감입족갑(파조증) 진단이 확인되었다. 환자가 우측 다리로 방사되는 요통을 동반하여 호소하였기 때문에, 국소 족부 감염과 함께 척추 병리를 배제하기 위해 포괄적인 평가가 필요한 것으로 판단되었다. 의료진은 방사통 증상을 설명할 수 있는 L5-S1 수준의 추간공 협착 가능성을 평가하기 위해 고급 영상 검사를 예약하였다. 방사선 검사 중, 방사선 기사는 환자를 주의 깊게 배치하고 rotalix 튜브를 조정하여 요추부의 고해상도 측면 및 전후면 영상을 획득하였다. 획득된 영상은 환자의 신경학적 소견과 일치하는 신경공 협착을 명확하게 보여주었다. 한편, 감입족갑은 재발 방지를 위해 부분 발톱 적출술 및 화학적 조갑상 제거술로 치료되었다. 시술 후 지시 사항에는 발가락을 건조하게 유지하고 감염 확산 징후를 모니터링하는 것이 포함되었다. 환자는 rotalix 튜브가 사용된 척추 영상 검사와 미세 수술적 중재를 모두 잘 견뎠으며, 발가락 통증의 즉각적인 완화를 보고하고 동일한 임상 방문 중에 확인된 요추부 추간공 압박 문제를 추가적인 물리치료가 해결해 줄 것이라는 희망을 표명하였다."
none,P016,43,stop,"The patient presented with a complex history involving superexcitation of the myocardium during initial assessment, which required immediate stabilization protocols. Concurrently, laboratory results confirmed a diagnosis of intermedia thalassaemia that has been managed conservatively since childhood without regular transfusion dependence. During the physical examination, the physician noted significant cerumen impaction within the endaural canal, obscuring visualization of the tympanic membrane and contributing to reported conductive hearing loss. The superexcitation episodes were correlated with electrolyte imbalances potentially exacerbated by chronic hemolysis associated with the underlying intermedia thalassaemia. Removal of the obstructive material from the endaural space was performed carefully to avoid trauma to the delicate skin lining the auditory meatus. Following clearance, the patient reported immediate improvement in auditory acuity, though monitoring for recurrent superexcitation remains a priority given the cardiac instability observed earlier. Management plans include ongoing hematologic follow-up for intermedia thalassaemia and routine otoscopic evaluations to prevent future endaural blockages. The interdisciplinary team will coordinate care to address both the hematologic and otologic concerns while maintaining vigilance against further episodes of superexcitation that could compromise overall cardiovascular stability in this medically complex individual.","환자는 초기 평가 시 심근의 과도흥분과 관련된 복잡한 병력을 보였으며, 이로 인해 즉각적인 안정화 프로토콜이 필요했다. 이와 동시에, 검사실 결과는 소아기부터 정기적인 수혈 의존 없이 보존적으로 관리되어 온 인터미디아 지중해빈혈(중간형 지중해빈혈) 진단을 확정해 주었다. 신체 검사에서 의사는 이도(귀관) 내에 상당한 귀지 색전을 확인했으며, 이는 고막의 시각화를 방해하고 보고된 전음성 난청의 원인이 되었다. 과도흥분 발작은 기저 인터미디아 지중해빈혈과 관련된 만성 용혈로 인해 잠재적으로 악화될 수 있는 전해질 불균형과 상관관계가 있는 것으로 나타났다. 외이도를 감싸는 섬세한 피부에 외상을 피하기 위해 이도 내 공간에서 폐쇄 물질을 제거하는 시술이 신중하게 수행되었다. 제거 후 환자는 청력 예민도의 즉각적인 개선을 보고했으나, 앞서 관찰된 심장 불안정성을 고려할 때 재발성 과도흥분에 대한 모니터링은 여전히 최우선 과제로 남아 있다. 치료 계획에는 인터미디아 지중해빈혈에 대한 지속적인 혈액학적 추적 관찰과 향후 이도 폐쇄를 예방하기 위한 정기 이내경(이경) 평가가 포함된다. 다학제 팀은 의학적으로 복잡한 이 환자의 전반적인 심혈관계 안정성을 저해할 수 있는 추가적인 과도흥분 발작에 대한 경계를 유지하면서, 혈액학적 및 이과적 문제를 모두 해결하기 위해 진료를 조율할 것이다."
none,P017,45,stop,"The patient presented with a complex history involving multicystic renal dysplasia detected during prenatal imaging, which persisted postnatally without significant functional improvement. During the subsequent cardiac evaluation, the surgical team prepared for a potential intervention requiring the administration of a cardioplegic solution to ensure myocardial protection while addressing concurrent structural anomalies. Detailed neurological assessment revealed an unusual narrowing of the neurocanal at the cervical level, raising concerns about possible spinal cord compression despite the absence of acute motor deficits. The multidisciplinary team discussed the intricate relationship between the renal malformation and the observed cardiac needs, emphasizing that the use of cardioplegic agents must be carefully titrated given the compromised renal clearance associated with multicystic renal dysplasia. Furthermore, the integrity of the neurocanal was monitored throughout the procedure to prevent iatrogenic injury during positioning. Postoperative plans include serial imaging to track the evolution of the renal cysts and repeated neurological exams to assess the stability of the neurocanal dimensions. Careful coordination between nephrology, cardiology, and neurosurgery remains essential to manage these overlapping conditions effectively while minimizing risks associated with both the cardioplegic protocol and the underlying anatomical variations.","환자는 산전 영상 검사에서 발견되어 출생 후에도 뚜렷한 기능적 호전 없이 지속된 다낭성 신 이형성과 관련된 복합적인 병력을 보였다. 이후 심장 평가 과정에서 수술 팀은 동반된 구조적 기형을 해결하는 동시에 심근 보호를 위해 심정지액 투여가 필요한 잠재적 중재를 준비했다. 상세한 신경학적 평가 결과 경추 수준의 신경관 비정상 협착이 확인되어, 급성 운동 결손이 없음에도 척수 압박의 가능성에 대한 우려가 제기되었다. 다학제 팀은 신 기형과 관찰된 심장적 요구 간의 복잡한 관계를 논의하며, 다낭성 신 이형성과 관련된 신청소율 저하를 고려할 때 심정지제 사용을 신중하게 용량 조절해야 함을 강조했다. 또한, 수술 전 과정에 걸쳐 체위 설정 중 의인성 손상을 예방하기 위해 신경관의 온전성을 모니터링했다. 수술 후 계획에는 신낭포의 진행 추적을 위한 연속적 영상 검사와 신경관 크기의 안정성을 평가하기 위한 반복적인 신경학적 검사가 포함되어 있다. 신장내과, 심장내과 및 신경외과 간의 긴밀한 조율은 심정지액 프로토콜 및 기저 해부학적 변이와 관련된 위험을 최소화하는 동시에 이러한 중복된 질환들을 효과적으로 관리하는 데 필수적이다."
none,P018,43,stop,"The patient presented with a complex and confusing clinical picture that initially suggested a metabolic emergency but rapidly evolved into a neurological crisis. Upon admission, the individual was unresponsive and exhibited signs consistent with a diabetic coma, prompting immediate administration of insulin and fluid resuscitation while laboratory values were pending. However, the clinical course deviated significantly from expected recovery patterns as the patient developed severe meningoencephalitis symptoms despite correction of hyperglycemia. Further history revealed recent exposure to warm freshwater sources, raising suspicion for naegleria fowleri infection, a rare but fatal amoebic pathogen known to invade the central nervous system through the olfactory nerve. Concurrent imaging studies incidentally noted an epiplocele in the abdominal region, though this finding appeared unrelated to the acute neurological decline. The medical team faced a daunting challenge as the rapid progression of cerebral edema overshadowed the initial metabolic disturbance. Despite aggressive antimicrobial therapy and supportive care measures, the prognosis remained grim due to the virulent nature of the identified pathogen. The presence of the epiplocele was documented for future surgical consideration once the acute infectious process was addressed or deemed terminal.","환자는 초기에는 대사성 응급 상황을 시사하였으나 신속하게 신경학적 위기로 진행된 복잡하고 혼란스러운 임상 양상을 보였다. 입원 당시 환자는 의식 반응이 없었고 당뇨병성 혼수와 일치하는 징후를 보여, 검사실 수치 결과가 나오기 전부터 즉각적인 인슐린 투여와 수액 소생술이 시행되었다. 그러나 고혈당이 교정되었음에도 불구하고 환자가 심각한 수막뇌염 증상을 발현함에 따라, 임상 경과는 예상되는 회복 양상에서 크게 벗어났다. 추가적인 병력 청취에서 최근 따뜻한 담수원에 노출된 사실이 확인되어, 후각 신경을 통해 중추신경계를 침범하는 것으로 알려진 희귀하지만 치명적인 아메바성 병원체인 파울러리 네글레리아(Naegleria fowleri) 감염에 대한 의심이 제기되었다. 동반된 영상 검사에서는 복부 영역의 장망 탈출증(epiplocele)이 우연히 발견되었으나, 이 소견은 급성 신경학적 악화와는 무관한 것으로 보였다. 급속히 진행된 뇌부종이 초기의 대사성 장애를 가리면서 의료진은 엄청난 난관에 직면했다. 동정된 병원체의 강력한 특성으로 인해 예후는 여전히 암담하였으며, 적극적인 항미생물 치료와 지지적 치료 조치에도 불구하고 상태는 호전되지 않았다. 장망 탈출증의 존재는 급성 감염 과정이 해결되거나 말기 상태로 판정된 이후 향후 수술적 고려를 위해 기록되었다."
none,P019,38,stop,"The patient presented with progressive neurological decline prompting a comprehensive evaluation including advanced imaging and functional assessment. Initial physical examination revealed significant motor instability, necessitating the immediate application of a retaining harness to prevent falls during ambulation trials within the therapy gym. Subsequent diagnostic workup focused on cerebrovascular integrity, where hemodynamometry was employed to quantify cerebral blood flow dynamics under varying physiological stress conditions. The data obtained from these measurements indicated irregular perfusion patterns that correlated with the patient's reported episodes of dizziness and syncope. Magnetic resonance imaging of the brain later confirmed the presence of insular sclerosis, characterized by distinct hyperintense lesions within the insular cortex that explained the complex seizure activity observed during monitoring. This structural abnormality appeared to disrupt autonomic regulation pathways, further complicating the clinical picture. Management strategies were adjusted to address both the mechanical safety concerns and the underlying vascular insufficiency. The care team determined that continued use of the retaining harness was essential while pharmacological interventions were optimized to stabilize hemodynamic parameters. Long-term prognosis remains guarded due to the extent of insular sclerosis and its impact on critical neural networks governing sensory integration and motor control.","환자는 진행성 신경학적 악화를 보여 고도 영상 검사 및 기능 평가를 포함한 포괄적인 평가를 시행하였다. 초기 신체 검사에서 유의한 운동 불안정성이 확인되어, 치료실 내 보행 시도 중 낙상을 방지하기 위해 즉각 보조 하네스(retaining harness)를 착용하였다. 이후 진단 검사는 뇌혈관의 온전성에 초점을 맞추었으며, 다양한 생리적 스트레스 조건 하에서 뇌혈류 역학을 정량화하기 위해 혈류역학검사(hemodynamometry)를 시행하였다. 이 검사에서 얻은 데이터는 환자가 호소한 어지럼증 및 실신 발작과 연관된 비정상적 관류 양상을 나타냈다. 후속으로 시행한 뇌 자기공명영상(MRI) 검사에서는 섬엽 경화(insular sclerosis)의 존재를 확인하였으며, 이는 모니터링 중 관찰된 복합적 발작 활동을 설명해 주는 섬엽 피질 내 특징적인 고강도 병변으로 규정되었다. 이러한 구조적 이상은 자율신경 조절 경로를 교란하는 것으로 보이며, 임상 양상을 더욱 복잡하게 만들었다. 치료 전략은 기계적 안전 문제와 기저 혈관 기능 부전을 모두 해결하도록 조정되었다. 의료진은 혈류역학적 파라미터를 안정시키기 위해 약물적 치료를 최적화하는 동안 보조 하네스의 지속적 사용이 필수적이라고 판단하였다. 섬엽 경화의 범위와 감각 통합 및 운동 조절을 관장하는 핵심 신경망에 미치는 영향으로 인해 장기적 예후는 신중하게 관망해야 한다."
none,P020,46,stop,"The patient presented with a persistent, dull ache localized to the mandibular right first molar, prompting a comprehensive radiographic evaluation that revealed a well-defined radiolucency at the apex consistent with a dental granuloma. This chronic inflammatory lesion appeared to be the source of significant discomfort, particularly when the area was subjected to any form of exteroceptive stimulus such as thermal changes or light percussion during the physical examination. The sensitivity was acute and lingered for several minutes after the removal of the triggering factor, suggesting irreversible pulpitis secondary to the periapical pathology. While reviewing the patient's complex medical history, it was noted that they had undergone specialized particle therapy for a distinct craniofacial malignancy several years prior, a treatment protocol that utilized a highly focused beam of a deshielded proton to target deep-seated tumor cells while sparing adjacent healthy tissue. Although the radiation oncology team confirmed that the cumulative dose to the jawbone was within safe limits, the potential for delayed osteoradionecrosis or altered healing capacity remains a critical consideration before proceeding with any surgical intervention on the affected tooth. Careful monitoring and a multidisciplinary approach are essential to manage this case effectively without compromising the structural integrity of the surrounding maxillofacial bones.","환자는 우측 하악 제1대구치에 국소화된 지속적인 둔통을 주소로 내원하였으며, 이를 통해 시행한 종합적인 방사선학적 평가에서 치아육아종과 일치하는 변연이 명확한 방사선 투과상이 치근단부에서 관찰되었다. 이 만성 염증성 병소는 상당한 불편감의 원인인 것으로 보이며, 특히 신체 검사 중 온도 변화나 가벼운 타진과 같은 외부 자극이 해당 부위에 가해질 때 두드러졌다. 이러한 감각 예민성은 급성으로 나타났고 유발 인인이 제거된 후에도 수 분간 지속되어, 치근단 병소에 속발된 비가역성 치수염을 시사하였다. 환자의 복잡한 병력을 검토하는 과정에서 수년 전에 별개의 두안면 악성 종양에 대해 특수 입자 치료를 받은 사실이 확인되었다. 이 치료는 인접한 정상 조직을 보존하면서 심부에 위치한 종양 세포를 표적으로 삼기 위해 차폐를 제거한 양성자선의 고도로 집속된 빔을 활용하는 치료 방식이었다. 방사선 종양학 팀은 하악골에 도달한 누적 선량이 안전 한도 내에 있음을 확인했지만, 해당 치아에 대한 외과적 중재를 시행하기 전에 지연성 방사선성 골괴사의 가능성이나 변화된 치유 능력은 여전히 중요한 고려 사항으로 남아 있다. 주변 악안면골의 구조적 온전성을 훼손하지 않고 이 사례를 효과적으로 관리하기 위해서는 면밀한 모니터링과 다학제적 접근이 필수적이다."
none,P021,38,stop,"The patient presents with a complex history stemming from school childhood, where early motor delays were first noted by educators and parents alike. Current evaluation focuses on establishing an accurate dry weight to guide nutritional interventions and medication dosing, as fluid retention has complicated previous assessments. The clinical picture strongly suggests the presence of myotonic disorders, characterized by delayed muscle relaxation following voluntary contraction. Family history reveals similar patterns across multiple generations, supporting a genetic etiology. Physical examination demonstrates grip myotonia and percussion myotonia in the thenar eminence, alongside mild distal weakness. Cardiac monitoring is initiated due to the known association between myotonic disorders and conduction abnormalities. The care team emphasizes the importance of maintaining the target dry weight to prevent exacerbation of respiratory compromise, which is a frequent complication in this population. Ongoing therapy includes physical rehabilitation tailored to preserve function without inducing excessive fatigue. Regular follow-up will monitor progression and adjust management strategies accordingly, ensuring comprehensive support for the patient and family as they navigate the challenges associated with this chronic condition.","환자는 교사와 부모가 처음으로 초기 운동 발달 지연을 발견한 학령기부터 비롯된 복잡한 병력을 보인다. 현재 평가는 체액 저류가 이전 평가를 복잡하게 만들었으므로 영양 중재 및 약물 용량 조절을 안내하기 위해 정확한 건체중(dry weight)을 설정하는 데 중점을 둔다. 임상 양상은 자발적 수축 후 지연되는 근육 이완을 특징으로 하는 강근성 질환(myotonic disorders)의 존재를 강력히 시사한다. 가족력은 여러 세대에 걸쳐 유사한 양상을 보이며, 이는 유전적 병인을 뒷받침한다. 신체 검진은 경도의 원위부 근력 약화와 함께 악력 근강직(grip myotonia) 및 어금니 융기(thenar eminence)의 타진성 근강직(percussion myotonia)을 보여준다. 강근성 질환과 전도 장애 사이의 알려진 연관성으로 인해 심장 모니터링이 시작되었다. 의료진은 이 환자군에서 흔한 합병증인 호흡 기능 악화를 예방하기 위해 목표 건체중을 유지하는 것의 중요성을 강조한다. 진행 중인 치료에는 과도한 피로를 유발하지 않으면서 기능을 보존하도록 맞춤화된 물리 재활이 포함된다. 정기적인 추적 관찰은 질환의 진행을 모니터링하고 그에 따라 관리 전략을 조정하여, 환자와 가족이 이 만성 질환과 관련된 도전에 대처할 때 포괄적인 지원을 보장할 것이다."
none,P022,38,stop,"The patient presented with significant difficulty achieving full plantar flexion of the right ankle during the initial gait assessment, suggesting potential neuromuscular compromise in the lower extremity. Further examination of the upper back revealed a striking absence of muscle bulk across the posterior shoulder girdle, particularly noticeable when comparing bilateral symmetry. Detailed palpation and functional testing confirmed the complete lack of contraction within the entire trapezius muscle on the affected side, correlating with the patient's reported inability to shrug or stabilize the scapula against resistance. This profound deficit appears congenital rather than acquired, as there is no history of trauma or surgical intervention that would account for such extensive tissue loss. The clinical picture suggests a complex developmental anomaly affecting multiple myotomes, necessitating advanced imaging to evaluate underlying nerve root integrity and rule out associated spinal dysraphism. Immediate referral to a specialist in neuromuscular disorders is warranted to discuss potential reconstructive options and long-term management strategies aimed at improving functional capacity and preventing secondary joint deformities resulting from chronic muscular imbalance and instability.","초기 보행 평가에서 환자는 우측 발목의 완전한 저측 굴곡을 달성하는 데 중증의 어려움을 보였으며, 이는 하지의 잠재적 신경근육계 기능 장애를 시사한다. 상부 등에 대한 추가 검사에서 후방 견갑대 전반에 걸쳐 근육 부피가 현저히 결손되어 있음이 드러났으며, 이는 양측 대칭성을 비교할 때 특히 두드러졌다. 상세한 촉진 및 기능 검사를 통해 이환측의 전체 승모근 내 수축이 완전히 부재함이 확인되었고, 이는 환자가 보고한 저항에 대항해 어깨를 으쓱하거나 견갑골을 안정화할 수 없다는 증상과 일치한다. 이러한 광범위한 조직 소실을 설명할 수 있는 외상이나 수술 병력이 없으므로, 이 심각한 결손은 후천성보다는 선천적인 것으로 보인다. 임상 양상은 여러 근절(myotome)에 영향을 미치는 복잡한 발달 이상을 시사하며, 기저 신경근의 온전성을 평가하고 연관된 척수 이열증(spinal dysraphism)을 배제하기 위해 고차원 영상 검사가 필요하다. 기능적 능력 향상과 만성적인 근육 불균형 및 불안정성으로 인한 이차적 관절 변형을 예방하는 데 목적을 둔 잠재적 재건 옵션 및 장기적 관리 전략을 논의하기 위해 신경근육 질환 전문의에게 즉각적인 의뢰가 필요하다."
none,P023,38,stop,"The patient presented with a complex clinical picture requiring careful evaluation of multiple systemic anomalies. Initial assessment noted significant joint inflammation consistent with urarthritis, particularly affecting the small joints of the hands and feet, which caused considerable discomfort during movement. Further examination of the oral cavity and facial structure revealed features characteristic of orofaciodigital syndrome, including distinct digital abnormalities and specific craniofacial dysmorphisms that aligned with known phenotypic presentations. During the physical therapy session, the patient was instructed to maintain a stable basal seat position to ensure proper pelvic alignment and reduce strain on the lower extremities while performing prescribed exercises. This positioning strategy aimed to mitigate pain associated with the inflammatory joint condition while accommodating the structural limitations imposed by the congenital syndrome. The care team emphasized the importance of consistent adherence to this seating protocol to optimize functional outcomes and prevent further joint degradation. Ongoing monitoring will focus on managing inflammatory markers and assessing developmental progress, ensuring that interventions remain tailored to the unique combination of acquired inflammatory pathology and congenital structural anomalies observed in this individual case.","환자는 다발성 전신 기형에 대한 면밀한 평가가 필요한 복합적인 임상 양상을 보였다. 초기 평가에서는 통풍성 관절염과 일치하는 유의미한 관절 염증이 확인되었으며, 특히 손과 발의 작은 관절을 침범하여 움직일 때 상당한 불편감을 유발했다. 구강 및 안면 구조에 대한 추가 검사에서는 구강안면지증후군의 특징적인 소견이 나타났는데, 여기에는 뚜렷한 지(指) 기형과 알려진 표현형 양상과 일치하는 특정 두개안면 기형이 포함되었다. 물리치료 세션 동안, 환자는 처방된 운동을 수행하는 동안 적절한 골반 정렬을 보장하고 하지에 가해지는 부담을 줄이기 위해 안정적인 기저 좌석 자세를 유지하도록 지도받았다. 이러한 자세 전략은 염증성 관절 질환과 관련된 통증을 완화하는 동시에 선천적 증후군으로 인해 부과된 구조적 제한을 수용하는 것을 목표로 했다. 의료진은 기능적 결과를 최적화하고 추가적인 관절 손상을 방지하기 위해 이 좌석 프로토콜을 일관되게 준수하는 것의 중요성을 강조했다. 지속적인 모니터링은 염증 표지자 관리와 발달 진행 상황 평가에 중점을 두어, 이 개별 사례에서 관찰된 획득성 염증성 병리와 선천적 구조적 기형의 고유한 조합에 맞게 중재가 유지되도록 할 것이다."
none,P024,38,stop,"The patient presented to the emergency department following a high-impact fall on an outstretched hand, complaining of severe wrist pain and visible deformity. Radiographic imaging confirmed a complete dislocation of midcarpal(joint), necessitating urgent closed reduction under conscious sedation. During the initial trauma assessment, the patient also reported longstanding visual difficulties that had never been formally addressed. A review of past medical records revealed a diagnosis of anisometropic amblyopia identified during childhood, which resulted in significantly reduced visual acuity in the left eye despite corrective lenses. The orthopedic team successfully stabilized the wrist, and the patient was admitted for overnight observation to monitor neurovascular status. Given the patient's complex history of type 1 diabetes mellitus and recent fluctuations in glycemic control, a consultation was requested from the endocrinologist to optimize insulin therapy during the recovery period. The endocrinologist adjusted the basal rates and recommended frequent glucose monitoring while the patient remains non-weight bearing on the affected upper extremity. Follow-up appointments were scheduled with both orthopedics and ophthalmology to ensure comprehensive management of the acute injury and chronic visual condition.","환자는 편 상지로 짚고 넘어진 고충격 낙상 후 응급실에 내원하였으며, 심한 손목 통증과 눈에 띄는 변형을 호소하였다. 방사선 영상 검사에서 중수근(관절)의 완전한 탈구가 확인되어, 의식하 진정하에 긴급 도수 정복이 필요하였다. 초기 외상 평가 중 환자는 공식적으로 진료받은 적이 없는 오래된 시력 저하도 추가로 호소하였다. 과거 병력 검토 결과 소아기에 진단된 부동시 약시가 확인되었으며, 이로 인해 교정 렌즈를 사용함에도 불구하고 좌안의 시력이 유의하게 저하되어 있었다. 정형외과 팀은 성공적으로 손목을 안정화하였고, 신경혈관 상태를 모니터링하기 위해 환자를 입원시켜 밤샘 관찰을 진행하였다. 환자의 제1형 당뇨병 복합 병력과 최근 혈당 조절의 변동을 고려하여, 회복 기간 동안 인슐린 치료를 최적화하기 위해 내분비내과 전문의에게 협진이 요청되었다. 내분비내과 전문의는 기저 인슐린 주입 속도를 조정하고, 환자가 환측 상지에 체중 부하를 하지 않는 동안 빈번한 혈당 모니터링을 권장하였다. 급성 손상과 만성 시력 질환을 포괄적으로 관리하기 위해 정형외과 및 안과 모두와 추후 진료 예약이 잡혔다."
none,P025,38,stop,"The patient presented with complex gastrointestinal complaints prompting a detailed abdominal exploration where the surgeon identified an abnormal paraduodenal fold causing intermittent obstruction near the duodenojejunal junction. This anatomical variant required careful dissection to prevent vascular injury during the corrective procedure. Concurrently, the medical team addressed significant respiratory concerns stemming from a history of prolonged intubation, which had resulted in progressive laryngotracheal stenosis that severely limited airflow and necessitated scheduled dilation therapies. The multidisciplinary approach also involved a comprehensive evaluation by neuropsychiatry due to the patient's marked cognitive fluctuations and emotional lability observed throughout the hospitalization. These behavioral changes complicated postoperative recovery and adherence to respiratory treatments, requiring tailored pharmacological interventions and supportive counseling. The integration of surgical, respiratory, and psychiatric management plans was essential to address the multifaceted nature of this clinical case. Close monitoring of the paraduodenal region remains critical to ensure no recurrent obstruction occurs, while ongoing assessment of the laryngotracheal stenosis will guide future airway management strategies. The neuropsychiatry team continues to provide vital support for stabilizing the patient's mental status and improving overall functional outcomes during this extended recovery period.","환자는 복잡한 위장관 증상을 보여 상세한 복부 탐색술을 시행하였으며, 이 과정에서 외과의는 십이지장공장 접합부 근처에서 간헐적 폐쇄를 유발하는 비정상적 십이지장주위 주름(paraduodenal fold)을 확인하였다. 이 해부학적 변이는 교정 수술 중 혈관 손상을 예방하기 위해 신중한 박리가 필요했다. 동시에, 의료진은 장기간 기관삽관의 병력으로 인한 중요한 호흡기 문제를 다루었는데, 이는 진행성 후두기관 협착증을 초래하여 기류를 심하게 제한하고 예정된 확장 치료를 필요로 하게 만들었다. 다학제 접근 방식에는 입원 기간 동안 관찰된 환자의 뚜렷한 인지 변동 및 정서적 불안정성으로 인한 신경정신과의 포괄적인 평가도 포함되었다. 이러한 행동 변화는 수술 후 회복과 호흡기 치료의 순응을 어렵게 만들어 맞춤형 약물 치료 및 지지적 상담이 필요했다. 외과적, 호흡기적, 정신과적 치료 계획의 통합은 이 임상 사례의 다각적인 특성을 해결하는 데 필수적이었다. 재발성 폐쇄가 발생하지 않도록 십이지장주위 영역을 면밀히 모니터링하는 것이 중요하며, 후두기관 협착증에 대한 지속적인 평가는 향후 기도 관리 전략을 안내할 것이다. 신경정신과 팀은 이 장기간의 회복 기간 동안 환자의 정신 상태를 안정화하고 전반적인 기능적 예후를 개선하기 위한 중요한 지원을 계속 제공하고 있다."
none,P026,43,stop,"The patient presented with a complex history involving multiple systemic and dermatological complaints that required careful evaluation. Initial examination revealed significant ocular surface disease consistent with exposure keratopathy, likely secondary to incomplete eyelid closure during sleep. This finding necessitated immediate lubrication therapy and protective measures to prevent further corneal damage. Concurrently, the patient reported severe, intractable itching affecting the extensor surfaces of the limbs, where physical inspection confirmed the presence of nodular prurigo characterized by hyperkeratotic, excoriated papules. To investigate potential underlying endocrine contributors to the sympathetic overactivity suspected in this case, laboratory studies were ordered including plasma fractionated metanephrines. The results returned with an elevated normetanephrine level, prompting further imaging to rule out a catecholamine-secreting tumor. Management plans were adjusted to address both the cutaneous symptoms and the potential adrenal pathology while monitoring the progression of the ocular surface integrity. Close follow-up was scheduled to reassess the response to topical treatments for the skin and eye conditions pending additional diagnostic workup results.","환자는 주의 깊은 평가가 필요한 다발성 전신 및 피부과적 증상을 동반한 복잡한 병력을 보였다. 초기 검사에서 수면 중 불완전한 안검폐쇄로 인해 이차적으로 발생한 노출 각막증과 일치하는 중증의 안구 표면 질환이 확인되었다. 이 소견에 따라 추가적인 각막 손상을 예방하기 위해 즉각적인 윤활 요법 및 보호 조치가 필요했다. 동시에 환자는 사지 신측면의 심하고 난치적인 소양감을 호소하였으며, 신체 검사에서 과각화 및 표피 박탈성 구진을 특징으로 하는 결절성 가려움증의 존재가 확인되었다. 본 사례에서 의심되는 교감신경 과활동에 대한 잠재적 내분비적 원인을 조사하기 위해 혈장 분획 메타네프린을 포함한 검사가 의뢰되었다. 그 결과 노르메타네프린 수치가 상승하여 카테콜아민 분비 종양을 배제하기 위한 추가 영상 검사가 시행되었다. 안구 표면 손상의 진행을 모니터링하는 동시에 피부 증상과 잠재적 부신 병리를 모두 다루기 위해 치료 계획이 수정되었다. 추가 진단 검사 결과가 나오기 전까지 피부 및 안과 질환에 대한 국소 치료에 대한 반응을 재평가하기 위해 면밀한 추적 관찰이 예정되었다."
none,P027,41,stop,"The patient presented with profound physical inertia, remaining nearly motionless in bed despite repeated verbal prompts to engage in basic self-care activities. This severe lack of movement complicated the initial physical examination and delayed further diagnostic procedures. Upon detailed urological assessment, significant swelling was noted in the scrotal region, prompting an urgent ultrasound that revealed an obstruction within the epididymal duct. This blockage appeared to be the primary source of the acute pain and localized inflammation reported by the individual. Concurrently, the ophthalmology consultation highlighted a rare and alarming finding of scleral necrosis/melt affecting the left eye, characterized by thinning of the collagenous tissue and potential risk for perforation. The medical team immediately initiated a multidisciplinary approach to address both the urological obstruction and the ocular emergency. Intravenous antibiotics and anti-inflammatory agents were administered while surgical intervention was scheduled to relieve the pressure in the reproductive system and stabilize the eye structure. Close monitoring of vital signs and tissue integrity remains the priority as the treatment plan unfolds over the coming days to prevent further systemic complications or permanent sensory loss.","환자는 심각한 신체적 무동증을 보였으며, 기본적인 자가 간호 활동에 참여하도록 반복적인 언어적 촉구에도 불구하고 침상에서 거의 움직이지 않은 채로 있었다. 이러한 심각한 운동 저하로 인해 초기 신체 검진이 복잡해졌고 추가 진단 절차가 지연되었다. 상세한 비뇨기과 평가 결과 음낭 부위에 유의미한 종창이 관찰되었으며, 이는 부고환관 내 폐쇄를 보여준 긴급 초음파 검사로 이어졌다. 이 차단은 환자가 호소한 급성 통증과 국소 염증의 주요 원인으로 보였다. 동시에, 안과 회진에서는 좌측 눈에 영향을 미치는 공막 괴사/융해라는 희귀하고 경각심을 주는 소견이 확인되었으며, 이는 콜라겐 조직의 얇아짐 및 천공 위험을 특징으로 한다. 의료진은 비뇨기과적 폐쇄와 안과적 응급 상황을 모두 해결하기 위해 즉각적으로 다학제 접근을 시작했다. 생식기 계통의 압력을 완화하고 안구 구조를 안정화하기 위한 수술적 중재가 예정되는 동안 정맥 항생제와 항염증제가 투여되었다. 향후 며칠간 치료 계획이 전개됨에 따라 추가적인 전신 합병증이나 영구적인 감각 상실을 예방하기 위해 활력 징후와 조직 온전성에 대한 면밀한 모니터링이 최우선 과제로 남아 있다."
none,P028,48,stop,"The patient presented with progressive visual decline attributed to a mature glaucomatous cataract that obscured detailed fundus examination. Preoperative assessment revealed significant optic nerve cupping consistent with chronic pressure elevation, necessitating a combined surgical approach to address both the lens opacity and intraocular pressure control. During the procedure, the surgeon carefully created and positioned flap tissue over the sclerostomy site to ensure adequate filtration while maintaining anterior chamber stability. The positioned flap appeared well-aligned with no signs of leakage or excessive tension at the conclusion of the operative phase. Given the patient's complex medical history including severe anemia and prior adverse reactions to blood products, the team ordered comprehensive transfusion tests prior to any potential intervention requiring hemodynamic support. These transfusion tests included crossmatching, antibody screening, and complete blood count analysis to prepare for unforeseen complications. Postoperatively, the eye remained quiet with the positioned flap intact, and visual acuity showed early improvement despite the lingering effects of the glaucomatous cataract on retinal health. Continued monitoring will focus on intraocular pressure trends and flap functionality alongside hematologic stability confirmed by the initial transfusion tests.","상세한 안저 검사를 방해하는 성숙한 녹내장성 백내장으로 인해 진행성 시력 저하를 보인 환자가 내원하였다. 수술 전 평가에서 만성적인 안압 상승과 일치하는 유의미한 시신경 함몰이 확인되어, 수정체 혼탁과 안압 조절을 모두 해결하기 위해 병합 수술 접근이 필요했다. 수술 과정에서 외과의는 전방부 유지 안정성을 확보하면서 충분한 여과가 이루어지도록 공막절개술 부위에 조직판을 주의 깊게 만들고 배치하였다. 수술 단계가 종료될 때 배치된 조직판은 정렬 상태가 양호했으며 누출이나 과도한 긴장의 징후는 없었다. 중증 빈혈 및 혈액 제제에 대한 이전 부작용을 포함한 복잡한 병력을 고려하여, 의료진은 혈역학적 지지가 필요한 잠재적 중재에 앞서 포괄적인 수혈 검사를 지시하였다. 이러한 수혈 검사에는 예기치 못한 합병증에 대비하기 위해 교차시험, 항체 선별검사 및 전혈구계산 분석이 포함되었다. 수술 후 눈은 잔잔한 상태를 유지하였고 배치된 조직판은 온전히 유지되었으며, 녹내장성 백내장이 망막 건강에 미친 잔여 영향에도 불구하고 시력은 초기 호전을 보였다. 지속적인 모니터링은 안압 추세와 조직판 기능에 중점을 두고 진행될 것이며, 이는 초기 수혈 검사로 확인된 혈액학적 안정성과 함께 이루어질 것이다."
none,P029,36,stop,"The patient presented with a complex history involving multiple distinct clinical concerns that required careful coordination across specialties. Initial screening identified a suspicious lesion in the left breast, necessitating an immediate breast stereotactic biopsy to obtain tissue samples for pathological analysis while the patient remained stable under local anesthesia. Concurrently, laboratory results from the infectious disease panel indicated the presence of a blood fluke, suggesting a parasitic infection acquired during recent travel to an endemic region, which required specific antiparasitic therapy. The patient also reported persistent fatigue and mild respiratory discomfort, symptoms that the traditional medicine consultant attributed to hyeopbaek, prompting a collaborative discussion regarding integrative management strategies alongside conventional treatments. The care team documented all findings meticulously to ensure that the biopsy results would not be confounded by the systemic effects of the parasitic load or the underlying energetic imbalance described as hyeopbaek. Follow-up appointments were scheduled to review the biopsy pathology, monitor the response to antiparasitic medication, and assess the overall improvement in vitality and respiratory function as the combined treatment plan progressed over the coming weeks.","환자는 각 전문 분야 간의 긴밀한 조율이 필요한 여러 독립적인 임상적 문제를 포함하는 복잡한 병력을 보였다. 초기 검사에서 좌측 유방에 의심 병변이 확인되어, 환자가 국소 마취 하에 안정적인 상태를 유지하는 동안 병리 분석을 위한 조직 샘플을 얻기 위해 즉각적인 유방 정위생검을 시행해야 했다. 동시에 감염병 패널의 검사 결과에서 혈흡충이 확인되어, 최근 유행 지역 여행 중 감염된 기생충 감염을 시사하였으며 이는 특정 구충 치료를 필요로 했다. 환자는 또한 지속적인 피로와 경미한 호흡 불편감을 호소하였으며, 한의학 자문의는 이러한 증상을 협백(協白)으로 진단하여 기존 치료와 함께 통합적 관리 전략에 대한 다학제적 논의를 촉발하였다. 의료진은 생검 결과가 기생충 감염의 전신적 영향이나 협백으로 기술된 기저의 기(氣) 불균형에 의해 혼동되지 않도록 모든 소견을 세밀하게 기록하였다. 향후 몇 주간 통합 치료 계획이 진행됨에 따라 생검 병리 결과를 검토하고, 구충 약물에 대한 반응을 모니터링하며, 전반적인 활력 및 호흡 기능의 개선 정도를 평가하기 위한 추후 진료가 예약되었다."
none,P030,46,stop,"The patient presented with persistent epiphora and recurrent dacryocystitis despite prior external surgery, necessitating an endoscopic revision dacryocystorhinostomy to restore patent lacrimal drainage. Preoperative evaluation revealed unusual eosinophilia and mild hepatic enzyme elevation, prompting further infectious disease workup that unexpectedly identified Capillaria hepatica eggs in a liver biopsy specimen, suggesting a rare zoonotic infection acquired during recent travel. This concurrent finding complicated the perioperative management plan, as the systemic inflammatory response required careful monitoring alongside the scheduled otolaryngologic procedure. Additionally, the patient reported a history of severe atopic reactions to various environmental triggers, requiring the administration of specific allergenic serum for desensitization therapy prior to any potential exposure to operating room contaminants or postoperative medications. The surgical team coordinated closely with infectious disease and allergy specialists to ensure safe anesthesia induction and appropriate antimicrobial prophylaxis targeting the parasitic burden while proceeding with the nasal reconstruction. Postoperative recovery was monitored in a specialized unit to manage both the surgical site healing and the systemic effects of the antiparasitic regimen, ensuring no adverse interactions occurred between the treatments.","환자는 이전에 외부 접근법 수술을 받았음에도 불구하고 지속적인 눈물흘림과 재발성 누낭염을 보여, 개방된 눈물 배출 경로를 회복하기 위해 내시경적 교정 누낭비안문합술이 필요했다. 수술 전 평가에서 비정상적인 호산구 증가증과 경도의 간 효소 수치 상승이 확인되어 추가적인 감염질환 검사를 시행한 결과, 간 생검 검체에서 예기치 않게 간모세선충(Capillaria hepatica) 충란이 확인되었으며, 이는 최근 여행 중 감염된 희귀한 인수공통전염병을 시사했다. 이러한 동반 소견은 전신 염증 반응에 대한 면밀한 모니터링이 예정된 이비인후과적 수술과 병행되어야 했으므로 수술기 관리 계획을 복잡하게 만들었다. 또한, 환자는 다양한 환경적 유발 인자에 대한 중증 아토피 반응의 병력을 보고하여, 수술실 오염 물질이나 수술 후 투여 약물에 잠재적으로 노출되기 전에 탈감작 요법을 위해 특정 알레르겐 혈청을 투여받아야 했다. 수술 팀은 안전한 마취 유도와 기생충 감염을 표적으로 하는 적절한 항생제 예방 요법을 보장하면서 비강 재건술을 진행하기 위해 감염질환 및 알레르기 전문의와 긴밀하게 협의했다. 수술 후 회복은 특수 병동에서 모니터링되어 수술 부위 치유와 항기생충 치료 요법의 전신적 영향을 모두 관리하고, 치료 간에 이상 약물 상호작용이 발생하지 않도록 보장했다."
none,P031,24,stop,"The patient presented for a routine gynecological evaluation following an abnormal screening result that suggested a possible papilloma of cerviv. During the colposcopic examination, the clinician utilized a water bath technique to enhance visualization of the transformation zone, allowing for clearer differentiation between normal epithelium and the suspected lesion. The procedure was conducted with careful attention to patient comfort, acknowledging that medical interventions can often disrupt personal beliefs and emotional stability. Recognizing the importance of holistic care, the healthcare team discussed options for supporting spiritual rituals that the patient found meaningful during this stressful diagnostic period. The patient expressed relief that her cultural practices could be integrated into the care plan without compromising clinical safety or sterility protocols. Biopsy samples were collected from the suspicious area and sent for histopathological analysis to confirm the diagnosis. The patient was advised to avoid strenuous activity and reported feeling more at ease knowing her spiritual needs were respected. Follow-up appointments were scheduled to review results and determine the next steps in management, ensuring continuous support throughout the treatment journey.","환자는 자궁경부 유두종 가능성을 시사하는 비정상 검사 결과 후 정기 산부인과 평가를 위해 내원하였다. 질확대경 검사 중, 의료진은 정상 상피와 의심 병변을 더 명확하게 감별할 수 있도록 변형대의 가시성을 높이기 위해 수욕 기법(water bath technique)을 활용하였다. 의료 개입이 종종 개인의 신념과 정서적 안정을 해칠 수 있음을 인지하고, 시술은 환자의 편안함에 세심한 주의를 기울여 진행되었다. 전인적 돌봄의 중요성을 인식한 의료진은 이 스트레스적인 진단 기간 동안 환자가 의미 있게 여기는 영적 의식을 지원할 수 있는 방안을 논의하였다. 환자는 임상적 안전성이나 무균 프로토콜을 훼손하지 않고 자신의 문화적 관행을 돌봄 계획에 통합할 수 있다는 점에 안도감을 표현하였다. 진단을 확인하기 위해 의심 부위에서 생검 샘플을 채취하여 조직병리학적 분석을 위해 보내졌다. 환자는 격렬한 활동을 피하도록 권고받았으며, 자신의 영적 요구가 존중받았음을 알고 마음이 더 편안해졌다고 보고하였다. 결과를 검토하고 향후 치료 방침을 결정하기 위한 추후 진료가 예약되었으며, 치료 과정 전반에 걸쳐 지속적인 지원을 보장하였다."
none,P032,40,stop,"The patient presented with persistent otologic symptoms and significant gastrointestinal distress, prompting a comprehensive evaluation. Initial imaging revealed extensive inflammation consistent with coalescent mastoiditis, necessitating urgent surgical intervention to prevent further intracranial complications. Concurrently, the patient exhibited signs of severe malnutrition and edema, leading to a workup that confirmed protein-losing enteropathy as the underlying cause of the hypoalbuminemia. Despite aggressive medical management for the gastrointestinal losses, the ear infection progressed rapidly, requiring mastoidectomy. During the same admission, the patient demonstrated chronic nasal obstruction and recurrent upper respiratory infections, which raised suspicion for adenoid hypertrophy contributing to eustachian tube dysfunction. To address this potential source of ongoing infection and obstruction, the surgical team performed a biopsy of adenoid tissue during the procedure. Histopathological analysis is pending to rule out any lymphoproliferative disorders. The care plan now focuses on stabilizing the protein levels through nutritional support while monitoring the surgical site for healing. Close follow-up is scheduled to assess resolution of the mastoid infection and to review the biopsy results, ensuring that no malignancy or specific inflammatory condition drives the clinical picture.","환자는 지속적인 이과적 증상과 심한 위장관계 증상을 주소로 내원하여 포괄적인 평가가 시행되었다. 초기 영상 검사에서 융합성 유양돌기염에 합당한 광범위한 염증 소견이 확인되었으며, 추가적인 두개내 합병증을 예방하기 위해 긴급한 수술적 중재가 필요했다. 동시에 환자는 심한 영양결핍과 부종의 징후를 보였고, 이에 대한 검사 결과 저알부민혈증의 근본 원인이 단백 소실성 장병증인 것으로 확인되었다. 위장관계 손실에 대한 적극적인 내과적 치료에도 불구하고 귀 감염은 빠르게 진행되어 유양돌기 절제술이 필요했다. 동일한 입원 기간 동안 환자는 만성 비폐쇄 및 재발성 상기도 감염을 보였으며, 이는 아데노이드 비대가 이관 기능 장애를 유발했을 가능성을 시사했다. 지속적인 감염과 폐쇄의 잠재적 원인을 해결하기 위해, 수술 팀은 수술 과정에서 아데노이드 조직 생검을 시행했다. 림프증식성 질환을 배제하기 위해 조직병리학적 분석이 진행 중이다. 현재 치료 계획은 영양 지원을 통한 단백질 수치 안정화에 중점을 두고, 수술 부위의 치유를 모니터링하는 것이다. 유양돌기염 감염의 해소를 평가하고 생검 결과를 검토하기 위해 면밀한 추적 관찰이 예정되어 있으며, 이를 통해 악성 종양이나 특정 염증성 질환이 임상 양상을 유발하지 않았음을 확인할 예정이다."
none,P033,42,stop,"The patient presented with a complex neurological profile requiring immediate multidisciplinary evaluation. Initial assessment revealed a rare congenital defect identified as a meningoencephalocele, where brain tissue and meninges herniated through a skull defect, necessitating urgent surgical planning. Concurrently, the patient exhibited systemic symptoms consistent with sao paulo fever, including high-grade pyrexia, severe myalgia, and transient rash, which complicated the perioperative management strategy. To address chronic pain associated with the cranial anomaly prior to definitive repair, the physical therapy team initiated interferential action using medium-frequency electrical currents to modulate nociceptive signals without exacerbating the infectious process. This therapeutic approach aimed to reduce muscle spasms surrounding the defect site while monitoring for any adverse reactions linked to the viral illness. The clinical team coordinated closely to ensure that the interferential action did not interfere with the systemic treatment required for sao paulo fever, maintaining strict isolation protocols. Surgical correction of the meningoencephalocele was delayed until the acute febrile episode resolved, ensuring optimal conditions for tissue healing and minimizing the risk of postoperative infection or neurological compromise during the delicate reconstructive procedure.","환자는 즉각적인 다학제 진료가 필요한 복잡한 신경학적 양상을 보였다. 초기 평가에서 뇌조직과 뇌막이 두개골 결손을 통해 탈장된 희소 선천성 기형인 수두뇌류(meningoencephalocele)가 확인되었으며, 이로 인해 긴급한 수술 계획이 필요했다. 동시에 환자는 고열, 심한 근육통, 일과성 발진을 포함하여 상파울루열과 일치하는 전신 증상을 보였고, 이는 수술 주변기 관리 전략을 복잡하게 만들었다. 확정적 교정 수술 전 두개골 기형과 관련된 만성 통증을 완화하기 위해, 물리치료팀은 감염 과정을 악화시키지 않고 통증 신호를 조절하기 위해 중주파 전류를 이용한 간섭전류 치료를 시작했다. 이 치료적 접근은 결손 부위 주변의 근육 경련을 줄이는 동시에 바이러스성 질환과 관련된 이상 반응을 모니터링하는 것을 목표로 했다. 임상팀은 간섭전류 치료가 상파울루열에 필요한 전신 치료를 방해하지 않도록 긴밀하게 협력하며 엄격한 격리 프로토콜을 유지했다. 수두뇌류의 수술적 교정은 급성 발열 에피소드가 해결될 때까지 지연되었으며, 이는 섬세한 재건 수술 과정에서 조직 치유를 위한 최적의 상태를 보장하고 수술 후 감염 또는 신경학적 손상의 위험을 최소화하기 위함이었다."
none,P034,44,stop,"The patient presented with a complex history involving multiple congenital and acquired conditions requiring specialized management. Initial imaging studies confirmed the presence of multicystic renal dysplasia, characterized by non-functional cystic tissue replacing normal renal parenchyma, which necessitated ongoing nephrology surveillance rather than immediate surgical intervention. Concurrently, the patient reported persistent epiphora and recurrent dacryocystitis that failed to resolve with conservative medical therapy. Consequently, the ophthalmology team scheduled an endoscopic revision dacryocystorhinostomy to restore patent lacrimal drainage following the failure of a previous external approach. During the preoperative assessment, careful evaluation of the skull base anatomy was performed to ensure safety, particularly regarding the proximity of the neurocanal structures to the intended surgical field. The procedure was executed without complication, successfully creating a new ostium between the lacrimal sac and the nasal cavity. Postoperative care included regular saline irrigations and topical antibiotic drops to prevent infection and maintain patency. Long-term follow-up will monitor both the stability of the renal anomaly and the functional outcome of the revised lacrimal system to ensure no further obstructive symptoms develop over time.","환자는 전문적인 관리가 필요한 다수의 선천성 및 후천성 질환을 포함하는 복잡한 병력을 보였다. 초기 영상 검사에서 정상 신장 실질을 비기능성 낭성 조직이 대체하는 특징을 지닌 다낭성 신장 이형성증이 확인되었으며, 이로 인해 즉각적인 수술적 중재보다는 지속적인 신장학적 추적 관찰이 필요했다. 동시에 환자는 보존적 내과적 치료으로 호전되지 않는 지속성 눈물흘림과 재발성 누낭염을 호소하였다. 그 결과, 이전 외부 접근법의 실패 후 누액 배액 개통성을 회복하기 위해 안과 팀에서 내시경적 교정 누낭비연결술을 예정하였다. 수술 전 평가 시 안전을 확보하기 위해 세밀한 두개저 해부학 평가가 수행되었으며, 특히 신경관 구조물이 계획된 수술 부위에 인접해 있는지에 대해 주의를 기울였다. 수술은 합병증 없이 진행되었으며, 누낭과 비강 사이에 새로운 개구를 성공적으로 형성하였다. 수술 후 관리에는 감염 예방과 개통성 유지를 위한 정기적인 생리식염수 관주 및 국소 항생제 점안액이 포함되었다. 장기적인 추적 관찰을 통해 신장 이상의 안정성과 교정된 누액 시스템의 기능적 결과를 모두 모니터링하여, 시간이 지남에 따라 추가적인 폐쇄 증상이 발생하지 않는지 확인할 예정이다."
none,P035,43,stop,"The patient presented with chronic fatigue and pallor, prompting a comprehensive hematologic workup. Initial laboratory results indicated microcytic anemia with target cells on the peripheral smear, raising suspicion for intermedia thalassaemia. Given the clinical history of multiple prior transfusions at an outside facility, we ordered specific transfusion tests to screen for alloantibodies and ensure compatibility for any future blood product administration. Simultaneously, viral serology was performed due to the risk of exposure from previous unscreened donations. The high quality-hcv ab assay returned reactive, necessitating confirmatory RNA testing to determine active infection status. Management plans were adjusted to include iron chelation therapy while awaiting genetic confirmation of the hemoglobinopathy. The care team coordinated with hepatology to address the potential hepatitis C diagnosis and with hematology to optimize transfusion protocols. Close monitoring of ferritin levels and liver function tests was scheduled to prevent further complications related to iron overload and viral hepatitis. The patient was educated on signs of hemolytic crisis and instructed to return immediately if symptoms worsened before the follow-up appointment next week.","환자는 만성 피로와 창백함을 주소로 내원하여 포괄적인 혈액학적 검사를 시행했다. 초기 검사실 결과는 미세적혈구성 빈현을 나타냈고 말초혈액도말에서 표적세포가 관찰되어 인터미디아 지중해빈현이 의심되었다. 외부 기관에서 여러 차례 수혈을 받은 병력이 있어, 향후 혈액제제 투여 시 적합성을 확보하고 동종항체를 선별하기 위해 특정 수혈 검사를 의뢰했다. 동시에, 이전에 선별 검사를 거치지 않은 헌혈로 인한 노출 위험을 고려하여 바이러스 혈청학 검사를 시행했다. 고품질 HCV 항체 검사에서 반응성 결과가 나와 활동성 감염 상태를 확인하기 위해 확인용 RNA 검사가 필요해졌다. 혈색소병증의 유전학적 확진을 기다리는 동안 치료 계획을 수정하여 철 킬레이션 요법을 포함시켰다. 의료진은 잠재적인 C형 간염 진단을 다루기 위해 간학과와 협진하고, 수혈 프로토콜을 최적화하기 위해 혈액학과와 협진을 진행했다. 철 과부하 및 바이러스성 간염과 관련된 추가 합병증을 예방하기 위해 페리틴 수치와 간기능 검사에 대한 면밀한 모니터링이 예정되었다. 환자에게 용혈 위기의 징후에 대해 교육하였고, 다음 주 후속 진료 예약 전 증상이 악화될 경우 즉시 내원하도록 지시했다."
none,P036,43,stop,"The patient presented with a complex medical history involving multiple systemic and localized infections that required careful interdisciplinary management. Initial imaging revealed a persistent radiolucent lesion at the apex of the mandibular first molar, consistent with a chronic dental granuloma that had failed to resolve following standard root canal therapy. Concurrently, stool analysis and liver biopsy results confirmed an unusual parasitic infestation identified as capillaria hepatica, necessitating immediate antiparasitic intervention before any further oral surgical procedures could safely proceed. Once the systemic infection was stabilized, the oral surgery team scheduled an apicoectomy to address the persistent periapical pathology. During the procedure, the surgeon carefully elevated a full-thickness mucoperiosteal tissue to expose the underlying bone and lesion. After resecting the root tip and curetting the infected area, the surgeon meticulously sutured the positioned flap back into place to ensure optimal primary closure and promote uneventful healing. Postoperative instructions emphasized strict oral hygiene and follow-up appointments to monitor both the surgical site and the resolution of the hepatic parasitic load, ensuring no cross-complications arose during the recovery phase.","환자는 신중한 다학제 진료가 필요한 전신 및 국소 감염을 다수 동반한 복잡한 병력을 보였다. 초기 영상 검사에서 하악 제1대구치 치근단부에 지속적인 방사선 투과 병소가 관찰되었으며, 이는 표준 근관 치료 후에도 호전되지 않은 만성 치아 육아종 소견과 일치했다. 동시에, 대변 분석 및 간 생검 결과는 간모세선충(Capillaria hepatica)으로 확인된 희귀 기생충 감염을 확인해 주었으며, 이로 인해 추가적인 구강 외과적 시술을 안전하게 진행하기 전에 즉각적인 구충 치료가 필요했다. 전신 감염이 안정화된 후, 구강 외과 팀은 지속적인 치근단 병소를 해결하기 위해 근단절제술을 예약했다. 시술 중 외과의는 노출된 골과 병소를 확인하기 위해 전층 점막골막 조직을 조심스럽게 거상했다. 치근단을 절제하고 감염 부위를 소파한 후, 외과의는 최적의 일차 봉합을 보장하고 합병증 없는 치유를 촉진하기 위해 위치시킨 판을 정교하게 봉합하였다. 수술 후 지침은 철저한 구강 위생 관리와 추적 검진을 강조하였으며, 이는 수술 부위와 간 기생충 감염의 소실을 모두 모니터링하여 회복 기간 동안 교차 합병증이 발생하지 않도록 보장하기 위함이었다."
none,P037,36,stop,"The patient presented with a complex history involving multiple systemic issues that required careful evaluation and management. Initial laboratory results indicated a significant need for bacteriostasis to control the spreading infection without immediately killing the bacterial population, allowing the immune system to assist in clearance. Concurrently, the neurological assessment revealed signs consistent with myotonic disorders, characterized by delayed muscle relaxation after contraction, which complicated the physical therapy regimen. The patient also reported persistent respiratory discomfort, and imaging studies identified an area of hyeopbaek in the lower lung fields, suggesting localized consolidation or fluid accumulation that warranted further investigation. Treatment plans were adjusted to address these concurrent conditions, ensuring that antimicrobial agents supported bacteriostasis while avoiding interactions with medications used for managing myotonic disorders. Respiratory support was initiated to alleviate symptoms associated with hyeopbaek, and close monitoring was established to track progress across all affected systems. The multidisciplinary team collaborated to optimize outcomes, recognizing the intricate balance required when treating overlapping pathologies such as these. Regular follow-ups were scheduled to assess response to therapy and modify interventions as clinical status evolved over time.","환자는 면밀한 평가와 관리가 필요한 다발성 전신 질환을 포함하는 복잡한 병력을 보였다. 초기 검사실 결과는 면역 체계가 제거를 돕도록 허용하면서 세균 집단을 즉각적으로 사멸시키지 않고 확산되는 감염을 통제하기 위해 정균 작용에 대한 중대한 필요성을 나타냈다. 동시에, 신경학적 평가는 수축 후 지연된 근육 이완을 특징으로 하는 근긴장성 질환과 일치하는 징후를 드러냈으며, 이는 물리치료 계획을 복잡하게 만들었다. 환자는 또한 지속적인 호흡 불편감을 호가하였고, 영상 검사는 하부 폐야에 협백 부위를 확인하여 국소적 실변(consolidation)이나 체액 축적을 시사하였고 추가 조사가 필요함을 나타냈다. 칼라 치료 계획은 항균제가 정균 작용을 지원하면서 근긴장성 질환 관리에 사용되는 약물과의 상호작용을 피하도록 이러한 동반 질환을 해결하기 위해 조정되었다. 협백과 관련된 증상을 완화하기 위해 호흡 지원이 시작되었고, 영향을 받은 모든 체계의 진행 상황을 추적하기 위해 면밀한 모니터링이 설정되었다. 다학제 팀은 이러한 중첩된 병태를 치료할 때 요구되는 복잡한 균형을 인식하여 결과를 최적화하기 위해 협력했다. 임상 상태가 시간이 지남에 따라 변화함에 따라 치료에 대한 반응을 평가하고 중재를 수정하기 위해 정기적인 추적 검사가 예정되었다."
none,P038,34,stop,"The patient presents with a complex clinical picture consistent with orofaciodigital syndrome, characterized by distinct craniofacial anomalies and digital malformations observed since birth. During the current examination, a new rash purpuric was noted extensively across the lower extremities and trunk, raising immediate concerns regarding potential hematologic involvement or vascular compromise. This acute dermatological finding appears unrelated to the underlying genetic condition but necessitates urgent investigation to rule out infectious etiologies or coagulopathy. The medical team decided to implement an interferential action plan designed to address both the chronic structural issues and this acute presentation simultaneously. This approach involves coordinating genetics, dermatology, and hematology specialists to ensure comprehensive care without delaying critical interventions. The patient remains stable hemodynamically despite the alarming appearance of the skin lesions, and laboratory studies are pending to further elucidate the cause of the purpura. Continuous monitoring is essential as the clinical situation evolves, particularly given the multifaceted nature of the diagnosed syndrome and the sudden onset of these systemic signs requiring prompt and decisive medical management strategies.","환자는 출생 시부터 관찰된 특징적인 두개안면 기형 및 지부(손가락 및 발가락) 기형을 동반한 구강안면지증후군(orofaciodigital syndrome)과 일치하는 복잡한 임상 양상을 보인다. 이번 검진에서 하지와 몸통 전반에 광범위하게 새로운 자반성 발진이 관찰되어, 잠재적 혈액학적 침범 또는 혈관 합병증에 대한 즉각적인 우려가 제기되었다. 이 급성 피부과적 소견은 기저 유전 질환과는 무관한 것으로 보이나, 감염성 원인 또는 응고장애를 배제하기 위해 긴급한 조사가 필요하다. 의료진은 만성적 구조적 문제와 이 급성 발현을 동시에 해결하기 위해 고안된 중재적 조치 계획을 시행하기로 결정했다. 이 접근 방식은 유전학, 피부과 및 혈액학 전문가들의 조율을 포함하여, 필수적인 중재를 지연시키지 않고 포괄적인 치료를 보장한다. 환자는 놀라게 보이는 피부 병변에도 불구하고 혈역학적으로 안정적인 상태를 유지하고 있으며, 자반증의 원인을 규명하기 위한 검사실 검사 결과는 대기 중이다. 임상 상황이 변화함에 따라 지속적인 모니터링이 필수적이며, 특히 진단된 증후군의 다면적 특성과 신속하고 결정적인 의학적 관리 전략을 필요로 하는 이러한 전신 징후의 갑작스러운 발현을 고려할 때 더욱 그러하다."
none,P039,45,stop,"The patient presented with a complex history involving multiple distinct pathological findings identified during the comprehensive diagnostic workup. Initial neuroimaging revealed unilateral hippocampal sclerosis affecting the medial temporal lobe structure, which correlated with the reported seizure activity and memory deficits. Concurrent spinal evaluation demonstrated significant foraminal stenosis at the L4-L5 level, causing radicular pain that radiated down the left leg and required targeted physical therapy intervention. Further laboratory analysis of peripheral blood samples unexpectedly detected antibodies consistent with a blood fluke infection, suggesting prior exposure to contaminated freshwater sources during international travel. This parasitic finding necessitated immediate antiparasitic treatment to prevent potential hepatic or intestinal complications. The clinical team coordinated care between neurology, orthopedics, and infectious disease specialists to address each condition simultaneously without delaying necessary interventions. Management plans included antiepileptic medication adjustments, epidural steroid injections for spinal symptoms, and praziquantel administration for the parasitic infection. Follow-up appointments were scheduled to monitor treatment efficacy and ensure no adverse interactions occurred between the various therapeutic regimens prescribed for this multifaceted clinical presentation requiring careful longitudinal observation.","환자는 종합적인 진단 검사 중에 확인된 여러 가지 뚜렷한 병리 소견과 관련된 복잡한 병력을 보였다. 초기 신경영상 검사에서 내측 측두엽 구조에 영향을 미치는 편측성 해마 경화증이 나타났으며, 이는 보고된 간질 발작 및 기억력 결핍과 상관관계가 있었다. 동시에 시행한 척추 평가에서 L4-L5 레벨의 유의미한 추간공 협착증이 확인되었는데, 이는 좌측 하지로 방사되는 신경근성 통통을 유발하여 표적화된 물리치료 중재가 필요했다. 말초 혈액 샘플에 대한 추가 검사에서는 혈흡충 감염과 일치하는 항체가 예기치 않게 발견되었으며, 이는 해외 여행 중 오염된 담수원에 노출된 이력이 있었음을 시사했다. 이러한 기생충 소견은 잠재적인 간 또는 장 합병증을 예방하기 위해 즉각적인 구충 치료를 필요로 했다. 임상팀은 필수적인 중재를 지연시키지 않으면서 각 질환을 동시에 해결하기 위해 신경과, 정형외과 및 감염내과 전문의 간의 진료를 조율했다. 치료 계획에는 항간질약 조정, 척추 증상에 대한 경막외 스테로이드 주사, 그리고 기생충 감염에 대한 프라지콴텔 투여가 포함되었다. 치료 효과를 모니터링하고 주의 깊은 장기적 관찰이 필요한 이 다면적인 임상 양상에 대해 처방된 다양한 치료 요법 간에 부작용 상호작용이 발생하지 않는지 확인하기 위해 추후 진료 예약이 잡혔다."
none,P040,36,stop,"The patient presented with acute wrist pain and limited range of motion following a fall on an outstretched hand. Radiographic evaluation confirmed a dislocation of midcarpal(joint), necessitating immediate closed reduction under conscious sedation. Post-reduction imaging demonstrated acceptable alignment, and the limb was immobilized in a sugar-tong splint. Concurrently, the patient reported episodes of dizziness triggered by specific neck movements, consistent with a diagnosis of cervical vertigo. Physical therapy was recommended for cervical stabilization exercises once acute wrist symptoms subsided. During the assessment, the patient disclosed a history of severe reactions to certain biological products, specifically noting an adverse event involving allergenic serum administered during previous immunotherapy sessions. Due to this significant history, strict precautions were implemented regarding any future exposure to similar agents. The care plan includes orthopedic follow-up in one week to assess wrist stability and neurological monitoring for persistent vertiginous symptoms. Pain management was addressed with non-opioid analgesics, and the patient was instructed on signs of compartment syndrome or neurovascular compromise requiring immediate return to the emergency department for further evaluation and potential intervention.","환자는 손을 짚고 넘어진 후 발생한 급성 손목 통증과 관절 가동범위 제한을 주소로 내원하였다. 방사선 검사상 중수근(관절) 탈구가 확인되어 의식하 진정하에 즉각적인 도수 정복이 필요하였다. 정복 후 영상 검사에서 정렬 상태가 양호하였으며, 당-텅(sugar-tong) 부목으로 상지를 고정하였다. 이와 동시에 환자는 특정 목 움직임 시 유발되는 어지럼증 발작을 호소하였고, 이는 경추성 어지럼증 진단과 일치하였다. 급성 손목 증상이 가라앉은 후 경추 안정화 운동을 위한 물리치료가 권장되었다. 평가 중 환자는 특정 생물학적 제제에 대한 심각한 반응 병력을 공개하였으며, 구체적으로 이전 면역치료 세션 동안 투여받은 알레르기 항원 혈청과 관련된 이상 반응을 언급하였다. 이러한 중대한 병력으로 인해, 향후 유사한 약제 노출에 대해서는 엄격한 예방 조치가 시행되었다. 치료 계획에는 1주 후 손목 안정성 평가를 위한 정형외과 추적 관찰과 지속되는 어지럼증 증상에 대한 신경학적 모니터링이 포함되었다. 통증 관리는 비마약성 진통제로 해결되었으며, 환자는 추가 평가 및 중재가 필요한 즉시 응급실로 내원해야 하는 구획 증후군 또는 신경혈관 손상의 징후에 대해 교육받았다."
none,P041,33,stop,"The patient presented with significant dental inertia, demonstrating a marked resistance to tooth movement despite consistent orthodontic force application over several months. This lack of response necessitated a comprehensive reevaluation of the treatment plan, ultimately leading to the recommendation for orthognathic surgery to correct the underlying skeletal discrepancy. Preoperative imaging revealed a severe mismatch between the maxillary and mandibular structures, specifically concerning the position of the basal seat relative to the cranial base. The surgical team determined that aligning the basal seat was critical for achieving stable occlusion and facial harmony. During the procedure, precise osteotomies were performed to reposition the jaws, addressing the skeletal inertia that had previously hindered progress. Postoperative recovery progressed without complication, and the patient reported improved function and aesthetics. The successful intervention highlighted the importance of recognizing when mechanical forces alone cannot overcome skeletal inertia. Future monitoring will focus on maintaining the new relationship of the basal seat and ensuring long-term stability of the occlusal results following the extensive orthognathic surgery.","환자는 유의미한 치아 정체를 보였으며, 수개월간 일관되게 교정력을 가했음에도 불구하고 치아 이동에 대한 뚜렷한 저항성을 나타냈다. 이러한 반응 부족으로 인해 치료 계획에 대한 포괄적인 재평가가 필요했고, 결국 근본적인 골격성 부조화를 교정하기 위해 악교정 수술을 권고하게 되었다. 수술 전 영상 검사에서 상악과 하악 구조물 간의 심한 부조화가 확인되었으며, 특히 두개저에 대한 기저부(basal seat)의 위치와 관련된 문제가 나타났다. 수술 팀은 안정적인 교합과 안면 조화를 달성하기 위해 기저부를 정렬하는 것이 매우 중요하다고 판단했다. 수술 중에는 정밀한 골절단술을 시행하여 턱을 재배치하였고, 이전에 치료 진행을 방해했던 골격성 정체를 해결하였다. 수술 후 회복은 합병증 없이 진행되었으며, 환자는 기능 및 심미성의 개선을 보고하였다. 이번 성공적인 중재는 기계적 힘만으로는 골격성 정체를 극복할 수 없는 시점을 인식하는 것의 중요성을 잘 보여주었다. 향후 추적 관찰은 기저부의 새로운 위치 관계를 유지하고, 광범위한 악교정 수술 후 교합 결과의 장기적 안정성을 확보하는 데 중점을 둘 것이다."
none,P042,42,stop,"The patient presents with a complex clinical picture involving multiple organ systems that requires careful coordination of care. Initial laboratory results indicate significant hematologic abnormalities consistent with sideroblastic anaemia, characterized by ringed sideroblasts in the bone marrow aspirate and refractory microcytic anemia despite iron supplementation. Concurrently, the patient developed acute renal insufficiency shortly after a documented streptococcal infection, raising strong suspicion for psgn as the underlying etiology given the elevated ASO titers and low complement levels observed during the workup. Ophthalmology consultation was requested due to progressive visual disturbances and corneal opacity, leading to a formal diagnosis of keratopathy that appears unrelated to the systemic hematologic or renal findings but necessitates topical management and close monitoring. The treatment plan involves addressing the copper deficiency potentially linked to the sideroblastic anaemia while managing fluid balance and hypertension associated with psgn. Regular follow-up appointments are scheduled to monitor renal function recovery and assess the progression of keratopathy, ensuring that therapeutic interventions for one condition do not exacerbate the others in this medically fragile individual requiring multidisciplinary oversight.","환자는 다수 장기계가 관여된 복잡한 임상 양상을 보이고 있어 주의 깊은 진료 조율이 필요하다. 초기 검사실 결과는 골수 천자에서 관찰된 환상철아세포(ringed sideroblasts)와 철분 보충에도 불구하고 난치성 소구성 빈혈을 특징으로 하는 철아구성 빈혈과 일치하는 유의한 혈액학적 이상을 나타낸다. 동시에 환자는 확인된 연쇄상구균 감염 직후 급성 신기능 부전이 발생하였으며, 검사 과정에서 관찰된 상승된 ASO 역가와 낮은 보체 수치를 고려할 때 기저 병인으로 PSGN(감염후 사구체신염)에 대한 강한 의심을 갖게 한다. 진행성 시력 장애 및 각막 혼탁으로 인해 안과 협진이 요청되었고, 이를 통해 각막병증의 공식 진단이 내려졌다. 이는 전신 혈액학적 또는 신장 소견과는 관련이 없는 것으로 보이나 국소 치료 및 면밀한 모니터링이 필요하다. 치료 계획에는 철아구성 빈혈과 잠재적으로 연관된 구리 결핍을 해결하는 동시에 PSGN과 관련된 체액 균형 및 고혈압을 관리하는 것이 포함된다. 신기능 회복을 모니터링하고 각막병증의 진행을 평가하기 위해 정기적인 추후 관리 예약이 잡혀 있으며, 다학제 감독이 필요한 이 의학적으로 취약한 환자에서 한 질환에 대한 치료적 중재가 다른 질환을 악화시키지 않도록 보장한다."
none,P043,44,stop,"The patient presented with significant cheilosis affecting the corners of the mouth, accompanied by generalized mucosal dryness that suggested a underlying nutritional deficit or systemic dehydration. During the initial assessment, the clinical team noted a substantial discrepancy between the patient's current scale weight and their estimated dry weight, indicating a fluid overload state consistent with acute renal compromise. This finding prompted an immediate review of electrolyte panels and a reassessment of diuretic therapy to manage the excess volume effectively. Concurrently, the oncology consultation service was engaged to evaluate a newly discovered mass in the retroperitoneal space, requiring precise oncotaxonomy to classify the lesion according to the latest histological standards before initiating any targeted treatment protocols. The integration of these diagnostic elements highlighted the complex interplay between metabolic status, fluid balance, and potential malignancy in this case. Careful monitoring of the cheilosis progression served as a tangible marker for mucosal hydration status, while serial measurements of dry weight guided the titration of intravenous fluids. The final determination of oncotaxonomy will ultimately dictate the long-term therapeutic strategy, ensuring that the management plan addresses both the immediate physiological instability and the underlying neoplastic process with appropriate specificity and urgency for optimal patient outcomes.","환자는 구각부에 심한 구각염을 보이며, 이는 기저 영양 결핍이나 전신 탈수를 시사하는 전반적인 점막 건조를 동반하였다. 초기 평가에서 임상팀은 환자의 현재 체중(체중계 측정치)과 추정 건체중 사이에 상당한 차이가 있음을 확인하였으며, 이는 급성 신장 기능 저하와 일치하는 체액 과부하 상태를 나타내었다. 이 소견은 과잉 체액을 효과적으로 관리하기 위해 전해질 패널에 대한 즉각적인 검토와 이뇨제 요법에 대한 재평가를 촉발하였다. 동시에, 후복막강에 새로 발견된 종괴를 평가하기 위해 종양학 회진 서비스가 투입되었으며, 표적 치료 프로토콜을 시작하기 전에 최신 조직학적 기준에 따라 병변을 분류하기 위해 정확한 종양 분류(oncotaxonomy)가 요구되었다. 이러한 진단적 요소들의 통합은 본 사례에서 대사 상태, 체액 균형, 그리고 잠재적 악성 종양 간의 복잡한 상호작용을 부각시켰다. 구각염의 진행에 대한 면밀한 모니터링은 점막 수화 상태의 가시적 지표로 활용되었고, 연속적인 건체중 측정은 정맥 수액의 용량 조절을 안내하였다. 종양 분류에 대한 최종 결정은 장기적 치료 전략을 궁극적으로 결정지을 것이며, 관리 계획이 환자의 최적 치료 결과를 위해 즉각적인 생리적 불안정성과 기저 종양 질환을 적절한 특이성과 긴급성으로 모두 다루도록 보장할 것이다."
none,P044,39,stop,"The patient presented with complex anatomical variations requiring detailed imaging and molecular analysis. Initial evaluation focused on the temporal bone structure, where the suprameatal foveola was clearly identified as a key landmark for surgical planning. This depression above the external auditory meatus appeared normal in contour and depth, providing a reliable reference point for the otologic procedure. Concurrently, abdominal assessment necessitated specific radiographic views, leading to the acquisition of a kub left lateral image to evaluate bowel gas patterns and potential calcifications without superimposition of the spine. The resulting film offered adequate visualization of the retroperitoneal space and soft tissue shadows. In parallel research efforts within the laboratory, investigators analyzed the catalytic activity of a hammerhead ribozyme engineered to target specific viral RNA sequences. This small self-cleaving RNA motif demonstrated efficient cleavage kinetics under physiological conditions, suggesting potential therapeutic applications. The integration of precise anatomical identification, standard radiographic techniques, and advanced molecular tools highlights the multidisciplinary approach required for comprehensive patient care and concurrent scientific inquiry in this complex case setting.","환자는 복잡한 해부학적 변이를 보여 상세한 영상 검사 및 분자 분석이 필요했다. 초기 평가는 측두골 구조에 초점을 맞추었으며, 여기서 상이와와( suprameatal foveola)는 수술 계획을 위한 주요 해부학적 표지로 명확히 확인되었다. 외이도 상방의 이 함요는 윤곽과 깊이가 정상적으로 나타나 이비인후과적 수술 과정을 위한 신뢰할 수 있는 기준점을 제공했다. 이와 동시에 복부 평가를 위해서는 특정 방사선 촬영 방식이 필요했으며, 이에 따라 척추가 중첩되지 않고 장내 가스 패턴과 잠재적 석회화를 평가하기 위해 KUB 좌측 측면 영상을 촬영하였다. 촬영된 필름은 후복막강과 연부조직 음영을 적절하게 시각화해 주었다. 이와 병행하여 실험실 내에서 진행된 연구에서는 연구진이 특정 바이러스 RNA 서열을 표적으로 하도록 설계된 해머헤드 리보자임의 촉매 활성을 분석했다. 이 작은 자가 절단 RNA 모티프는 생리적 조건에서 효율적인 절단 동역학을 보여주어 잠재적인 치료적 응용 가능성을 시사했다. 정확한 해부학적 확인, 표준 방사선 기술, 그리고 첨단 분자 도구의 통합은 이 복잡한 사례 환경에서 포괄적인 환자 치료와 병행되는 과학적 조사에 필요한 다학제적 접근 방식을 강조한다."
none,P045,50,stop,"The patient presented with severe, localized topalgia radiating from the occipital region down the posterior neck, prompting an immediate and thorough physical examination of the entire trapezius muscle to assess for spasms or trigger points. Despite the intense muscular discomfort, the clinical picture was complicated by a rapid onset of high fever, nuchal rigidity, and altered mental status that suggested a central nervous system infection rather than a simple musculoskeletal strain. Given the history of recent freshwater exposure during recreational swimming, the medical team urgently considered the rare but devastating possibility of naegleria fowleri amoebic meningoencephalitis. Diagnostic procedures were expedited, including lumbar puncture and advanced neuroimaging, while empirical antimicrobial therapy was initiated pending laboratory confirmation. The severity of the topalgia initially masked the neurological decline, yet the involvement of the entire trapezius muscle appeared secondary to meningeal irritation rather than primary pathology. Continuous monitoring revealed progressive deterioration, underscoring the critical need for early recognition of this fulminant infection. The case highlights the importance of distinguishing between benign muscular pain and life-threatening infectious etiologies in patients with compatible exposure histories and rapid neurological changes.","환자는 후두부에서 후경부로 방사하는 심한 국소 두통을 주소로 내원하여, 근육 경련 또는 유발점을 평가하기 위해 전체 승모근에 대한 즉각적이고 철저한 신체 검진이 시행되었다. 심한 근육 불편감에도 불구하고, 고열, 경부 강직 및 의식 변화가 급격히 발생하여 단순 근골격계 긴장이 아닌 중추신경계 감염을 시사하는 임상 양상으로 복잡해졌다. 레크리에이션 수영 중 최근 담수 노출 병력이 있음을 고려하여, 의료진은 드물지만 치명적인 나에글레리아 파울러리(Naegleria fowleri) 아메바성 수막뇌염의 가능성을 긴급히 고려했다. 검사실 확진을 기다리는 동안 경험적 항미생물 치료가 시작되었고, 요추 천자 및 고급 신경영상 검사를 포함한 진단 절차가 신속히 진행되었다. 두통의 심각성은 초기에 신경학적 악화를 가렸으나, 전체 승모근의 침범은 일차적 병변이라기보다는 수막 자극에 의한 이차적 소견으로 보였다. 지속적인 모니터링 결과 진행성 악화가 확인되어, 이러한 전격성 감염의 조기 인식이 매우 중요함을 강조하였다. 본 증례는 관련 노출 병력과 급격한 신경학적 변화를 보이는 환자에서 양성 근육통과 생명을 위협하는 감염성 원인을 감별하는 것의 중요성을 부각시킨다."
none,P046,31,stop,"The patient presented with severe unilateral head pain localized to the distribution of the auriculotemporal nerve, accompanied by significant swelling in the preauricular region. Clinical evaluation suggested a traumatic event involving sudden pressure changes that may have caused an implosion of the middle ear structures, leading to the current symptomatology. Given the nature of the injury and the presence of open wounds near the ear canal, strict isolation protocols were immediately implemented to prevent any potential airborne infection from compromising the healing process or spreading to other individuals in the clinical setting. The medical team carefully assessed the neurological status, noting that while the auriculotemporal nerve irritation was prominent, there were no signs of broader cranial nerve involvement. Imaging studies were ordered to evaluate the extent of the internal damage suspected from the implosion mechanism, as this type of injury can cause complex fractures not immediately visible on external examination. Throughout the assessment, the priority remained on stabilizing the patient while maintaining a sterile environment to mitigate the risk of airborne infection, ensuring that all staff utilized appropriate personal protective equipment during close contact procedures.","환자는 귓바퀴신경 분포 영역에 국한된 심한 편측성 두통과 함께 이개전부(preauricular region)의 현저한 부종을 주소로 내원하였다. 임상 평가 결과, 급격한 압력 변화를 동반한 외상 사건이 중이 구조물의 내파(implosion)를 유발하여 현재의 증상을 초래했을 가능성이 있는 것으로 시사되었다. 손상의 특성과 외이도 인근에 개방성 창상이 존재하는 점을 고려하여, 공기 매개 감염이 치유 과정을 방해하거나 임상 환경 내 다른 개인에게 전파되는 것을 방지하기 위해 엄격한 격리 규정이 즉시 시행되었다. 의료진은 신경학적 상태를 주의 깊게 평가하였으며, 귓바퀴신경 자극이 뚜렷하게 나타났으나 다른 뇌신경 침범의 징후는 없는 것으로 확인하였다. 이러한 유형의 손상은 외부 검사에서 즉시 확인되지 않는 복잡한 골절을 유발할 수 있으므로, 내파 기전에 의해 의심되는 내부 손상의 범위를 평가하기 위해 영상 검사가 의뢰되었다. 평가 과정 전반에 걸쳐, 공기 매개 감염의 위험을 완화하기 위해 환자의 상태 안정화와 무균 환경 유지가 최우선으로 고려되었으며, 모든 직원이 밀접 접촉 시술 중 적절한 개인보호장비를 사용하도록 하였다."
none,P047,27,stop,"The patient presented for a scheduled follow-up after undergoing a meckel's diverticulectomy last week. The surgical site appears clean with no signs of infection, and the abdominal dressing was changed without complication. During the recovery period, the patient expressed interest in community service, specifically inquiring about eligibility for blood donation given their recent procedure. It was explained that a waiting period is mandatory before they can participate in any blood donation activities to ensure full physiological recovery. The patient also reported minor discomfort when moving quickly, which seems related to the retaining harness used during the initial post-operative mobilization phase. This retaining harness provided necessary support to the abdominal wall while the patient regained strength and confidence in walking. Physical therapy instructions were reviewed, emphasizing gradual increases in activity levels while avoiding heavy lifting. The patient demonstrated good understanding of the discharge instructions and agreed to return if fever or increased pain develops. Follow-up appointments were scheduled to monitor healing progress and discuss the timeline for resuming normal activities, including the previously mentioned blood donation. Overall, the recovery trajectory remains positive with no immediate concerns noted during this visit.","환자는 지난주 메켈 게실절제술을 받은 후 예정된 추적 관찰을 위해 내원하였다. 수술 부위는 감염 징후 없이 청결한 상태이며, 복부 드레싱은 합병증 없이 교환되었다. 회복 기간 동안 환자는 지역사회 봉사에 대한 관심을 표명하였으며, 특히 최근 수술을 고려하여 헌혈 자격에 대해 문의하였다. 완전한 생리적 회복을 보장하기 위해 헌혈 활동에 참여하기 전에 대기 기간이 의무적이라는 점이 설명되었다. 환자는 또한 빠르게 움직일 때 경미한 불편감을 호소하였는데, 이는 초기 수술 후 보행 시작 단계에서 사용된 복부 보조대와 관련이 있는 것으로 보인다. 이 복부 보조대는 환자가 보행 능력과 자신감을 회복하는 동안 복벽에 필요한 지지력을 제공하였다. 물리치료 지침을 검토하면서 무거운 물건을 드는 것을 피하고 활동량을 점진적으로 늘리도록 강조하였다. 환자는 퇴원 지침에 대해 잘 이해하고 있음을 보였으며, 발열이나 통증이 증가하는 경우 재내원하기로 동의하였다. 치유 경과를 모니터링하고 앞서 언급된 헌혈을 포함하여 일상 활동 재개 일정을 논의하기 위해 추후 진료 예약이 잡혔다. 전반적으로 회복 경과는 긍정적이며, 이번 내원 시 특별한 우려 사항은 관찰되지 않았다."
none,P048,41,stop,"The patient presented with a complex neurological and ophthalmological history requiring multidisciplinary evaluation. Initial magnetic resonance imaging revealed significant hyperintense lesions consistent with insular sclerosis affecting the deep cortical structures, which correlated with the reported sensory deficits and episodic confusion. Concurrently, a comprehensive eye examination diagnosed anisometropic amblyopia in the left eye, resulting from a longstanding refractive error discrepancy that was never corrected during the critical period of visual development. During the metabolic profiling session, spectroscopic analysis detected an abnormal signal attributed to a deshielded proton within the lactate peak, suggesting localized metabolic stress or mitochondrial dysfunction in the affected brain regions. The combination of these findings indicates a multifactorial etiology involving both structural demyelination and functional visual impairment. Management plans include initiating disease-modifying therapies for the central nervous system pathology while simultaneously referring the patient to a pediatric ophthalmologist for potential patching therapy or corrective lenses to address the amblyopia. Close monitoring of metabolic markers is also advised to track the progression of cellular energy failure and adjust therapeutic interventions accordingly to prevent further neurological decline.","환자는 다학제 평가가 필요한 복잡한 신경학적 및 안과적 병력을 보였다. 초기 자기공명영상(MRI) 검사에서 심부 피질 구조에 영향을 미치는 섬엽 경화증(insular sclerosis)과 일치하는 유의한 고강도 병변이 확인되었으며, 이는 보고된 감각 결손 및 발작적 혼란과 상관관계가 있었다. 동시에, 포괄적인 안과 검사를 통해 좌안에 굴절부등약시(anisometropic amblyopia)가 진단되었는데, 이는 시각 발달의 결정적 시기 동안 결코 교정되지 않은 장기적인 굴절 이상 차이로 인한 것이었다. 대사 프로파일링 과정에서 분광 분석을 통해 젖산 피크 내 탈차폐(deshielded) 양성자에 기인한 비정상 신호가 감지되었으며, 이는 영향받은 뇌 영역의 국소적 대사 스트레스 또는 미토콘드리아 기능 장애를 시사한다. 이러한 소견들의 조합은 구조적 탈수초화와 기능적 시각 장애를 모두 포함하는 다인성病因(multifactorial etiology)을 나타낸다. 치료 계획에는 중추신경계 병변에 대한 질병 수정 요법(disease-modifying therapy)을 시작하는 동시에, 약시 치료를 위해 소아 안과 전문의에게 의뢰하여 잠재적인 패치 요법(patching therapy)이나 교정 렌즈를 적용하는 것이 포함된다. 세포 에너지 고갈의 진행을 추적하고 추가적인 신경학적 악화를 예방하기 위해 치료 개입을 적절히 조정하는 데 있어 대사 마커에 대한 면밀한 모니터링 또한 권장된다."
none,P049,41,stop,"The patient presented with persistent thermal sensitivity and localized discomfort in the right hand, prompting a referral to an endocrinologist for comprehensive metabolic evaluation. During the initial assessment, the patient reported that immersion in a warm water bath provided temporary relief from the stiffness and pain affecting the digits. Physical examination revealed mild swelling and erythema around the hapgok joint, which appeared tender to palpation and exhibited restricted range of motion. The endocrinologist noted that while systemic markers were largely unremarkable, the localized symptoms warranted further investigation into potential inflammatory or autoimmune etiologies. A therapeutic regimen was proposed, including continued use of the water bath for symptomatic management alongside anti-inflammatory medication. The patient was advised to monitor any changes in the hapgok area and report increased warmth or spreading redness immediately. Follow-up appointments were scheduled to assess response to treatment and determine if additional imaging or specialist consultation is necessary. The clinical team emphasized the importance of adhering to the prescribed therapy to prevent progression of symptoms and maintain functional mobility in the affected hand.","환자는 우측 손의 지속적인 온각 과민증과 국소적 불편감을 호소하며, 포괄적인 대사 평가를 위해 내분비내과 전문의에게 의뢰되었다. 초기 평가 시 환자는 따뜻한 물 목욕이 수지(손가락)의 뻣뻣함과 통증을 일시적으로 완화한다고 보고했다. 신체 검진상 합곡(Hapgok) 관절 주위에 경미한 부종과 홍반이 관찰되었으며, 촉진 시 압통이 있고 관절 가동 범위가 제한되었다. 내분비내과 전문의는 전신 염증 지표는 대체로 정상 범위 내에 있었으나, 국소 증상에 대해 잠재적인 염증성 또는 자가면역학적 병인을 추가적으로 조사할 필요가 있다고 기록했다. 소염제 복용과 함께 증상 관리를 위한 온수 목욕의 지속적인 사용을 포함하는 치료 요법이 제안되었다. 환자에게는 합곡 부위의 변화를 모니터링하고, 열감이 증가하거나 발적이 퍼지는 경우 즉시 보고하도록 권고되었다. 치료에 대한 반응을 평가하고 추가적인 영상 검사 또는 전문의 진료가 필요한지 결정하기 위해 추후 진료 일정이 예약되었다. 임상 진료팀은 증상의 진행을 방지하고 환측 손의 기능적 이동성을 유지하기 위해 처방된 치료를 준수하는 것의 중요성을 강조했다."
none,P050,44,stop,"The patient presented with severe neurological decline, prompting an immediate workup that confirmed cryptococcal meningocerebritis through cerebrospinal fluid analysis and imaging studies. Given the complexity of this infection in an immunocompromised host, the care team adjusted the therapeutic approach to align with the specific case-mix characteristics of our infectious disease unit, ensuring resource allocation matched the high acuity required for such rare fungal pathogens. During the preparation of intravenous antifungal medications, strict aseptic technique was maintained within the clean bench to prevent any secondary bacterial contamination that could complicate the clinical course. Nursing staff documented hourly neurological checks while monitoring for signs of increased intracranial pressure, a common sequela of cryptococcal meningocerebritis. The multidisciplinary team reviewed the evolving case-mix data daily to anticipate potential bed shortages and coordinate transfer protocols if necessary. All compounding activities occurred exclusively inside the certified clean bench, adhering to pharmacy safety standards. Despite aggressive treatment, the patient remained critically ill, requiring continuous ventilation and vasopressor support. Further diagnostic evaluations are pending to rule out concurrent opportunistic infections, though current evidence strongly supports cryptococcal meningocerebritis as the primary diagnosis driving this acute hospitalization.","환자는 심각한 신경학적 악화를 보이며 내원하였고, 즉각적인 검사를 통해 뇌척수액 검사 및 영상 검사를 통해 크립토코커스 수막뇌염을 확인하였다. 면역 저하 환자에서 발생한 이 감염의 복잡성을 고려하여, 의료진은 감염내과 병동의 특정 환자군 특성에 맞춰 치료 방침을 조정하였으며, 이러한 희귀 진균 병원체에 요구되는 높은 중증도에 부합하도록 자원을 배분하였다. 정맥용 항진균제를 준비하는 동안, 임상 경과를 복잡하게 만들 수 있는 2차 세균 오염을 방지하기 위해 무균 작업대 내에서 엄격한 무균술을 유지하였다. 간호 인력은 크립토코커스 수막뇌염의 흔한 후유증인 두개내압 상승 징후를 모니터링하면서 매 시간별 신경학적 평가를 기록하였다. 다학제 진료팀은 매일 업데이트되는 환자군 데이터를 검토하여 잠재적인 병상 부족에 대비하고 필요시 전원 프로토콜을 조율하였다. 모든 조제 활동은 약국 안전 표준을 준수하여 인증된 무균 작업대 내부에서만 진행되었다. 적극적인 치료에도 불구하고 환자는 위독한 상태로 유지되었으며 지속적인 인공호흡기 및 혈관수축제 지지가 필요하였다. 현재 증거가 급성 입원을 유발한 1차 진단으로 크립토코커스 수막뇌염을 강력하게 지지하고 있으나, 동반된 기회감염을 배제하기 위해 추가 진단 평가가 진행 중이다."
none,P051,50,stop,"The patient presented with a complex history involving multiple distinct pathological conditions requiring coordinated management across several specialties. Initial evaluation of the right ear revealed signs consistent with coalescent mastoiditis, characterized by the destruction of mastoid air cells and necessitating urgent surgical intervention to prevent intracranial complications. Concurrently, the ophthalmology consultation identified a glaucomatous cataract in the left eye, which presented with elevated intraocular pressure and significant lens opacity that severely impaired visual acuity and required a combined surgical approach to address both the lens pathology and the optic nerve damage. Furthermore, the dermatological examination noted severe onychocryptosis affecting the bilateral great toes, where the nail plates had penetrated the surrounding soft tissue, leading to localized infection, granulation tissue formation, and considerable pain during ambulation. The care plan involves immediate mastoidectomy, followed by scheduled ocular surgery once the acute infection is controlled, while the onychocryptosis is managed with partial nail avulsion and chemical matrixectomy to prevent recurrence. Antibiotic therapy was initiated to cover polymicrobial organisms, and pain management protocols were adjusted to accommodate the discomfort from both the otologic and podiatric procedures. Close monitoring of vital signs and wound healing is essential throughout the recovery period to ensure optimal outcomes for all concurrent conditions.","환자는 여러 전문 진료과목의 통합적인 관리가 필요한 여러 별개의 병리적 상태를 포함하는 복잡한 병력을 보였다. 우측 귀에 대한 초기 평가에서는 유돌기 골기포의 파괴를 특징으로 하고 두개내 합병증을 예방하기 위해 긴급한 수술적 중재가 필요한 융합성 유돌기염과 일치하는 소견이 나타났다. 동시에 안과 협진에서는 좌안에 녹내장성 백내장을 확인하였으며, 이는 안압 상승 및 심한 수정체 혼탁을 동반하여 시력을 심각하게 저하시켰고 수정체 병변과 시신경 손상을 모두 해결하기 위해 통합적 수술 접근이 필요했다. 또한, 피부과 검사에서는 양측 엄지발가락에 심한 감입족갑(내성 발톱)을 확인하였는데, 이 부위에서는 발톱판이 주변 연조직을 관통하여 국소 감염, 육아조직 형성 및 보행 시 상당한 통증을 유발하고 있었다. 치료 계획에는 즉각적인 유돌기절제술이 포함되며, 급성 감염이 조절된 후 예정된 안과 수술을 진행하는 한편, 감입족갑은 재발 방지를 위해 부분 발톱 적출술 및 화학적 매트릭스 절제술로 관리한다. 다양한 미생물을 커버하기 위해 항생제 요법이 시작되었으며, 이과 및 족부 시술 모두에서 발생하는 불편감을 완화하기 위해 통증 관리 지침이 조정되었다. 모든 동반 질환의 최적의 치료 결과를 보장하기 위해 회복 기간 전반에 걸쳐 활력 징후 및 창상 치유의 면밀한 모니터링이 필수적이다."
none,P052,35,stop,"The patient is a young male in the stage of school childhood who presented to the emergency department with severe abdominal cramping, persistent vomiting, and high-grade fever lasting for three days. Initial laboratory results indicated significant leukocytosis and electrolyte imbalances consistent with acute dehydration. Stool cultures were subsequently processed and confirmed the presence of gastroenteritis paratyphosa, necessitating immediate isolation protocols and targeted antimicrobial therapy. While the gastrointestinal symptoms were the primary concern, the patient also exhibited chronic nasal obstruction and recurrent otitis media that had been noted during previous visits. Given the persistence of these upper respiratory issues despite medical management, the decision was made to proceed with a biopsy of adenoid tissue during a scheduled surgical intervention next week. This procedure aims to rule out any underlying lymphoid hyperplasia or occult infection contributing to his chronic symptoms. The family was counseled on the risks and benefits, and they provided informed consent. Current treatment focuses on rehydration and monitoring for complications related to the systemic infection while awaiting further pathological evaluation of the nasopharyngeal tissue to guide long-term management strategies for this complex case.","학령기 소년인 환자는 3일간 지속된 심한 복부 경련, 지속적 구토 및 고열을 주소로 응급실에 내원하였다. 초기 검사실 결과는 급성 탈수와 일치하는 유의한 백혈구 증가증 및 전해질 불균형을 보였다. 이후 대변 배양 검사가 시행되어 파라장티푸스성 위장염의 존재가 확인되었으며, 이로 인해 즉각적인 격리 프로토콜 및 표적 항균 요법이 필요하게 되었다. 위장관 증상이 주된 관심사였으나, 환자는 이전 내원 시 기록되었던 만성 비폐색 및 재발성 중이염도 동반하고 있었다. 의학적 치료에도 불구하고 이러한 상기도 문제가 지속됨에 따라, 다음 주에 예정된 수술 중 adenoid 조직의 생검을 시행하기로 결정되었다. 이 시술은 환자의 만성 증상에 기여하는 기저 림프조직 증식증 또는 잠재성 감염을 배제하기 위함이다. 가족에게 위험과 이익에 대해 상담이 제공되었으며, 가족은 동의서를 제출하였다. 현재 치료는 재수액 및 전신 감염과 관련된 합병증 모니터링에 중점을 두고 있으며, 동시에 이 복잡한 사례의 장기적 치료 전략 수립을 위한 지침으로 삼기 위해 비인두 조직의 추가 병리학적 평가 결과를 대기 중이다."
none,P053,33,stop,"The patient presented with a complex history involving genuine diabetes that has proven difficult to manage despite strict adherence to prescribed insulin regimens and dietary modifications. Over the past six months, there has been a notable decline in cognitive function and mood stability, prompting an urgent referral to neuropsychiatry for comprehensive evaluation and potential intervention. During the initial assessment, the patient exhibited signs of severe anxiety and obsessive behaviors centered around cleanliness, which were later identified as manifestations of mysophilia. This specific phobia has significantly impacted daily living activities, as the individual spends excessive hours washing hands and sanitizing personal spaces, often neglecting essential self-care tasks related to their chronic metabolic condition. The interplay between the physiological stress of uncontrolled blood glucose levels and the psychological burden of these compulsive disorders creates a challenging clinical picture. Coordination between endocrinology and mental health specialists is now critical to address both the somatic symptoms and the underlying psychiatric disturbances. Immediate goals include stabilizing glycemic control while initiating cognitive behavioral therapy to mitigate the debilitating effects of the contamination fears. Long-term prognosis depends on successful integration of these dual treatment pathways to improve overall quality of life and functional independence for this vulnerable individual.","환자는 처방된 인슐린 요법과 식이요법을 엄격히 준수함에도 불구하고 관리가 어려운 진성 당뇨병과 관련된 복잡한 병력을 보였다. 지난 6개월 동안 인지 기능과 기분 안정성이 뚜렷하게 저하되어, 포괄적인 평가 및 가능한 중재를 위해 신경정신과에 긴급 의뢰되었다. 초기 평가 시 환자는 청결에 집착하는 심한 불안 및 강박 행동 징후를 보였으며, 이는 후에 불결공포증(mysophobia)의 발현으로 확인되었다. 이 특정 공포증은 일상생활 활동에 상당한 영향을 미쳤는데, 환자는 손을 씻고 개인 공간을 소독하는 데 지나치게 많은 시간을 소비하면서 만성 대사 질환과 관련된 필수적인 자가 간호 활동을 종종 소홀히 했다. 조절되지 않는 혈당 수치의 생리적 스트레스와 이러한 강박 장애의 심리적 부담 간의 상호작용은 임상적으로 다루기 까다로운 양상을 만들어낸다. 신체 증상과 근본적인 정신 장애를 모두 해결하기 위해 내분비내과와 정신건강 전문가 간의 협진이 이제 매우 중요해졌다. 즉각적인 목표에는 혈당 조절을 안정화시키는 동시에 오염에 대한 두려움의 쇠약해지는 영향을 완화하기 위해 인지 행동 치료를 시작하는 것이 포함된다. 장기적 예후는 이러한 이중 치료 경로의 성공적인 통합에 달려 있으며, 이를 통해 이 취약한 환자의 전반적인 삶의 질과 기능적 독립성을 향상시킬 수 있을 것이다."
none,P054,50,stop,"The patient presented with significant respiratory distress attributed to progressive laryngotracheal stenosis following a prolonged intubation period during prior critical care management. Airway evaluation confirmed severe narrowing requiring immediate surgical intervention to restore adequate ventilation and prevent further compromise. Concurrently, the physical examination revealed an abnormal fixed posture of the lower extremities characterized by persistent plantar flexion of the right foot, suggesting underlying neuromuscular involvement or contracture formation that limits dorsiflexion range of motion significantly. Abdominal imaging performed to assess concurrent gastrointestinal complaints identified a distinct paraduodenal fold near the ligament of Treitz, raising suspicion for an internal hernia despite the absence of acute obstructive symptoms at this time. The clinical team coordinated a multidisciplinary approach involving otolaryngology, orthopedics, and general surgery to address these complex findings simultaneously. Preoperative planning included detailed airway mapping and vascular studies to ensure safe procedural execution while mitigating risks associated with the anatomical variations observed. Postoperative care will focus on airway patency monitoring, physical therapy for limb mobility, and close observation for signs of bowel ischemia related to the identified peritoneal anomaly.","환자는 이전 중증 질환 관리 중 장기간 기관삽관 이후 진행성 후두기관 협착으로 인한 중증 호흡곤란을 주소로 내원하였다. 기도 평가 결과 충분한 환기를 회복하고 추가적인 악화를 방지하기 위해 즉각적인 수술적 중재가 필요한 중증 협착이 확인되었다. 동시에 신체 검진에서는 우측 발의 지속적 족저 굴곡을 특징으로 하는 하지의 비정상적 고정 자세가 관찰되었으며, 이는 기저 신경근육계 침범 또는 족배 굴곡 가동 범위를 현저히 제한하는 구축 형성을 시사한다. 동반된 위장관 증상을 평가하기 위해 시행한 복부 영상 검사에서 트라이츠 인대(Treitz ligament) 근처에 뚜렷한 십이지장 주위 파두(paraduodenal fold)가 확인되어, 현재 급성 폐쇄 증상은 없으나 내부 탈장(internal hernia)이 의심되었다. 임상 팀은 이러한 복잡한 소견을 동시에 해결하기 위해 이비인후과, 정형외과 및 일반외과가 참여하는 다학제 접근 방식을 조율하였다. 수술 전 계획에는 관찰된 해부학적 변이와 관련된 위험을 완화하면서 안전한 시술 수행을 보장하기 위한 상세한 기도 매핑 및 혈관 검사가 포함되었다. 수술 후 관리는 기도 개방성 모니터링, 사지 이동성을 위한 물리치료, 그리고 확인된 복막 이상과 관련된 장관 허혈 징후에 대한 면밀한 관찰에 중점을 둘 것이다."
none,P055,43,stop,"The patient presented with acute knee pain following a sudden twisting motion during athletic activity. Clinical evaluation revealed a significant derangement of patella, characterized by lateral displacement and inability to fully extend the joint without severe discomfort. Palpation indicated localized tenderness along the medial retinaculum, while range of motion testing demonstrated mechanical blocking at thirty degrees of flexion. Neurological assessment showed an unusual response to tactile input, where even a mild exteroceptive stimulus applied to the surrounding dermatomes triggered a reflexive muscle spasm. This hyperreactivity suggested a state of superexcitation within the spinal reflex arcs, potentially complicating the standard rehabilitation protocol. Imaging studies confirmed soft tissue swelling but no fracture, supporting the diagnosis of traumatic instability rather than bony pathology. The treatment plan focuses on gentle mobilization to reduce the derangement of patella while carefully managing sensory input to avoid triggering further superexcitation. Physical therapy will initially limit exposure to any strong exteroceptive stimulus that could exacerbate muscle guarding, aiming instead for gradual desensitization and restored biomechanical alignment through controlled, low-intensity exercises designed to stabilize the joint without provoking additional neurological irritation or pain.","환자는 운동 중 갑작스러운 비틀림 동작 후 급성 무릎 통증을 주소로 내원하였다. 임상 평가 결과 슬개골의 유의미한 정렬 이상이 확인되었으며, 이는 외측 편위와 심한 불편감 없이는 관절을 완전히 신전할 수 없는 특징을 보였다. 촉진 시 내측 지대(retinaculum)를 따라 국소 압통이 나타났고, 관절 가동범위 검사에서는 굴곡 30도에서 기계적 차단 현상이 관찰되었다. 신경학적 평가에서는 촉각 입력에 대한 비정상적 반응이 나타났는데, 주변 피부구역(dermatomes)에 가벼운 외부 자극(exteroceptive stimulus)을 가해도 반사적인 근육 경련이 유발되었다. 이러한 과반응은 척수 반사궁 내의 과흥분(superexcitation) 상태를 시사하며, 표준 재활 프로토콜을 복잡하게 만들 가능성이 있었다. 영상 검사에서 연조직 부종은 확인되었으나 골절은 없어, 골 병변이 아닌 외상성 불안정성이라는 진단을 뒷받침하였다. 치료 계획은 슬개골의 정렬 이상을 줄이기 위한 부드러운 가동과 추가적인 과흥분을 유발하지 않도록 감각 입력을 주의 깊게 조절하는 데 중점을 둔다. 물리치료는 초기에 근육 긴장 가중을 악화시킬 수 있는 모든 강한 외부 자극에 대한 노출을 제한할 것이며, 대신 점진적인 감각 둔화(desensitization)와 추가적인 신경학적 자극이나 통증을 유발하지 않고 관절을 안정화하도록 고안된 통제된 저강도 운동을 통해 생체역학적 정렬을 회복하는 것을 목표로 한다."
none,P056,44,stop,"The patient presented with a complex history requiring multidisciplinary evaluation. Initial assessment revealed an endaural mass causing significant conductive hearing loss and persistent otorrhea, necessitating urgent surgical intervention to prevent further ossicular erosion. Concurrently, ophthalmology consultation was requested due to acute eye pain and visible thinning of the globe, where examination confirmed scleral necrosis/melt requiring immediate tissue grafting to preserve vision. The patient's medical record also indicated a recent gynecological procedure, specifically a colpomyomectomy performed three weeks prior to address symptomatic uterine fibroids that had caused severe menorrhagia and pelvic pressure. Despite the disparate anatomical sites, the clinical team considered potential systemic autoimmune etiologies linking the otologic, ocular, and gynecological findings. The endaural approach allowed for precise removal of the cholesteatoma without compromising facial nerve integrity. Post-operative monitoring focused on preventing infection at all surgical sites, particularly given the compromised tissue status observed in the eye. The patient tolerated the procedures well, though long-term follow-up remains critical to monitor for recurrence of scleral necrosis/melt and to ensure proper healing after the colpomyomectomy and endaural surgery.","환자는 다학제 진료가 필요한 복잡한 병력을 보였다. 초기 평가에서 현저한 전음성 난청과 지속성 이루를 유발하는 이내 종괴가 확인되었으며, 추가적인 이소골 침식을 방지하기 위해 긴급한 수술적 중재가 필요했다. 동시에, 급성 안통과 눈에 보이는 윤부(안구) 비薄화로 인해 안과 회진이 요청되었고, 검사를 통해 시력 보존을 위해 즉각적인 조직 이식이 필요한 공막 괴사/융해가 확인되었다. 환자의 의료 기록에는 또한 최근 산부인과 수술 병력이 기재되어 있었는데, 구체적으로는 3주 전 심한 월경과다와 골반 압박을 유발한 증상성 자궁근종을 치료하기 위해 질부 근종절제술을 시행받은 것이었다. 해부학적 위치가 서로 다름에도 불구하고, 임상 팀은 이과적, 안과적 및 산부인과적 소견을 연결하는 잠재적 전신 자가면역 병인을 고려했다. 이내 접근법을 통해 안면신경의 온전성을 훼손하지 않고 콜레스테아톰을 정확히 제거할 수 있었다. 수술 후 모니터링은 모든 수술 부위의 감염 예방에 중점을 두었으며, 특히 눈에서 관찰된 조직 상태의 악화를 고려하였다. 환자는 수술 과정을 잘 견뎌냈으나, 공막 괴사/융해의 재발을 모니터링하고 질부 근종절제술 및 이내 수술 후 적절한 치유를 보장하기 위해 장기적인 추적 관찰이 매우 중요하다."
none,P057,41,stop,"The patient presented with a complex history involving congenital anomalies and acute abdominal findings. Imaging studies confirmed a diagnosis of agenesis of lung on the right side, which has been managed conservatively since childhood without significant respiratory compromise. During the current admission for severe abdominal pain, physical examination revealed a reducible mass in the umbilical region consistent with an epiplocele. Surgical consultation was obtained to evaluate the necessity of operative repair given the risk of incarceration. Throughout the hospitalization, the medical team collaborated closely with the family to ensure that care plans respected their cultural values, specifically by supporting spiritual rituals that the patient finds essential for healing and comfort. These practices were integrated into the daily routine without disrupting clinical monitoring or treatment schedules. The patient remained hemodynamically stable while awaiting further diagnostic workup to rule out associated syndromic features linking the pulmonary and abdominal defects. Discharge planning will include coordination with outpatient specialists to monitor the epiplocele and ensure continued respiratory stability despite the underlying agenesis of lung, all while maintaining the established framework for supporting spiritual rituals as a core component of holistic care.","환자는 선천성 기형 및 급성 복부 소견과 관련된 복잡한 병력을 보였다. 영상 검사를 통해 우측 폐 무형성 진단이 확인되었으며, 이는 소아기부터 보존적으로 관리되어 왔고 중요한 호흡기 합병증 없이 유지되었다. 심한 복통으로 인한 현재 입원 중 신체 검진에서, 제대 부위의 감소 가능한 종괴가 확인되었으며 이는 대망류(epiplocele)와 일치하는 소견이었다. 감돈(incarceration)의 위험을 고려하여 수술적 교정의 필요성을 평가하기 위해 외과 회진이 의뢰되었다. 입원 기간 동안, 의료진은 환자가 치유와 안위에 필수적이라고 생각하는 영적 의식을 지원하는 등, 치료 계획이 가족의 문화적 가치를 존중하도록 가족과 긴밀하게 협력했다. 이러한 관행은 임상 모니터링이나 치료 일정을 방해하지 않고 일상 루틴에 통합되었다. 환자는 폐 및 복부 결함을 연결하는 관련 증후군 특징을 배제하기 위한 추가 진단 검사를 기다리는 동안 혈역학적으로 안정적인 상태를 유지했다. 퇴원 계획에는 외래 전문의와의 조정을 통해 대망류를 모니터링하고 기저 폐 무형성에도 불구하고 지속적인 호흡 안정성을 보장하는 것이 포함될 것이며, 이 모든 과정에서 전인적 돌봄의 핵심 요소로서 영적 의식을 지원하는 확립된 체계를 유지할 것이다."
none,P058,42,stop,"The patient presented with significant developmental delays and hypotonia, prompting a comprehensive genetic and metabolic evaluation. Initial imaging studies revealed a bidiscoidal placenta during the prenatal period, which was noted as an unusual finding but did not immediately correlate with the postnatal presentation. Further investigation into the patient's muscle tone and strength demonstrated a profound absence of muscle tissue in specific lower extremity groups, leading to severe mobility restrictions and joint contractures. Concurrently, biochemical screening was performed to rule out catecholamine-secreting tumors given the episodic hypertension observed during clinic visits. The laboratory results indicated elevated levels of normetanephrine in the plasma, suggesting potential dysregulation within the sympathetic nervous system despite the lack of a confirmed mass on abdominal MRI. This complex clinical picture, combining structural anomalies like the bidiscoidal placenta and absence of muscle with biochemical abnormalities such as increased normetanephrine, necessitates a multidisciplinary approach involving genetics, neurology, and endocrinology. Ongoing management focuses on supportive care, physical therapy to maximize remaining function, and close monitoring of catecholamine metabolites to prevent hypertensive crises while awaiting further genomic sequencing results to identify a unifying etiology for this rare constellation of symptoms.","환자는 현저한 발달 지연과 저근긴장증을 보여 포괄적인 유전 및 대사 평가를 시행하였다. 초기 영상 검사에서 산전 기간에 이엽 태반(bidiscoidal placenta)이 확인되었으며, 이는 드문 소견으로 기록되었으나 산후 임상 양상과 즉각적인 연관성은 없는 것으로 보였다. 환자의 근긴장도 및 근력에 대한 추가 검사에서 특정 하지 근군에 심각한 근육 조직 결손이 확인되어 심각한 이동 제한과 관절 구축을 초래하였다. 동시에 외래 진료 중 관찰된 발작성 고혈압을 고려하여 카테콜라민 분비 종양을 배제하기 위한 생화학적 선별 검사가 수행되었다. 검사실 결과는 혈장 노르메타네프린 수치가 상승한 것을 보여주었으며, 이는 복부 MRI에서 확진된 종괴가 없음에도 불구하고 교감신경계의 잠재적 조절 이상을 시사한다. 이엽 태반 및 근육 결손과 같은 구조적 이상과 노르메타네프린 증가와 같은 생화학적 이상이 결합된 이러한 복합적인 임상 양상은 유전학, 신경학 및 내분비학이 참여하는 다학제적 접근을 필요로 한다. 지속적인 관리는 보조적 치료, 잔존 기능을 최대한 활용하기 위한 물리치료, 고혈압 위기를 예방하기 위한 카테콜라민 대사산물의 면밀한 모니터링에 중점을 두며, 이 희귀한 증상들의 통합적 원인을 규명하기 위한 추가 유전체 염기서열 분석 결과를 기다리고 있다."
none,P059,41,stop,"The patient presented with acute respiratory distress, prompting immediate evaluation of the airway and breathing mechanics. Initial assessment revealed significant work of breathing, necessitating the application of negative pressure ventilation to support gas exchange while avoiding intubation. The clinical team prepared the specialized equipment, ensuring the rotalix tube was correctly positioned within the circuit to maintain optimal airflow dynamics. Simultaneously, a reciprocal shaker was employed to facilitate secretion clearance from the lower lobes, as the patient demonstrated an ineffective cough reflex. Throughout the procedure, continuous monitoring confirmed that the negative pressure settings remained within the therapeutic range, preventing barotrauma while improving oxygenation. The rotalix tube functioned without leakage, and the reciprocal shaker provided consistent mechanical oscillation to loosen tenacious secretions. As the intervention progressed, the patient's respiratory rate decreased, and oxygen saturation improved markedly. The combination of these modalities proved effective in stabilizing the individual without invasive measures. Documentation notes that the rotalix tube, reciprocal shaker, and negative pressure system were all integral to the successful management of this acute episode, allowing for gradual weaning as clinical status normalized over the subsequent hours.","환자는 급성 호흡곤란을 보여 기도 및 호흡 역학에 대한 즉각적인 평가가 시행되었다. 초기 평가에서는 호흡 작업량이 현저히 증가한 것으로 나타났으며, 이에 따라 기관 내 삽관을 피하면서 가스 교환을 지원하기 위해 음압 환기 적용이 필요했다. 임상 팀은 최적의 기류 역학을 유지하기 위해 회로 내에 로탈릭스 튜브(Rotalix tube)가 올바르게 배치되었는지 확인하며 전문 장비를 준비했다. 이와 동시에 환자의 비효과적인 기침 반사로 인해 하엽의 분비물 제거를 용이하게 하기 위해 상호 진동기(reciprocal shaker)가 사용되었다. 시술 내내 지속적인 모니터링을 통해 음압 설정이 치료 범위 내에 유지됨을 확인하였으며, 이는 기압손상을 방지하는 동시에 산소화를 개선하였다. 로탈릭스 튜브는 누출 없이 기능하였고, 상호 진동기는 끈적한 분비물을 완화하기 위해 일관된 기계적 진동을 제공하였다. 중재가 진행됨에 따라 환자의 호흡수는 감소하였고 산소 포화도가 현저히 개선되었다. 이러한 방법의 병용은 침습적 조치 없이 환자를 안정시키는 데 효과적인 것으로 입증되었다. 기록에 따르면 로탈릭스 튜브, 상호 진동기 및 음압 시스템은 모두 이 급성 에피소드의 성공적인 관리에 필수적인 역할을 하였으며, 이후 수 시간에 걸쳐 임상 상태가 정상화됨에 따라 점진적 이탈이 가능했다."
none,P060,45,stop,"The patient presented with acute joint pain and swelling, raising initial concerns for urarthritis, although further diagnostic testing is required to confirm this specific diagnosis given the atypical presentation. During the comprehensive physical examination, the physician noted significant erythema and exudate on the bilateral palatine tonsils, suggesting a concurrent infectious process that may be contributing to the systemic inflammatory response. The patient also reported localized scrotal discomfort, prompting a detailed evaluation of the genital region which revealed tenderness along the course of the epididymal duct without obvious masses or fluid collection. Laboratory results indicated elevated inflammatory markers, supporting the presence of an active inflammatory condition affecting multiple systems. The clinical team decided to initiate broad-spectrum antibiotics to address the suspected tonsillar infection while monitoring the joint symptoms closely for any changes that might clarify the underlying etiology of the suspected urarthritis. Follow-up imaging of the scrotum was scheduled to rule out structural abnormalities involving the epididymal duct, ensuring a thorough assessment of all reported symptoms. The patient was advised to rest and maintain hydration while awaiting further test results to guide definitive treatment strategies for the complex clinical picture.","환자는 급성 관절 통증과 종창을 주소로 내원하여 통풍성 관절염이 초기 의심되었으나, 비전형적인 임상 양상을 고려할 때 이 특정 진단을 확정하기 위해서는 추가적인 진단 검사가 필요하다. 포괄적인 신체 검진에서 의사는 양측 구개편도에 현저한 홍반과 삼출물을 확인하였으며, 이는 전신 염증 반응에 기여할 수 있는 동반된 감염 과정을 시사한다. 환자는 또한 국소 음낭 불편감을 호소하여 생식기 영역에 대한 상세한 평가를 시행하였고, 그 결과 명확한 종괴나 체액 저류 없이 부고환관 경로를 따라 압통이 관찰되었다. 실험실 검사 결과 염증 지표가 상승하여 다발성 장기에 영향을 미치는 활동성 염증 상태의 존재를 뒷받침하였다. 임상 진료팀은 의심되는 편도선 감염을 치료하기 위해 광범위 항생제 투여를 시작하는 동시에, 의심되는 통풍성 관절염의 근본적 병인을 명확히 하는 데 도움이 될 수 있도록 관절 증상의 변화를 면밀히 모니터링하기로 결정하였다. 모든 호소 증상에 대한 철저한 평가를 보장하기 위해, 부고환관과 관련된 구조적 이상을 배제하기 위한 음낭 추적 영상 검사가 예정되었다. 환자는 복잡한 임상 양상에 대한 확정적 치료 전략을 수립하기 위한 추가 검사 결과를 기다리는 동안 휴식을 취하고 수분 섭취를 유지하도록 권고받았다."
none,P061,34,stop,"The patient presented with a complex history involving epidermolysis bullosa dystrophica, requiring meticulous skin handling during all procedural interventions to prevent further blistering and tissue damage. Concurrent neurological imaging revealed an anomaly within the third ventricle structure, prompting immediate consultation with neurosurgery for potential endoscopic evaluation and management planning. Due to the severity of the cardiac involvement identified during preoperative assessment, the surgical team prepared a specialized cardioplegic solution to ensure adequate myocardial protection throughout the anticipated lengthy procedure. The multidisciplinary approach addressed the fragile dermatological condition while simultaneously managing the intracranial findings and securing cardiac stability. Careful coordination between dermatology, neurology, and cardiothoracic surgery was essential to navigate the competing risks associated with each comorbidity. Anesthesia protocols were adjusted to accommodate the unique physiological constraints imposed by the underlying genetic disorder and the specific structural heart requirements. Postoperative monitoring will focus on wound integrity, intracranial pressure dynamics, and cardiac function recovery to optimize overall outcomes for this high-risk individual.","환자는 영양불량형 수포성 표피박리증과 관련된 복잡한 병력을 보였으며, 모든 시술적 중재 과정에서 추가적인 수포 형성 및 조직 손상을 예방하기 위해 세심한 피부 취급이 요구되었다. 동시에 시행된 신경학적 영상 검사에서 제3뇌실 구조 내 이상 소견이 확인되어, 내시경 평가 및 치료 계획 수립을 위해 즉각적인 신경외과 회진이 요청되었다. 수술 전 평가에서 확인된 심장 침범의 중증도로 인해, 수술 팀은 예상되는 장시간의 수술 과정 전반에 걸쳐 적절한 심근 보호를 보장하기 위해 특수 심정지액을 준비하였다. 이러한 다학제 접근 방식은 취약한 피부과적 상태를 다루는 동시에 두개내 소견을 관리하고 심장 안정성을 확보하는 데 주력하였다. 각 동반질환과 관련된 상충되는 위험을 극복하기 위해 피부과, 신경과 및 심장흉부외과 간의 긴밀한 조율이 필수적이었다. 마취 프로토콜은 기저 유전 질환으로 인해 부과된 특수한 생리적 제약과 구조적 심장 요구 사항을 충족하도록 조정되었다. 수술 후 모니터링은 이 고위험 환자의 전반적인 예후를 최적화하기 위해 창상 완전성, 두개내압 역동 및 심장 기능 회복에 중점을 둘 것이다."
none,P062,50,stop,"The patient presented with complex congenital anomalies consistent with sirenomelia syndrome, characterized by fused lower extremities and severe renal agenesis. Initial assessment required invasive hemodynamometry to monitor systemic pressures given the profound cardiovascular instability associated with the malformation sequence. Despite aggressive resuscitation efforts, the clinical course was complicated by a suspected heredoinfection transmitted vertically from the maternal lineage, manifesting as persistent fever and leukocytosis unresponsive to broad-spectrum antibiotics. The combination of structural defects and infectious burden created a precarious physiological state where standard supportive measures provided limited benefit. Continuous hemodynamometry revealed fluctuating mean arterial pressures that necessitated frequent vasopressor adjustments to maintain perfusion to vital organs. The presence of sirenomelia syndrome often correlates with other midline defects, yet the concurrent heredoinfection obscured the typical presentation and delayed definitive surgical planning. Multidisciplinary teams convened to discuss the grim prognosis, noting that the interplay between the vascular steal phenomenon inherent in sirenomelia syndrome and the septic physiology driven by heredoinfection rendered corrective intervention futile. Ultimately, the decision was made to transition care goals toward comfort measures only, acknowledging the insurmountable challenges posed by this rare and lethal constellation of findings.","환자는 유합된 하지와 심한 신 무형성증을 특징으로 하는 사이레노멜리아 증후군과 일치하는 복잡한 선천성 기형을 보였다. 이러한 기형 발생 과정과 관련된 심각한 심혈관 불안정성을 고려하여, 초기 평가 시 전신 압력을 모니터링하기 위해 침습적 혈역학 측정이 필요했다. 적극적인 소생술 노력에도 불구하고, 지속적인 발열과 광범위 항생제에 반응하지 않는 백혈구 증가증으로 나타난 모계를 통해 수직 전달된 의심 선천성 감염으로 인해 임상 경과가 복잡해졌다. 구조적 결손과 감염 부담의 결합은 표준적 지지 요법이 제한된 효과만 제공하는 불안정한 생리적 상태를 초래했다. 지속적인 혈역학 측정 결과 평균 동맥압이 변동하여, 생명 주요 장기의 관류를 유지하기 위해 잦은 혈관수축제 조정이 필요했다. 사이레노멜리아 증후군의 존재는 종종 다른 정중선 결손과 상관관계가 있으나, 동반된 선천성 감염이 전형적인 임상 양상을 모호하게 만들어 확정적 수술 계획을 지연시켰다. 다학제 팀이 열악한 예후를 논의하기 위해 모였으며, 사이레노멜리아 증후군에 내재된 혈관 도현상과 선천성 감염으로 인해 유발된 패혈증 생리 사이의 상호작용으로 인해 교정적 중재가 무의미하다고 평가했다. 궁극적으로, 이러한 희귀하고 치명적인 임상 양상이 제시하는 극복 불가능한 도전 과제를 인정하고, 오직 완화 의료만을 목표로 하는 치료 방침으로 전환하기로 결정했다."
none,P063,48,stop,"The patient presented to the emergency department in a state of diabetic coma, requiring immediate intubation and aggressive fluid resuscitation to stabilize hemodynamics. Upon regaining consciousness several hours later, she reported persistent pelvic discomfort and abnormal vaginal bleeding that had worsened over the past month. A thorough gynecological examination revealed a visible papilloma of cerviv located on the ectocervix, which appeared friable and bled lightly upon contact with the speculum. Concurrently, the patient complained of significant pain in the left buttock region, exacerbated by sitting or walking. Physical palpation confirmed localized tenderness and swelling consistent with glutitis, likely secondary to prolonged immobility during the unconscious episode or an underlying infectious process. Given the complex presentation involving metabolic collapse, cervical pathology, and soft tissue inflammation, a multidisciplinary approach was initiated. Endocrinology managed the insulin regimen to prevent recurrent hyperglycemic crises, while gynecology scheduled a colposcopy and biopsy for the papilloma of cerviv to rule out malignancy. The glutitis was treated with warm compresses and oral antibiotics, with close monitoring for abscess formation. Further imaging was ordered to assess the extent of soft tissue involvement and ensure no deeper structural compromise existed alongside the metabolic and gynecological findings.","환자는 당뇨병성 혼수 상태로 응급실에 내원하여, 혈역학적 안정화를 위해 즉각적인 기관삽관과 적극적인 수액 소생술이 필요했다. 수시간 후 의식을 회복한 환자는 지난 한 달간 악화된 지속적인 골반 불편감과 비정상적 질 출혈을 호소했다. 철저한 산부인과 검진에서 외경부에 위치한 자궁경부 유두종이 관찰되었으며, 이는 취약해 보였고 질경 접촉 시 경미한 출혈이 발생했다. 동시에 환자는 좌측 둔부 영역의 심한 통증을 호소하였고, 이는 앉거나 걸을 때 악화되었다. 신체 촉진 결과 국소 압통과 종창이 확인되어 의식 저하 기간 동안의 장기적인 부동 상태 또는 기저 감염 과정으로 인해 속발된 둔근염(glutitis)과 일치하는 소견이었다. 대사성 붕괴, 자궁경부 병변 및 연조직 염증을 포함하는 복합적인 임상 양상이 확인됨에 따라 다학제적 접근이 시작되었다. 내분비내과에서는 재발성 고혈당 위기를 예방하기 위해 인슐린 요법을 관리하였고, 산부인과에서는 악성 종양을 배제하기 위해 자궁경부 유두종에 대한 질확대경 검사 및 생검을 예약하였다. 둔근염은 온습포와 경구 항생제로 치료하면서 농양 형성 여부를 면밀히 모니터링하였다. 연조직 침범 범위를 평가하고 대사 및 산부인과 소견과 함께 심부 구조적 손상이 없는지 확인하기 위해 추가 영상 검사가 의뢰되었다."
none,P064,41,stop,"The patient presented with a complex history of chronic gastrointestinal distress, marked by significant weight loss and severe peripheral edema suggestive of protein-losing enteropathy. Despite aggressive nutritional support and albumin infusions, the clinical picture remained concerning for ongoing substantial protein leakage through the intestinal mucosa. A thorough physical examination revealed no obvious external causes, yet the patient reported frequent episodes of involuntary bowel movements that occurred without any prior warning or sensation of urgency, significantly impacting their quality of life and social functioning. To further evaluate the distal colorectal segment and rule out localized inflammatory processes or structural abnormalities contributing to this syndrome, a proctoscope was utilized during the bedside assessment. The visualization allowed for direct inspection of the rectal lining, which appeared erythematous and friable in certain areas, although no distinct masses or large ulcerations were immediately identified within the field of view. Biopsy samples were obtained from the suspicious regions to determine the underlying histopathology, as the combination of involuntary leakage and suspected protein-losing enteropathy necessitates a precise diagnosis to guide future therapeutic interventions effectively and prevent further metabolic deterioration in this vulnerable individual.","환자는 단백질 소실성 장병증을 시사하는 현저한 체중 감소와 중증 말초 부종을 특징으로 하는 만성 위장관 괴로움의 복잡한 병력을 보였다. 적극적인 영양 지원과 알부민 주입에도 불구하고, 장 점막을 통한 지속적인 상당한 단백질 누출이 의심되는 임상 양상은 계속 우려스러웠다. 철저한 신체 검사에서 명확한 외부 원인은 발견되지 않았으나, 환자는 어떠한 사전 경고나 긴박감 없이 발생하는 빈번한 무의식적 배변 에피소드를 보고하였으며, 이는 환자의 삶의 질과 사회적 기능에 상당한 영향을 미쳤다. 이 증후군에 기여하는 국소 염증 과정이나 구조적 이상을 배제하고 원위 결장직장 부위를 추가적으로 평가하기 위해 침상에서 직장경을 이용한 평가가 수행되었다. 시각화를 통해 직장 점막을 직접 관찰할 수 있었으며, 시야 내에서 명확한 종괴나 큰 궤양은 즉시 확인되지 않았으나 특정 부위는 홍반성이고 취약해 보였다. 무의식적 누출과 의심되는 단백질 소실성 장병증의 병합은 향후 치료적 중재를 효과적으로 안내하고 이 취약한 환자의 추가적인 대사 악화를 방지하기 위해 정확한 진단을 필요로 하므로, 의심스러운 부위에서 생검 샘플을 채취하여 기저 조직병리를 결정하였다."
none,P065,36,stop,"The patient presented with a chronic dermatological condition characterized by persistent nodular prurigo affecting the distal aspects of the upper extremity, causing significant discomfort and sleep disturbance despite topical therapies. Concurrently, the obstetric history revealed a complex pregnancy course marked by episodes of altered uterine contractions that required close monitoring and pharmacological intervention to prevent preterm labor. During the physical examination, multiple excoriated papules and hyperkeratotic nodules were noted on the forearms and hands, consistent with the diagnosis of nodular prurigo, while the abdominal assessment showed no current signs of distress related to the previous altered uterine contractions. The clinical team coordinated care between dermatology and obstetrics to manage the intense pruritus without compromising fetal safety, ensuring that systemic treatments for the upper extremity lesions did not interfere with uterine stability. Follow-up plans include regular skin assessments and continued observation for any recurrence of altered uterine contractions, aiming to improve quality of life while maintaining a healthy pregnancy outcome for both mother and child.","환자는 상지 원위부에 지속성 결절성 가려움증을 동반한 만성 피부 질환으로 내원하였으며, 국소 치료에도 불구하고 심한 불편감과 수면 장애를 호소하였다. 동시에 산과력에서는 조산 방지를 위해 면밀한 모니터링과 약물적 중재를 요하는 비정상 자궁 수축 발작이 특징인 복잡한 임신 경과가 확인되었다. 신체 진찰 결과, 전완부와 손에 다발성 표피 박리성 구진 및 과각화성 결절이 관찰되어 결절성 가려움증 진단과 일치하였으며, 복부 진찰에서는 이전의 비정상 자궁 수축과 관련된 현재의 고통 징후는 나타나지 않았다. 임상팀은 피부과와 산부인과 간의 진료를 조율하여 태아의 안전을 위협하지 않으면서 심한 가려움증을 관리하였고, 상지 병변에 대한 전신 치료가 자궁 안정성을 저해하지 않도록 하였다. 추후 관리 계획에는 정기적인 피부 평가와 비정상 자궁 수축 재발에 대한 지속적 관찰이 포함되어 있으며, 이는 모자 모두의 건강한 임신 결과를 유지하면서 삶의 질을 향상시키는 것을 목표로 한다."
none,P066,40,stop,"The patient presented with a complex history requiring multidisciplinary evaluation and management. Initial imaging revealed a suspicious calcification cluster in the left breast, prompting a referral for a breast stereotactic biopsy to obtain tissue diagnosis. The pathology report confirmed invasive ductal carcinoma, necessitating further assessment of regional lymph nodes. Consequently, the surgical team proceeded with surgical staging to determine the extent of disease spread and guide adjuvant therapy planning. During the preoperative neurological clearance, an incidental finding was noted on the cranial MRI. The scan demonstrated a defect in the skull base with herniation of intracranial contents, consistent with a meningoencephalocele. Although this congenital anomaly was asymptomatic, neurosurgery was consulted to evaluate potential risks associated with the planned oncologic procedures and anesthesia. The care team coordinated closely to ensure that the breast intervention and staging did not compromise neurological stability. Postoperative monitoring included strict observation for any signs of cerebrospinal fluid leak or infection given the underlying cranial defect. The patient tolerated the initial procedures well, and future steps will depend on the final staging results and neurological recommendations regarding the meningoencephalocele management.","환자는 다학적 평가 및 관리가 필요한 복잡한 병력을 보였다. 초기 영상 검사에서 좌측 유방에 의심스러운 석회화 군집이 관찰되어, 조직 진단을 위해 유방 정위생검 의뢰가 이루어졌다. 병리 보고서에서 침습성 관암종이 확인됨에 따라 영역 림프절에 대한 추가 평가가 필요해졌다. 이에 따라 외과 팀은 질환의 전이 범위를 파악하고 보조 요법 계획을 수립하기 위해 수술적 병기 결정을 진행하였다. 수술 전 신경과적 평가 과정에서 두부 MRI에서 우연한 소견이 발견되었다. 해당 영상 검사는 두개저 결손 및 두개내 내용물의 탈출을 보여주었으며, 이는 수막뇌탈출증과 일치하는 소견이었다. 이 선천성 기형은 무증상이었으나, 계획된 종양학적 시술 및 마취와 관련된 잠재적 위험을 평가하기 위해 신경외과에 자문이 요청되었다. 의료진은 유방 중재 및 병기 결정이 신경학적 안정성을 저해하지 않도록 긴밀히 협조하였다. 기저 두개 결손을 고려하여, 수술 후 모니터링에는 뇌척수액 누출 또는 감염의 징후에 대한 엄격한 관찰이 포함되었다. 환자는 초기 시술을 잘 견뎠으며, 향후 치료 방침은 최종 병기 결정 결과와 수막뇌탈출증 관리에 대한 신경외과의 권고 사항에 따라 결정될 것이다."
none,P067,35,stop,"The patient presented for a routine evaluation with a complex medical history requiring careful documentation. She reported a prior attempt at blood donation which was deferred due to incomplete screening criteria, though she remains a potential candidate in the future. Imaging studies conducted during her adolescent years revealed a congenital anomaly described as agenesis of lung, specifically affecting the left upper lobe, yet she has maintained adequate respiratory function through compensatory mechanisms without significant dyspnea on exertion. Recent gynecological screening identified a benign growth noted as papilloma of cerviv during a standard colposcopic examination, prompting a plan for close surveillance rather than immediate excision given its small size and lack of dysplastic features. Her overall health status remains stable despite these distinct conditions spanning multiple organ systems. She denies any current symptoms related to her respiratory or reproductive health and continues to engage in normal daily activities without limitation. Follow-up appointments are scheduled to monitor the stability of the cervical lesion and to reassess her eligibility for future blood donation once all deferral periods have expired and necessary clearances are obtained from her specialists.","환자는 정기 평가를 위해 내원하였으며, 주의 깊은 기록이 필요한 복잡한 병력을 가지고 있었다. 환자는 이전에 헌혈을 시도한 적이 있으나 선별 기준이 충족되지 않아 연기된 바 있으며, 향후 헌혈 후보자가 될 수 있는 가능성은 여전히 남아있다고 보고했다. 청소년기에 시행한 영상 검사에서는 폐 무발생증으로 기술된 선천성 기형이 확인되었으며, 이는 특히 좌상엽에 국한된 소견이었다. 그럼에도 불구하고 환자는 대상 기전을 통해 적절한 호흡 기능을 유지해 왔으며, 운동 시 유의미한 호흡곤란은 없었다. 최근 산부인과 선별 검사에서 표준 질확대경 검사 중 자궁경부 유두종으로 기재된 양성 종양이 발견되었다. 이 종양의 크기가 작고 이형성 소견이 없다는 점을 고려하여 즉각적인 절제 대신 면밀한 추적 관찰 계획이 수립되었다. 여러 장기계통에 걸친 이러한 개별 질환에도 불구하고 환자의 전반적인 건강 상태는 안정적으로 유지되고 있다. 환자는 호흡기 또는 생식기 건강과 관련된 현재 증상이 없다고 부인하며, 제한 없이 정상적인 일상 활동을 계속하고 있다. 자궁경부 병변의 안정성을 모니터링하고, 모든 유예 기간이 만료되고 주치의로부터 필요한 의학적 소견을 확보한 후 향후 헌혈 자격을 재평가하기 위해 추후 진료 예약이 잡혀 있다."
none,P068,35,stop,"The patient presents with a complex medical history involving multiple congenital and hematologic conditions that require coordinated management. Initial evaluation confirmed a diagnosis of orofaciodigital syndrome, characterized by distinct craniofacial anomalies and digital abnormalities noted at birth. Concurrently, the patient exhibits symptoms consistent with intermedia thalassaemia, including moderate anemia and splenomegaly, necessitating regular monitoring of hemoglobin levels and iron status without frequent transfusion dependence. Recent clinical progression included persistent nasal obstruction and recurrent upper respiratory infections, prompting further investigation into the upper airway structures. Consequently, a biopsy of adenoid tissue was performed to rule out lymphoid hyperplasia or other pathological changes contributing to the obstructive symptoms. Histopathological results from the biopsy of adenoid specimens are currently pending, while supportive care continues for both the syndromic features and the hematologic disorder. The care team remains vigilant for potential complications arising from the interaction between these distinct diagnoses, ensuring that therapeutic interventions for one condition do not adversely affect the management of the other. Long-term follow-up plans include genetic counseling and specialized hematology consultations.","환자는 조율된 관리가 필요한 다발성 선천성 및 혈액학적 질환을 포함하는 복잡한 병력을 보인다. 초기 평가에서는 출생 시 관찰된 특징적인 두개안면 기형 및 지골(손가락 및 발가락 뼈) 이상을 특징으로 하는 구안지증후군(orofaciodigital syndrome) 진단이 확인되었다. 동시에 환자는 중간형 지중해빈혈(intermedia thalassaemia)과 일치하는 증상을 보이며, 여기에는 중등도 빈혈 및 비종대(비장 비대)가 포함되어 빈번한 수혈 의존 없이 혈색소 수치 및 철 상태에 대한 정기적인 모니터링이 필요하다. 최근 임상 경과에는 지속적인 비폐쇄 및 재발성 상기도 감염이 포함되었으며, 이로 인해 상기도 구조에 대한 추가 조사가 시행되었다. 그 결과, 폐쇄성 증상에 기여하는 림프구 과형성 또는 기타 병리적 변화를 배제하기 위해 아데노이드 조직 생검이 시행되었다. 아데노이드 검체 생검의 조직병리학적 결과는 현재 대기 중이며, 증후군 관련 특징 및 혈액학적 질환 모두에 대한 대증적 치료는 계속되고 있다. 의료진은 이러한 개별 진단 간의 상호작용으로 인해 발생할 수 있는 잠재적 합병증에 대해 계속 주의를 기울이며, 한 질환에 대한 치료적 중재가 다른 질환의 관리에 악영향을 미치지 않도록 보장하고 있다. 장기적 추적 관리 계획에는 유전 상담 및 전문 혈액학 진료가 포함되어 있다."
none,P069,44,stop,"The patient presented with a complex history involving multiple musculoskeletal and neurological complaints that required careful differentiation during the physical examination. He reported persistent dizziness triggered by specific neck movements, a presentation consistent with cervical vertigo that significantly impacted his daily balance and coordination. Concurrently, he described acute scrotal pain and swelling on the right side, prompting an urgent ultrasound evaluation of the epididymal duct to rule out obstruction or inflammation within the reproductive tract. Furthermore, the patient complained of sharp anterior knee pain exacerbated by stair climbing and squatting, leading to a clinical assessment that confirmed a derangement of patella involving lateral tracking and subtle subluxation. Management plans were developed to address each distinct issue simultaneously, incorporating vestibular rehabilitation exercises for the neck-related dizziness, anti-inflammatory medication for the scrotal discomfort, and targeted physiotherapy to stabilize the kneecap alignment. Follow-up appointments were scheduled to monitor progress across all three conditions, ensuring that interventions for one area did not adversely affect recovery in another while maintaining a holistic approach to his overall physical health and functional mobility.","환자는 근골격계 및 신경학적 주소증이 다수 포함된 복잡한 병력을 보였으며, 이는 신체 검사 시 주의 깊은 감별이 필요했다. 환자는 특정 목 움직임에 의해 유발되는 지속적인 어지럼증을 호소하였는데, 이는 경추성 어지럼증과 일치하는 양상으로 일상적인 균형 및 협응력에 상당한 영향을 미쳤다. 동시에 환자는 우측의 급성 음낭 통증 및 부종을 호소하여, 생식기관 내 폐쇄 또는 염증을 배제하기 위해 부고환관에 대한 긴급 초음파 평가를 시행하게 되었다. 또한, 환자는 계단 오르기 및 쪼그려 앉기 시 악화되는 날카로운 슬개 전방 통증을 호소하였으며, 이로 인해 시행한 임상 평가에서 외측 추적 및 미세한 아탈구를 동반하는 슬개골의 정렬 이상을 확인하였다. 각각의 개별적인 문제를 동시에 해결하기 위한 치료 계획이 수립되었으며, 목 관련 어지럼증에 대한 전정 재활 운동, 음낭 불편감에 대한 항염증 약물 치료, 슬개골 정렬을 안정화하기 위한 목적적 물리치료가 포함되었다. 세 가지 질환 모두의 경과를 모니터링하기 위한 추후 진료가 예약되었고, 전반적인 신체 건강과 기능적 이동성을 유지하는 전인적 접근 방식을 토대로 한 부위에 대한 중재가 다른 부위의 회복에 부정적인 영향을 미치지 않도록 보장하였다."
none,P070,50,stop,"The patient presented with a complex history involving multiple distinct pathological conditions requiring specialized surgical intervention. Initial evaluation revealed severe onychocryptosis affecting the left hallux, characterized by significant inflammation and granulation tissue formation along the lateral nail fold. To address this chronic ingrown toenail, a positioned flap was meticulously designed and executed to cover the defect following partial matrixectomy, ensuring adequate soft tissue coverage and promoting optimal healing without tension. Concurrently, the patient reported persistent otalgia and postauricular swelling, prompting urgent imaging studies that demonstrated extensive bone erosion and fluid accumulation consistent with coalescent mastoiditis. This serious infection of the mastoid air cells necessitated immediate broad-spectrum intravenous antibiotic therapy and consultation with otolaryngology for potential surgical drainage. The care plan prioritizes stabilizing the acute infectious process in the temporal bone while monitoring the healing trajectory of the foot surgery. Nursing staff will perform daily wound assessments on both sites, watching for signs of dehiscence or spreading infection. Coordination between podiatry and ENT teams remains essential to manage these concurrent issues effectively and prevent systemic complications during the extended recovery period ahead.","환자는 전문적 수술적 중재가 필요한 여러 별개의 병리적 상태를 포함하는 복잡한 병력을 보였다. 초기 평가에서 좌측 엄지발가락에 심한 감입족갑(파내성 발톱)이 확인되었으며, 측방 발톱주름을 따라 현저한 염증과 육아조직 형성이 특징적으로 나타났다. 이 만성적인 감입족갑을 치료하기 위해 부분 발톱모절제술 후 결손 부위를 덮기 위해 위치 피판(positional flap)을 정밀하게 설계하고 시행하여, 충분한 연조직 피복을 확보하고 장력 없이 최적의 치유를 촉진하였다. 동시에 환자는 지속적인 이통과 이후부 종창을 호소하여 긴급 영상 검사를 시행하였고, 그 결과 융합성 유돌염과 일치하는 광범위한 골 침식과 액체 축적이 확인되었다. 유돌봉소의 이 중대한 감염은 즉각적인 광범위 정맥 항생제 요법과 잠재적 수술적 배액을 위한 이비인후과 협진을 필요로 하였다. 치료 계획은 족부 수술의 치유 경과를 모니터링하는 동시에 측두골의 급성 감염 과정을 안정화시키는 것을 우선으로 한다. 간호 인력은 두 부위 모두에 대해 매일 상처 평가를 수행하며, 창상 벌어짐(열개)이나 감염 확산의 징후가 있는지 주시할 것이다. 족부의학과와 이비인후과 팀 간의 조율은 이러한 동반 문제를 효과적으로 관리하고 앞으로의 긴 회복 기간 동안 전신적 합병증을 예방하는 데 필수적이다."
none,P071,36,stop,"The patient presented with severe, chronic itching and multiple excoriated lesions on the extensor surfaces of the limbs, consistent with a diagnosis of nodular prurigo. Despite aggressive topical steroid therapy and antihistamines, the pruritus remained intractable, significantly impacting sleep quality and daily function. To prevent further self-inflicted trauma during sleep, a soft retaining harness was fitted to limit access to the affected areas while allowing necessary movement. The medical history revealed a recent freshwater exposure incident during a swimming trip, raising theoretical concerns about rare pathogens such as naegleria fowleri, although no neurological symptoms like headache or fever were currently present to suggest meningoencephalitis. Routine screening for central nervous system involvement was deemed precautionary given the lack of specific signs, yet the exposure history warranted documentation. The care plan focuses on breaking the itch-scratch cycle through behavioral modification and the continued use of the retaining harness at night. Follow-up appointments are scheduled to monitor lesion healing and assess the need for systemic immunomodulators if the nodular prurigo fails to respond to current conservative measures.","환자는 사지 신전면에 발생한 중증의 만성 가려움증과 다발성 표피박탈 병변을 주소로 내원하였으며, 이는 결절성 가려움증(nodular prurigo) 진단과 일치하는 소견이었다. 강력한 국소 스테로이드 치료와 항히스타민제제에도 불구하고 가려움증은 난치성으로 지속되어 수면의 질과 일상 기능에 상당한 영향을 미쳤다. 수면 중 자가 손상을 방지하기 위해, 필요한 움직임은 허용하면서도 환부 접근을 제한하도록 부드러운 보호대(retaining harness)를 착용시켰다. 병력상 최근 수영 여행 중 담수 노출 사건이 확인되어 네글레리아 파울레리(Naegleria fowleri)와 같은 희귀 병원체에 대한 이론적 우려가 제기되었으나, 뇌수막염을 시사하는 두통이나 발열 등의 신경학적 증상은 현재 관찰되지 않았다. 특이 징후가 없어 중추신경계 침범에 대한 일상적 선별 검사는 예방적 조치로 간주되었으나, 노출 병력은 기록해 두어야 할 필요가 있었다. 간호 계획은 행동 수정과 야간 보호대 지속 착용을 통해 가려움-긁기 악순환을 끊는 데 중점을 둔다. 결절성 가려움증이 현재의 보존적 치료에 반응하지 않을 경우 전신 면역조절제의 필요성을 평가하고 병변 치유를 모니터링하기 위해 추후 진료 일정이 예약되어 있다."
none,P072,43,stop,"The patient presented with a complex history involving chronic abdominal pain and systemic muscular weakness, prompting a multidisciplinary evaluation. Initial imaging suggested an inflamed Meckel's diverticulum, which ultimately required a meckel's diverticulectomy to prevent further complications such as obstruction or perforation. During the preoperative assessment, the medical team noted significant muscle stiffness and delayed relaxation after contraction, raising suspicion for underlying myotonic disorders. Genetic testing was ordered to confirm this diagnosis, as these conditions can complicate surgical recovery and anesthesia management. Postoperatively, the patient developed unexpected inflammation in the gluteal region, clinically identified as glutitis, likely secondary to prolonged immobilization during the procedure or an adverse reaction to intramuscular medications administered perioperatively. Physical therapy was initiated to address both the muscular symptoms associated with the suspected myotonic disorders and the localized pain from glutitis. The surgical site healed without infection, but the systemic issues require long-term monitoring by neurology and rheumatology specialists. Coordination between these services is essential to manage the overlapping symptoms and ensure comprehensive care for this challenging case involving multiple distinct pathologies.","환자는 만성 복통 및 전신 근육 무력증을 포함하는 복잡한 병력을 보였으며, 이로 인해 다학제 진료가 진행되었다. 초기 영상 검사에서 염증이 동반된 메켈 게실(Meckel's diverticulum)이 의심되었고, 궁극적으로 폐쇄나 천공과 같은 추가적인 합병증을 예방하기 위해 메켈 게실절제술이 필요했다. 수술 전 평가에서 의료진은 유의미한 근육 강직과 수축 후 지연된 이완을 확인하여 기저 징후성 질환인 근긴장성 질환(myotonic disorders)을 의심했다. 이러한 질환은 수술 후 회복 및 마취 관리를 복잡하게 만들 수 있으므로, 진단을 확정하기 위해 유전자 검사가 의뢰되었다. 수술 후 환자는 둔부에 예기치 않은 염증이 발생했으며, 임상적으로는 둔근염(glutitis)으로 확인되었다. 이는 시술 중 장기간 거동 제한으로 인해 속발했거나 수술 전후에 투여된 근육 주사 약물에 대한 이상 반응일 가능성이 높은 것으로 추정되었다. 의심되는 근긴장성 질환과 관련된 근육 증상 및 둔근염으로 인한 국소 통증을 모두 해결하기 위해 물리치료가 시작되었다. 수술 부위는 감염 없이 치유되었으나, 전신적 문제는 신경과 및 류마티스 전문의의 장기적인 추적 관찰이 필요하다. 중복되는 증상을 관리하고 여러 별개의 병리를 포함하는 이러한 난치성 사례에 대해 포괄적인 진료를 보장하기 위해 각 진료과 간의 긴밀한 협진이 필수적이다."
none,P073,32,stop,"The patient is a young adult presenting for evaluation of persistent epiphora and recurrent dacryocystitis despite prior surgical intervention. History reveals symptoms first noted during school childhood, characterized by chronic tearing and occasional purulent discharge that significantly impacted daily activities and social interactions. Previous records indicate an initial external dacryocystorhinostomy performed several years ago, which ultimately failed to maintain patency of the nasolacrimal duct. Consequently, the decision was made to proceed with an endoscopic revision dacryocystorhinostomy to address the obstruction and restore adequate drainage. During the preoperative psychological assessment, the patient disclosed a history of mysophilia, noting that this specific behavioral pattern had occasionally complicated hygiene practices around the medial canthus in the past. The surgical team reviewed these details to ensure appropriate perioperative management and counseling. The procedure was scheduled without delay, aiming to correct the anatomical blockage while considering the unique behavioral factors noted in the chart. Postoperative plans include strict hygiene protocols and close monitoring to prevent infection and ensure successful healing of the newly created ostium within the nasal cavity.","환자는 이전 수술적 중재에도 불구하고 지속되는 눈물흘림과 재발성 누낭염 평가를 위해 내원한 청년이다. 병력상 학동기에 처음 증상이 발견되었으며, 만성적인 눈물흘림과 간헐적인 놱성 분비물이 일상생활과 대인관계에 상당한 지장을 초래한 것으로 나타났다. 이전 기록에 따르면 수년 전에 초기 외부 누낭비연결술이 시행되었으나, 궁극적으로 비루관의 개방성을 유지하는 데 실패한 것으로 확인되었다. 따라서 폐쇄를 해결하고 적절한 배액을 회복하기 위해 내시경적 교정 누낭비연결술을 시행하기로 결정되었다. 수술 전 심리 평가에서 환자는 오염성애증의 병력을 공개하며, 이러한 특정 행동 양식이 과거에 내자(內眥) 주변의 위생 관리를 종종 복잡하게 만들었다고 언급하였다. 수술 팀은 적절한 수술 전후 관리 및 상담을 보장하기 위해 이러한 세부 사항을 검토하였다. 차트에 기록된 특수한 행동 요인을 고려하면서 해부학적 폐쇄를 교정하는 것을 목표로 수술이 지체 없이 예약되었다. 수술 후 계획에는 감염을 예방하고 비강 내 새로 생성된 개구부의 성공적인 치유를 보장하기 위한 엄격한 위생 규정과 면밀한 모니터링이 포함된다."
none,P074,37,stop,"The patient presented for a routine obstetric evaluation at thirty-four weeks gestation with concerns regarding fetal growth restriction. Ultrasound imaging revealed significant anomalies, most notably the complete absence of muscle tissue in the lower extremities, suggesting a severe congenital myopathy. Maternal weight assessment indicated a dry weight of fifty-eight kilograms, which remained unchanged from the previous visit despite reported increased fluid intake. Further placental examination via high-resolution sonography identified a rare bidiscoidal placenta configuration, characterized by two distinct lobes connected by vascular bridges without intervening parenchyma. This structural abnormality appeared to compromise overall nutrient exchange efficiency, potentially contributing to the observed intrauterine growth delay. The clinical team discussed the implications of these findings, emphasizing the need for close monitoring of fetal well-being and maternal hemodynamic status. No signs of acute distress were noted during the examination, though the combination of musculoskeletal deficits and placental morphology warranted immediate referral to a specialized perinatal center for advanced genetic counseling and potential delivery planning. Continuous surveillance will be essential to manage risks associated with this complex presentation.","환자는 임신 34주에 태아 성장 제한에 대한 우려로 정기 산과 평가를 위해 내원하였다. 초음파 검사에서 중요한 이상 소견이 확인되었으며, 가장 두드러진 소견은 하지의 근육 조직이 완전히 없는 것으로, 중증 선천성 근병증을 시사하였다. 산모 체중 평가 결과 건체중(dry weight)은 58kg으로 나타났으며, 보고된 수분 섭취량 증가에도 불구하고 이전 방문 시와 변동이 없었다. 고해상도 초음파를 통한 추가 태반 검사에서 혈관 다리(vascular bridge)로 연결되고 그 사이에 실질(parenchyma)은 존재하지 않는 두 개의 명확한 엽(lobe)을 특징으로 하는 희귀한 양엽성(bidiscoidal) 태반 구조가 확인되었다. 이러한 구조적 이상이 전반적인 영양분 교환 효율을 저하시켜 관찰된 자궁 내 성장 지연의 원인이 될 가능성이 있었다. 임상 팀은 이러한 소견들의 의미를 논의하며 태아 안녕 상태와 산모 혈역학적 상태에 대한 면밀한 모니터링의 필요성을 강조하였다. 검사 중 급성 고통(distress)의 징후는 관찰되지 않았으나, 근골격계 결손과 태반 형태의 복합적 상황을 고려하여 고도 유전 상담 및 분만 계획 수립을 위해 전문 주산기 센터로의 즉각적인 의뢰가 필요하였다. 이러한 복합적 증례와 관련된 위험을 관리하기 위해서는 지속적인 관찰이 필수적이다."
none,P075,53,stop,"The patient presented with severe neurological decline and visual disturbances following recent travel to endemic regions. Initial imaging suggested widespread inflammation, leading to a confirmed diagnosis of cryptococcal meningocerebritis that required immediate antifungal therapy. Concurrently, the ophthalmology team noted significant corneal changes consistent with neurotrophic keratopathy, likely secondary to cranial nerve involvement from the central infection. This ocular complication necessitated aggressive lubrication and protective measures to prevent corneal perforation. Further laboratory workup revealed eosinophilia and specific serological markers indicating a co-infection with blood fluke, complicating the overall clinical picture. The presence of this parasitic organism required the addition of praziquantel to the treatment regimen while carefully monitoring for potential drug interactions with the antifungal agents. The patient remained in isolation during the initial phase of care to manage infection control protocols effectively. Multidisciplinary coordination between infectious disease, neurology, and ophthalmology specialists was essential to address the complex triad of conditions affecting the central nervous system, the eyes, and the vascular system simultaneously. Ongoing monitoring focused on reducing intracranial pressure and preserving visual acuity amidst the systemic inflammatory response.","최근 풍토병 유행 지역으로의 여행 이후 심한 신경학적 악화 및 시각 장애를 보이며 내원하였다. 초기 영상 검사에서 광범위한 염증 소견이 관찰되어 즉각적인 항진균 치료를 요하는 크립토코커스 뇌수막뇌염으로 확진되었다. 이와 동시에 안과 팀은 중추신경계 감염으로 인한 뇌신경 침범과 연관된 것으로 추정되는 신경영양성 각막병증과 일치하는 유의미한 각막 변화를 확인하였다. 이 안과적 합병증은 각막 천공을 예방하기 위해 적극적인 윤활 요법 및 보호 조치를 필요로 하였다. 추가적인 검사실 검사에서 호산구 증가증 및 혈흡충 동반 감염을 시사하는 특정 혈청학적 표지자가 확인되어 전반적인 임상 양상이 복잡해졌다. 이 기생충의 존재로 인해 치료 요법에 프라지콴텔을 추가해야 했으며, 항진균제와의 잠재적 약물 상호작용에 대한 면밀한 모니터링이 필요하였다. 환자는 감염 관리 프로토콜을 효과적으로 관리하기 위해 초기 치료 단계 동안 격리 상태를 유지하였다. 중추신경계, 눈, 혈관계에 동시에 영향을 미치는 이 복잡한 세 질환을 해결하기 위해 감염내과, 신경과, 안과 전문의 간의 다학제적 협진이 필수적이었다. 지속적인 모니터링은 전신 염증 반응 속에서 뇌압을 낮추고 시력을 보존하는 데 중점을 두었다."
none,P076,42,stop,"The patient presented with chronic diarrhea and significant hypoalbuminemia, raising strong suspicion for protein-losing enteropathy as the primary underlying etiology. Extensive gastrointestinal workup included advanced cross-sectional imaging to evaluate structural anomalies within the mesentery and bowel loops. Radiological review identified a distinct paraduodenal fold near the ligament of Treitz, which appeared to create a potential space for internal herniation, although no acute obstruction was currently evident. This anatomical finding was carefully documented given its rarity and potential contribution to intermittent symptoms. The patient's surgical history is notable for orthognathic surgery performed three years prior to address severe mandibular retrognathia, a procedure that proceeded without complication and remains unrelated to the current gastrointestinal complaints. Despite the remote nature of the facial reconstruction, the comprehensive history ensures no confounding factors are overlooked in the differential diagnosis. Management plans now focus on confirming the diagnosis of protein-losing enteropathy through alpha-1 antitrypsin clearance studies while monitoring the paraduodenal fold for any signs of progression or complication. Nutritional support has been initiated to address profound protein deficits while further diagnostic evaluations are pending to determine the precise mechanism of loss.","환자는 만성 설사와 유의의 저알부민혈증을 보여 단백 소실성 장병증이 주요 기저 병인일 가능성이 매우 높은 것으로 의심되었다. 광범위한 위장관 검사에는 장간막 및 장관 내의 구조적 이상을 평가하기 위한 고급 단층 촬영이 포함되었다. 방사선학적 검토 결과 트라이츠 인대(Treitz ligament) 부근에 뚜렷한 십이지장곁 주름(paraduodenal fold)이 확인되었으며, 이로 인해 내부 탈장이 발생할 수 있는 잠재적 공간이 형성된 것으로 보였으나 현재 뚜렷한 급성 폐쇄 소견은 없었다. 이 해부학적 소견은 그 희귀성과 간헐적 증상에 대한 잠재적 기여 가능성을 고려하여 주의 깊게 문서화되었다. 환자의 수술 병력에서 주목할 점은 3년 전 심한 하악 후퇴증을 교정하기 위해 악교정술을 받았다는 것이며, 이 수술은 합병증 없이 진행되었고 현재의 위장관 증상과는 무관하다. 안면 재건술이 오래전에 시행된 것이긴 하나, 포괄적인 병력 확인을 통해 감별 진단 과정에서 혼란을 일으킬 수 있는 요인이 간과되지 않도록 하였다. 현재 치료 계획은 알파-1 안티트립신 청소율 검사를 통해 단백 소실성 장병증 진단을 확정하는 동시에, 십이지장곁 주름의 진행 또는 합병증 발생 징후가 있는지 모니터링하는 데 중점을 두고 있다. 단백질 소실의 정확한 기전을 규명하기 위한 추가 진단 평가가 진행 중인 상태에서, 심각한 단백질 결핍을 교정하기 위해 영양 지원이 시작되었다."
none,P077,37,stop,"The patient presented with a complex history involving multiple systemic and neurological complaints that required careful differentiation during the evaluation. Initial assessment revealed significant joint pain consistent with urarthritis, particularly affecting the lower extremities and causing notable mobility restrictions. Concurrently, the patient demonstrated profound behavioral inertia, refusing to initiate movement or engage in basic self-care tasks without extensive prompting from nursing staff. This lack of voluntary action complicated the physical examination and delayed necessary diagnostic imaging. Subsequent magnetic resonance imaging of the brain identified structural abnormalities characteristic of hippocampal sclerosis, providing a potential explanation for the observed cognitive decline and memory deficits. The coexistence of urarthritis and central nervous system pathology created a challenging clinical picture, as the physical discomfort from joint inflammation likely exacerbated the psychological inertia. Treatment planning now requires a multidisciplinary approach to address both the inflammatory joint disease and the underlying neurodegenerative changes. Careful monitoring is essential to ensure that interventions for one condition do not adversely affect the other, especially given the patient's limited ability to communicate symptoms due to severe inertia.","환자는 평가 과정에서 주의 깊은 감별이 필요한 다발성 전신 및 신경학적 증상을 동반한 복잡한 병력을 보였다. 초기 평가 결과, 통풍성 관절염과 일치하는 유의미한 관절 통증이 확인되었으며, 특히 하지에 영향을 미쳐 뚜렷한 이동 제한을 초래했다. 동시에 환자는 심각한 행동 무동증을 보였으며, 간호 직원의 지속적인 촉구 없이는 스스로 움직이려 하거나 기본적인 자기 간호 활동에 참여하는 것을 거부했다. 이러한 자발적 행동의 부재는 신체 검사를 복잡하게 만들었고 필요한 진단 영상 검사를 지연시켰다. 이후 뇌 자기공명영상(MRI)에서 해마 경화증의 특징인 구조적 이상 소견이 확인되어, 관찰된 인지 저하 및 기억력 결손에 대한 잠재적 설명을 제공했다. 통풍성 관절염과 중추신경계 병리의 동반 존재는 하나의 도전적인 임상 양상을 형성했는데, 이는 관절 염증으로 인한 신체적 불편감이 심리적 무동증을 악화시켰을 가능성이 있기 때문이다. 현재 치료 계획에는 염증성 관절 질환과 기저 신경퇴행성 변화를 모두 해결하기 위해 다학제적 접근이 필요하다. 특히 환자의 심각한 무동증으로 인한 증상 전달 능력의 제한을 고려할 때, 한 질환에 대한 중재가 다른 질환에 악영향을 미치지 않도록 보장하기 위해 면밀한 모니터링이 필수적이다."
none,P078,34,stop,"The patient presented with a history of hapgok that has persisted since early childhood, complicating the overall clinical picture. Upon examination, the right eye demonstrated significant refractive error compared to the left, leading to a diagnosis of anisometropic amblyopia that required immediate intervention. We initiated a treatment plan involving occlusion therapy alongside corrective lenses to address the visual disparity. During the procedural assessment, we utilized a device capable of generating negative pressure to ensure proper fit and stability of the therapeutic contact lenses. The application of negative pressure was carefully monitored to avoid any corneal compromise while maintaining optimal lens positioning. Despite the challenges posed by the underlying hapgok, the patient showed gradual improvement in visual acuity over several weeks. Continued follow-up is essential to monitor the progression of anisometropic amblyopia and adjust the therapeutic approach as needed. The integration of these specific techniques aims to maximize visual potential while managing the complex anatomical factors present in this case. Further evaluation will determine if additional interventions are necessary to sustain the gains achieved through the current regimen.","환자는 소아기 초기부터 지속된 합곡 병력을 보였으며, 이는 전반적인 임상 양상을 복잡하게 만들었다. 검사 결과, 우안은 좌안에 비해 유의한 굴절 부정을 보여 즉각적인 중재가 필요한 부동시 약시 진단을 받았다. 시력 차이를 교정하기 위해 교정 렌즈와 병행한 차폐 요법을 포함한 치료 계획을 시작하였다. 시술 평가 중, 치료용 콘택트렌즈의 적절한 피팅과 안정성을 확보하기 위해 음압을 발생시킬 수 있는 기기를 사용하였다. 최적의 렌즈 위치를 유지하면서 각막 손상을 방지하기 위해 음압 적용을 주의 깊게 모니터링하였다. 기저 합곡으로 인한 어려움에도 불구하고, 환자는 수주에 걸쳐 시력의 점진적 호전을 보였다. 부동시 약시의 진행을 모니터링하고 필요에 따라 치료 접근법을 조정하기 위해 지속적인 추적 관찰이 필수적이다. 이러한 특정 기법의 통합적 적용은 본 사례에 존재하는 복잡한 해부학적 요인을 관리하면서 시력 잠재력을 극대화하는 것을 목표로 한다. 추가 평가를 통해 현재 치료 요법으로 얻은 호전을 유지하기 위해 추가 중재가 필요한지 결정할 것이다."
none,P079,49,stop,"The patient presents with a complex clinical picture requiring multidisciplinary management. Initial evaluation confirmed a diagnosis of genuine diabetes, characterized by persistent hyperglycemia and insulin resistance despite aggressive lifestyle modifications. Concurrent abdominal imaging revealed an unusual epiplocele, where omental tissue herniated through a defect in the abdominal wall, causing intermittent discomfort but no signs of acute obstruction. Further renal ultrasound examination identified significant structural anomalies consistent with multicystic renal dysplasia, showing multiple non-communicating cysts replacing normal parenchyma in the left kidney. The presence of genuine diabetes complicates the overall metabolic status, necessitating careful monitoring of renal function given the underlying multicystic renal dysplasia. Surgical consultation was obtained for the epiplocele to determine the feasibility of repair without compromising abdominal integrity. Management plans prioritize glycemic control to slow potential progression of renal issues while observing the epiplocele for any changes in size or symptomatology. The coexistence of genuine diabetes, epiplocele, and multicystic renal dysplasia presents a unique challenge, requiring coordinated care between endocrinology, nephrology, and general surgery teams to optimize long-term outcomes and prevent further complications associated with these distinct yet concurrent conditions affecting the patient.","환자는 다학제 관리가 필요한 복잡한 임상 양상을 보이고 있다. 초기 평가에서 진성 당뇨병 진단이 확인되었으며, 이는 적극적인 생활습관 교정에도 불구하고 지속적인 고혈당과 인슐린 저항성을 특징으로 한다. 동시에 시행한 복부 영상 검사에서 비정상적인 대망탈출증(epiplocele)이 확인되었는데, 이는 대망 조직이 복벽 결손을 통해 탈장된 것으로 간헐적 불편감을 유발하였으나 급성 폐쇄의 징후는 없었다. 추가적인 신장 초음파 검사에서 다낭성 신장 이형성증과 일치하는 유의미한 구조적 이상이 확인되었으며, 이는 좌측 신장의 정상 실질을 대체하는 다발성 비교통성 낭종을 보였다. 진성 당뇨병의 존재는 전반적인 대사 상태를 복잡하게 만들며, 기저에 다낭성 신장 이형성증이 있어 신기능을 주의 깊게 모니터링해야 한다. 복부의 온전성을 훼손하지 않고 복원의 가능성을 결정하기 위해 대망탈출증에 대해 외과적 자문이 이루어졌다. 치료 계획은 잠재적인 신장 문제의 진행을 늦추기 위해 혈당 조절을 최우선으로 하면서, 대망탈출증의 크기나 증상 변화를 관찰하는 데 중점을 둔다. 진성 당뇨병, 대망탈출증, 다낭성 신장 이형성증의 동반은 환자에게 영향을 미치는 이러한 개별적이면서도 동반된 질환과 관련된 독특한 도전 과제를 제시하며, 장기적 치료 결과를 최적화하고 추가 합병증을 예방하기 위해 내분비내과, 신장내과 및 일반외과 팀 간의 조율된 진료를 요구한다."
none,P080,41,stop,"The patient presented with a complex neurological profile requiring careful evaluation of the neurocanal dimensions via advanced imaging. Initial assessment revealed an unusual pattern of superexcitation within the central nervous system, manifesting as heightened reflexive responses to minimal external triggers. This state appeared directly linked to an abnormal processing of any exteroceptive stimulus, causing disproportionate motor output and sensory distress. During the physical examination, palpation near the cervical region suggested potential compression affecting the neurocanal, which may contribute to the observed hyperexcitability. The clinical team noted that even a mild exteroceptive stimulus, such as light touch or ambient sound, precipitated episodes of superexcitation that disrupted normal physiological regulation. Further diagnostic workup is planned to correlate these findings with structural anomalies inside the neurocanal and to determine whether targeted intervention can mitigate the excessive neural firing. Management strategies will focus on reducing sensitivity to external inputs while monitoring for changes in the superexcitation patterns over time. Close observation remains essential to ensure patient safety and to guide therapeutic adjustments based on response to the exteroceptive stimulus challenges encountered during daily activities.","환자는 고도 영상 검사를 통한 신경관(neurocanal) 내경에 대한 면밀한 평가가 필요한 복합적인 신경학적 양상을 보였다. 초기 평가 결과 중추신경계 내 비정상적 과흥분 패턴이 확인되었으며, 이는 미미한 외부 자극에 대해서도 반사 반응이 과도하게 항진되는 형태로 나타났다. 이러한 상태는 외수용성 자극(exteroceptive stimulus)에 대한 비정상적 처리와 직접적으로 연관된 것으로 보이며, 이로 인해 운동 출력의 불균형 및 감각적 고통이 유발되었다. 신체 검진 시 경추 부위 근처의 촉진에서는 신경관에 영향을 미칠 수 있는 잠재적 압박 소견이 확인되었으며, 이것이 관찰된 과흥분성에 기여할 수 있다. 임상팀은 가벼운 접촉이나 주변 소음과 같은 경미한 외수용성 자극조차도 정상적인 생리적 조절을 방해하는 과흥분 발작을 유발한다는 점을 확인하였다. 이러한 소견을 신경관 내부의 구조적 이상과 연관 짓고, 표적 치료가 과도한 신경 발사를 완화할 수 있는지 확인하기 위해 추가 진단 검사가 계획되어 있다. 치료 전략은 외부 자극에 대한 민감도를 감소시키는 데 중점을 두고, 시간 경과에 따른 과흥분 패턴의 변화를 모니터링할 것이다. 환자의 안전을 보장하고 일상생활 중에 겪는 외수용성 자극에 대한 반응을 바탕으로 치료 조정을 안내하기 위해 면밀한 관찰이 필수적으로 유지되어야 한다."
none,P081,37,stop,"The patient presented with persistent topalgia localized to the right lower extremity, which significantly limited ambulation and required immediate analgesic intervention. During the initial physical examination, the range of motion was notably restricted, particularly during attempts at plantar flexion, suggesting potential tendon involvement or soft tissue injury near the ankle joint. Given the history of chronic anemia and recent surgical procedures, the medical team ordered comprehensive transfusion tests to evaluate compatibility and assess hemoglobin levels before considering any blood product administration. The results of these transfusion tests indicated no immediate contraindications, allowing for careful monitoring while addressing the underlying pain syndrome. Physical therapy was initiated to gently improve plantar flexion without exacerbating the topalgia, focusing on gradual stretching and strengthening exercises. The care plan emphasizes a multidisciplinary approach to manage both the acute discomfort and the hematological concerns effectively. Continuous evaluation will determine if further diagnostic imaging is necessary to rule out structural damage contributing to the limited plantar flexion and persistent topalgia. All interventions remain contingent upon the final review of the transfusion tests and the patient's response to current conservative measures.","환자는 우측 하지에 국한된 지속적인 국소 통증을 주소로 내원하였으며, 이로 인해 보행이 현저히 제한되어 즉각적인 진통 중재가 필요했다. 초기 신체 검진에서 관절 가동 범위가 뚜렷하게 제한되어 있었고, 특히 족저 굴골 시도 시 두드러져 이는 건의 침범 또는 발목 관절 인근의 연조직 손상 가능성을 시사했다. 만성 빈혈 병력과 최근의 수술을 고려하여, 의료진은 수혈 전 혈액 제제 투여를 고려하기 전에 적합성을 평가하고 헤모글로빈 수치를 확인하기 위해 포괄적인 수혈 검사를 의뢰했다. 이 수혈 검사 결과 즉각적인 금기증이 없는 것으로 나타나, 근본적인 통증 증후군을 치료하는 동안 주의 깊게 모니터링할 수 있게 되었다. 국소 통증을 악화시키지 않고 족저 굴골을 부드럽게 개선하기 위해 물리치료가 시작되었으며, 점진적인 스트레칭 및 근력 강화 운동에 중점을 두었다. 간호 계획은 급성 불편감과 혈액학적 우려 사항을 모두 효과적으로 관리하기 위해 다학제 접근을 강조한다. 지속적인 평가를 통해 제한된 족저 굴골 및 지속적인 국소 통증을 유발하는 구조적 손상을 배제하기 위해 추가적인 진단 영상 검사가 필요한지 결정할 것이다. 모든 중재는 수혈 검사에 대한 최종 검토 결과와 현재 보존적 조치에 대한 환자의 반응에 따라 결정된다."
none,P082,39,stop,"The patient presented for a specialized otologic evaluation requiring detailed imaging of the temporal bone structure. The procedure commenced with an endaural approach to ensure minimal disruption to the surrounding auricular anatomy while providing direct access to the external auditory canal. During the setup, the radiology team positioned the rotalix tube with precise angulation to capture high-resolution cross-sectional views of the ossicular chain and mastoid air cells. This specific configuration allowed for optimal visualization of potential cholesteatoma or chronic inflammatory changes without superimposition of adjacent bony landmarks. To further assess vestibular function concurrently, a reciprocal shaker was applied to the mastoid process to deliver controlled vibratory stimuli. This device facilitated the measurement of ocular reflexes and helped differentiate between peripheral and central causes of the patient's reported vertigo. The combination of these techniques provided a comprehensive diagnostic picture, revealing subtle erosions near the scutum that were not evident on standard audiometry. Throughout the examination, the patient tolerated the maneuvers well, reporting only mild discomfort during the vibratory testing phase. The findings will guide the subsequent surgical planning and determine the necessity for immediate intervention versus conservative management strategies in the coming weeks.","환자는 측두골 구조의 상세한 영상 검사가 필요한 전문 이과 평가를 위해 내원하였다. 외이도에 직접적인 접근을 제공하면서도 주변 이개 해부학적 구조에 대한 손상을 최소화하기 위해 이내(耳內) 접근법으로 시술을 시작하였다. 준비 과정에서 방사선 팀은 이소골 연쇄와 유돌기 기방세포(공기세포)의 고해상도 단면상을 얻기 위해 회전관(rotalix tube)을 정확한 각도로 배치하였다. 이 특정 설정은 인접한 골 구조물의 중첩 없이 잠재적 콜레스테아톰이나 만성 염증성 변화를 최적으로 시각화할 수 있게 하였다. 전정 기능을 동시에 추가 평가하기 위해 유돌기에 상호 진동기(reciprocal shaker)를 적용하여 조절된 진동 자극을 전달하였다. 이 기기는 안구 반사 측정을 용이하게 하여 환자가 호소한 어지럼증의 말초성 원인과 중추성 원인을 감별하는 데 도움을 주었다. 이러한 기법의 결합은 포괄적인 진단적 정보를 제공하여 표준 청력 검사에서는 명확히 보이지 않았던 골반(scutum) 인근의 미세한 침식을 드러냈다. 검사 내내 환자는 시술을 잘 견뎠으며, 진동 검사 단계 동안 경미한 불편감만을 호소하였다. 이 소견들은 향후 수술 계획을 안내하고 앞으로 몇 주 내에 즉각적 중재의 필요성과 보존적 치료 전략 중 어느 것을 결정할 것인지 판단하는 데 활용될 것이다."
none,P083,46,stop,"The patient presented with severe rectal discomfort and a complex history of genetic research involvement. During the physical examination, a proctoscope was carefully inserted to visualize the distal rectum and anal canal, revealing significant inflammation and minor bleeding. While the gastrointestinal symptoms were the primary complaint, the patient's medical record noted an experimental therapy involving a hammerhead ribozyme designed to target specific viral RNA sequences, although its efficacy in this context remains under investigation. Concurrently, the cardiology team performed hemodynamometry to assess intracardiac pressures and vascular resistance, suspecting a systemic link between the chronic inflammation and subtle cardiovascular changes. The data from the hemodynamometry indicated stable but elevated filling pressures, warranting close monitoring. The findings from the proctoscope suggested acute proctitis, requiring immediate topical treatment. Discussion regarding the hammerhead ribozyme continued among the research specialists, as no direct correlation with the current gastrointestinal distress could be established yet. The care plan includes follow-up imaging and repeated hemodynamometry if symptoms persist, ensuring a comprehensive approach to both the localized rectal issue and the broader systemic considerations noted in this complex case presentation.","환자는 심한 직장 불편감과 유전학 연구 참여와 관련된 복잡한 병력을 보였다. 신체 검사 시 원격 직장과 항문관을 관찰하기 위해 직장경을 조심스럽게 삽입한 결과, 현저한 염증과 경미한 출혈이 확인되었다. 위장관 증상이 주호소였으나, 환자의 의무기록에는 특정 바이러스 RNA 서열을 표적으로 하는 해머헤드 리보자임을 활용한 실험적 치료가 기재되어 있었으며, 이 맥락에서의 치료 효능은 여전히 조사 중인 상태이다. 이와 동시에 심장내과 팀은 만성 염증과 미세한 심혈관 변화 사이의 전신적 연관성을 의심하여 심장내 압력과 혈관 저항을 평가하기 위해 혈류역학검사를 시행했다. 혈류역학검사 데이터는 안정적이지만 승압된 충만압을 나타내어 면밀한 모니터링이 필요했다. 직장경 검사 소견은 급성 직장염을 시사하여 즉각적인 국소 치료가 필요했다. 현재의 위장관 불편과 직접적인 상관관계를 아직 확립할 수 없었기 때문에, 해머헤드 리보자임에 관한 논의는 연구 전문가들 사이에서 계속되었다. 치료 계획에는 증상이 지속될 경우 추적 영상 검사 및 반복적인 혈류역학검사가 포함되어 있으며, 이를 통해 이 복잡한 사례에서 나타난 국소적 직장 문제와 더 광범위한 전신적 고려 사항 모두에 대한 포괄적인 접근을 보장하고자 한다."
none,P084,39,stop,"The patient presented for evaluation of a suspicious calcification cluster identified on screening mammography, necessitating a scheduled breast stereotactic biopsy to obtain tissue samples for pathological analysis. Prior to the procedure, a comprehensive review of her medical history revealed episodic hypertension and palpitations, prompting an endocrine workup that included plasma fractionated metanephrines. The results indicated a mildly elevated normetanephrine level, suggesting possible catecholamine excess that requires further investigation before any surgical intervention beyond the biopsy. Concurrently, the patient reported chronic radicular pain radiating down the left leg, which worsened with prolonged standing. Magnetic resonance imaging of the lumbar spine demonstrated significant degenerative changes with disc herniation at the L4-L5 level, causing severe foraminal stenosis that compresses the exiting nerve root. This anatomical constraint explains her neurological symptoms and limits her mobility. The care team plans to proceed with the breast stereotactic biopsy as originally scheduled while monitoring her blood pressure closely due to the biochemical findings. A referral to neurosurgery will be initiated to address the spinal pathology once the breast diagnosis is confirmed and stabilized.","환자는 검진 유방촬영술에서 발견된 의심스러운 석회화 군집을 평가하기 위해 내원하였으며, 병리학적 분석을 위한 조직 샘플 채취를 목적으로 유방 정위생검이 예정되었다. 시술 전 시행한 상세한 병력 검토에서 발작성 고혈압 및 심계항진이 확인되어, 혈장 분획 메타네프린을 포함한 내분비 검사를 시행하였다. 검사 결과 노르메타네프린 수치가 경도로 상승하여 있었으며, 이는 카테콜아민 과잉의 가능성을 시사하는 것으로 생검을 넘어선 외과적 중재를 시행하기 전 추가적인 검사가 필요하다. 이와 동시에 환자는 오래 서 있으면 악화되는 왼쪽 다리로 방사되는 만성 신경근성 통증을 호소하였다. 요추 척추 자기공명영상(MRI) 검사에서 L4-L5 레벨의 추간판 탈출을 동반한 유의미한 퇴행성 변화가 확인되었으며, 이로 인해 출구 신경근을 압박하는 중증 추간공 협착이 발생하고 있었다. 이러한 해부학적 제약은 환자의 신경학적 증상을 설명해 주며 활동성을 제한한다. 의료진은 생화학적 소견을 고려하여 혈압을 면밀히 모니터링하면서, 당초 예정된 대로 유방 정위생검을 진행할 계획이다. 유방 진단이 확정되고 상태가 안정화되면 척추 병변을 해결하기 위해 신경외과 의뢰가 시작될 예정이다."
none,P085,42,stop,"The patient presented with complex gynecological and systemic complaints requiring a multidisciplinary approach. Initial imaging revealed a large uterine mass prompting scheduling for an urgent colpomyomectomy to remove the fibroid while preserving cervical integrity. During the preoperative workup, stool analysis unexpectedly identified eggs consistent with capillaria hepatica, suggesting a rare zoonotic infection acquired during recent travel to endemic rural areas. This finding necessitated a delay in the surgical procedure to initiate appropriate antiparasitic therapy and prevent potential intraoperative complications. The case was subsequently reviewed by the tumor board where advanced oncotaxonomy methods were employed to classify the uterine lesion molecularly, ensuring the most targeted postoperative management plan. Despite the infectious complication, the patient responded well to albendazole, and her liver enzymes normalized within two weeks. Once cleared by infectious disease specialists, she underwent the planned colpomyomectomy without further incident. Pathology confirmed a benign leiomyoma, aligning with the preliminary oncotaxonomy predictions. Follow-up visits monitored for any recurrence of capillaria hepatica symptoms, though none appeared. The integration of precise oncotaxonomy with careful infectious disease management allowed for a successful overall outcome in this unusual clinical scenario involving multiple distinct pathologies.","환자는 다학제적 접근이 필요한 복잡한 부인과 및 전신적 증상을 주소로 내원하였다. 초기 영상 검사에서 자궁의 거대 종괴가 발견되어 자궁경부의 온전성을 보존하면서 근종을 제거하기 위한 긴급 질식자궁근종절제술을 예약하였다. 수술 전 평가 중 대변 분석에서 간모세선충(Capillaria hepatica)에 합당한 충란이 예기치 않게 확인되었으며, 이는 최근 풍토성 농촌 지역 여행 중 감염된 희귀한 인수공통감염증을 시사했다. 이 소견으로 인해 적절한 구충 치료를 시작하고 수술 중 발생할 수 있는 잠재적 합병증을 예방하기 위해 수술 일정을 연기해야 했다. 이 사례는 이후 종양 위원회에서 검토되었으며, 가장 표적화된 수술 후 관리 계획을 보장하기 위해 자궁 병변을 분자적으로 분류하는 고도의 종양 분류법이 적용되었다. 감염 합병증에도 불구하고 환자는 알벤다졸에 잘 반응하였고, 간 효소 수치는 2주 이내에 정상화되었다. 감염내과 전문의로부터 수술 허가를 받은 후, 환자는 추가 사고 없이 계획된 질식자궁근종절제술을 받았다. 병리 검사에서 양성 평활근종이 확인되었으며, 이는 예비 종양 분류 예측과 일치했다. 추후 외래 방문에서 간모세선충 증상의 재발 여부를 모니터링하였으나, 어떠한 증상도 나타나지 않았다. 정밀한 종양 분류법과 신중한 감염 질환 관리의 통합을 통해 여러 별개의 질환이 포함된 이 특이한 임상 시나리오에서 성공적인 전반적 치료 결과를 얻을 수 있었다."
none,P086,36,stop,"The patient presented with persistent discomfort in the lower right quadrant, prompting a detailed radiographic evaluation that revealed a well-defined radiolucency consistent with a dental granuloma at the apex of the affected molar. While the primary focus remains on addressing this odontogenic infection through appropriate endodontic therapy or extraction, the care plan also acknowledges the patient's expressed need for supporting spiritual rituals during their hospital stay, recognizing the significant role these practices play in their overall coping mechanism and emotional well-being. Concurrent laboratory reviews indicated an unexpected finding of high quality-hcv ab, suggesting a past exposure to hepatitis C that warrants further hepatology consultation and confirmatory testing to rule out active infection. The medical team will coordinate with infectious disease specialists to determine the necessity of antiviral intervention while ensuring that the immediate dental pathology is managed effectively to prevent systemic spread. All interventions will be scheduled to minimize conflict with the patient's requested spiritual activities, ensuring a holistic approach that respects their cultural and personal values while maintaining rigorous clinical standards for both oral and systemic health management throughout the treatment course.","환자는 우하복부의 지속적인 불편감을 주소로 내원하였으며, 이에 상세한 방사선학적 평가를 시행한 결과 해당 대구치의 치근단에 치육아종과 일치하는 경계가 명확한 방사선 투과상이 확인되었다. 이 치성 감염을 근관 치료 또는 발치를 통해 해결하는 것이 주된 치료 목표이지만, 치료 계획은 환자가 입원 중 영적 의식을 지원받고자 하는 요구를 함께 수용하고 있다. 이는 그러한 실천이 환자의 전반적인 대처 기전과 정서적 안녕에 중요한 역할을 한다는 점을 인정하기 때문이다. 동시에 진행된 검사실 검토에서는 예기치 않게 양질의 HCV 항체 양성 소견이 확인되었으며, 이는 과거 C형 간염 바이러스 노출을 시사하는 것으로 활동성 감염을 배제하기 위해 추가적인 간장학 상담 및 확진 검사가 필요하다. 의료진은 감염내과 전문의와 협력하여 항바이러스 치료의 필요성을 결정하는 한편, 전신 전파를 예방하기 위해 즉각적인 치과 병리 상태를 효과적으로 관리할 예정이다. 모든 중재는 환자가 요청한 영적 활동과의 충돌을 최소화하도록 일정을 조정하여, 치료 과정 전반에 걸쳐 구강 및 전신 건강 관리에 대한 엄격한 임상 기준을 유지하면서도 환자의 문화적, 개인적 가치를 존중하는 전인적 접근 방식을 보장할 것이다."
none,P087,46,stop,"The patient presented with a complex ocular history marked by the recent development of a glaucomatous cataract in the left eye, which has significantly obscured the view of the optic nerve head and complicated intraocular pressure management. Despite aggressive topical therapy, visual acuity continues to decline, prompting consideration for surgical intervention once the acute inflammation subsides. Concurrently, the patient reported exposure to a deshielded proton beam during a prior occupational incident at a research facility, raising concerns about potential radiation-induced damage to surrounding orbital structures and the lens capsule. This exposure history necessitates careful long-term monitoring for secondary malignancies or delayed tissue necrosis. Furthermore, a thorough physical examination revealed significant cheilosis affecting both the upper and lower lips, characterized by painful fissuring, erythema, and scaling at the oral commissures. This finding suggests a possible underlying nutritional deficiency or chronic irritant contact dermatitis, which may be exacerbated by the patient's current medication regimen. The medical team plans to address the lip condition with topical emollients and vitamin supplementation while coordinating with oncology to evaluate the full extent of the proton exposure effects on overall systemic health and ocular integrity.","환자는 최근 좌안에 녹내장성 백내장이 발생하여 시신경유두 관찰이 현저히 제한되고 안압 관리가 복잡해진 복잡한 안과 병력을 보였다. 적극적인 국소 요법에도 불구하고 시력은 계속 저하되어, 급성 염증이 가라앉은 후 수술적 중재를 고려할 예정이다. 동시에 환자는 연구 시설에서 발생한 이전 직업적 사고 중 차폐되지 않은 양성자 빔에 노출된 적이 있다고 보고하여, 주변 안와 구조물 및 수정체낭에 대한 잠재적 방사선 유발 손상에 대한 우려를 제기했다. 이러한 노출 병력으로 인해 이차적 악성 종양이나 지연성 조직 괴사에 대해 신중한 장기 모니터링이 필요하다. 또한, 철저한 신체 검사에서 구각을 중심으로 통증성 균열, 홍반 및 인비를 특징으로 하는 상하순 모두에 영향을 미치는 유의한 구순염이 확인되었다. 이 소견은 환자의 현재 약물 요법으로 인해 악화될 수 있는 잠재적인 영양 결핍이나 만성 자극성 접촉 피부염의 가능성을 시사한다. 의료진은 종양학과와 협력하여 양성자 노출이 전신 건강 및 안구 건전성에 미치는 전체적인 영향을 평가하는 동시에, 국소 연화제 및 비타민 보충을 통해 입술 상태를 치료할 계획이다."
none,P088,45,stop,"The patient presented with severe ocular discomfort and a history of recent pharyngeal infection. Examination of the oropharynx revealed significant erythema and exudate covering the bilateral palatine tonsils, suggesting an acute bacterial etiology that required immediate culture sampling. To maintain strict aseptic technique during the subsequent procedural interventions, the medical team prepared the clean bench by wiping down all surfaces with appropriate disinfectants and arranging the necessary sterile instruments in an orderly fashion. Despite initial systemic antibiotic therapy, the patient's condition deteriorated rapidly over the following forty-eight hours, with new complaints of intense eye pain and visual changes. A detailed slit-lamp examination unfortunately demonstrated areas of scleral necrosis/melt in the left eye, indicating a fulminant autoimmune response or severe infectious keratitis that threatened globe integrity. This alarming finding necessitated an urgent consultation with ophthalmology for potential surgical intervention to prevent perforation. The clinical team documented the progression meticulously, noting the stark contrast between the initial tonsillar findings and the subsequent sight-threatening ocular complication, while continuing to monitor vital signs and adjust antimicrobial coverage based on emerging laboratory data and specialist recommendations for comprehensive management.","환자는 심한 안부 불편감을 주소로 내원하였으며, 최근 인두 감염의 병력이 있었다. 구인두 검사에서 양측 구개편도를 덮는 현저한 홍반과 삼출물이 관찰되어, 즉각적인 배양 검체 채취가 필요한 급성 세균성 원인을 시사하였다. 후속 시술 중 엄격한 무균술을 유지하기 위해, 의료진은 적절한 소독제로 모든 표면을 닦아 청정 벤치를 준비하고 필요한 멸균 기기를 질서 있게 배치하였다. 초기 전신 항생제 치료에도 불구하고, 환자의 상태는 향후 48시간 동안 급격히 악화되었으며, 심한 안통 및 시력 변화라는 새로운 증상이 발생하였다. 세밀한 세극등 현미경 검사에서 불행히도 좌안에 공막 괴사/융해 소견이 확인되어, 안구의 온전성을 위협하는 전격성 자가면역 반응 또는 중증 감염성 각막염을 나타내었다. 이러한 경고성 소견으로 인해 천공을 방지하기 위한 잠재적 수술적 중재를 위해 안과에 긴급 협진이 요청되었다. 임상 팀은 환자의 경과를 세밀하게 기록하면서, 초기 편도 소견과 이후 발생한 시력 위협성 안과 합병증 간의 뚜렷한 대조를 기록하였고, 동시에 활력 징후를 지속적으로 모니터링하고 포괄적인 관리를 위해 새로 확인되는 검사 결과 및 전문의 권고에 따라 항생제 투여 범위를 조정하였다."
none,P089,43,stop,"The patient presented with a complex history requiring immediate consultation from the neuropsychiatry department due to severe behavioral disturbances and cognitive decline. Initial physical examination revealed persistent high-grade fever and generalized myalgia, raising immediate suspicion for sao paulo fever given the recent travel history to endemic regions in Brazil. To manage the intense muscle spasms and provide symptomatic relief while awaiting confirmatory serology, the nursing staff prepared a warm water bath for the patient to soak in for twenty-minute intervals every four hours. This hydrotherapy approach aimed to reduce discomfort without relying heavily on sedatives that could further cloud the mental status assessment. The neuropsychiatry team noted that the agitation seemed partially linked to the systemic inflammatory response rather than a primary psychiatric disorder, although delirium remained a significant concern. Continuous monitoring of vital signs during the water bath sessions ensured safety, as the patient exhibited occasional episodes of orthostatic hypotension. Differentiating between the neurological manifestations of sao paulo fever and an underlying psychiatric condition remains the primary diagnostic challenge, necessitating close interdisciplinary collaboration between infectious disease specialists and the neuropsychiatry unit to optimize therapeutic outcomes and prevent long-term cognitive sequelae in this vulnerable individual.","환자는 심각한 행동 장애와 인지 기능 저하로 인해 신경정신과의 즉각적인 협진이 필요한 복잡한 병력을 보였다. 초기 신체 검진에서 지속적인 고열과 전신 근육통이 확인되었으며, 브라질의 유행 지역 방문력을 고려할 때 상파울루열(São Paulo fever)이 강하게 의심되었다. 확진을 위한 혈청학적 검사 결과를 기다리는 동안 심한 근육 경련을 조절하고 증상 완화를 제공하기 위해, 간호 인력은 환자가 4시간 간격으로 20분씩 온수 목욕을 하도록 준비하였다. 이 수치료 접근법은 정신 상태 평가를 더욱 흐리게 할 수 있는 진정제에 대한 의존을 줄이면서 불편감을 완화하는 것을 목표로 하였다. 신경정신과 팀은 환자의 초조함이 일차적 정신 질환보다는 전신 염증 반응과 부분적으로 연관된 것으로 보이나, 섬망이 여전히 중요한 우려 사항으로 남는다고 기록하였다. 환자가 간헐적으로 기립성 저혈압을 보였기 때문에, 온수 목욕 세션 동안 활력 징후를 지속적으로 모니터링하여 안전을 확보하였다. 상파울루열의 신경학적 증상과 기저 정신 질환을 감별하는 것은 여전히 주된 진단적 과제이며, 이 취약한 환자의 치료 결과를 최적화하고 장기적인 인지 후유증을 예방하기 위해 감염내과 전문의와 신경정신과 간의 긴밀한 다학제적 협력이 필수적이다."
none,P090,36,stop,"The patient presented with a history of involuntary muscle contractions affecting the left upper extremity, which have progressively worsened over the past three months. Initial neurological imaging revealed significant abnormalities consistent with insular sclerosis, characterized by distinct hyperintense lesions within the deep gray matter structures. Despite extensive workup, the etiology remains complex, prompting further investigation into potential autoimmune triggers. Recent laboratory results indicated an elevated response to specific environmental antigens, leading the care team to consider the administration of allergenic serum as a diagnostic and therapeutic measure. The patient reported no prior exposure to similar treatments and expressed concern regarding potential adverse reactions. Throughout the consultation, the involuntary movements persisted, interfering with fine motor tasks and daily activities. The clinical team plans to monitor the patient closely following the introduction of allergenic serum to assess any modification in symptom severity or progression of insular sclerosis. Further imaging will be scheduled in four weeks to evaluate structural changes, while physical therapy continues to address functional limitations caused by the involuntary spasms and underlying neurological pathology.","환자는 좌측 상지에 불수의적 근육 수축을 보이는 병력으로 내원하였으며, 이는 지난 3개월 동안 점진적으로 악화되었다. 초기 신경학적 영상 검사에서 심부 회백질 구조물 내에 뚜렷한 고강도 병변을 특징으로 하는 섬엽 경화(insular sclerosis)와 일치하는 유의한 이상 소견이 확인되었다. 광범위한 검사에도 불구하고 병인은 복잡하여 잠재적 자가면역 유발 인자에 대한 추가 조사가 이루어지고 있다. 최근 실험실 검사 결과 특정 환경 항원에 대한 반응이 증가된 것으로 나타나, 의료진은 진단 및 치료 목적으로 알레르겐 혈청 투여를 고려하게 되었다. 환자는 유사한 치료를 받은 병력이 없다고 보고하였으며 잠재적 이상 반응에 대해 우려를 표명하였다. 진료 내내 불수의적 운동이 지속되어 정밀 운동 과제 및 일상생활 활동에 지장을 초래하였다. 임상 팀은 알레르겐 혈청 도입 후 증상 중증도의 변화 또는 섬엽 경화의 진행 여부를 평가하기 위해 환자를 면밀히 모니터링할 계획이다. 구조적 변화를 평가하기 위해 4주 후 추가 영상 검사가 예정되어 있으며, 한편 물리치료는 불수의적 경련 및 기저 신경학적 병리로 인한 기능적 제한을 해결하기 위해 계속 진행될 것이다."
none,P091,32,stop,"The patient presented with progressive cognitive decline and gait instability, prompting a comprehensive neuroimaging review to assess the basal seat of the brainstem for any compressive lesions or signal abnormalities. Initial evaluation considered the complex case-mix of the geriatric population in our unit, where overlapping comorbidities often obscure primary neurological deficits. Detailed MRI sequences revealed a subtle distortion in the third ventricle structure, suggesting possible obstructive hydrocephalus or a midline mass effect that warranted further investigation. The radiology team noted that the basal seat appeared intact despite the ventricular changes, ruling out direct brainstem invasion at this stage. Given the intricate case-mix, including hypertension and mild diabetes, surgical intervention was deemed high-risk without additional functional mapping. The care team agreed that monitoring the third ventricle structure over the next four weeks would provide critical data on progression rates. Conservative management was initiated with strict fluid balance protocols to avoid exacerbating intracranial pressure while awaiting follow-up scans. This approach balances the need for diagnostic clarity against the potential complications inherent in this specific case-mix, ensuring patient safety remains paramount throughout the observation period.","환자는 진행성 인지 저하와 보행 불안정을 보여, 뇌간 기저부에 압박성 병변이나 신호 이상이 있는지 평가하기 위해 포괄적인 신경영상 검토를 시행했다. 초기 평가에서는 본 병동의 노년 인구가 가진 복잡한 케이스 믹스를 고려했는데, 이 환자군에서는 중복되는 동반질환이 원발성 신경학적 결손을 종종 모호하게 만든다. 상세한 MRI 영상은 제3뇌실 구조의 미세한 변형을 보여주어, 추가적인 조사가 필요한 폐쇄성 뇌수종 또는 정중선 종괴 효과의 가능성을 시사했다. 방사선과 팀은 뇌실 변화에도 불구하고 기저부는 온전해 보이며, 이 단계에서 뇌간의 직접적인 침범은 배제할 수 있다고 기록했다. 고혈압 및 경증 당뇨병을 포함한 복잡한 케이스 믹스를 고려할 때, 추가적인 기능적 매핑 없이 수술적 중재를 시행하는 것은 고위험으로 판단되었다. 의료진은 향후 4주간 제3뇌실 구조를 모니터링하는 것이 질환 진행률에 대한 중요한 데이터를 제공할 것이라고 합의했다. 추적 검사를 기다리는 동안 두개강내압 악화를 방지하기 위해 엄격한 수분 균형 프로토콜과 함께 보존적 치료가 시작되었다. 이러한 접근 방식은 진단적 명확성에 대한 필요성과 이 특정 케이스 믹스에 내재된 잠재적 합병증의 위험을 균형 있게 조율하여, 관찰 기간 동안 환자 안전을 최우선으로 보장한다."
none,P092,51,stop,"The patient presented with acute symptoms consistent with gastroenteritis paratyphosa, including severe abdominal cramping, frequent watery stools, and a persistent low-grade fever that had lasted for three days. Initial laboratory results indicated significant dehydration and electrolyte imbalance, necessitating immediate intravenous fluid replacement to stabilize vital signs. While the primary focus remained on managing the gastrointestinal infection, the patient also reported unusual neuralgic pain radiating from the preauricular region to the temple, suggesting potential irritation of the auriculotemporal nerve. This neurological complaint appeared unrelated to the infectious process but required careful monitoring to rule out concurrent pathology or referred pain mechanisms. Treatment protocols emphasized strict hygiene measures and targeted antimicrobial therapy designed to achieve bacteriostasis within the gut lumen, thereby inhibiting bacterial replication without necessarily causing immediate cell lysis. Over the subsequent twenty-four hours, the frequency of diarrheal episodes decreased markedly, and the patient reported gradual improvement in overall comfort levels. Continued observation confirmed that the neuralgic symptoms resolved spontaneously as systemic inflammation subsided, supporting a diagnosis of transient nerve sensitivity secondary to the acute infectious state rather than a primary neurological disorder requiring separate intervention.","환자는 심한 복부 경련, 잦은 수양성 변, 그리고 3일간 지속된 지속성 미열 등 파라장티푸스성 위장염과 일치하는 급성 증상으로 내원하였다. 초기 검사 결과 심한 탈수 및 전해질 불균형이 확인되어, 활력징후를 안정시키기 위해 즉각적인 정맥 수액 보충이 필요했다. 위장관 감염 관리가 주요 초점으로 남아 있었지만, 환자는 이전부(preauricular region)에서 관자놀이(temple)로 방사되는 드문 신경통성 통증을 호소하여, 이개측두신경(auriculotemporal nerve)의 잠재적 자극을 시사했다. 이 신경학적 증상은 감염 과정과 무관한 것으로 보였으나, 동반된 병리 또는 연관통 기전을 배제하기 위해 면밀한 모니터링이 필요했다. 치료 방침은 엄격한 위생 조치와 장관 내 정균 상태(bacteriostasis)를 달성하기 위해 고안된 표적 항균 요법을 강조했으며, 이를 통해 즉각적인 세포 용해를 유발하지 않고 세균 복제를 억제하고자 하였다. 이후 24시간 동안 설사 발작 빈도가 현저히 감소하였고, 환자는 전반적인 편안함이 점진적으로 호전되었다고 보고했다. 지속적인 관찰 결과 전신 염증이 가라앉으면서 신경통 증상이 자발적으로 소실된 것이 확인되었으며, 이는 별도의 중재가 필요한 원발성 신경학적 장애가 아닌 급성 감염 상태에 속발적인 일시적 신경 과민증이라는 진단을 뒷받침한다."
none,P093,35,stop,"The patient presented with a history of altered uterine contractions that failed to progress labor despite adequate oxytocin administration, necessitating an emergency cesarean section. Postoperatively, she reported significant numbness and weakness in her left upper extremity, raising concern for a potential brachial plexus injury sustained during positioning or delivery maneuvers. A thorough neurological examination confirmed diminished reflexes and sensory deficits localized to the C5 and C6 dermatomes. Given the complexity of her case and the unexpected intraoperative findings suggestive of deep tissue involvement, the multidisciplinary team recommended further evaluation through surgical staging to rule out any underlying malignancy or extensive adhesions that could complicate future pregnancies. Physical therapy was immediately initiated to address the functional limitations in her upper extremity while awaiting imaging results. The patient remains stable under close observation, with pain managed via a multimodal regimen. Follow-up appointments are scheduled to monitor recovery of motor function and to review pathology reports from the recent procedures. Continuous assessment will guide any additional interventions required for her comprehensive care plan moving forward.","환자는 충분한 옥시토신 투여에도 불구하고 진행되지 않는 자궁 수축 이상의 병력을 보였으며, 이로 인해 응급 제왕절개술이 필요했다. 수술 후 환자는 좌측 상지의 심한 저림 및 무력감을 호가하였고, 이는 체위 설정 또는 분만 조작 중 발생했을 수 있는 상완신경총 손상에 대한 우려를 제기했다. 철저한 신경학적 검사 결과 C5 및 C6 피부분절에 국한된 반사 감소 및 감각 결손이 확인되었다. 사례의 복잡성과 심부 조직 침범을 시사하는 예기치 못한 수술 중 소견을 고려하여, 다학제 팀은 향후 임신을 복잡하게 만들 수 있는 잠재적 악성 종양이나 광범위한 유착을 배제하기 위해 외과적 병기 결정을 통한 추가 평가를 권장했다. 영상 검사 결과를 기다리는 동안 상지의 기능적 제한을 해결하기 위해 즉각적으로 물리치료가 시작되었다. 환자는 면밀한 관찰 하에 안정적인 상태를 유지하고 있으며, 통증은 다중 약물 요법으로 관리되고 있다. 운동 기능 회복을 모니터링하고 최근 시술의 병리 보고서를 검토하기 위해 추후 진료 예약이 잡혀 있다. 지속적인 평가를 통해 향후 포괄적인 치료 계획에 필요한 추가적 중재의 방향을 결정할 것이다."
none,P094,37,stop,"The patient presented in a state of diabetic coma following several days of uncontrolled hyperglycemia and missed insulin doses. Initial assessment revealed profound dehydration and altered mental status, necessitating immediate transfer to the intensive care unit for aggressive fluid resuscitation and electrolyte correction. While managing the metabolic crisis, the medical team noted significant anatomical variations during a concurrent otolaryngological evaluation. Specifically, imaging studies highlighted an unusually deep suprameatal foveola on the temporal bone, which required careful consideration for any potential surgical intervention in that region. Furthermore, the patient exhibited chronic respiratory distress unrelated to the acute metabolic presentation. Detailed bronchoscopy confirmed the presence of laryngotracheal stenosis, likely secondary to prior prolonged intubation during a previous hospitalization. This narrowing of the airway complicated weaning from mechanical ventilation and demanded a multidisciplinary approach involving pulmonology and otolaryngology specialists. The coexistence of these distinct conditions posed unique challenges for overall management, requiring simultaneous attention to metabolic stability, airway patency, and structural anomalies. Careful monitoring ensured that treatments for one condition did not exacerbate the others, ultimately leading to gradual stabilization of the patient's complex clinical picture over the subsequent week.","환자는 며칠간 조절되지 않은 고혈당과 인슐린 투여 누락 후 당뇨병성 혼수 상태로 내원하였다. 초기 평가에서 심한 탈수와 의식 상태 변화가 확인되어, 적극적인 수액 공급과 전해질 교정을 위해 중환자실로 즉시 전원되었다. 대사성 위기 관리 중, 의료진은 동시에 시행한 이비인후과 평가에서 유의미한 해부학적 변이를 발견하였다. 구체적으로 영상 검사에서 측두골의 비정상적으로 깊은 상이와와(suprameatal foveola)가 확인되었으며, 이는 해당 부위의 잠재적 수술적 중재 시 신중한 고려가 필요했다. 또한, 환자는 급성 대사성 발현과 무관한 만성 호흡곤란을 보였다. 상세한 기관지경 검사에서 이전 입원 중 장기간 기관 삽관으로 인해 속발성으로 발생한 것으로 추정되는 후두기관 협착증이 확인되었다. 이러한 기도 협착은 인공호흡기 이탈을 어렵게 하였으며, 호흡기내과 및 이비인후과 전문가가 참여하는 다학제적 접근을 필요로 했다. 이러한 개별 질환들의 공존은 전반적인 관리에 독특한 과제를 안겨주었으며, 대사 안정성, 기도 개방성 및 구조적 이상에 동시에 주의를 기울여야 했다. 신중한 모니터링을 통해 한 질환에 대한 치료가 다른 질환을 악화시키지 않도록 보장하였고, 궁극적으로 후속 1주일에 걸쳐 환자의 복잡한 임상 양상은 점진적으로 안정화되었다."
none,P095,47,stop,"The patient presented with acute flank pain and hematuria, raising immediate concern for post-streptococcal glomerulonephritis, commonly abbreviated as psgn, given the recent history of pharyngitis. Initial laboratory results indicated elevated creatinine levels and significant proteinuria, consistent with this diagnosis. To further evaluate potential renal calculi or structural abnormalities contributing to the symptoms, imaging was ordered. The radiology team performed a kub left lateral view to assess the kidney, ureter, and bladder regions from a specific angle that might reveal obscured densities not visible on standard anteroposterior projections. While the images did not show obvious stones, they confirmed bilateral renal enlargement. In addition to medical management involving fluid restriction and antihypertensives, the physical therapy team was consulted for pain modulation. They initiated a protocol utilizing interferential action to help manage the deep visceral discomfort associated with renal capsule stretching. This modality uses crossing medium-frequency currents to penetrate deeper tissues without causing significant skin irritation. The patient reported mild relief following the first session, though close monitoring of urine output and blood pressure remains the primary focus of the current care plan to prevent progression to acute kidney injury.","환자는 급성 측복부 통증과 혈뇨를 보였으며, 최근 인두염 병력을 고려할 때 연쇄상구균 감염 후 사구체신염(일반적으로 PSGN으로 약칭됨)에 대한 즉각적인 의심이 제기되었다. 초기 검사실 결과는 이 진단과 일치하게 크레아티닌 수치 상승과 유의한 단백뇨를 보였다. 증상을 유발하는 잠재적 신결석 또는 구조적 이상을 추가적으로 평가하기 위해 영상 검사가 의뢰되었다. 영상의학과 팀은 표준 전후방 투영에서는 보이지 않는 가려진 음영을 드러낼 수 있는 특정 각도에서 신장, 요관 및 방광 부위를 평가하기 위해 KUB 좌측면 촬영을 시행했다. 영상에서 명확한 결석은 보이지 않았으나 양측 신장 비대를 확인했다. 수분 제한 및 항고혈압제를 포함한 내과적 치료 외에도 통증 조절을 위해 물리치료팀에 자문이 요청되었다. 물리치료팀은 신장 피막 신장과 관련된 심부 장기 불편감을 관리하는 데 도움을 주기 위해 간섭파 치료를 활용하는 프로토콜을 시작했다. 이 치료 방식은 유의한 피부 자극을 유발하지 않고 중주파 전류를 교차시켜 심부 조직에 침투시킨다. 환자는 첫 번째 치료 후 경미한 완화를 보고했으나, 급성 신손상으로의 진행을 예방하기 위해 요량 및 혈압에 대한 면밀한 모니터링은 여전히 현재 치료 계획의 주요 초점으로 남아 있다."
none,P096,46,stop,"The patient presented with a complex history involving severe skin fragility consistent with epidermolysis bullosa dystrophica, requiring meticulous wound care to prevent secondary infection and scarring. During the physical examination, significant atrophy was noted across the entire trapezius muscle, likely secondary to chronic pain and limited mobility associated with the underlying dermatological condition. This muscular wasting contributed to noticeable shoulder drooping and reduced range of motion in the cervical and thoracic regions. Additionally, the patient reported a sudden sensation of implosion within the chest cavity during a recent episode of severe coughing, which raised concerns for potential pneumothorax or mediastinal shift despite normal initial radiographic findings. The clinical team monitored respiratory status closely given this alarming symptom, while continuing to manage the fragile skin integrity inherent to their diagnosis. Pain management strategies were adjusted to address both the cutaneous lesions and the deep muscular discomfort, aiming to improve overall functional capacity. Further imaging was scheduled to rule out any structural abnormalities that could explain the subjective feeling of internal collapse, ensuring a comprehensive approach to this multifaceted presentation involving both dermatological and musculoskeletal systems.","환자는 영양불량형 수포성 표피박리증에 부합하는 심한 피부 취약성을 동반한 복잡한 병력을 보였으며, 이차 감염과 반흔 형성을 예방하기 위해 세심한 창상 관리가 필요했다. 신체 검사에서 전체 승모근에 걸쳐 뚜렷한 위축이 관찰되었으며, 이는 기저 피부 질환과 관련된 만성 통증과 제한된 이동성에 기인한 이차적 소견으로 추정되었다. 이러한 근육 소모은 눈에 띄는 어깨 처짐과 경부 및 흉부 영역의 가동 범위 감소를 초래했다. 또한 환자는 최근 심한 기침 발작 중 흉강 내부에서 갑작스러운 함몰감을 느꼈다고 보고했으며, 이는 초기 방사선 소견이 정상이었음에도 잠재적인 기흉 또는 종격동 이동에 대한 우려를 제기했다. 임상 팀은 이 놀라운 증상을 고려하여 호흡 상태를 면밀히 모니터링하는 동시에, 진단에 내재된 취약한 피부 완전성 관리를 계속했다. 통증 관리 전략은 피부 병변과 심부 근육 불편감을 모두 해결하도록 조정되었으며, 전반적인 기능적 능력을 향상시키는 것을 목표로 했다. 피부과 및 근골격계 시스템 모두를 포함하는 이 다면적인 양상에 대한 포괄적인 접근을 보장하기 위해, 주관적인 내부 붕괴감을 설명할 수 있는 구조적 이상을 배제하기 위해 추가 영상 검사가 예정되었다."
none,P097,41,stop,"The patient presented with a concerning rash purpuric distributed across the lower extremities and trunk, prompting immediate dermatological consultation alongside hematological workup. Initial laboratory investigations revealed significant cytopenias consistent with sideroblastic anaemia, characterized by ringed sideroblasts in the bone marrow aspirate and refractory microcytic indices despite iron supplementation. Given the complex multisystem involvement, the care team elected to proceed with an urgent cardiac evaluation due to suspected infiltrative disease affecting myocardial function. During the subsequent surgical intervention, the perfusion team administered cold cardioplegic solution to ensure adequate myocardial protection while the structural abnormalities were addressed. Postoperatively, the patient remained stable in the intensive care unit, though the underlying etiology linking the cutaneous findings, hematologic disorder, and cardiac dysfunction remains under active investigation. Serial monitoring of hemoglobin levels and skin lesion progression is ongoing, with plans to adjust immunosuppressive therapy based on biopsy results. The multidisciplinary team continues to coordinate closely to manage these overlapping clinical manifestations effectively while minimizing further complications related to the primary systemic pathology.","환자는 하지와 체간에 퍼진 우려스러운 자반성 발진을 주소로 내원하여, 즉각적인 피부과 회진과 함께 혈액학적 검사를 시행하였다. 초기 검사실 검사에서는 골수 천자 검사에서 환형 철아구포가 관찰되고 철분 보충에도 불구하고 불응성 소구적 지수를 보이는 철아구성 빈혈과 일치하는 유의한 세포감소증이 확인되었다. 복합적인 다장기 침범이 고려됨에 따라, 심근 기능에 영향을 미치는 침윤성 질환이 의심되어 치료팀은 긴급 심장 평가를 진행하기로 결정하였다. 이후 수술 중 심근 기능 보호를 위해 관류팀은 저온 심정지액을 투여하였으며, 이와 함께 구조적 이상을 교정하였다. 수술 후 환자는 중환자실에서 안정적인 상태를 유지하였으나, 피부 소견, 혈액 질환 및 심장 기능 부전을 연결하는 근본 원인은 여전히 활발히 조사 중이다. 혈색소 수치와 피부 병변의 진행에 대한 연속적 모니터링이 진행 중이며, 생검 결과에 따라 면역억제 치료를 조정할 계획이다. 다학제 팀은 근본적인 전신 병리와 관련된 추가 합병증을 최소화하는 동시에 이러한 중복되는 임상 양상을 효과적으로 관리하기 위해 긴밀하게 협력을 지속하고 있다."
none,P098,33,stop,"The patient presented with a complex history involving a suspected heredoinfection acquired during early childhood, which has complicated the current clinical picture. Initial assessment revealed signs consistent with an airborne infection, necessitating immediate isolation protocols to prevent further transmission within the facility. The respiratory symptoms were severe, yet the primary concern shifted upon physical examination of the upper extremities. Detailed imaging confirmed a complete dislocation of midcarpal(joint) in the dominant hand, likely resulting from a recent fall that was initially overlooked due to the overwhelming systemic signs. This specific injury required urgent orthopedic consultation for potential reduction and stabilization. The coexistence of these distinct pathologies presents a significant challenge for the medical team, as the management of the airborne infection must proceed concurrently with the surgical planning for the wrist. Careful monitoring is essential to ensure that the systemic inflammation does not impede the healing process of the joint. The patient remains under close observation while awaiting further diagnostic results to fully characterize the extent of the heredoinfection and its long-term implications on immune function.","환자는 소아기 초기에 감염된 것으로 의심되는 선천성 감염의 복잡한 병력을 보였으며, 이는 현재의 임상 양상을 복잡하게 만들었다. 초기 평가에서 공기 감염과 일치하는 소견이 확인되어, 병원 내 추가 전파를 방지하기 위해 즉각적인 격리 프로토콜이 필요했다. 호흡기 증상은 심각했으나, 상지에 대한 신체 검사 후 주요 관심사가 변경되었다. 정밀 영상 검사를 통해 우세손의 중수근관절(중완관절) 완전 탈구가 확인되었으며, 이는 전신 증상이 너무 심하여 처음에는 간과되었던 최근의 낙상으로 인한 것으로 보인다. 이러한 특정 부상은 정복 및 안정화를 위해 긴급 정형외과 협진이 필요했다. 이러한 각기 다른 병리의 공존은 의료진에게 중대한 과제를 안겨주는데, 공기 감염의 관리가 손목 수술 계획과 동시에 진행되어야 하기 때문이다. 전신 염증이 관절의 치유 과정을 방해하지 않도록 세심한 모니터링이 필수적이다. 환자는 선천성 감염의 범위와 면역 기능에 대한 장기적 영향을 완전히 파악하기 위해 추가 진단 결과를 기다리는 동안 면밀한 관찰을 받고 있다."
none,P099,41,stop,"The patient presented with complex congenital anomalies requiring immediate multidisciplinary evaluation. Initial assessment revealed features consistent with sirenomelia syndrome, including fused lower extremities and severe renal agenesis. Due to the intricate hormonal dysregulation observed, an endocrinologist was consulted to manage potential adrenal insufficiency and electrolyte imbalances. Laboratory results indicated significant abnormalities in protein levels, specifically noting a condition referred to as hyeopbaek in the preliminary reports from the referring facility. This finding necessitated further investigation into hepatic synthetic function and nutritional status. The care team coordinated closely to address the overlapping physiological challenges presented by these rare conditions. Surgical options remain limited given the severity of the vascular malformations associated with the lower body fusion. Palliative care discussions have been initiated with the family to outline prognosis and supportive measures. Ongoing monitoring will focus on maintaining fluid balance and preventing infection while the endocrinologist adjusts therapeutic interventions. The presence of hyeopbaek complicates the clinical picture, requiring careful interpretation of laboratory data alongside physical examination findings. All specialists agree that a compassionate, coordinated approach is essential for managing this difficult case.","환자는 즉각적인 다학제 평가가 필요한 복잡한 선천성 기형을 보이며 내원하였다. 초기 평가에서는 유합된 하지와 심한 신 무형성증을 포함하여 인어증후군과 일치하는 소견이 확인되었다. 관찰된 복잡한 호르몬 조절 이상으로 인해, 잠재적인 부신 기능 부전 및 전해질 불균형을 관리하기 위해 내분비내과 전문의에게 자문이 요청되었다. 검사 결과는 단백질 수치에서 유의미한 이상을 나타냈으며, 특히 의뢰 기관의 예비 보고서에서는 협백으로 지칭되는 상태가 명시되어 있었다. 이 소견은 간 합성 기능과 영양 상태에 대한 추가 조사를 필요로 하였다. 의료팀은 이러한 희귀 질환이 제시하는 중복된 생리학적 과제를 해결하기 위해 긴밀히 협력하였다. 하체 유합과 관련된 혈관 기형의 중증도를 고려할 때 수술적 선택지는 제한적이다. 예후 및 지지적 조치를 개괄하기 위해 가족과 완화 의료 논의가 시작되었다. 내분비내과 전문의가 치료적 중재를 조정하는 동안 지속적인 모니터링은 체액 균형 유지 및 감염 예방에 중점을 둘 것이다. 협백의 존재는 임상 양상을 복잡하게 만들며, 신체 검사 소견과 함께 검사실 데이터를 신중하게 해석할 것을 요구한다. 모든 전문의들은 이 어려운 사례를 관리하는 데 있어 자비롭고 조율된 접근 방식이 필수적이라고 동의하였다."
term,P001,45,stop,"The patient presented with acute nephritic syndrome characterized by hematuria, hypertension, and mild edema following a recent streptococcal throat infection. Initial laboratory evaluation strongly suggested psgn as the primary etiology, supported by elevated anti-streptolysin O titers and depressed complement levels. While managing fluid balance and blood pressure, the care team reviewed the hospital quarterly report regarding case-mix indices to ensure appropriate resource allocation for this complex renal presentation. Concurrently, the research division requested a small urine sample for an investigational study involving a novel hammerhead ribozyme designed to target specific viral RNA sequences, though this experimental protocol remains separate from the standard therapeutic regimen for the current glomerulonephritis. The patient responded well to supportive care, with gradual improvement in renal function over the subsequent forty-eight hours. Discharge planning included strict sodium restriction and follow-up monitoring to track resolution of the inflammatory process. No immediate indications for biopsy were noted given the classic clinical picture and serological findings. The interdisciplinary team emphasized the importance of adherence to medication schedules and outpatient nephrology appointments to prevent long-term complications associated with post-infectious glomerular injury.","환자는 최근의 사슬알균- 인두 감염에 이어 혈뇨, 고압 및 경미한 부종을 특징으로 하는 급성 신염증후군으로 태아위치되었다. 초기 기공의 평가는 높은 항스트렙톨리신 O 역가와 함몰- 도움체 수치에 의해 뒷받침되어 연쇄구균감염후 사구체신염을 원발- 병인으로 강하게 시사했다. 액 저울과 혈압을 관리하는 동안, 진료 팀은 이 복잡한 콩팥- 태아위치에 대한 적절한 자원 할당을 보장하기 위해 질병구성 지수에 관한 병원 분기별 보고서를 검토했다. 동시에, 연구 부서는 현재 사구체신염에 대한 원기 치료- 양생법과는 별개로 이 실험적 연구계획서가 남아 있지만, 종- 바이러스- RNA 서열을 표적세포로 하도록 설계된 새로운 망치머리형리보자임을 포함하는 조사 검사를 위해 소량의 요 표본인구를 요청했다. 환자는 보조 치료에 잘 반응했으며, 이후 48시간 동안 콩팥- 기능의 점진적 개선을 보였다. 유출량 계획에는 염증- 과정의 분해능을 추적하기 위한 엄격한 나트륨 제한과 추구관리 모니터링이 포함되었다. 전형적인 진료- 양상과 혈청학적- 소견을 고려할 때 생검에 대한 즉각적인 적응증은 없었다. 학제간 팀은 감염 후 토리- 손상과 관련된 장기적 합병증을 예방하기 위해 약물 처치 일정과 외래환자 신장학 예약에 대한 이행의 중요성을 강조했다."
term,P002,37,stop,"The patient presented with persistent cheilosis affecting the lower lip vermilion, characterized by fissuring and mild erythema that failed to resolve with topical emollients. Concurrent neurological evaluation revealed significant memory deficits, prompting advanced imaging which confirmed unilateral hippocampal sclerosis with associated volume loss and signal hyperintensity on T2-weighted sequences. Given the refractory nature of the seizures and the clear structural lesion, the multidisciplinary team recommended surgical staging to delineate the epileptogenic zone precisely. This comprehensive surgical staging included prolonged video-EEG monitoring, high-resolution MRI volumetry, and neuropsychological testing to assess functional reserve prior to any potential resection. The cheilosis was managed supportively while the primary focus remained on the intricate planning required for the upcoming surgical staging protocol. Careful coordination between dermatology and neurology ensured that systemic factors were ruled out before proceeding. The patient tolerated the initial phases of surgical staging well, showing no adverse reactions to the invasive electrode placement. Final decisions regarding therapeutic intervention will depend entirely on the data gathered during this critical surgical staging period, aiming to maximize seizure freedom while preserving cognitive function.","환자는 하순 vermilion에 영향을 미치는 잔류- 구순증으로 내원하였으며, 국소- emollients로 해결되지 않는 균열과 경미한 홍반이 특징이었다. 동시- 신경학적 평가에서 유의한 기억 결손이 나타나 고급 조영을 시행하였으며, 이를 통해 편측 해마경화(증)과 관련된 -량 소실 및 T2 강조 영상에서의 신호 고강도가 확인되었다. 간질발작의 불응- 성격과 명확한 구조적 병소를 고려하여, 다학제 팀은 뇌전증유발- 영역을 정확히 규명하기 위해 외과적시기결정을 권장하였다. 이 포괄적인 외과적시기결정에는 장시간의 video-EEG 모니터링, 고해상도 MRI 용적측정 및 잠재적 절제(술) 전에 기능적 예비력을 평가하기 위한 신경심리학적 검사가 포함되었다. 구순증은 보존적으로 관리되는 동안, 다가오는 외과적시기결정 연구계획서에 필요한 복잡한 계획에 원발- 병터가 계속 집중되었다. 피부과와 신경학 간의 면밀한 협응 덕분에 진행하기 전에 전신성- 요인들이 배제될 수 있었다. 환자는 외과적시기결정의 초기 단계를 잘 견디었으며, 침습적 전극 배치에 대한 예방접종후 이상반응을 보이지 않았다. 치료- 중재적시술에 관한 최종 결정은 인지 기능을 보존하면서 간질발작 자유를 최대화하는 것을 목표로, 이 고비- 외과적시기결정 기간 동안 수집된 데이터에 전적으로 좌우될 것이다."
term,P003,30,stop,"The patient presented for routine obstetric evaluation with a history suggestive of placental anomalies. Ultrasound imaging confirmed the presence of a bidiscoidal placenta, characterized by two distinct lobes connected by fetal vessels, which requires careful monitoring throughout the remainder of the gestation to prevent potential complications such as vasa previa or retained placental tissue post-delivery. Concurrently, laboratory protocols necessitated the processing of maternal serum samples to screen for infectious markers. The technician utilized a reciprocal shaker to ensure thorough mixing of the reagents and specimens prior to analysis, maintaining consistent agitation speeds to optimize reaction kinetics without causing hemolysis. Subsequent serological testing yielded results indicating high quality-hcv ab levels, suggesting a robust immune response or past exposure to the hepatitis C virus that warrants further confirmatory testing and hepatology consultation. The clinical team documented these findings immediately to coordinate appropriate prenatal care strategies, ensuring both maternal and fetal safety while addressing the identified placental structure and infectious disease status comprehensively within the electronic health record system for future reference and interdisciplinary management planning.","환자는 태반 이상을 시사하는 병력을 가지고 정기 산부인과 진료평가를 위해 내원하였다. 초음파촬영(술) 조영은 태아혈관으로 연결된 두 개의 뚜렷한 엽이 특징인 두원반태반의 존재를 확인하였으며, 이는 전치 막관이나 분만 후 태반 조직 잔류와 같은 전위 합병증을 예방하기 위해 임신 남은 기간 동안 주의 깊은 모니터링이 필요하다. 동시에, 기공의 프로토콜은 감염표지자를 격리하기 위해 모성혈청 샘플을 처리할 것을 요구하였다. 기술자는 분석 전 시약과 검체의 철저한 혼합을 보장하기 위해 왕복진탕기를 사용하였고, 용혈을 유발하지 않으면서 반응 역동학을 최적화하기 위해 일관된 초조 속도를 유지하였다. 후속 혈청학적-검사는 정밀면역검사-C형간염항체 수치를 나타내는 결과를 도출하였으며, 이는 강건한 면역-반응이나 씨형 간염 바이러스에 대한 과거 피폭을 시사하여 추가 확인 검사와 간학 타과자문이 필요함을 시사한다. 진료-팀은 이러한 소견을 즉시 문서화하여 적절한 산전간호 전략을 조정하였고, 확인된 태반 구조와 감염-질환 체질을 전자 건강 기록 분류법 내에서 향후 참조 및 학제간 관리 계획을 위해 종합적으로 다루면서 모성- 및 태아- 안전을 모두 보장하였다."
term,P004,38,stop,"The patient presented for a comprehensive preoperative evaluation prior to undergoing scheduled orthognathic surgery to correct severe mandibular retrognathia and associated malocclusion. During the detailed review of past surgical history, it was noted that the individual previously required an emergency meckel's diverticulectomy at age twelve due to acute lower gastrointestinal bleeding and abdominal pain, which resolved without subsequent complications. Current physical examination revealed no acute distress, though the patient reported mild intermittent flank discomfort on the left side. To further investigate these renal symptoms and rule out any obstructive uropathy before the major jaw procedure, diagnostic imaging was urgently ordered. The radiology department performed a kub left lateral view to assess for potential calculi or abnormal calcifications within the urinary tract that might not be visible on standard anteroposterior projections. Results from this specific radiographic series were pending at the time of consultation, but initial assessment suggested no obvious large stones. The surgical team agreed to proceed with the planned orthognathic surgery once the imaging results are fully reviewed and cleared by anesthesia, ensuring no contraindications exist from the recent renal workup or the remote history of bowel resection.","환자는 중증 아래턱- 아래턱후퇴 및 동반된 맞물림 이상을 교정하기 위해 예정된 악교정수술에 앞서 포괄적인 수술전- 평가를 위해 내원하였다. 과거 수술력유뮤에 대한 상세한 검토 결과, 이 환자는 12세 때 급성- 위창자- 출혈 및 배앓이로 인해 응급 멕켈 게실절제술을 받았으며, 이후 합병증 없이 회복되었음이 확인되었다. 현재 진찰에서 급성- 고통은 없었으나, 환자는 왼쪽 측복부에 가벼운 간헐적 불편감을 호소하였다. 이러한 콩팥- 증상을 추가로 조사하고 중증 턱 시술 전 폐쇄요로병(증)을 배제하기 위해 진단 조영이 긴급히 지시되었다. 방사선과에서는 원기 전후방 투영에서 가시 되지 않을 수 있는 비뇨- 길 내의 전위 결석 또는 비정상적 석회화를 평가하기 위해 콩팥요관방광촬영, 왼쪽측방향을 시행하였다. 타과자문 시점에 이 종- 방사선 촬영 시리즈의 결과는 대기 중이었으나, 초기 사정에서는 명확한 큰 결석은 없는 것으로 보였다. 수술 팀은 최근 콩팥- 정밀검사나 과거의 장절제술 병력에서 금기가 없음을 확인하고, 조영 결과가 완전히 검토되어 무감각 과에서 허가되면 계획된 악교정수술을 진행하기로 합의하였다."
term,P005,43,stop,"The patient presented with acute symptoms consistent with gastroenteritis paratyphosa, including severe diarrhea, abdominal cramping, and high-grade fever lasting three days. Initial laboratory analysis focused on achieving bacteriostasis to inhibit the rapid multiplication of the suspected Salmonella pathogen while awaiting definitive culture results. To ensure sample integrity and prevent external contamination during processing, all specimen handling was conducted within a certified clean bench environment. The medical team initiated supportive care measures alongside targeted antimicrobial therapy designed to maintain bacteriostasis until the immune system could effectively clear the infection. Monitoring of fluid and electrolyte balance remained a priority given the significant losses associated with gastroenteritis paratyphosa. Staff adhered to strict aseptic protocols, utilizing the clean bench for all open system manipulations to minimize the risk of secondary infections or cross-contamination. As the patient responded to treatment, signs of dehydration resolved, and gastrointestinal symptoms gradually subsided, indicating successful control of the bacterial load. Continued observation is planned to ensure complete recovery and prevent relapse of gastroenteritis paratyphosa, with follow-up cultures scheduled to confirm eradication of the organism and verify that bacteriostasis has transitioned to full resolution.","환자는 3일간 지속된 중증 설사증, 복식- 경련 및 고도 열감을 포함하여 파라티푸스위창자염과 일치하는 급성- 증상으로 내원하였다. 초기 기공의 분석은 확정 배양 결과를 기다리는 동안 의심되는 살모넬라(속) 병원체의 급격한 증식을 억제하기 위해 정균작용을 달성하는 데 중점을 두었다. 처리 과정 중 표본인구 통합을 보장하고 외- 오염을 방지하기 위해, 모든 검사물 취급은 인증된 무균실험대 환경 내에서 수행되었다. 의료팀은 면역- 분류법이 감염을 효과적으로 제거할 때까지 정균작용을 유지하도록 설계된 표적 항균- 치료와 함께 보조 치료 치수를 시작했다. 파라티푸스위창자염과 관련된 유의한 손실을 고려하여 액 및 전해질 저울 모니터링이 우선시되었다. 직원들은 엄격한 무균- 프로토콜을 준수하였고, 속발- 감염 또는 교차오염의 위험을 최소화하기 위해 모든 개방형 분류법 조작에 무균실험대를 활용하였다. 환자가 치료에 반응함에 따라 탈수 징후가 분해능되고 위창자- 증상이 점차 가라앉아 세균- 부하의 성공적인 대조를 나타냈다. 균의 박멸을 확인하고 정균작용이 완전한 분해능으로 전환되었음을 검증하기 위해 추구관리 배양이 예정된 상태에서, 완전한 회복을 보장하고 파라티푸스위창자염의 재발을 방지하기 위해 지속적인 관찰이 계획되어 있다."
term,P006,42,stop,"The patient presented with a complex history involving significant behavioral concerns related to mysophilia that have complicated hygiene compliance during prior hospitalizations. On physical examination, the oropharynx revealed erythematous and enlarged bilateral palatine tonsils without exudate, suggesting an acute infectious process rather than chronic hypertrophy alone. Despite initial treatment for presumed bacterial pharyngitis, the patient deteriorated neurologically with altered mental status and severe headache. Subsequent lumbar puncture and imaging studies confirmed a diagnosis of cryptococcal meningocerebritis, necessitating immediate initiation of antifungal therapy with amphotericin B and flucytosine. The presence of mysophilia initially obscured the clinical picture by introducing confounding variables regarding potential environmental exposures and personal cleanliness habits. Careful monitoring of intracranial pressure remains critical as the infection involves both meningeal and parenchymal tissues. The inflamed bilateral palatine tonsils may have served as a portal of entry or a concurrent site of infection, although blood cultures remained negative for typical bacterial pathogens. Multidisciplinary management is required to address both the severe fungal infection and the underlying behavioral issues to ensure long-term treatment adherence and prevent recurrence of this life-threatening condition in the future.","환자는 이전 입원 중 위생 순인도를 복잡하게 만든 불결기호증과 근친-된 유의한 행동 문제를 포함하는 복잡한 병력을 보였다. 진찰 시, 입인두는 홍반-성이고 비대된 양측 목구멍 편도를 삼출물 없이 보였으며, 이는 단순한 만성- 비대보다는 급성- 감염- 과정을 시사한다. 추정되는 세균- 인두염에 대한 초치료에도 불구하고, 환자는 정신상태변화와 중증 두통으로 신경학적으로 악화되었다. 후속 요추천자[뇌척수압측정포함] 및 조영 검사는 크립토콕쿠스수막대뇌염 상병을 확인하였고, 암포테리신B와 플루시토신을 포함한 항진균- 요법의 즉각적인 시작이 필요하였다. 불결기호증의 존재는 전위 환경 노출 및 개인 위생 습관에 관한 교란 변수를 도입하여 처음에 진료- 양상을 불명확하게 하였다. 뇌내압의 주의 깊은 모니터링은 감염이 수막- 및 실질 조직 모두를 침범함에 따라 고비-적으로 남아 있다. 염증이 있는 양측 목구멍 편도는 감염의 문 역할을 했거나 동시- 감염 부위였을 수 있으나, 혈액 배양은 전형적인 세균- 병원체에 대해 음성-으로 유지되었다. 중증 진균- 감염과 근본적인 행동 문제를 모두 해결하여 장기적인 치료 이행을 보장하고 향후 이 생명을 위협하는 상태의 재발을 방지하기 위해 다학제적 관리가 필요하다."
term,P007,55,stop,"The patient presented with acute neurological decline following a recent travel history to endemic regions where sao paulo fever is known to circulate among local populations. Initial imaging revealed a complex cranial defect consistent with meningoencephalocele, showing herniation of brain tissue through a skull base anomaly. This structural abnormality appeared congenital but remained asymptomatic until the current infectious episode triggered severe inflammation. Throughout the examination, the patient displayed involuntary movements affecting the upper extremities and facial muscles, which persisted despite sedation attempts. These motor disturbances complicated the neurological assessment and suggested deep central nervous system involvement beyond the visible structural defect. Laboratory results indicated elevated inflammatory markers typical of viral encephalitis, supporting the clinical suspicion of sao paulo fever as the precipitating agent. The combination of meningoencephalocele and active infection created a high-risk scenario for rapid deterioration. Medical staff monitored the involuntary spasms closely while preparing for potential surgical intervention to repair the cranial defect once the acute infectious phase subsided. Immediate isolation protocols were enacted to prevent nosocomial transmission while awaiting confirmatory serology results from the reference laboratory.","환자는 상파울로열이 국소- 인구 집단 내에서 유행하는 것으로 알려진 풍토병- 지역으로의 최근 여행 병력 이후 급성- 신경- 황폐를 보였다. 초기 조영은 수막뇌류와 일치하는 복잡한 머리- 결손(증)을 보여주었으며, 두개골 기저 기형을 통해 뇌 조직의 탈출(증)을 나타냈다. 이 구조적 이상은 선천성으로 보였으나 현재의 감염- 삽화가 중증 염을 유발할 때까지 무증상이었다. 검사 내내 환자는 수족부 및 얼굴- 근육에 영향을 미치는 불수의- 동작- 을 보였으며, 이는 진정법 시도에도 불구하고 지속되었다. 이러한 동작- 장애는 신경- 사정을 복잡하게 만들었으며 가시 구조적 결손(증)을 넘어 심부- 중추- 신경- 분류법 병발을 시사했다. 기공의 결과는 바이러스- 뇌염에 전형적인 상승된 염증- 표지자를 나타냈으며, 이는 상파울로열을 촉발 인자로 하는 진료- 의심을 뒷받침했다. 수막뇌류와 능동- 감염- 의 교배변이는 빠른 황폐를 위한 고위험 상황을 만들었다. 의료진은 급성- 감염- 기가 가라앉은 후 머리- 결손(증) 복구(술)를 위한 전위 수술 중재를 준비하는 동안 불수의- 연축을 면밀히 모니터링했다. 기공의 참조 기관에서 확인 혈청학 결과를 기다리는 동안 병원내- 전파를 방지하기 위해 즉각적인 격리 프로토콜이 시행되었다."
term,P008,32,stop,"The patient presented with persistent headaches and visual disturbances, prompting a detailed neurological examination and advanced imaging studies. Initial assessment revealed no obvious external trauma, yet the patient reported sharp pain radiating along the path of the auriculotemporal nerve during chewing movements. This specific symptom complex suggested potential compression or irritation within the deep cranial structures. Subsequent magnetic resonance imaging provided high-resolution views of the central brain anatomy, clearly delineating the third ventricle structure without evidence of mass effect or hydrocephalus. The scan also captured fine bony landmarks near the temporal region, where the suprameatal foveola appeared intact and showed no signs of erosion or abnormal calcification. Despite the normal appearance of these specific anatomical features, the clinical picture remained concerning for a subtle neuropathic process. Further evaluation focused on ruling out vascular anomalies or inflammatory conditions that might not be immediately visible on standard sequences. The care team decided to monitor the patient closely while preparing for possible nerve block interventions to manage the debilitating pain symptoms effectively.","환자는 잔류두통 및 시각장애를 주소로 내원하여, 상세한 신경학적 검사와 고급 조영연구를 시행하였다. 초기 사정에서 명백한 외부상은 없었으나, 환자는 저작운동 중 귓바퀴관자신경의 경로를 따라 방사되는 날카로운 동통을 호소하였다. 이러한 종증상복합은 심부머리구조 내 전위압박 또는 자극을 시사하였다. 후속 자기공영영상은 중추뇌해부학의 고해상도 영상을 제공하여, 종괴효과나 수두증의 증거 없이 제3뇌구조를 명확히 묘사하였다. 이 스캔은 또한 관자영역 근처의 미세한 골성 구조물을 포착하였으며, 여기서 바깥귀길위오목은 온전하게 보였고 까짐 또는 비정상 석회화의 징후는 없었다. 이러한 종해부학적 특징의 노르말소견에도 불구하고, 진료양상은 미세한 신경병(증)과정에 대한 우려가 지속되었다. 추가 평가는 원기스캔에서 즉시 가시되지 않을 수 있는 혈관 기형이나 염증상태를 배제하는 데 중점을 두었다. 진료팀은 환자를 면밀히 모니터링하는 동시에, 심한 동통증상을 효과적으로 관리하기 위한 가능한 차단마취중재를 준비하기로 결정하였다."
term,P009,28,stop,"The patient presented with persistent pelvic discomfort and irregular bleeding patterns that warranted further investigation. Initial imaging suggested a complex fibroid configuration, leading to the decision to proceed with a colpomyomectomy to address the structural abnormalities while preserving uterine integrity. During the preoperative assessment, the medical team noted significant deviations in the patient's baseline physiology, specifically documenting altered uterine contractions that differed markedly from typical labor patterns or standard myometrial activity. These irregularities complicated the surgical planning but did not contraindicate the procedure. Postoperatively, the patient was monitored closely for signs of hemorrhage or infection, and her recovery trajectory appeared stable despite the complexity of the intervention. It is worth noting that the patient reported a family history of similar gynecological issues, including a relative who underwent treatment at hapgok, though this geographical detail did not directly influence the immediate surgical approach. The pathology results later confirmed benign leiomyomas, validating the chosen therapeutic strategy. Follow-up appointments will focus on ensuring the resolution of symptoms and monitoring for any recurrence of the altered uterine contractions observed prior to the surgery.","환자는 잔류골반 불편감과 불규칙한 출혈 패턴을 보여 추가적인 검사가 필요했다. 초기 조영은 복잡한 근종 구조를 시사했으며, 이로 인해 자궁통합을 보존하면서 구조적 이상을 해결하기 위해 질식근종절제(술)를 진행하기로 결정했다. 수술전-사정 중, 의료진은 환자의 바닥선 생리에서 유의한 편차를 기록했으며, 특히 전형적인 진통 패턴이나 원기 근층 활성도와 현저히 다른 자궁수축 변화를 문서화했다. 이러한 비정상성은 수술 계획을 복잡하게 만들었지만 시술의 금기증은 아니었다. 수술 후, 환자는 출혈이나 감염의 징후가 있는지 면밀히 모니터링되었으며, 중재적시술의 복잡성에도 불구하고 회복 궤적은 안정적으로 나타났다. 환자가 합곡(合谷)에서 치료를 받은 관계-를 포함하여 유사한 산부인과 문제의 가족력을 보고했으나, 이러한 지리적 세부 사항은 즉각적인 수술기법에 직접적인 영향을 미치지 않았다는 점은 주목할 만하다. 병리 결과는 나중에 양성평활근종을 확인하여 선택된 치료-전략을 입증했다. 추구관리 예약은 증상의 분해능을 보장하고 수술 전 관찰된 자궁수축 변화의 재발을 모니터링하는 데 병터를 맞출 것이다."
term,P010,45,stop,"The neonate presented with severe congenital anomalies consistent with sirenomelia syndrome, characterized by fused lower limbs and absent external genitalia. Immediate assessment focused on stabilizing respiratory function while evaluating the extent of skeletal malformations. Despite the profound lower body defects, the upper extremity development appeared largely preserved, allowing for normal reflexive grasping and movement bilaterally. A thorough abdominal examination revealed significant distension, prompting further investigation into potential gastrointestinal obstructions or fistulas commonly associated with this rare condition. To assess the distal rectal anatomy and rule out imperforate anus or other anorectal malformations, a pediatric proctoscope was gently introduced under sterile conditions. The procedure allowed direct visualization of the rectal mucosa, confirming the presence of a narrow but patent channel despite the surrounding structural abnormalities. Multidisciplinary consultation involving pediatric surgery, nephrology, and genetics was initiated immediately to discuss prognosis and potential palliative measures, as renal agenesis is frequently observed alongside sirenomelia syndrome. The family received compassionate counseling regarding the gravity of the diagnosis and the limited therapeutic options available for such extensive developmental errors affecting multiple organ systems simultaneously.","신생아는 유합된 하지와 결손된 외생식기관을 특징으로 하는 인어다리 증후군과 일치하는 중증 선천성 기형을 보였다. 즉각적인 사정은 골격 기형의 범위를 평가하면서 호흡성 기능을 안정화하는 데 중점을 두었다. 심각한 하악체 결함에도 불구하고, 위팔 발색은 대체로 보존된 것으로 보였으며, 이로 인해 양측에서 노르말 반사성 잡기와 움직임이 가능했다. 철저한 복식 검사는 유의한 팽창을 드러냈고, 이 희귀 질환과 흔히 동반되는 전위 위창자 폐쇄 또는 누공에 대한 추가 조사를 촉발했다. 먼쪽 곧창자 해부학을 평가하고 항문막힘(증) 또는 기타 항문직장 기형을 배제하기 위해, 무균 조건하에서 소아과학 직장경이 부드럽게 삽입되었다. 시술은 곧창자 점막층의 직접적인 시각화를 가능하게 하였고, 주변 구조 이상에도 불구하고 좁지만 개방 통로의 존재를 확인하였다. 콩팥 무발생이 인어다리 증후군과 함께 흔히 관찰됨에 따라, 예후 및 전위 완화 치수를 논의하기 위해 소아과학 외과, 신장학 및 유전학을 포함한 다학제 타과자문이 즉시 시작되었다. 가족은 상병의 중력과 다발 기관 계통에 동시에 영향을 미치는 이러한 광범위한 발생 오류에 대해 이용 가능한 제한된 치료 옵션에 관해 자비로운 상담을 받았다."
term,P011,46,stop,"The patient presented with a complex clinical picture suggestive of a chronic systemic disorder. Initial laboratory investigations revealed significant hematological abnormalities, most notably a diagnosis of sideroblastic anaemia characterized by ringed sideroblasts in the bone marrow aspirate. This finding prompted a thorough review of the family history, which uncovered a pattern consistent with heredoinfection, indicating a potential genetic predisposition passed through multiple generations. Upon physical examination, the dermatological assessment identified a distinct rash purpuric distributed primarily across the lower extremities and trunk, non-blanching under pressure. The combination of these specific findings, including the refractory nature of the anaemia and the cutaneous manifestations, raised concerns for an underlying mitochondrial cytopathy or a rare congenital metabolic defect. Further genetic sequencing was ordered to confirm the etiology linking the heredoinfection trait with the observed sideroblastic anaemia and the associated rash purpuric. Supportive care including blood transfusions was initiated while awaiting definitive molecular results to guide long-term management strategies for this multifaceted presentation affecting both hematopoietic and integumentary systems.","환자는 만성 전신성 질환을 시사하는 복잡한 진료- 양상으로 태아위치되었다. 초기 기공의 검사에서 유의한 혈액학적 이상이 나타났으며, 가장 주목할 만한 것은 뼛속질 흡인물에서 고리 철적혈모구가 특징인 철적혈모구빈혈 상병이었다. 이 소견은 가족력에 대한 철저한 검토를 촉발했으며, 이를 통해 유전감염과 일치하는 양상이 밝혀져 다발- 세대를 통해 전달된 전위 유전- 질병소질을 나타냈다. 진찰 시, 피부과- 사정은 주로 하부 수족부 및 동맥에 분포하며 압박 시 소실되지 않는 뚜렷한 자색반 발진을 확인했다. 불응- 빈혈의 성질 및 피부- 발현을 포함한 이러한 종- 소견들의 교배변이는 기저 사립체- 세포병증 또는 희귀 선천성 대사- 결손(증)에 대한 우려를 불러일으켰다. 유전감염 성향을 관찰된 철적혈모구빈혈 및 연관된 자색반 발진과 연결하는 병인을 확인하기 위해 추가 유전- 염기서열결정이 의뢰되었다. 조혈- 및 피막- 계통을 정동하는 이 다면적인 태아위치에 대한 장기적 관리 전략을 유도하기 위한 확정 분자- 결과를 기다리는 동안 수혈을 포함한 보조 치료가 시작되었다."
term,P012,44,stop,"The patient presents with a complex history requiring multidisciplinary management, primarily due to a confirmed diagnosis of epidermolysis bullosa dystrophica. This severe genetic condition has resulted in extensive blistering and chronic wound formation across the extremities and trunk, necessitating rigorous daily dressing changes to prevent secondary complications. Due to the compromised integrity of the skin barrier, there is a significant concern for potential airborne infection, particularly given the recent exposure to a household contact with active respiratory symptoms. The care team has implemented strict isolation precautions to mitigate this risk while monitoring vital signs closely for any signs of systemic involvement. Additionally, the patient reports new onset of localized pain and swelling in the gluteal region, prompting an immediate evaluation that revealed signs consistent with glutitis. This inflammatory condition appears secondary to prolonged pressure and moisture associated with the necessary wound care regimen. Treatment plans are being adjusted to address both the acute inflammatory response in the gluteal area and the overarching need to protect fragile skin from further trauma or microbial invasion. Close follow-up is scheduled to assess response to topical therapies and ensure no progression of the airborne infection occurs within this vulnerable clinical setting.","환자는 주로 디스트로피성 수포성 표피박리증의 확진된 상병으로 인하여 다학제적 관리가 필요한 복잡한 병력을 보인다. 이 중증 유전- 질환은 수족부 및 동맥 전반에 걸친 광범위한 수포 형성과 만성- 창상 형체를 초래하였으며, 속발- 합병증을 예방하기 위해 엄격한 매일 상처치료재료 교체가 필요하다. 피부 장벽의 통합이 위태롭게 함으로 인해, 특히 능동- 호흡성- 증상이 있는 가족 접촉자와의 최근 피폭을 고려할 때, 전위 공기매개감염에 대한 유의한 우려가 있다. 진료 팀은 전신성- 병발의 징후가 있는지 활력징후를 면밀히 모니터링하는 동시에 이 위험을 완화하기 위해 엄격한 격리 예방 조치를 시행하였다. 추가적으로, 환자는 둔부에 국소화- 동통 및 종창의 새로운 발현을 보고하였으며, 이는 볼기염과 일치하는 징후를 보인 즉각적인 평가를 촉발하였다. 이 염증- 질환은 필요한 창상 진료 양생법과 관련된 장기간의 압력 및 습기와 속발- 인 것으로 보인다. 치료 계획은 둔부- 영역의 급성- 염증- 반응과 취약한 피부를 추가적인 외상이나 미생물- 침범으로부터 보호해야 하는 전반적인 필요성을 모두 해결하기 위해 조정되고 있다. 국소- 치료에 대한 반응을 평가하고, 이 취약한 진료- 환경 내에서 공기매개감염의 진행이 발생하지 않도록 보장하기 위해 면밀한 추구관리가 예정되어 있다."
term,P013,41,stop,"The patient presented with a history of agenesis of lung discovered incidentally during childhood imaging, which has remained asymptomatic until recent evaluation for unrelated symptoms. During the comprehensive review of systems, the individual reported a recent episode of implosion sensation within the thoracic cavity following a severe coughing fit, raising concerns for potential barotrauma or structural compromise despite the congenital absence of pulmonary tissue on the affected side. The medical history is otherwise unremarkable, though the patient maintains a regular schedule of blood donation every eight weeks, a practice that has been tolerated well without evidence of anemia or hemodynamic instability. Physical examination revealed diminished breath sounds on the right, consistent with the known agenesis of lung, while the left lung demonstrated hyperinflation to compensate for the missing volume. The reported implosion feeling was transient and not associated with acute pain or desaturation, suggesting a musculoskeletal origin rather than true parenchymal collapse. Given the stable nature of the congenital anomaly and the benign course of the recent sensation, no immediate intervention is planned, but the patient will be advised to temporarily suspend blood donation until further pulmonary function testing can definitively rule out any subtle physiological strain caused by the compensatory mechanisms of the solitary lung.","환자는 소아기 조영 중 우연히 발견된 폐의 무발생 병력을 보였으며, 이는 무관한 증상에 대한 최근 평가 때까지 무증상 상태를 유지했다. 포괄적인 계통 조사 중, 환자는 최근 중증 기침 발작 후 가슴 공동 내에서 홍수(노출)요법 감각의 삽화를 보고했으며, 이는 이환측의 선천성 폐 조직 소발작에도 불구하고 전위 압력손상 또는 구조적 손상에 대한 우려를 제기했다. 병력은 이외에 특이 소견이 없으나, 환자는 8주마다 정기적으로 헌혈을 실시하며, 이 개원진료는 빈혈이나 혈류역학 불안정의 증거 없이 잘 견뎌냈다. 진찰에서는 우측 호흡음 감소를 보였으며 이는 알려진 폐의 무발생과 일치하는 반면, 좌측 폐는 결손된 -량을 보상하기 위해 과다팽창을 보였다. 보고된 홍수(노출)요법 느낌은 일과성이었으며 급성 동통이나 불포화반응과 관련이 없어, 진정한 실질 붕괴보다는 근육뼈대 이는곳을 시사했다. 선천성 기형의 안정 특성과 최근 감각의 양성 경과를 고려할 때 즉각적인 중재적시술은 계획되지 않았으나, 단발 폐의 보상 기전에 의해 유발된 미세한 생리적 균주를 추가적인 폐 기능 검사로 명확히 배제할 수 있을 때까지 환자에게 일시적으로 헌혈을 중단하도록 권고할 예정이다."
term,P014,38,stop,"The patient presented with persistent topalgia localized to the lower lumbar region, which had worsened over the preceding three weeks despite conservative management. Initial imaging revealed a suspicious mass requiring further characterization through advanced oncotaxonomy protocols to determine the precise lineage and potential metastatic behavior of the lesion. Following multidisciplinary review, the decision was made to proceed with a biopsy under image guidance. During the procedure, careful application of negative pressure was maintained within the aspiration device to ensure adequate cellular yield while minimizing trauma to surrounding vascular structures. The sample obtained was immediately sent for pathological analysis, with preliminary results suggesting a need for additional molecular profiling. Throughout the intervention, the patient reported significant relief from their topalgia, likely due to the decompressive effect of the needle insertion. Post-procedure monitoring showed no immediate complications, and the site remained stable without signs of hematoma or infection. The integration of refined oncotaxonomy data will be critical in formulating the subsequent therapeutic strategy, potentially involving targeted agents or radiation therapy depending on final classification. Continued assessment of pain levels and functional status remains a priority in the ongoing care plan.","환자는 하부 요부에 국소화된 잔류 국소통증을 주소로 내원하였으며, 보존적 관리에도 불구하고 지난 3주간 악화된 양상을 보였다. 초기 조영은 의심스러운 종괴를 보였으며, 병소의 정확한 계통 및 전위 전이성 행태를 결정하기 위해 고도의 종양분류법 프로토콜을 통한 추가적인 특성 규명이 필요했다. 다학제 검토 후, 상 유도하 생검을 진행하기로 결정하였다. 시술 중, 주변 혈관 구조에 대한 손상을 최소화하면서 적절한 세포 수확을 보장하기 위해 흡인 기기 내에 음압을 주의 깊게 유지하였다. 얻어진 표본인구는 즉시 병적 분석을 위해 보내졌으며, 예비 결과는 추가적인 분자 프로파일링의 필요성을 시사했다. 중재적시술 내내, 환자는 침 부착의 감압 효과로 인해 것으로 보이는 국소통증의 유의한 완화를 호소하였다. 시술 후 모니터링에서 즉각적인 합병증은 없었으며, 해당 부위는 혈종이나 감염의 징후 없이 안정된 상태를 유지했다. 정제된 종양분류법 데이터의 융합은 최종 분류에 따라 표적 치료제 또는 방사선 치료요법을 포함할 수 있는 후속 치료 전략을 수립하는 데 있어 고비가 될 것이다. 동통 수준 및 기능적 체질에 대한 지속적인 사정은 진행 중인 진료 계획에서 우선순위로 남아 있다."
term,P015,42,stop,"The patient presented with severe pain in the left hallux, where clinical examination confirmed a diagnosis of onychocryptosis with significant surrounding erythema and purulent drainage. Due to the patient's concurrent complaint of radiating lower back pain extending down the right leg, a comprehensive evaluation was deemed necessary to rule out spinal pathology alongside the local foot infection. The medical team proceeded to schedule advanced imaging to assess potential foraminal stenosis at the L5-S1 level, which could explain the radicular symptoms. During the radiology procedure, the technologist carefully positioned the patient and adjusted the rotalix tube to obtain high-resolution lateral and anteroposterior views of the lumbar spine. The resulting images clearly demonstrated narrowing of the neural foramina, correlating with the patient's neurological findings. Meanwhile, the onychocryptosis was managed with partial nail avulsion and chemical matrixectomy to prevent recurrence. Post-procedure instructions included keeping the toe dry and monitoring for signs of spreading infection. The patient tolerated both the spinal imaging involving the rotalix tube and the minor surgical intervention well, reporting immediate relief from the toe pain and expressing hope that further physical therapy would address the foraminal compression issues identified in the lumbar region during this same clinical visit.","환자는 좌측 족무지의 중증 동통으로 내원하였으며, 진료 검사는 주변의 유의한 홍반 및 고름 배액을 동반한 감입발톱 상병을 확인하였다. 환자의 우측 하지로 방사되는 요통에 대한 동시 호소증상으로 인해, 국소 족 감염과 함께 가시 병리를 배제하기 위해 종합 평가가 필요하다고 판단되었다. 의료진은 치근 증상을 설명할 수 있는 L5-S1 레벨의 전위 그물막구멍 협착을 평가하기 위해 고급 조영을 예약하였다. 방사선과학 시술 중, 기사는 환자를 주의 깊게 배치하고 회전양극관을 조정하여 요추 척주의 고해상도 가쪽 및 전후면 영상을 얻었다. 결과 영상은 신경 그물막구멍의 협착을 명확히 보여주었으며, 이는 환자의 신경학적 소견과 상관관계가 있었다. 한편, 감입발톱은 재발 방지를 위해 부분 손톱박리 및 화학 모체절제술로 치료되었다. 시술 후 지침에는 발가락을 건조하게 유지하고 감염 확산 징후를 모니터링하는 것이 포함되었다. 환자는 회전양극관을 포함한 가시 조영과 작은 수술 중재를 모두 잘 견뎠으며, 발가락 동통의 즉각적 완화를 보고하고 추가 신체 치료가 동일한 진료 면회 중에 확인된 요부의 그물막구멍 압박 문제를 해결할 것이라는 희망을 표명하였다."
term,P016,43,stop,"The patient presented with a complex history involving superexcitation of the myocardium during initial assessment, which required immediate stabilization protocols. Concurrently, laboratory results confirmed a diagnosis of intermedia thalassaemia that has been managed conservatively since childhood without regular transfusion dependence. During the physical examination, the physician noted significant cerumen impaction within the endaural canal, obscuring visualization of the tympanic membrane and contributing to reported conductive hearing loss. The superexcitation episodes were correlated with electrolyte imbalances potentially exacerbated by chronic hemolysis associated with the underlying intermedia thalassaemia. Removal of the obstructive material from the endaural space was performed carefully to avoid trauma to the delicate skin lining the auditory meatus. Following clearance, the patient reported immediate improvement in auditory acuity, though monitoring for recurrent superexcitation remains a priority given the cardiac instability observed earlier. Management plans include ongoing hematologic follow-up for intermedia thalassaemia and routine otoscopic evaluations to prevent future endaural blockages. The interdisciplinary team will coordinate care to address both the hematologic and otologic concerns while maintaining vigilance against further episodes of superexcitation that could compromise overall cardiovascular stability in this medically complex individual.","환자는 초기 사정 중 심장근육의 과도흥분을 포함한 복잡한 병력을 보였으며, 이로 인해 즉각적인 안정화 프로토콜이 필요했다. 동시에, 기공의 결과는 소아기부터 정기적인 수혈 의존 없이 보존적으로 관리되어 온 중간형 지중해빈혈이라는 상병을 확인했다. 진찰 중, 내과의사는 귀속- 굴 내의 유의한 귀지 박힘을 발견했으며, 이는 고막의 시각화를 가리고 보고된 전음난청에 기여한 것으로 나타났다. 과도흥분 에피소드는 기저 중간형 지중해빈혈과 관련된 만성- 용혈로 인해 잠재적으로 악화된 전해질 불균형과 상관관계가 있었다. 청각- 길을 감싸는 섬세한 피부에 외상을 피하기 위해 귀속- 공간에서 폐쇄성 질을 제거하는 작업이 주의 깊게 수행되었다. 청소율 후, 환자는 청력의 즉각적인 개선을 보고했지만, 이전에 관찰된 심장병환자 불안정성을 고려할 때 반복- 과도흥분에 대한 모니터링은 여전히 우선순위로 남아 있다. 관리 계획에는 중간형 지중해빈혈에 대한 지속적인 혈액- 추구관리와 향후 귀속- 폐쇄를 예방하기 위한 정기 이경 평가가 포함된다. 학제간 팀은 혈액- 및 이학 우려 사항을 모두 해결하기 위해 진료를 조정하는 동시에, 의학적으로 복잡한 이 개인의 전반적인 심장혈관- 안정성을 손상시킬 수 있는 추가적인 과도흥분 에피소드에 대한 각성을 유지할 것이다."
term,P017,45,stop,"The patient presented with a complex history involving multicystic renal dysplasia detected during prenatal imaging, which persisted postnatally without significant functional improvement. During the subsequent cardiac evaluation, the surgical team prepared for a potential intervention requiring the administration of a cardioplegic solution to ensure myocardial protection while addressing concurrent structural anomalies. Detailed neurological assessment revealed an unusual narrowing of the neurocanal at the cervical level, raising concerns about possible spinal cord compression despite the absence of acute motor deficits. The multidisciplinary team discussed the intricate relationship between the renal malformation and the observed cardiac needs, emphasizing that the use of cardioplegic agents must be carefully titrated given the compromised renal clearance associated with multicystic renal dysplasia. Furthermore, the integrity of the neurocanal was monitored throughout the procedure to prevent iatrogenic injury during positioning. Postoperative plans include serial imaging to track the evolution of the renal cysts and repeated neurological exams to assess the stability of the neurocanal dimensions. Careful coordination between nephrology, cardiology, and neurosurgery remains essential to manage these overlapping conditions effectively while minimizing risks associated with both the cardioplegic protocol and the underlying anatomical variations.","환자는 출생전- 조영 중 발견된 다낭성 신장의 형성이상과 관련된 복잡한 병력을 보였으며, 이는 출생후에도 지속되었고 유의한 기능적 개선은 없었다. 후속 심장병환자 평가 중, 외과팀은 동시- 구조적 이상을 해결하면서 심장근육- 보호를 보장하기 위해 심장마비- 용액의 투여를 필요로 하는 전위 중재적시술을 준비했다. 상세한 신경학적 사정은 목- 수준에서 신경관의 비정상적인 협착을 밝혀냈으며, 이는 급성- 동작- 결손의 소발작에도 불구하고 가능한 척수 압박에 대한 우려를 제기했다. 다학제팀은 콩팥- 기형과 관찰된 심장병환자 요구 간의 복잡한 관계를 논의했으며, 다낭성 신장의 형성이상과 관련된 위태롭게 함 콩팥- 청소율을 고려할 때 심장마비- 약제의 사용을 신중하게 적정해야 한다고 강조했다. 또한, 신경관의 통합은 체위잡기 중 의원- 손상을 예방하기 위해 시술 전반에 걸쳐 모니터링되었다. 수술후 계획에는 콩팥- 낭의 펼침을 추적하기 위한 연속 조영과 신경관 차원의 안정성을 사정하기 위한 반복적인 신경학적 검사가 포함된다. 신장학, 심장학 및 신경외과 간의 신중한 협응은 심장마비- 연구계획서 및 근본적인 해부학적 변이와 관련된 위험을 최소화하면서 이러한 중첩된 상태를 효과적으로 관리하는 데 본태- 적이다."
term,P018,43,stop,"The patient presented with a complex and confusing clinical picture that initially suggested a metabolic emergency but rapidly evolved into a neurological crisis. Upon admission, the individual was unresponsive and exhibited signs consistent with a diabetic coma, prompting immediate administration of insulin and fluid resuscitation while laboratory values were pending. However, the clinical course deviated significantly from expected recovery patterns as the patient developed severe meningoencephalitis symptoms despite correction of hyperglycemia. Further history revealed recent exposure to warm freshwater sources, raising suspicion for naegleria fowleri infection, a rare but fatal amoebic pathogen known to invade the central nervous system through the olfactory nerve. Concurrent imaging studies incidentally noted an epiplocele in the abdominal region, though this finding appeared unrelated to the acute neurological decline. The medical team faced a daunting challenge as the rapid progression of cerebral edema overshadowed the initial metabolic disturbance. Despite aggressive antimicrobial therapy and supportive care measures, the prognosis remained grim due to the virulent nature of the identified pathogen. The presence of the epiplocele was documented for future surgical consideration once the acute infectious process was addressed or deemed terminal.","환자는 초기에는 대사- 응급을 시사했으나 신속하게 신경- 위기로 진행된 복잡하고 혼란스러운 진료- 양상으로 나타났다. 입원 시, 이 환자는 반응이 없고 당뇨 혼수와 일치하는 징후를 보였으며, 기공의 수치가 대기 중인 동안 즉각적인 인슐린 투여 및 수액 소생(술)을 촉발했다. 그러나 고혈당증이 교정되었음에도 환자가 중증 수막뇌염 증상을 발현함에 따라 진료- 경과는 예상되는 회복 패턴에서 크게 벗어났다. 추가 병력은 최근 따뜻한 담수원에 대한 피폭을 밝혀내어, 후각- 신경을 통해 중추- 신경- 분류법을 침범하는 것으로 알려진 희귀하지만 치사- 아메바성 병원체인 파울러자유아메바 감염에 대한 의심을 높였다. 동시- 조영 연구는 우연히 복식- 부위의 대망탈장을 기록했으나, 이 소견은 급성- 신경- 악화와 관련이 없는 것으로 보였다. 의료진은 대뇌- 부종의 급속한 진행이 초기 대사- 장애를 가리면서 막대한 유발에 직면했다. 공격적인 항균- 요법과 보조 치료 치수에도 불구하고, 확인된 병원체의 독성- 특성으로 인해 예후는 여전히 암울했다. 대망탈장의 존재는 급성- 감염- 과정이 해결되거나 말단- 으로 간주된 후 향후 수술 고려를 위해 문서화되었다."
term,P019,38,stop,"The patient presented with progressive neurological decline prompting a comprehensive evaluation including advanced imaging and functional assessment. Initial physical examination revealed significant motor instability, necessitating the immediate application of a retaining harness to prevent falls during ambulation trials within the therapy gym. Subsequent diagnostic workup focused on cerebrovascular integrity, where hemodynamometry was employed to quantify cerebral blood flow dynamics under varying physiological stress conditions. The data obtained from these measurements indicated irregular perfusion patterns that correlated with the patient's reported episodes of dizziness and syncope. Magnetic resonance imaging of the brain later confirmed the presence of insular sclerosis, characterized by distinct hyperintense lesions within the insular cortex that explained the complex seizure activity observed during monitoring. This structural abnormality appeared to disrupt autonomic regulation pathways, further complicating the clinical picture. Management strategies were adjusted to address both the mechanical safety concerns and the underlying vascular insufficiency. The care team determined that continued use of the retaining harness was essential while pharmacological interventions were optimized to stabilize hemodynamic parameters. Long-term prognosis remains guarded due to the extent of insular sclerosis and its impact on critical neural networks governing sensory integration and motor control.","환자는 진행성 신경학적 악화를 보이며, 이는 고도 조영 및 기능적 사정을 포함한 종합적인 평가를 촉발하였다. 초기 진찰에서 유의한 동작 불안정성이 나타나, 치료 체육관 내 이동 시도 중 낙상을 방지하기 위해 즉각적인 장치유지 적용이 필요했다. 후속 진단 정밀검사는 뇌혈관 통합에 초점을 맞추었으며, 다양한 생리적 부하 조건에서 대뇌 혈류량 동역학을 정량화하기 위해 혈압측정(법)이 사용되었다. 이러한 측정에서 얻은 데이터는 환자가 보고한 현기증 및 실신 에피소드와 상관관계가 있는 불규칙한 관혈류 패턴을 나타냈다. 이후 뇌 자기공영영상은 섬경화증의 존재를 확인하였으며, 모니터링 중 관찰된 복잡한 간질발작 활성도를 설명하는 섬엽 겉질 내 뚜렷한 고강도 병변으로 특징지어졌다. 이 구조적 이상은 자율 조절 경로를 방해하는 것으로 보이며, 진료 양상을 더욱 복잡하게 만들었다. 관리 전략은 기계적 안전 문제와 기저 혈관 기능부전을 모두 해결하도록 조정되었다. 진료 팀은 혈류역학 매개변수를 안정화하기 위해 약물적 중재가 최적화되는 동안 장치유지의 지속적인 사용이 본태적인 것으로 판단하였다. 섬경화증의 범위와 감각성 융합 및 동작 대조를 관장하는 고비 신경망에 미치는 영향으로 인해 장기적 예후는 신중하게 관찰된다."
term,P020,46,stop,"The patient presented with a persistent, dull ache localized to the mandibular right first molar, prompting a comprehensive radiographic evaluation that revealed a well-defined radiolucency at the apex consistent with a dental granuloma. This chronic inflammatory lesion appeared to be the source of significant discomfort, particularly when the area was subjected to any form of exteroceptive stimulus such as thermal changes or light percussion during the physical examination. The sensitivity was acute and lingered for several minutes after the removal of the triggering factor, suggesting irreversible pulpitis secondary to the periapical pathology. While reviewing the patient's complex medical history, it was noted that they had undergone specialized particle therapy for a distinct craniofacial malignancy several years prior, a treatment protocol that utilized a highly focused beam of a deshielded proton to target deep-seated tumor cells while sparing adjacent healthy tissue. Although the radiation oncology team confirmed that the cumulative dose to the jawbone was within safe limits, the potential for delayed osteoradionecrosis or altered healing capacity remains a critical consideration before proceeding with any surgical intervention on the affected tooth. Careful monitoring and a multidisciplinary approach are essential to manage this case effectively without compromising the structural integrity of the surrounding maxillofacial bones.","환자는 아래턱 오른쪽 첫 번째 큰어금니에 국소화된 잔류통, 둔함을 보였으며, 이로 인해 포괄적인 방사선학적 평가를 시행한 결과 첨부에서 뿌리끝육아종과 일치하는 경계가 명확한 방사선투과성이 확인되었다. 이 만성염증병소는 유의한 불편감의 원인인 것으로 보였으며, 특히 진찰 중 열 변화나 가벼운 타진(법)과 같은 모든 형태의 외수용자극에 노출되었을 때 두드러졌다. 민감도는 급성이었고 유발 인자를 제거한 후에도 수 분간 지속되어, 치아뿌리끝주위병리에 속발한 비가역치수염을 시사했다. 환자의 복잡한 병력을 검토하는 동안, 수년 전에 뚜렷한 머리얼굴악성에 대해 특수 입자 치료를 받은 것으로 확인되었는데, 이는 인접한 건강한 조직을 보존하면서 깊은 종창세포를 표적으로 미차폐양성자의 고도로 집속된 선을 활용한 연구계획서였다. 방사선종양학팀은 턱뼈에 가해지는 누적 선량이 안전 한계 내임을 확인했지만, 영향을 받은 이에 대한 수술 중재를 진행하기 전에 지연뼈방사선괴사나 변화된 치유능의 전위는 고비 고려 사항으로 남아 있다. 주변 위턱얼굴뼈의 구조적 통합을 손상시키지 않고 이 사례를 효과적으로 관리하기 위해서는 면밀한 모니터링과 다학제적 접근이 본태적이다."
term,P021,38,stop,"The patient presents with a complex history stemming from school childhood, where early motor delays were first noted by educators and parents alike. Current evaluation focuses on establishing an accurate dry weight to guide nutritional interventions and medication dosing, as fluid retention has complicated previous assessments. The clinical picture strongly suggests the presence of myotonic disorders, characterized by delayed muscle relaxation following voluntary contraction. Family history reveals similar patterns across multiple generations, supporting a genetic etiology. Physical examination demonstrates grip myotonia and percussion myotonia in the thenar eminence, alongside mild distal weakness. Cardiac monitoring is initiated due to the known association between myotonic disorders and conduction abnormalities. The care team emphasizes the importance of maintaining the target dry weight to prevent exacerbation of respiratory compromise, which is a frequent complication in this population. Ongoing therapy includes physical rehabilitation tailored to preserve function without inducing excessive fatigue. Regular follow-up will monitor progression and adjust management strategies accordingly, ensuring comprehensive support for the patient and family as they navigate the challenges associated with this chronic condition.","환자는 교육자와 부모 모두에 의해 초기 동작 지연이 처음으로 관찰된 학령기에서 비롯된 복잡한 병력을 보인다. 현재 평가는 액 보정이 이전 평가를 복잡하게 만들었기 때문에 영양 개입 및 약물 처치 용량 조절을 유도하기 위해 정확한 투석목표체중을 확립하는 데 중점을 둔다. 진료 양상은 수의 수축 후 지연 근육 이완을 특징으로 하는 근긴장장애의 존재를 강하게 시사한다. 가족력은 여러 세대에 걸쳐 유사한 양상을 보여주며, 유전 병인을 뒷받침한다. 진찰은 엄지두덩에서 인플루엔자 근긴장증 및 타진(법) 근긴장증과 함께 경도의 먼쪽 위약을 보여준다. 근긴장장애와 전도 이상 간의 알려진 연관성으로 인해 심장병환자 모니터링이 시작되었다. 진료 팀은 호흡성 기능 저하의 악화를 예방하기 위해 표적세포 투석목표체중을 유지하는 것의 중요성을 강조하며, 이는 이 인구에서 빈번 합병증이다. 지속적인 치료에는 과도한 피로를 유발하지 않고 기능을 보존하도록 맞춤화된 신체 재건이 포함된다. 정기적인 추구관리는 진행을 모니터링하고 그에 따라 관리 전략을 조정하여, 환자와 가족이 이 만성 질환과 관련된 도전을 탐색할 때 포괄적인 지원을 보장할 것이다."
term,P022,38,stop,"The patient presented with significant difficulty achieving full plantar flexion of the right ankle during the initial gait assessment, suggesting potential neuromuscular compromise in the lower extremity. Further examination of the upper back revealed a striking absence of muscle bulk across the posterior shoulder girdle, particularly noticeable when comparing bilateral symmetry. Detailed palpation and functional testing confirmed the complete lack of contraction within the entire trapezius muscle on the affected side, correlating with the patient's reported inability to shrug or stabilize the scapula against resistance. This profound deficit appears congenital rather than acquired, as there is no history of trauma or surgical intervention that would account for such extensive tissue loss. The clinical picture suggests a complex developmental anomaly affecting multiple myotomes, necessitating advanced imaging to evaluate underlying nerve root integrity and rule out associated spinal dysraphism. Immediate referral to a specialist in neuromuscular disorders is warranted to discuss potential reconstructive options and long-term management strategies aimed at improving functional capacity and preventing secondary joint deformities resulting from chronic muscular imbalance and instability.","환자는 초기 걸음 사정 중 오른쪽 발목의 완전한 발바닥쪽 굽힘을 달성하는 데 유의한 어려움을 보였으며, 이는 하지에서의 전위 신경근(육)- 손상을 시사한다. 등 상부에 대한 추가 검사는 뒤- 팔이음뼈 전반에 걸쳐 근육의 결여가 두드러짐을 밝혔으며, 이는 양측성 대칭을 비교할 때 특히 눈에 띄었다. 상세한 촉진 및 기능 검사는 이환된 측의 온등세모근 내부에서 수축이 완전히 부재함을 확인하였고, 이는 환자가 보고한 내성에 대항하여 어깨뼈를 으쓱하거나 안정화할 수 없다는 것과 상관관계가 있었다. 이러한 광범위한 조직 소실을 설명할 수 있는 외상이나 수술 중재의 병력이 없으므로, 이 중증 결손은 후천-보다 선천성인 것으로 보인다. 진료- 양상은 다발- 근절을 정동하는 복잡한 발생이상을 시사하며, 이는 기저 신경 근 통합을 평가하고 관련된 척추 솔기닫힘장애를 배제하기 위해 고급 조영을 필요로 한다. 만성- 근(육)- 불균형 및 불안정성으로 인한 속발- 관절 변형을 예방하고 기능용량을 향상시키는 데 목적을 둔 전위 재건 옵션 및 장기적 관리 전략을 논의하기 위해 신경근(육)- 질환 전문의에게 즉시 회송하는 것이 타당하다."
term,P023,38,stop,"The patient presented with a complex clinical picture requiring careful evaluation of multiple systemic anomalies. Initial assessment noted significant joint inflammation consistent with urarthritis, particularly affecting the small joints of the hands and feet, which caused considerable discomfort during movement. Further examination of the oral cavity and facial structure revealed features characteristic of orofaciodigital syndrome, including distinct digital abnormalities and specific craniofacial dysmorphisms that aligned with known phenotypic presentations. During the physical therapy session, the patient was instructed to maintain a stable basal seat position to ensure proper pelvic alignment and reduce strain on the lower extremities while performing prescribed exercises. This positioning strategy aimed to mitigate pain associated with the inflammatory joint condition while accommodating the structural limitations imposed by the congenital syndrome. The care team emphasized the importance of consistent adherence to this seating protocol to optimize functional outcomes and prevent further joint degradation. Ongoing monitoring will focus on managing inflammatory markers and assessing developmental progress, ensuring that interventions remain tailored to the unique combination of acquired inflammatory pathology and congenital structural anomalies observed in this individual case.","환자는 다발- 전신성 이상에 대한 면밀한 평가가 필요한 복잡한 진료- 양상을 보였다. 초기 사정은 손과 발의 작은 관절에 특히 정동되어 움직임 동안 상당한 불편함을 유발한, 통풍관절염과 일치하는 유의한 관절 염을 기록했다. 구두- 공동 및 얼굴- 구조에 대한 추가 검사는 알려진 표현형 발현과 일치하는 뚜렷한 가락모양 이상 및 종- 머리얼굴- 기형을 포함하여, 구안지 증후군의 특징적인 소견을 드러냈다. 신체- 치료 세션 동안, 환자는 처방된 운동을 수행하는 동안 적절한 골반 중심맞추기를 보장하고 수족부에 가해지는 균주를 줄이기 위해 안정- 의치지지조직 태위를 유지하도록 지시받았다. 이 체위잡기 전략은 선천성 증후군에 의해 부과된 구조적 한계를 수용하면서 염증- 관절 상태와 관련된 동통을 완화하는 것을 목표로 했다. 진료 팀은 기능적 결과를 최적화하고 추가적인 관절 분해를 방지하기 위해 이 착석 연구계획서에 대한 지속적인 이행의 중요성을 강조했다. 지속적인 모니터링은 염증- 표지자를 관리하고 발달 진행을 사정하기에 집중하여, 이 개별 사례에서 관찰된 후천- 염증- 병리 및 선천성 구조적 이상의 고유한 교배변이에 맞춰 중재가 유지되도록 할 것이다."
term,P024,38,stop,"The patient presented to the emergency department following a high-impact fall on an outstretched hand, complaining of severe wrist pain and visible deformity. Radiographic imaging confirmed a complete dislocation of midcarpal(joint), necessitating urgent closed reduction under conscious sedation. During the initial trauma assessment, the patient also reported longstanding visual difficulties that had never been formally addressed. A review of past medical records revealed a diagnosis of anisometropic amblyopia identified during childhood, which resulted in significantly reduced visual acuity in the left eye despite corrective lenses. The orthopedic team successfully stabilized the wrist, and the patient was admitted for overnight observation to monitor neurovascular status. Given the patient's complex history of type 1 diabetes mellitus and recent fluctuations in glycemic control, a consultation was requested from the endocrinologist to optimize insulin therapy during the recovery period. The endocrinologist adjusted the basal rates and recommended frequent glucose monitoring while the patient remains non-weight bearing on the affected upper extremity. Follow-up appointments were scheduled with both orthopedics and ophthalmology to ensure comprehensive management of the acute injury and chronic visual condition.","환자는 편 손으로 떨어진 후 응급실에 내원하여 중증 손목 동통과 가시 변형을 호소하였다. 방사선 조영은 중수관절의 완전한 어긋남을 확인하였으며, 이는 얕은진정 하에 긴박한 비개방정복술을 필요로 하였다. 초기 외상 사정 중, 환자는 또한 공식적으로 다루어진 적이 없는 오래된 시각적 어려움을 보고하였다. 과거 의무기록 검토 결과 소아기에 확인된 굴절부등약시 상병이 나타났으며, 이로 인해 교정 렌즈에도 불구하고 좌안의 시각 명료도가 현저히 감소하였다. 정형외과 팀은 성공적으로 손목을 안정화하였고, 환자는 신경혈관 체질을 모니터링하기 위해 하룻밤 관찰을 위해 입원하였다. 환자의 제1형 다뇨성질환의 복잡한 병력과 최근 혈당 대조의 변동을 고려하여, 회복 기간 동안 인슐린 치료를 최적화하기 위해 내분비전문의에게 타과자문이 요청되었다. 내분비전문의는 기초 속도를 조정하고, 환자가 해당 위팔에 체중 부하를 하지 않는 동안 빈번한 당글루코오스 모니터링을 권장하였다. 급성 부상과 만성 시각 상태의 포괄적인 관리를 보장하기 위해 정형외과학과 안과학 모두에서 추구관리 예약이 예정되었다."
term,P025,38,stop,"The patient presented with complex gastrointestinal complaints prompting a detailed abdominal exploration where the surgeon identified an abnormal paraduodenal fold causing intermittent obstruction near the duodenojejunal junction. This anatomical variant required careful dissection to prevent vascular injury during the corrective procedure. Concurrently, the medical team addressed significant respiratory concerns stemming from a history of prolonged intubation, which had resulted in progressive laryngotracheal stenosis that severely limited airflow and necessitated scheduled dilation therapies. The multidisciplinary approach also involved a comprehensive evaluation by neuropsychiatry due to the patient's marked cognitive fluctuations and emotional lability observed throughout the hospitalization. These behavioral changes complicated postoperative recovery and adherence to respiratory treatments, requiring tailored pharmacological interventions and supportive counseling. The integration of surgical, respiratory, and psychiatric management plans was essential to address the multifaceted nature of this clinical case. Close monitoring of the paraduodenal region remains critical to ensure no recurrent obstruction occurs, while ongoing assessment of the laryngotracheal stenosis will guide future airway management strategies. The neuropsychiatry team continues to provide vital support for stabilizing the patient's mental status and improving overall functional outcomes during this extended recovery period.","환자는 복잡한 위창자- 불만으로 내원하여 상세한 복식- 검사를 시행하였으며, 이 과정에서 의무장교는 샘빈창자- 접합부 근처에서 간헐적 폐쇄를 유발하는 비정상 샘창자옆주름을 확인했다. 이 해부학적 변종은 교정 시술 중 혈관 손상을 방지하기 위해 세심한 절제가 필요했다. 동시에, 의료진은 장기간 관넣기 병력에서 비롯된 유의한 호흡성- 문제를 다루었는데, 이는 진행- 후두기관협착(증)을 초래하여 기류를 심하게 제한하고 예정된 확장 치료를 필요로 했다. 다학제 접근에는 입원 기간 전반에 걸쳐 관찰된 환자의 뚜렷한 인지 변동 및 감정 불안정감정으로 인해 신경정신과학의 포괄적인 평가도 포함되었다. 이러한 행동 변화는 수술 후 회복과 호흡성- 치료 이행을 복잡하게 만들어 맞춤형 약물학적 중재와 지지적 상담을 필요로 했다. 수술, 호흡성-, 정신(과) 관리 계획의 융합은 이 진료- 사례의 다각적인 특성을 다루는 데 본태- 적이었다. 샘창자옆주름 영역의 면밀한 모니터링은 반복- 폐쇄가 발생하지 않도록 보장하는 데 고비- 적인 반면, 후두기관협착(증)에 대한 지속적인 사정은 향후 기도유지기 관리 전략을 유도할 것이다. 신경정신과학 팀은 이 연장된 회복 기간 동안 환자의 턱끝- 체질을 안정화하고 전반적인 기능적 결과를 개선하기 위해 생명중추 지원을 계속 제공할 것이다."
term,P026,43,stop,"The patient presented with a complex history involving multiple systemic and dermatological complaints that required careful evaluation. Initial examination revealed significant ocular surface disease consistent with exposure keratopathy, likely secondary to incomplete eyelid closure during sleep. This finding necessitated immediate lubrication therapy and protective measures to prevent further corneal damage. Concurrently, the patient reported severe, intractable itching affecting the extensor surfaces of the limbs, where physical inspection confirmed the presence of nodular prurigo characterized by hyperkeratotic, excoriated papules. To investigate potential underlying endocrine contributors to the sympathetic overactivity suspected in this case, laboratory studies were ordered including plasma fractionated metanephrines. The results returned with an elevated normetanephrine level, prompting further imaging to rule out a catecholamine-secreting tumor. Management plans were adjusted to address both the cutaneous symptoms and the potential adrenal pathology while monitoring the progression of the ocular surface integrity. Close follow-up was scheduled to reassess the response to topical treatments for the skin and eye conditions pending additional diagnostic workup results.","환자는 신중한 평가가 필요한 다발- 전신성- 및 피부과- 주소를 포함하는 복잡한 병력을 보였다. 초기 검사는 수면 중 불완전- 안검 봉합로 인한 속발-일 가능성이 높은 노출 각막병증과 일치하는 유의한 눈- 표면 질환을 드러냈다. 이 소견은 추가적인 각맍 손상을 예방하기 위해 즉각적인 윤활 요법과 방어- 치수를 필요로 했다. 동시에, 환자는 사지의 폄- 표면에 정동하는 중증, 난치- 소양감을 보고했으며, 신체- 시진은 과각화- 및 박탈된 구진을 특징으로 하는 결절가려움발진의 존재를 확인했다. 본 사례에서 의심되는 동정- 과다활동에 기여하는 잠재적인 기저 호르몬- 요인을 조사하기 위해, 형질 분획 메타네프린을 포함한 기공의 검사가 의뢰되었다. 결과는 상승된 노르메타네프린 수치를 보였고, 카테콜라민 분비 종창을 배제하기 위한 추가 조영을 촉발했다. 관리 계획은 눈- 표면 통합의 진행을 모니터링하면서 피부 증상과 잠재적인 부신- 병리를 모두 해결하도록 조정되었다. 추가 진단 정밀검사 결과가 나오기 전까지 피부 및 눈 질환에 대한 국소- 치료에 대한 반응을 재평가하기 위해 면밀한 추구관리가 예정되었다."
term,P027,41,stop,"The patient presented with profound physical inertia, remaining nearly motionless in bed despite repeated verbal prompts to engage in basic self-care activities. This severe lack of movement complicated the initial physical examination and delayed further diagnostic procedures. Upon detailed urological assessment, significant swelling was noted in the scrotal region, prompting an urgent ultrasound that revealed an obstruction within the epididymal duct. This blockage appeared to be the primary source of the acute pain and localized inflammation reported by the individual. Concurrently, the ophthalmology consultation highlighted a rare and alarming finding of scleral necrosis/melt affecting the left eye, characterized by thinning of the collagenous tissue and potential risk for perforation. The medical team immediately initiated a multidisciplinary approach to address both the urological obstruction and the ocular emergency. Intravenous antibiotics and anti-inflammatory agents were administered while surgical intervention was scheduled to relieve the pressure in the reproductive system and stabilize the eye structure. Close monitoring of vital signs and tissue integrity remains the priority as the treatment plan unfolds over the coming days to prevent further systemic complications or permanent sensory loss.","환자는 심각한 신체- 무기력을 보였으며, 염기성- 자가간호 활성도에 참여하라는 반복적인 언어적 촉구에도 불구하고 침대에서 거의 움직이지 않은 잔존 상태였다. 이러한 중증의 움직임 부족은 초기 진찰을 복잡하게 하였고 추가적인 진단 절차를 지연-시켰다. 상세한 비뇨기과적 사정 시, 음낭- 부위에 유의한 종창이 관찰되었으며, 이는 부고환관 내 폐쇄를 보여준 긴박- 초음파촬영(술)을 시행하게 한 계기가 되었다. 이 폐쇄는 환자가 호소한 급성- 동통과 국소화- 염의 원발- 원인인 것으로 보였다. 동시에, 안과학 타과자문은 좌안에 정동하는 공막의 괴저/융해라는 희귀하고 경각심을 주는 소견을 강조하였으며, 이는 아교질- 조직의 얇아짐과 천공의 전위 위험을 특징으로 한다. 의료진은 비뇨기과적 폐쇄와 눈- 응급 상황을 모두 해결하기 위해 즉각적으로 다학제 접근을 시작하였다. 정맥 내 항생제와 항염증제가 투여되는 동안 생식 분류법 내 압력을 완화하고 눈 구조를 안정화하기 위해 수술 중재가 예정되었다. 치료 계획이 향후 며칠에 걸쳐 전개됨에 따라 추가적인 전신성- 합병증이나 연국적 감각성- 소실을 예방하기 위해 활력징후와 조직 통합의 면밀한 모니터링이 우선순위로 남아 있다."
term,P028,48,stop,"The patient presented with progressive visual decline attributed to a mature glaucomatous cataract that obscured detailed fundus examination. Preoperative assessment revealed significant optic nerve cupping consistent with chronic pressure elevation, necessitating a combined surgical approach to address both the lens opacity and intraocular pressure control. During the procedure, the surgeon carefully created and positioned flap tissue over the sclerostomy site to ensure adequate filtration while maintaining anterior chamber stability. The positioned flap appeared well-aligned with no signs of leakage or excessive tension at the conclusion of the operative phase. Given the patient's complex medical history including severe anemia and prior adverse reactions to blood products, the team ordered comprehensive transfusion tests prior to any potential intervention requiring hemodynamic support. These transfusion tests included crossmatching, antibody screening, and complete blood count analysis to prepare for unforeseen complications. Postoperatively, the eye remained quiet with the positioned flap intact, and visual acuity showed early improvement despite the lingering effects of the glaucomatous cataract on retinal health. Continued monitoring will focus on intraocular pressure trends and flap functionality alongside hematologic stability confirmed by the initial transfusion tests.","환자는 상세한 바닥 검사를 가린 성숙한 녹내장성백내장에 기인한 진행- 시각- 저하를 보였다. 수술전- 사정은 만성- 압력 융기와 일치하는 유의한 시(각)신경 부항을 드러냈으며, 이는 수정체 혼탁과 안압 대조 모두를 다루기 위해 결합된 수술기법을 필요로 했다. 시술 중, 의무장교는 전치부 함 안정성을 유지하면서 적절한 여과를 보장하기 위해 공막창냄(술) 부위에 걸쳐 조직을 주의 깊게 만들고 판막이동수술을 했다. 판막이동수술은 수술 기가 끝날 때 새기나 과도한 긴장성의 징후 없이 잘 정렬된 것으로 보였다. 중증 빈혈과 혈액제제에 대한 이전 예방접종후 이상반응을 포함하는 환자의 복잡한 병력을 고려하여, 팀은 혈류역학- 지지를 필요로 하는 잠재적 중재적시술 전에 포괄적인 수혈혈액검사를 지시했다. 이러한 수혈혈액검사에는 예기치 못한 합병증을 준비하기 위한 교차시험, 항체 검색 및 전체혈구계산 분석이 포함되었다. 수술 후, 눈은 판막이동수술이 온전한 상태로 조용히 유지되었으며, 녹내장성백내장이 레티날 건강에 미치는 잔여 효과에도 불구하고 시각- 명료도는 초기 개선을 보였다. 지속적인 모니터링은 안압 추세와 피부판 기능성에 병터를 둘 것이며, 이는 초기 수혈혈액검사로 확인된 혈액- 안정성과 함께 진행될 것이다."
term,P029,36,stop,"The patient presented with a complex history involving multiple distinct clinical concerns that required careful coordination across specialties. Initial screening identified a suspicious lesion in the left breast, necessitating an immediate breast stereotactic biopsy to obtain tissue samples for pathological analysis while the patient remained stable under local anesthesia. Concurrently, laboratory results from the infectious disease panel indicated the presence of a blood fluke, suggesting a parasitic infection acquired during recent travel to an endemic region, which required specific antiparasitic therapy. The patient also reported persistent fatigue and mild respiratory discomfort, symptoms that the traditional medicine consultant attributed to hyeopbaek, prompting a collaborative discussion regarding integrative management strategies alongside conventional treatments. The care team documented all findings meticulously to ensure that the biopsy results would not be confounded by the systemic effects of the parasitic load or the underlying energetic imbalance described as hyeopbaek. Follow-up appointments were scheduled to review the biopsy pathology, monitor the response to antiparasitic medication, and assess the overall improvement in vitality and respiratory function as the combined treatment plan progressed over the coming weeks.","환자는 각 전문 분야에 걸쳐 신중한 협응이 필요한 다발- 진료- 우려사항이 포함된 복잡한 병력을 보였다. 초기 검색은 좌측 유방의 의심스러운 병소를 확인했으며, 환자가 국소 무감각 상태에서 안정-을 유지하는 동안 병적- 분석을 위한 조직 샘플을 얻기 위해 즉각적인 유방 입체정위 생검술이 필요했다. 동시에 감염- 질환 패널의 기공의 결과는 주혈흡충의 존재를 나타냈으며, 이는 풍토병- 지역으로의 최근 여행 중에 후천-된 기생충 감염을 시사하여 종- 항기생충- 치료가 필요했다. 환자는 또한 잔류- 피로와 경미한 호흡성- 불편함을 보고했으며, 한의학 자문의사는 이러한 증상을 협백(俠白)으로 귀인하여 재래식- 치료와 함께 통합적 관리 전략에 대한 공동 논의를 촉발했다. 진료 팀은 생검 결과가 기생충 부하의 전신성- 영향이나 협백(俠白)으로 기술된 기저의 에너지 불균형에 의해 혼동되지 않도록 모든 소견을 세심하게 문서화했다. 생검 병리를 검토하고, 항기생충- 약물 처치에 대한 반응을 모니터링하며, 향후 몇 주 동안 병용 치료 계획이 진행됨에 따라 활력과 호흡성- 기능의 전반적인 개선을 평가하기 위해 추구관리 예약이 일정에 잡혔다."
term,P030,46,stop,"The patient presented with persistent epiphora and recurrent dacryocystitis despite prior external surgery, necessitating an endoscopic revision dacryocystorhinostomy to restore patent lacrimal drainage. Preoperative evaluation revealed unusual eosinophilia and mild hepatic enzyme elevation, prompting further infectious disease workup that unexpectedly identified Capillaria hepatica eggs in a liver biopsy specimen, suggesting a rare zoonotic infection acquired during recent travel. This concurrent finding complicated the perioperative management plan, as the systemic inflammatory response required careful monitoring alongside the scheduled otolaryngologic procedure. Additionally, the patient reported a history of severe atopic reactions to various environmental triggers, requiring the administration of specific allergenic serum for desensitization therapy prior to any potential exposure to operating room contaminants or postoperative medications. The surgical team coordinated closely with infectious disease and allergy specialists to ensure safe anesthesia induction and appropriate antimicrobial prophylaxis targeting the parasitic burden while proceeding with the nasal reconstruction. Postoperative recovery was monitored in a specialized unit to manage both the surgical site healing and the systemic effects of the antiparasitic regimen, ensuring no adverse interactions occurred between the treatments.","환자는 이전 외-수술에도 불구하고 잔류- 눈물흘림증 및 반복- 눈물주머니염을 보였으며, 개방- 눈물- 배액(술)을 회복하기 위해 내시경 이용 눈물주머니코안 연결 교정이 필요했다. 수술전- 평가에서 비정상적인 호산구증가(증) 및 경미한 간- 효소 융기가 나타나 추가 감염- 질환 정밀검사를 시행한 결과 간 생검 검사물에서 간모세선충 충란이 예기치 않게 확인되었으며, 이는 최근 여행 중 획득한 희귀 인수감염을 시사했다. 이러한 동시- 소견은 수술기간 관리 계획을 복잡하게 만들었는데, 전신성- 염증- 반응이 예정된 이비인후과 시술과 함께 신중한 모니터링을 필요로 했기 때문이다. 또한, 환자는 다양한 환경적 유발 인자에 대한 중증 아토피 반응 병력을 보고하였으며, 이는 수술실 오염물질이나 수술 후 투여 약물에 대한 잠재적 전위 피폭 전에 민감성 제거요법을 위한 종- 알레르기혈청 투여를 필요로 했다. 수술 팀은 코- 재건(술)을 진행하면서 기생충 부담을 표적으로 하는 안전한 무감각 유도 및 적절한 항균- 치면세마를 보장하기 위해 감염- 질환 및 알레르기 전문가와 긴밀히 협의했다. 수술 후 회복은 수술 부위 치유와 항기생충- 양생법의 전신성- 효과를 모두 관리하기 위해 전문 병동에서 모니터링되었으며, 치료 간에 부작용 상호작용이 발생하지 않음을 확인했다."
term,P031,24,stop,"The patient presented for a routine gynecological evaluation following an abnormal screening result that suggested a possible papilloma of cerviv. During the colposcopic examination, the clinician utilized a water bath technique to enhance visualization of the transformation zone, allowing for clearer differentiation between normal epithelium and the suspected lesion. The procedure was conducted with careful attention to patient comfort, acknowledging that medical interventions can often disrupt personal beliefs and emotional stability. Recognizing the importance of holistic care, the healthcare team discussed options for supporting spiritual rituals that the patient found meaningful during this stressful diagnostic period. The patient expressed relief that her cultural practices could be integrated into the care plan without compromising clinical safety or sterility protocols. Biopsy samples were collected from the suspicious area and sent for histopathological analysis to confirm the diagnosis. The patient was advised to avoid strenuous activity and reported feeling more at ease knowing her spiritual needs were respected. Follow-up appointments were scheduled to review results and determine the next steps in management, ensuring continuous support throughout the treatment journey.","환자는 자궁경부의 유두종 가능성을 시사하는 비정상 검색 결과 이후 정기 산부인과 평가를 위해 내원하였다. 질확대경검사 중, 임상의는 형질전환 영역의 시각화를 향상시키기 위해 욕조 수기를 활용하여, 노르말 상피와 의심되는 병소 간의 더 명확한 분화를 가능하게 하였다. 의료 중재가 개인의 신념과 감정적 안정을 종종 방해할 수 있음을 인정하며, 시술은 환자의 안위에 세심한 주의력을 기울여 수행되었다. 총체- 진료의 중요성을 인식하고, 의료진 팀은 이 스트레스받는 진단- 기간 동안 환자가 의미 있다고 느끼는 영적의식 지지하기에 대한 선택지를 논의하였다. 환자는 자신의 배양- 관행이 진료 계획에 통합될 수 있으며, 임상적 안전성이나 불임 규정을 타협하지 않는다는 것에 안도감을 표현하였다. 생검 표본은 의심스러운 부위에서 채취되어 상병을 확인하기 위해 조직병리학적 분석을 위해 보내졌다. 환자는 격렬한 활성도를 피하도록 권고받았으며, 자신의 영적 요구가 존중받았다는 것을 알고 더 편안함을 느낀다고 보고하였다. 추구관리 예약은 결과를 검토하고 관리의 다음 단계를 결정하기 위해 예정되어, 치료 여정 전반에 걸쳐 연속- 지원을 보장하였다."
term,P032,40,stop,"The patient presented with persistent otologic symptoms and significant gastrointestinal distress, prompting a comprehensive evaluation. Initial imaging revealed extensive inflammation consistent with coalescent mastoiditis, necessitating urgent surgical intervention to prevent further intracranial complications. Concurrently, the patient exhibited signs of severe malnutrition and edema, leading to a workup that confirmed protein-losing enteropathy as the underlying cause of the hypoalbuminemia. Despite aggressive medical management for the gastrointestinal losses, the ear infection progressed rapidly, requiring mastoidectomy. During the same admission, the patient demonstrated chronic nasal obstruction and recurrent upper respiratory infections, which raised suspicion for adenoid hypertrophy contributing to eustachian tube dysfunction. To address this potential source of ongoing infection and obstruction, the surgical team performed a biopsy of adenoid tissue during the procedure. Histopathological analysis is pending to rule out any lymphoproliferative disorders. The care plan now focuses on stabilizing the protein levels through nutritional support while monitoring the surgical site for healing. Close follow-up is scheduled to assess resolution of the mastoid infection and to review the biopsy results, ensuring that no malignancy or specific inflammatory condition drives the clinical picture.","환자는 잔류하는 이학 증상과 유의한 위창자 고통을 보이며, 포괄적인 평가를 촉발했다. 초기 조영은 융합꼭지돌기염과 일치하는 광범위한 염을 보였고, 추가적인 머리뼈안 합병증을 예방하기 위해 긴박한 수술 중재가 필요했다. 동시에, 환자는 중증 영양불량 및 부종의 징후를 보였고, 이는 저알부민혈증의 근본 원인으로 단백질소실장병(증)을 확인한 정밀검사로 이어졌다. 위창자 손실에 대한 적극적인 내과적 치료에도 불구하고, 귀 감염은 빠르게 진행되어 꼭지돌기 절제가 필요했다. 같은 입원 기간 동안, 환자는 만성 비폐색과 반복 상기도 감염을 보였으며, 이는 귀인두관 기능 장애에 기여하는 인두편도 비대에 대한 의심을 높였다. 이 전위적인 지속적 감염 및 폐쇄의 원인을 해결하기 위해, 수술 팀은 시술 중 인두편도 생검을 시행했다. 림프구증식 질환을 배제하기 위해 조직병리학적 분석이 대기 중이다. 진료 계획은 이제 수술 부위의 치유를 모니터링하면서 영양 지원을 통해 단백 수치를 안정화하는 데 중점을 둔다. 꼭지돌기 감염의 분해능을 평가하고 생검 결과를 검토하기 위해 면밀한 추구관리가 예정되어 있으며, 어떠한 악성 종양이나 종 염증 질환이 진료 양상을 유발하지 않는지 확인한다."
term,P033,42,stop,"The patient presented with a complex neurological profile requiring immediate multidisciplinary evaluation. Initial assessment revealed a rare congenital defect identified as a meningoencephalocele, where brain tissue and meninges herniated through a skull defect, necessitating urgent surgical planning. Concurrently, the patient exhibited systemic symptoms consistent with sao paulo fever, including high-grade pyrexia, severe myalgia, and transient rash, which complicated the perioperative management strategy. To address chronic pain associated with the cranial anomaly prior to definitive repair, the physical therapy team initiated interferential action using medium-frequency electrical currents to modulate nociceptive signals without exacerbating the infectious process. This therapeutic approach aimed to reduce muscle spasms surrounding the defect site while monitoring for any adverse reactions linked to the viral illness. The clinical team coordinated closely to ensure that the interferential action did not interfere with the systemic treatment required for sao paulo fever, maintaining strict isolation protocols. Surgical correction of the meningoencephalocele was delayed until the acute febrile episode resolved, ensuring optimal conditions for tissue healing and minimizing the risk of postoperative infection or neurological compromise during the delicate reconstructive procedure.","환자는 즉각적인 다학제 평가가 필요한 복잡한 신경학적 양상을 보였다. 초기 사정에서는 뇌 조직과 수막이 두개골 결손(증)을 통해 탈출한 희귀 선천성 결손(증)인 수맥뇌류로 확인되었으며, 이로 인해 긴박한 수술 계획이 필요했다. 동시에 환자는 상파울로열과 일치하는 전신성 증상을 보였으며, 여기에는 고도 열, 중증 근(육)통 및 일과성 발진이 포함되어 수술기간 관리 전략을 복잡하게 만들었다. 머리 기형과 관련된 만성 동통을 확정적 복구(술) 전에 해결하기 위해, 신체 치료 팀은 통각수용기 신호를 감염 과정을 악화시키지 않고 조절하기 위해 중주파 전기 전류를 사용하는 간섭작용을 시작했다. 이 치료적 접근법은 바이러스 질환과 관련된 예방접종후 이상반응을 모니터링하면서 결손(증) 부위 주변의 근육 연축을 줄이는 것을 목표로 했다. 진료 팀은 간섭작용이 상파울로열에 필요한 전신성 치료를 방해하지 않도록 긴밀하게 조정했으며, 엄격한 격리 프로토콜을 유지했다. 수막뇌류의 수술적 교정은 급성 열(성) 삽화가 해결될 때까지 지연되었으며, 이는 섬세한 재건 시술 중 조직 치유를 위한 최적의 상태를 보장하고 수술 후 감염 또는 신경학적 손상의 위험을 최소화하기 위함이었다."
term,P034,44,stop,"The patient presented with a complex history involving multiple congenital and acquired conditions requiring specialized management. Initial imaging studies confirmed the presence of multicystic renal dysplasia, characterized by non-functional cystic tissue replacing normal renal parenchyma, which necessitated ongoing nephrology surveillance rather than immediate surgical intervention. Concurrently, the patient reported persistent epiphora and recurrent dacryocystitis that failed to resolve with conservative medical therapy. Consequently, the ophthalmology team scheduled an endoscopic revision dacryocystorhinostomy to restore patent lacrimal drainage following the failure of a previous external approach. During the preoperative assessment, careful evaluation of the skull base anatomy was performed to ensure safety, particularly regarding the proximity of the neurocanal structures to the intended surgical field. The procedure was executed without complication, successfully creating a new ostium between the lacrimal sac and the nasal cavity. Postoperative care included regular saline irrigations and topical antibiotic drops to prevent infection and maintain patency. Long-term follow-up will monitor both the stability of the renal anomaly and the functional outcome of the revised lacrimal system to ensure no further obstructive symptoms develop over time.","환자는 전문적인 관리가 필요한 다발- 선천성 및 후천- 상태를 포함하는 복잡한 병력으로 내원하였다. 초기 조영 연구는 노르말 콩팥- 실질을 대체하는 비기능 낭- 조직을 특징으로 하는 다낭성 신장의 형성이상의 존재를 확인하였으며, 이는 즉각적인 수술 중재보다는 지속적인 신장학 감독을 필요로 했다. 동시에, 환자는 보존- 의학적 치료로 해결되지 않는 잔류- 눈물흘림증 및 반복- 눈물주머니염을 보고하였다. 결과적으로, 안과학 팀은 이전 외- 접근법의 부전 이후 개방- 눈물- 배액(술)을 회복하기 위해 내시경 이용 눈물주머니코안 연결 교정을 예정하였다. 수술전- 사정 동안, 특히 신경관 구조와 의도된 수술 부위의 근접성과 관련하여 안전성을 보장하기 위해 두개골 기저 해부학에 대한 면밀한 평가가 수행되었다. 시술은 합병증 없이 실행되었고, 누낭과 비강 사이에 새로운 구멍을 성공적으로 생성하였다. 수술 후 진료에는 감염을 예방하고 개방성을 유지하기 위해 정기적인 식염- 관개와 국소 항생- 점적액이 포함되었다. 장기 추구관리는 시간이 지남에 따라 추가적인 폐쇄 증상이 발생하지 않도록 보장하기 위해 콩팥- 기형의 안정성과 교정된 눈물- 분류법의 기능적 결과를 모두 모니터링할 것이다."
term,P035,43,stop,"The patient presented with chronic fatigue and pallor, prompting a comprehensive hematologic workup. Initial laboratory results indicated microcytic anemia with target cells on the peripheral smear, raising suspicion for intermedia thalassaemia. Given the clinical history of multiple prior transfusions at an outside facility, we ordered specific transfusion tests to screen for alloantibodies and ensure compatibility for any future blood product administration. Simultaneously, viral serology was performed due to the risk of exposure from previous unscreened donations. The high quality-hcv ab assay returned reactive, necessitating confirmatory RNA testing to determine active infection status. Management plans were adjusted to include iron chelation therapy while awaiting genetic confirmation of the hemoglobinopathy. The care team coordinated with hepatology to address the potential hepatitis C diagnosis and with hematology to optimize transfusion protocols. Close monitoring of ferritin levels and liver function tests was scheduled to prevent further complications related to iron overload and viral hepatitis. The patient was educated on signs of hemolytic crisis and instructed to return immediately if symptoms worsened before the follow-up appointment next week.","환자는 만성 피로 및 창백을 주소로 내원하여 포괄적인 혈액 정밀검사를 시행하였다. 초기 기공의 검사 결과 말초 바른표본에서 표적세포가 관찰되는 작은적혈구빈혈을 보였으며, 이는 중간형 지중해빈혈을 의심하게 하였다. 외부 기관에서 다발 수혈 병력이 있음을 고려하여, 동종항체를 격리하고 향후 혈액제제 투여 시 적합성을 보장하기 위해 종 수혈혈액검사를 의뢰하였다. 동시에, 이전 미검사 헌혈로 인한 피폭 위험으로 인해 바이러스 혈청학 검사를 시행하였다. 정밀면역검사-C형간염항체 검사는 반응성 결과를 보였으며, 능동 감염 체질을 확인하기 위해 확증 RNA 검사가 필요하였다. 유전 헤모들로빈혈증의 유전 확인을 기다리는 동안 치료 계획을 수정하여 철 킬레이트화 치료를 포함하도록 하였다. 진료 팀은 전위 씨형 간염 상병을 다루기 위해 간학과, 수혈 프로토콜을 최적화하기 위해 혈액학과와 협진하였다. 철 과부하 및 바이러스 간염과 근친 추가 합병증을 예방하기 위해 페리틴 수치 및 간 기능 검사에 대한 면밀한 모니터링이 예정되었다. 환자에게 용혈제 위기의 징후에 대해 교육하였으며, 다음 주 추구관리 예약 전 증상이 악화될 경우 즉시 내원하도록 지시하였다."
term,P036,43,stop,"The patient presented with a complex medical history involving multiple systemic and localized infections that required careful interdisciplinary management. Initial imaging revealed a persistent radiolucent lesion at the apex of the mandibular first molar, consistent with a chronic dental granuloma that had failed to resolve following standard root canal therapy. Concurrently, stool analysis and liver biopsy results confirmed an unusual parasitic infestation identified as capillaria hepatica, necessitating immediate antiparasitic intervention before any further oral surgical procedures could safely proceed. Once the systemic infection was stabilized, the oral surgery team scheduled an apicoectomy to address the persistent periapical pathology. During the procedure, the surgeon carefully elevated a full-thickness mucoperiosteal tissue to expose the underlying bone and lesion. After resecting the root tip and curetting the infected area, the surgeon meticulously sutured the positioned flap back into place to ensure optimal primary closure and promote uneventful healing. Postoperative instructions emphasized strict oral hygiene and follow-up appointments to monitor both the surgical site and the resolution of the hepatic parasitic load, ensuring no cross-complications arose during the recovery phase.","환자는 신중한 학제간 관리가 필요한 다발- 전신성- 및 국소화- 감염을 포함하는 복잡한 병력을 보였다. 초기 조영은 아래턱- 첫 번째 큰어금니의 첨부에 잔류- 방사선투과 병소를 드러냈으며, 이는 원기 치아뿌리관 치료 후 분해능되지 않은 만성- 뿌리끝육아종과 일치했다. 동시에, 대변 분석과 간 생검 결과는 간모세선충으로 확인된 비정상적인 기생충 감염을 확인해주었으며, 추가적인 구두- 외과적 시술이 안전하게 진행되기 전에 즉각적인 항기생충- 중재적시술이 필요했다. 전신성- 감염이 안정화된 후, 구두- 외과 팀은 잔류- 치아뿌리끝주위- 병리를 해결하기 위해 치근첨절제(술)을 예정했다. 시술 중, 의무장교는 기저골과 병소를 노출시키기 위해 전층 점막골막 조직을 조심스럽게 거상했다. 근 끝을 절제하고 감염된 부위를 소파한 후, 의무장교는 최적의 원발- 봉합을 보장하고 합병증 없는 치유를 촉진하기 위해 판막이동수술로 꿰맨 부위를 제자리로 정확히 위치시켰다. 수술 후 지시사항은 엄격한 구두- 위생과 추구관리 예약을 강조하여 회복 기 동안 교차 합병증이 발생하지 않도록 수술 부위와 간- 기생충 부하의 분해능을 모두 모니터링했다."
term,P037,36,stop,"The patient presented with a complex history involving multiple systemic issues that required careful evaluation and management. Initial laboratory results indicated a significant need for bacteriostasis to control the spreading infection without immediately killing the bacterial population, allowing the immune system to assist in clearance. Concurrently, the neurological assessment revealed signs consistent with myotonic disorders, characterized by delayed muscle relaxation after contraction, which complicated the physical therapy regimen. The patient also reported persistent respiratory discomfort, and imaging studies identified an area of hyeopbaek in the lower lung fields, suggesting localized consolidation or fluid accumulation that warranted further investigation. Treatment plans were adjusted to address these concurrent conditions, ensuring that antimicrobial agents supported bacteriostasis while avoiding interactions with medications used for managing myotonic disorders. Respiratory support was initiated to alleviate symptoms associated with hyeopbaek, and close monitoring was established to track progress across all affected systems. The multidisciplinary team collaborated to optimize outcomes, recognizing the intricate balance required when treating overlapping pathologies such as these. Regular follow-ups were scheduled to assess response to therapy and modify interventions as clinical status evolved over time.","환자는 신중한 평가와 관리가 필요한 다발- 전신성- 문제를 포함하는 복잡한 병력으로 내원하였다. 초기 기공의 결과는 세균- 집단을 즉시 사멸시키지 않고 확산되는 감염을 대조하기 위해 정균작용에 대한 유의한 필요성을 나타내었으며, 이는 면역- 분류법이 청소율에 보조장치 하도록 허용하였다. 동시- 에 신경학적 사정은 수축 후 지연- 이완을 특징으로 하는 근긴장장애와 일치하는 징후를 밝혀냈으며, 이는 신체- 치료 양생법을 복잡하게 만들았다. 환자는 또한 잔류- 호흡성- 불편감을 호소하였고, 조영 연구는 하부 폐야에 협백(俠白) 영역을 확인하여 국소화- 경화 또는 액 축적물을 시사하였으며 추가 조사가 필요하였다. 칼료 계획은 이러한 동시- 상태를 해결하기 위해 조정되었고, 항균- 제제가 근긴장장애 관리에 사용되는 약물과의 상호작용을 피하면서 정균작용을 지지하도록 보장하였다. 협백(俠白)과 관련된 증상을 완화하기 위해 호흡성- 지원이 시작되었고, 모든 영향받은 분류법에 걸쳐 진행 상황을 추적하기 위해 면밀한 모니터링이 확립되었다. 다학제 팀은 결과를 최적화하기 위해 협력하였으며, 이러한 중첩된 병리를 치료할 때 요구되는 복잡한 저울을 인식하였다. 진료- 체질이 시간이 지남에 따라 변화함에 따라 치료에 대한 반응을 사정하고 중재를 수정하기 위해 정기적인 추적 관찰이 예정되었다."
term,P038,34,stop,"The patient presents with a complex clinical picture consistent with orofaciodigital syndrome, characterized by distinct craniofacial anomalies and digital malformations observed since birth. During the current examination, a new rash purpuric was noted extensively across the lower extremities and trunk, raising immediate concerns regarding potential hematologic involvement or vascular compromise. This acute dermatological finding appears unrelated to the underlying genetic condition but necessitates urgent investigation to rule out infectious etiologies or coagulopathy. The medical team decided to implement an interferential action plan designed to address both the chronic structural issues and this acute presentation simultaneously. This approach involves coordinating genetics, dermatology, and hematology specialists to ensure comprehensive care without delaying critical interventions. The patient remains stable hemodynamically despite the alarming appearance of the skin lesions, and laboratory studies are pending to further elucidate the cause of the purpura. Continuous monitoring is essential as the clinical situation evolves, particularly given the multifaceted nature of the diagnosed syndrome and the sudden onset of these systemic signs requiring prompt and decisive medical management strategies.","환자는 분만 시 관찰된 뚜렷한 머리얼굴 이상 및 가락모양 기형을 특징으로 하는 구안지 증후군과 일치하는 복합적인 진료- 양상으로 태아위치합니다. 현재 검사에서, 하부 수족부 및 동맥 전반에 걸쳐 광범위한 새로운 자색반 발진이 관찰되었으며, 이는 전위 혈액- 병발 또는 혈관 손상에 대한 즉각적인 우려를 야기합니다. 이 급성- 피부과- 소견은 기저 유전- 상태와 관련이 없어 보이지만, 감염- 병인 또는 응고병증을 배제하기 위해 긴박- 조사가 필요합니다. 의료팀은 만성- 구조적 문제와 이 급성- 태아위치를 동시에 해결하기 위해 고안된 간섭작용 계획을 시행하기로 결정했습니다. 이 접근 방식은 고비- 중재를 지연시키지 않고 포괄적인 진료를 보장하기 위해 유전학, 피부과 및 혈액학 전문가를 조정하는 것을 포함합니다. 환자는 피부 병변의 놀라운 모습에도 불구하고 혈역학적으로 안정- 상태를 유지하고 있으며, 자색반증의 원인을 further elucidate하기 위해 기공의 검사가 대기 중입니다. 진료- 상황이 전개됨에 따라 연속- 모니터링이 본태-이며, 특히 진단된 증후군의 다면적 특성과 신속하고 결정적인 의료 관리 전략을 필요로 하는 이러한 전신성 징후의 갑작스러운 발현을 고려할 때 더욱 그렇습니다."
term,P039,45,stop,"The patient presented with a complex history involving multiple distinct pathological findings identified during the comprehensive diagnostic workup. Initial neuroimaging revealed unilateral hippocampal sclerosis affecting the medial temporal lobe structure, which correlated with the reported seizure activity and memory deficits. Concurrent spinal evaluation demonstrated significant foraminal stenosis at the L4-L5 level, causing radicular pain that radiated down the left leg and required targeted physical therapy intervention. Further laboratory analysis of peripheral blood samples unexpectedly detected antibodies consistent with a blood fluke infection, suggesting prior exposure to contaminated freshwater sources during international travel. This parasitic finding necessitated immediate antiparasitic treatment to prevent potential hepatic or intestinal complications. The clinical team coordinated care between neurology, orthopedics, and infectious disease specialists to address each condition simultaneously without delaying necessary interventions. Management plans included antiepileptic medication adjustments, epidural steroid injections for spinal symptoms, and praziquantel administration for the parasitic infection. Follow-up appointments were scheduled to monitor treatment efficacy and ensure no adverse interactions occurred between the various therapeutic regimens prescribed for this multifaceted clinical presentation requiring careful longitudinal observation.","환자는 포괄적인 진단 정밀검사 중 확인된 다발 병적 소견과 관련된 복잡한 병력을 보였다. 초기 뇌영상은 안쪽 관자 엽 구조에 영향을 미치는 편측 해마경화증을 보였으며, 이는 보고된 간질발작 활성도 및 기억력 결손과 상관관계가 있었다. 동시 가시 평가는 L4-L5 수준에서 유의한 척추사이구멍협착증을 보였고, 이는 왼쪽 다리로 방사되는 척수신경근통을 유발하여 표적화된 신체 중재적시술을 필요로 했다. 말초 혈액 샘플에 대한 추가 기공의 분석은 예기치 않게 주혈흡충 감염과 일치하는 항체를 검출했으며, 이는 해외 여행 중 오염된 담수원에 대한 이전 피폭을 시사했다. 이 기생충 소견은 전위 간 또는 창자 합병증을 예방하기 위해 즉각적인 항기생충 치료를 필요로 했다. 진료 팀은 필요한 중재적시술을 지연시키지 않고 각 상태를 동시에 해결하기 위해 신경학, 정형외과학 및 감염 질환 전문가 간의 진료를 조율했다. 치료 계획에는 간질약 약물 처치 조정, 가시 증상에 대한 경질막바깥 스테로이드 주사, 기생충 감염에 대한 프라지콴텔 투여가 포함되었다. 추구관리 예약은 치료 효능을 모니터링하고 처방된 다양한 치료 요법 간에 부작용 상호작용이 발생하지 않았는지 확인하기 위해 예정되었으며, 이는 세로 관찰이 필요한 이 다각적인 진료 태아위치에 대한 것이다."
term,P040,36,stop,"The patient presented with acute wrist pain and limited range of motion following a fall on an outstretched hand. Radiographic evaluation confirmed a dislocation of midcarpal(joint), necessitating immediate closed reduction under conscious sedation. Post-reduction imaging demonstrated acceptable alignment, and the limb was immobilized in a sugar-tong splint. Concurrently, the patient reported episodes of dizziness triggered by specific neck movements, consistent with a diagnosis of cervical vertigo. Physical therapy was recommended for cervical stabilization exercises once acute wrist symptoms subsided. During the assessment, the patient disclosed a history of severe reactions to certain biological products, specifically noting an adverse event involving allergenic serum administered during previous immunotherapy sessions. Due to this significant history, strict precautions were implemented regarding any future exposure to similar agents. The care plan includes orthopedic follow-up in one week to assess wrist stability and neurological monitoring for persistent vertiginous symptoms. Pain management was addressed with non-opioid analgesics, and the patient was instructed on signs of compartment syndrome or neurovascular compromise requiring immediate return to the emergency department for further evaluation and potential intervention.","환자는 편 손으로 짚어 넘어진 후 급성- 손목 동통과 제한된 근관절범위운동을 보였다. 방사선 조영 평가에서 중수관절의 어긋남을 확인하여, 얕은진정 하에 즉각적인 비개방정복(술)이 필요했다. 정복 후 조영에서 허용 가능한 중심맞추기를 보였으며, 사지는 설탕혀 덧대로 고정되었다. 동시에 환자는 종- 경부 움직임에 의해 유발되는 현기증 발작을 보고하였으며, 이는 경추성 현기증 상병과 일치했다. 급성- 손목 증상이 가라앉으면 목- 안정화 운동을 위한 신체- 요법이 권장되었다. 사정 중 환자는 특정 생물학적- 제품에 대한 중증 반응 병력을 공개하였으며, 특히 이전 면역요법 세션 동안 투여된 알레르기혈청과 관련된 이상 사례를 언급했다. 이 유의한 병력으로 인해, 유사 약제에 대한 향후 피폭과 관련하여 엄격한 예방 조치가 시행되었다. 진료 계획에는 1주 후 손목 안정성을 사정하기 위한 정형외과 추구관리와 잔류- 현기증 증상에 대한 신경학적 모니터링이 포함된다. 동통 관리는 비마약성 진통제로 해결되었으며, 환자에게는 추가 평가 및 전위 중재적시술을 위해 즉시 응급실로 복귀해야 하는 구획 증후군 또는 신경혈관 손상의 징후에 대해 교육하였다."
term,P041,33,stop,"The patient presented with significant dental inertia, demonstrating a marked resistance to tooth movement despite consistent orthodontic force application over several months. This lack of response necessitated a comprehensive reevaluation of the treatment plan, ultimately leading to the recommendation for orthognathic surgery to correct the underlying skeletal discrepancy. Preoperative imaging revealed a severe mismatch between the maxillary and mandibular structures, specifically concerning the position of the basal seat relative to the cranial base. The surgical team determined that aligning the basal seat was critical for achieving stable occlusion and facial harmony. During the procedure, precise osteotomies were performed to reposition the jaws, addressing the skeletal inertia that had previously hindered progress. Postoperative recovery progressed without complication, and the patient reported improved function and aesthetics. The successful intervention highlighted the importance of recognizing when mechanical forces alone cannot overcome skeletal inertia. Future monitoring will focus on maintaining the new relationship of the basal seat and ensuring long-term stability of the occlusal results following the extensive orthognathic surgery.","환자는 유의한 치음 무기력을 보였으며, 수개월간 지속적인 치열교정력을 가했음에도 이 이동에 대한 뚜렷한 내성을 나타냈다. 이러한 반응 부족으로 인해 치료 계획에 대한 포괄적인 재평가가 필요했으며, 궁극적으로 근본적인 골격- 부조화를 교정하기 위해 악교정수술을 권장하게 되었다. 수술전- 조영에서 위턱 및 아래턱 구조물 간의 중증 부정교합이 드러났으며, 특히 머리뼈바닥에 대한 의치지지조직의 태위와 관계-가 확인되었다. 수술 팀은 의치지지조직을 정렬하는 것이 안정- 맞물림과 얼굴- 조화를 달성하는 데 고비-라고 판단했다. 시술 중에는 이전에 진행을 방해했던 골격- 무기력을 해결하기 위해 턱을 위치복원하기 위한 정확한 골절단술이 시행되었다. 수술후 회복은 합병증 없이 진행되었으며, 환자는 기능 및 심미성의 호전을 보고했다. 성공적인 중재적시술은 기계적 힘만으로는 골격- 무기력을 극복할 수 없는 시점을 인식하는 것의 중요성을 부각시켰다. 향후 모니터링은 의치지지조직의 새로운 관계-를 유지하고, 광범위한 악교정수술 후 교합- 결과의 장기적 안정-을 보장하는 데 병터를 맞출 것이다."
term,P042,42,stop,"The patient presents with a complex clinical picture involving multiple organ systems that requires careful coordination of care. Initial laboratory results indicate significant hematologic abnormalities consistent with sideroblastic anaemia, characterized by ringed sideroblasts in the bone marrow aspirate and refractory microcytic anemia despite iron supplementation. Concurrently, the patient developed acute renal insufficiency shortly after a documented streptococcal infection, raising strong suspicion for psgn as the underlying etiology given the elevated ASO titers and low complement levels observed during the workup. Ophthalmology consultation was requested due to progressive visual disturbances and corneal opacity, leading to a formal diagnosis of keratopathy that appears unrelated to the systemic hematologic or renal findings but necessitates topical management and close monitoring. The treatment plan involves addressing the copper deficiency potentially linked to the sideroblastic anaemia while managing fluid balance and hypertension associated with psgn. Regular follow-up appointments are scheduled to monitor renal function recovery and assess the progression of keratopathy, ensuring that therapeutic interventions for one condition do not exacerbate the others in this medically fragile individual requiring multidisciplinary oversight.","환자는 다발 기관 체계를 침범하는 복잡한 진료 양상을 보이며, 이는 진료의 신중한 협응을 필요로 한다. 초기 기공의 결과는 철적혈모구빈혈과 일치하는 유의한 혈액 이상을 나타내며, 이는 뼛속질 흡인물에서 고리 철적혈모구가 관찰되고 철 보충에도 불응 작은적혈구빈혈이 특징이다. 동시에, 환자는 기록된 사슬알균 감염 직후 급성 신장 기능부족이 발생하였으며, 정밀검사 중 관찰된 상승된 ASO 역가와 낮은 도움체 수치를 고려할 때 기저 병인으로 연쇄구균감염후 사구체신염에 대한 강한 의심을 불러일으킨다. 진행 시각 장애와 각막 혼탁으로 인해 안과학 타과자문이 요청되었고, 이는 전신성 혈액 또는 콩팥 소견과는 관련이 없어 보이지만 국소 관리와 면밀한 모니터링이 필요한 각막병(증)이라는 공식 상병으로 이어졌다. 치료 계획에는 철적혈모구빈혈과 잠재적으로 연관된 구리 결핍증을 해결하는 동시에 연쇄구균감염후 사구체신염과 관련된 액 저울 및 고압을 관리하는 것이 포함된다. 콩팥 기능 회복을 모니터링하고 각막병(증)의 진행을 평가하기 위해 정기적인 추구관리 예약이 잡혀 있으며, 다학제적 감독이 필요한 이 의학적으로 취약한 개인에서 한 상태에 대한 치료 개입이 다른 상태를 악화시키지 않도록 보장한다."
term,P043,44,stop,"The patient presented with significant cheilosis affecting the corners of the mouth, accompanied by generalized mucosal dryness that suggested a underlying nutritional deficit or systemic dehydration. During the initial assessment, the clinical team noted a substantial discrepancy between the patient's current scale weight and their estimated dry weight, indicating a fluid overload state consistent with acute renal compromise. This finding prompted an immediate review of electrolyte panels and a reassessment of diuretic therapy to manage the excess volume effectively. Concurrently, the oncology consultation service was engaged to evaluate a newly discovered mass in the retroperitoneal space, requiring precise oncotaxonomy to classify the lesion according to the latest histological standards before initiating any targeted treatment protocols. The integration of these diagnostic elements highlighted the complex interplay between metabolic status, fluid balance, and potential malignancy in this case. Careful monitoring of the cheilosis progression served as a tangible marker for mucosal hydration status, while serial measurements of dry weight guided the titration of intravenous fluids. The final determination of oncotaxonomy will ultimately dictate the long-term therapeutic strategy, ensuring that the management plan addresses both the immediate physiological instability and the underlying neoplastic process with appropriate specificity and urgency for optimal patient outcomes.","환자는 입안 구석에 정동하는 유의한 구순증을 보였으며, 이는 기저 영양 결핍이나 전신성 탈수를 시사하는 전반- 점막 건조를 동반했다. 초기 사정 동안, 진료- 팀은 환자의 현재 관석 체중과 추정 투석목표체중 사이의 상당한 차이를 확인했으며, 이는 급성- 콩팥- 손상과 일치하는 액 과부하 상태를 나타냈다. 이 소견은 전해질 패널에 대한 즉각적인 검토와 과도한 -량을 효과적으로 관리하기 위한 이뇨제 요법의 재사정을 촉발했다. 동시에, 배막뒤- 공간에 새로 발견된 종괴를 평가하기 위해 종양학 타과자문 서비스가 투입되었으며, 표적 치료 프로토콜을 시작하기 전에 병소를 최신 조직학- 기준에 따라 분류하기 위해 정확한 종양분류법이 요구되었다. 이러한 진단적 요소들의 융합은 이 사례에서 대사- 체질, 액 저울, 및 전위 악성 간의 복잡한 상호작용을 강조했다. 구순증 진행에 대한 면밀한 모니터링은 점막 수분공급 체질의 유형적 표지 역할을 했으며, 투석목표체중의 연속 측정은 정맥 액의 역가측정을 안내했다. 종양분류법의 최종 결정은 궁극적으로 장기적인 치료- 전략을 결정하며, 관리 계획이 환자의 최적 결과를 위해 적절한 특수성과 절박으로 즉각적인 생리적 불안정성과 기저 신생물- 과정을 모두 해결하도록 보장할 것이다."
term,P044,39,stop,"The patient presented with complex anatomical variations requiring detailed imaging and molecular analysis. Initial evaluation focused on the temporal bone structure, where the suprameatal foveola was clearly identified as a key landmark for surgical planning. This depression above the external auditory meatus appeared normal in contour and depth, providing a reliable reference point for the otologic procedure. Concurrently, abdominal assessment necessitated specific radiographic views, leading to the acquisition of a kub left lateral image to evaluate bowel gas patterns and potential calcifications without superimposition of the spine. The resulting film offered adequate visualization of the retroperitoneal space and soft tissue shadows. In parallel research efforts within the laboratory, investigators analyzed the catalytic activity of a hammerhead ribozyme engineered to target specific viral RNA sequences. This small self-cleaving RNA motif demonstrated efficient cleavage kinetics under physiological conditions, suggesting potential therapeutic applications. The integration of precise anatomical identification, standard radiographic techniques, and advanced molecular tools highlights the multidisciplinary approach required for comprehensive patient care and concurrent scientific inquiry in this complex case setting.","환자는 상세한 조영 및 분자- 분석이 필요한 복잡한 해부학적 변이를 보였다. 초기 평가는 관자- 뼈 구조에 초점을 맞추었으며, 여기서 바깥귀길위오목은 수술 계획을 위한 주요 표지로 명확히 동일시되었다. 외- 청각- 길 위에 있는 이 오목은 윤곽과 심부에서 노르말로 보였으며, 이학 시술을 위한 신뢰할 수 있는 참조점을 제공했다. 동시에, 복식- 사정은 종- 방사선학적 관점을 필요로 했고, 이는 척주의 중첩 없이 장내 가스 패턴과 전위 석회화를 평가하기 위해 콩팥요관방광촬영, 왼쪽측방향 상을 획득하는 결과로 이어졌다. 결과 바른표본은 배막뒤- 공간과 연조직 음영의 적절한 시각화를 제공했다. 이와 병행하여 기공의 내 연구에서, 연구자들은 종- 바이러스- RNA 서열을 표적세포로 하도록 설계된 망치머리형리보자임의 촉매 활성도를 분석했다. 이 작은 자가-난할 RNA 모티프는 생리학적 조건에서 효율적인 난할 역동학을 보여주었으며, 전위 치료- 적용을 시사했다. 정확한 해부학적 동일시, 원기 방사선학적 수기, 그리고 첨단 분자- 도구의 융합은 이 복잡한 사례 환경에서 포괄적인 환자 진료와 동시- 과학적 문진에 필요한 다학제적 접근을 강조한다."
term,P045,50,stop,"The patient presented with severe, localized topalgia radiating from the occipital region down the posterior neck, prompting an immediate and thorough physical examination of the entire trapezius muscle to assess for spasms or trigger points. Despite the intense muscular discomfort, the clinical picture was complicated by a rapid onset of high fever, nuchal rigidity, and altered mental status that suggested a central nervous system infection rather than a simple musculoskeletal strain. Given the history of recent freshwater exposure during recreational swimming, the medical team urgently considered the rare but devastating possibility of naegleria fowleri amoebic meningoencephalitis. Diagnostic procedures were expedited, including lumbar puncture and advanced neuroimaging, while empirical antimicrobial therapy was initiated pending laboratory confirmation. The severity of the topalgia initially masked the neurological decline, yet the involvement of the entire trapezius muscle appeared secondary to meningeal irritation rather than primary pathology. Continuous monitoring revealed progressive deterioration, underscoring the critical need for early recognition of this fulminant infection. The case highlights the importance of distinguishing between benign muscular pain and life-threatening infectious etiologies in patients with compatible exposure histories and rapid neurological changes.","환자는 뒤통수 부위에서 뒤 경부로 방사되는 중증, 국소화- 국소통증으로 발현하여, 연축 또는 압통점을 평가하기 위해 온등세모근 전체에 대한 즉각적이고 철저한 진찰을 시행했다. 강렬한 근(육)- 불편함에도 불구하고, 진료- 양상은 단순- 근육뼈대- 균주보다는 중추- 신경- 분류법 감염을 시사하는 고열감, 목- 과다굳음 및 정신상태변화의 급속한 발현으로 인해 복잡해졌다. 레크리에이션 수영 중 최근 담수 피폭 병력을 고려하여, 의료팀은 희귀하지만 파괴적인 파울러자유아메바 아메바성 수막뇌염의 가능성을 긴급하게 고려했다. 기공의 확인을 기다리는 동안 경험적 항균- 치료를 시작하면서 요추천자[뇌척수압측정포함] 및 고도의 뇌영상을 포함한 진단 절차가 신속히 진행되었다. 국소통증의 중증도는 초기에 신경학적 악화를 가렸으나, 온등세모근 전체의 병발은 원발- 병리보다는 수막- 자극에 속발- 한 것으로 보였다. 연속- 모니터링은 진행- 황폐를 드러내어, 이 전격- 감염의 조기 승인에 대한 고비- 필요성을 강조했다. 이 사례는 양립하는 피폭 병력과 급속한 신경학적 변화를 보이는 환자에서 양성- 근(육)- 동통과 생명을 위협하는 감염- 원인을 감별하는 것의 중요성을 부각시킨다."
term,P046,31,stop,"The patient presented with severe unilateral head pain localized to the distribution of the auriculotemporal nerve, accompanied by significant swelling in the preauricular region. Clinical evaluation suggested a traumatic event involving sudden pressure changes that may have caused an implosion of the middle ear structures, leading to the current symptomatology. Given the nature of the injury and the presence of open wounds near the ear canal, strict isolation protocols were immediately implemented to prevent any potential airborne infection from compromising the healing process or spreading to other individuals in the clinical setting. The medical team carefully assessed the neurological status, noting that while the auriculotemporal nerve irritation was prominent, there were no signs of broader cranial nerve involvement. Imaging studies were ordered to evaluate the extent of the internal damage suspected from the implosion mechanism, as this type of injury can cause complex fractures not immediately visible on external examination. Throughout the assessment, the priority remained on stabilizing the patient while maintaining a sterile environment to mitigate the risk of airborne infection, ensuring that all staff utilized appropriate personal protective equipment during close contact procedures.","환자는 귓바퀴관자신경의 분포에 국소화된 중증 편측 갈래 동통을 보였으며, 귓바퀴앞 부위의 유의한 종창을 동반했다. 진료 평가는 중이 구조물의 홍수(노출)요법을 유발했을 수 있는 급격한 압력 변화를 포함하는 외상성 사건을 시사했으며, 이로 인해 현재의 증상학이 나타났다. 부상의 성격과 귀 굴 부근의 열린 상처의 존재를 고려하여, 치유 과정을 손상시키거나 진료 환경의 다른 개인에게 전파될 수 있는 모든 전위 공기매개감염을 예방하기 위해 엄격한 격리 프로토콜이 즉시 시행되었다. 의료팀은 신경학적 상태를 주의 깊게 사정했으며, 귓바퀴관자신경 자극이 두드러졌지만 더 넓은 뇌신경 병발의 징후는 없다는 점을 기록했다. 이러한 유형의 부상은 외 검사에서 즉시 가시되지 않는 복잡한 골절을 유발할 수 있으므로, 홍수(노출)요법 기계론으로 의심되는 내부 손상의 정도를 평가하기 위해 조영 연구가 주문되었다. 사정 전반에 걸쳐, 우선순위는 환자를 안정화시키는 동시에 공기매개감염의 위험을 완화하기 위해 무균 환경을 유지하는 데 있었으며, 모든 직원이 밀접 접촉 과정 중에 적절한 개인 방호 장비를 사용하도록 보장했다."
term,P047,27,stop,"The patient presented for a scheduled follow-up after undergoing a meckel's diverticulectomy last week. The surgical site appears clean with no signs of infection, and the abdominal dressing was changed without complication. During the recovery period, the patient expressed interest in community service, specifically inquiring about eligibility for blood donation given their recent procedure. It was explained that a waiting period is mandatory before they can participate in any blood donation activities to ensure full physiological recovery. The patient also reported minor discomfort when moving quickly, which seems related to the retaining harness used during the initial post-operative mobilization phase. This retaining harness provided necessary support to the abdominal wall while the patient regained strength and confidence in walking. Physical therapy instructions were reviewed, emphasizing gradual increases in activity levels while avoiding heavy lifting. The patient demonstrated good understanding of the discharge instructions and agreed to return if fever or increased pain develops. Follow-up appointments were scheduled to monitor healing progress and discuss the timeline for resuming normal activities, including the previously mentioned blood donation. Overall, the recovery trajectory remains positive with no immediate concerns noted during this visit.","환자는 지난주 멕켈 게실절제술을 받은 후 예정된 추구관리를 위해 내원하였다. 수술 부위는 감염 징후 없이 깨끗한 상태였으며, 복식- 상처치료재료는 합병증 없이 교체되었다. 회복 기간 동안 환자는 집단 봉사에 관심을 표명하며, 특히 최근 시술을 고려하여 헌혈 자격 여부에 대해 문의하였다. 완전한 생리적 회복을 보장하기 위해 헌혈 활성도에 참여하기 전에 대기 기간이 필수적이라는 점이 설명되었다. 환자는 또한 빠르게 움직일 때 작은- 불편감을 호소하였는데, 이는 초기 수술 후 동원 기에 사용된 장치유지와 근친- 것으로 보인다. 이 장치유지는 환자가 보행에 대한 힘과 자신감을 되찾는 동안 복벽에 필요한 지지를 제공하였다. 신체- 치료 지침이 검토되었으며, 무거운 것을 드는 것을 피하면서 활성도 수준을 점진적으로 증가시키는 것을 강조하였다. 환자는 유출량 지침에 대한 좋은 이해력을 보였으며, 열감이나 동통이 증가하는 경우 재내원하기로 동의하였다. 치유 진행 상황을 모니터링하고 이전에 언급된 헌혈을 포함하여 노르말 활성도를 재개하는 시간표를 논의하기 위해 추구관리 예약이 일정 잡혔다. 전반적으로 회복 궤적은 양성- 상태를 유지하고 있으며, 이번 면회 동안 즉각적인 우려 사항은 관찰되지 않았다."
term,P048,41,stop,"The patient presented with a complex neurological and ophthalmological history requiring multidisciplinary evaluation. Initial magnetic resonance imaging revealed significant hyperintense lesions consistent with insular sclerosis affecting the deep cortical structures, which correlated with the reported sensory deficits and episodic confusion. Concurrently, a comprehensive eye examination diagnosed anisometropic amblyopia in the left eye, resulting from a longstanding refractive error discrepancy that was never corrected during the critical period of visual development. During the metabolic profiling session, spectroscopic analysis detected an abnormal signal attributed to a deshielded proton within the lactate peak, suggesting localized metabolic stress or mitochondrial dysfunction in the affected brain regions. The combination of these findings indicates a multifactorial etiology involving both structural demyelination and functional visual impairment. Management plans include initiating disease-modifying therapies for the central nervous system pathology while simultaneously referring the patient to a pediatric ophthalmologist for potential patching therapy or corrective lenses to address the amblyopia. Close monitoring of metabolic markers is also advised to track the progression of cellular energy failure and adjust therapeutic interventions accordingly to prevent further neurological decline.","환자는 다학제 평가가 필요한 복잡한 신경학적 및 안과적 병력을 보였다. 초기 자기공영영상은 심부-겉질- 구조물에 영향을 미치는 섬경화증과 일치하는 유의한 고강도 병변을 보였으며, 이는 보고된 감각성- 결손 및 발작적 혼란과 상관관계가 있었다. 동시에, 종합적 안구검사는 시각- 발색의 고비- 기간 동안 결코 교정되지 않았던 장기적인 굴절이상 불일치로 인한 좌안의 굴절부등약시를 진단하였다. 대사- 프로파일링 세션 동안, 분광 분석은 젖산염 피크 내 미차폐양성자에 기인한 비정상 신호를 감지하였으며, 이는 영향받은 뇌 영역의 국소화- 대사- 부하 또는 사립체- 기능 장애를 시사한다. 이러한 소견의 교배변이는 구조적 탈수초와 기능적 시각- 장애를 모두 포함하는 뭇인자- 병인을 나타낸다. 관리 계획에는 중추- 신경- 분류법 병리에 대한 질병 조절 요법을 시작하는 동시에, 약시를 해결하기 위해 전위 패치 요법 또는 교정 렌즈를 위해 환자를 소아과학- 안과의사에게 의뢰하는 것이 포함된다. 세포- 에너지 부전의 진행을 추적하고 추가적인 신경학적 악화를 방지하기 위해 치료- 중재를 그에 따라 조정하기 위해 대사- 표지자에 대한 면밀한 모니터링 또한 권장된다."
term,P049,41,stop,"The patient presented with persistent thermal sensitivity and localized discomfort in the right hand, prompting a referral to an endocrinologist for comprehensive metabolic evaluation. During the initial assessment, the patient reported that immersion in a warm water bath provided temporary relief from the stiffness and pain affecting the digits. Physical examination revealed mild swelling and erythema around the hapgok joint, which appeared tender to palpation and exhibited restricted range of motion. The endocrinologist noted that while systemic markers were largely unremarkable, the localized symptoms warranted further investigation into potential inflammatory or autoimmune etiologies. A therapeutic regimen was proposed, including continued use of the water bath for symptomatic management alongside anti-inflammatory medication. The patient was advised to monitor any changes in the hapgok area and report increased warmth or spreading redness immediately. Follow-up appointments were scheduled to assess response to treatment and determine if additional imaging or specialist consultation is necessary. The clinical team emphasized the importance of adhering to the prescribed therapy to prevent progression of symptoms and maintain functional mobility in the affected hand.","환자는 우수에 잔류 열 민감도와 국소화 불편감을 보여, 포괄적인 대사 평가를 위해 내분비전문의에게 회송되었다. 초기 사정 중, 환자는 따뜻한 욕조 침수가 수지에 영향을 미치는 정동 경증과 동통에 일시적 완화를 제공한다고 보고했다. 진찰에서 합곡(合谷) 관절 주변에 경미한 종창과 홍반이 관찰되었으며, 촉진 시 압통이 있고 근관절범위운동이 제한되었다. 내분비전문의는 전신성 지표는 대체로 뚜렷한 이상이 없었으나, 국소화 증상은 전위 염증 또는 자가면역 병인에 대한 추가 조사가 필요하다고 기록했다. 치료 양생법이 제안되었으며, 여기에는 대증 관리를 위한 욕조 사용 지속과 함께 항염증 약물 처치가 포함되었다. 환자에게 합곡(合谷) 부위의 변화를 모니터링하고, 온기 증가나 퍼지는 발적이 나타나는 경우 즉시 보고하도록 권고되었다. 치료에 대한 반응을 사정하고 추가 조영 또는 전문의 타과자문이 필요한지 결정하기 위해 추구관리 예약이 예정되었다. 진료 팀은 증상의 진행을 예방하고 영향받은 수의 기능적 동요를 유지하기 위해 처방된 치료를 준수하는 것의 중요성을 강조했다."
term,P050,44,stop,"The patient presented with severe neurological decline, prompting an immediate workup that confirmed cryptococcal meningocerebritis through cerebrospinal fluid analysis and imaging studies. Given the complexity of this infection in an immunocompromised host, the care team adjusted the therapeutic approach to align with the specific case-mix characteristics of our infectious disease unit, ensuring resource allocation matched the high acuity required for such rare fungal pathogens. During the preparation of intravenous antifungal medications, strict aseptic technique was maintained within the clean bench to prevent any secondary bacterial contamination that could complicate the clinical course. Nursing staff documented hourly neurological checks while monitoring for signs of increased intracranial pressure, a common sequela of cryptococcal meningocerebritis. The multidisciplinary team reviewed the evolving case-mix data daily to anticipate potential bed shortages and coordinate transfer protocols if necessary. All compounding activities occurred exclusively inside the certified clean bench, adhering to pharmacy safety standards. Despite aggressive treatment, the patient remained critically ill, requiring continuous ventilation and vasopressor support. Further diagnostic evaluations are pending to rule out concurrent opportunistic infections, though current evidence strongly supports cryptococcal meningocerebritis as the primary diagnosis driving this acute hospitalization.","환자는 중증 신경학적 악화를 보이며, 즉각적인 정밀검사를 촉발했고 이는 대뇌척수액 분석 및 조영 연구를 통해 크립토콕쿠스수막대뇌염을 확인했다. 면역약화숙주에서 이 감염의 복잡성을 고려하여, 진료 팀은 이러한 희귀 진균 병원체에 요구되는 높은 명료도에 자원 배분이 부합하도록 보장하면서, 감염 질환 유닛의 종 질병구성 특성에 맞추어 치료접근법을 조정했다. 정맥 내 항진균제제의 제제 중에는 진료 경과를 복잡하게 만들 수 있는 모든 속발 세균 오염을 예방하기 위해 무균실험대 내에서 엄격한 무균술이 유지되었다. 모유수유 직원은 크립토콕쿠스수막대뇌염의 공통 후유증인 증가된 뇌내압 징후를 모니터링하면서 매시간 신경학적 검사를 기록했다. 다학제 팀은 잠재적 병상 부족을 예측하고 필요한 경우 전이(술) 프로토콜을 조정하기 위해 진화하는 질병구성 데이터를 매일 검토했다. 모든 조제 활성도는 약국 안전 표준을 준수하며 인증된 무균실험대 내에서만 독점적으로 발생했다. 공격적인 치료에도 불구하고 환자는 위독 상태로 남아 연속 환기량 및 혈압상승제 지지가 필요했다. 현재의 증거가 이 급성 입원을 유도하는 원발 상병으로서 크립토콕쿠스수막대뇌염을 강력히 지지하지만, 동시 기회 감염을 배제하기 위해 추가 진단 평가가 대기 중이다."
term,P051,50,stop,"The patient presented with a complex history involving multiple distinct pathological conditions requiring coordinated management across several specialties. Initial evaluation of the right ear revealed signs consistent with coalescent mastoiditis, characterized by the destruction of mastoid air cells and necessitating urgent surgical intervention to prevent intracranial complications. Concurrently, the ophthalmology consultation identified a glaucomatous cataract in the left eye, which presented with elevated intraocular pressure and significant lens opacity that severely impaired visual acuity and required a combined surgical approach to address both the lens pathology and the optic nerve damage. Furthermore, the dermatological examination noted severe onychocryptosis affecting the bilateral great toes, where the nail plates had penetrated the surrounding soft tissue, leading to localized infection, granulation tissue formation, and considerable pain during ambulation. The care plan involves immediate mastoidectomy, followed by scheduled ocular surgery once the acute infection is controlled, while the onychocryptosis is managed with partial nail avulsion and chemical matrixectomy to prevent recurrence. Antibiotic therapy was initiated to cover polymicrobial organisms, and pain management protocols were adjusted to accommodate the discomfort from both the otologic and podiatric procedures. Close monitoring of vital signs and wound healing is essential throughout the recovery period to ensure optimal outcomes for all concurrent conditions.","환자는 여러 전문 분야에 걸친 조정된 진료를 필요로 하는 다발 병적 상태가 관련된 복잡한 병력을 보였다. 우측 귀의 초기 평가는 꼭지돌기 함기세포의 파괴를 특징으로 하며 머리뼈안 합병증을 예방하기 위해 긴박 수술 중재를 필요로 하는 융합꼭지돌기염과 일치하는 징후를 나타냈다. 동시에, 안과학 타과자문은 좌안에서 녹내장성백내장을 확인하였는데, 이는 안압 상승 및 수정체의 유의한 혼탁을 동반하여 시각 명료도를 심하게 부전시켰으며, 수정체 병리 및 시(각)신경 손상을 모두 해결하기 위해 병합된 수술기법을 필요로 하였다. 또한, 피부과 검사는 양측성 엄지발가락을 정동하는 중증 감입발톱을 기록하였는데, 여기서 못 판이 주변 연조직을 관통하여 국소화 감염, 과립형성 조직 형체 및 이동 중 상당한 동통을 초래하였다. 진료 계획에는 즉각적인 꼭지돌기 절제가 포함되며, 급성 감염이 조절된 후 예정된 눈 수술이 이어지는 반면, 감입발톱은 재발을 방지하기 위해 부분적 손톱박리 및 화학적 매트릭스 절제술로 관리된다. 항생 요법은 다종 미생물을 포괄하기 위해 시작되었으며, 동통 관리 프로토콜은 이학 및 족부 시술 모두로 인한 불편함을 수용하도록 조정되었다. 회복 기간 전반에 걸쳐 활력징후 및 창상 치유의 면밀한 모니터링은 모든 동시 상태에 대한 최적의 결과를 보장하기 위해 본태적이다."
term,P052,35,stop,"The patient is a young male in the stage of school childhood who presented to the emergency department with severe abdominal cramping, persistent vomiting, and high-grade fever lasting for three days. Initial laboratory results indicated significant leukocytosis and electrolyte imbalances consistent with acute dehydration. Stool cultures were subsequently processed and confirmed the presence of gastroenteritis paratyphosa, necessitating immediate isolation protocols and targeted antimicrobial therapy. While the gastrointestinal symptoms were the primary concern, the patient also exhibited chronic nasal obstruction and recurrent otitis media that had been noted during previous visits. Given the persistence of these upper respiratory issues despite medical management, the decision was made to proceed with a biopsy of adenoid tissue during a scheduled surgical intervention next week. This procedure aims to rule out any underlying lymphoid hyperplasia or occult infection contributing to his chronic symptoms. The family was counseled on the risks and benefits, and they provided informed consent. Current treatment focuses on rehydration and monitoring for complications related to the systemic infection while awaiting further pathological evaluation of the nasopharyngeal tissue to guide long-term management strategies for this complex case.","환아는 학령기 단의 젊은 남성으로, 3일간 지속된 중증 복식- 경련, 잔류- 구토증 및 고도 열감을 주소로 응급실에 내원하였다. 초기 기공의 검사 결과는 급성- 탈수와 일치하는 유의한 백혈구증가 및 전해질 불균형을 보였다. 이후 대변 배양 검사가 시행되어 파라티푸스위창자염의 존재가 확인되었으며, 즉각적인 격리 지침과 표적 항균- 치료가 필요하였다. 위창자- 증상이 원발- 우려사항이었으나, 환아는 이전 방문 시 기록되었던 만성- 비폐색 및 반복- 중이염도 보였다. 약물적 관리에도 불구하고 이러한 상부 호흡성- 문제가 지속됨에 따라, 다음 주에 예정된 수술 중재 중 인두편도 생검을 진행하기로 결정되었다. 이 시술은 만성- 증상에 기여하는 기저 림프조직 림프구증식 또는 잠재- 감염을 배제하는 것을 목표로 한다. 가족에게 위험과 이익에 대해 상담하였으며, 가족은 사전동의를 제공하였다. 현재 치료는 이 복잡한 사례의 장기적 관리 전략을 유도하기 위해 코인두 조직의 추가 병적- 평가 결과를 기다리는 동안 재수화 및 근친- 전신성- 감염의 합병증 모니터링에 중점을 둔다."
term,P053,33,stop,"The patient presented with a complex history involving genuine diabetes that has proven difficult to manage despite strict adherence to prescribed insulin regimens and dietary modifications. Over the past six months, there has been a notable decline in cognitive function and mood stability, prompting an urgent referral to neuropsychiatry for comprehensive evaluation and potential intervention. During the initial assessment, the patient exhibited signs of severe anxiety and obsessive behaviors centered around cleanliness, which were later identified as manifestations of mysophilia. This specific phobia has significantly impacted daily living activities, as the individual spends excessive hours washing hands and sanitizing personal spaces, often neglecting essential self-care tasks related to their chronic metabolic condition. The interplay between the physiological stress of uncontrolled blood glucose levels and the psychological burden of these compulsive disorders creates a challenging clinical picture. Coordination between endocrinology and mental health specialists is now critical to address both the somatic symptoms and the underlying psychiatric disturbances. Immediate goals include stabilizing glycemic control while initiating cognitive behavioral therapy to mitigate the debilitating effects of the contamination fears. Long-term prognosis depends on successful integration of these dual treatment pathways to improve overall quality of life and functional independence for this vulnerable individual.","환자는 처방된 인슐린 요법 및 식이요법에 대한 엄격한 이행에도 불구하고 관리가 어려운 것으로 나타난 진성당뇨병을 포함하는 복잡한 병력을 보였다. 지난 6개월 동안 인지 기능과 기분 안정성의 현저한 저하가 있어, 종합적인 평가와 전위 중재적시술을 위해 신경정신과학에 긴박한 회송을 촉발했다. 초기 사정 동안, 환자는 청결함에 집착하는 중증 불안 및 강박 행동의 징후를 보였으며, 이는 나중에 불결기호증의 발현으로 확인되었다. 이 특정공포(증)는 일상생활 활성도에 상당한 영향을 미쳤는데, 개인이 손을 씻고 개인 공간을 소독하는 데 과도한 시간을 소비하며 만성- 대사- 상태와 근친- 필수적인 자기 관리 작업을 종종 소홀히 하기 때문이다. 조절되지 않은 혈당 수치의 생리학적 부하와 이러한 강박 장애의 심리학적 부담 간의 상호작용은 어려운 진료- 양상을 만들어낸다. 내분비학 및 턱끝- 건강 전문가 간의 협응은 이제 몸통벽 증상과 근본적인 정신(과)- 장애를 모두 다루기 위해 고비-적이다. 즉각적인 목표는 오염에 대한 두려움의 쇠약케 하는 효과를 완화하기 위해 인지 행동요법을 시작하면서 당 대조를 안정화하는 것을 포함한다. 장기적 예후는 이러한 이중 치료 경로의 성공적인 융합에 달려 있으며, 이는 이 취약한 개인의 전반적인 삶의 정성과 기능적 독립성을 향상시킬 것이다."
term,P054,50,stop,"The patient presented with significant respiratory distress attributed to progressive laryngotracheal stenosis following a prolonged intubation period during prior critical care management. Airway evaluation confirmed severe narrowing requiring immediate surgical intervention to restore adequate ventilation and prevent further compromise. Concurrently, the physical examination revealed an abnormal fixed posture of the lower extremities characterized by persistent plantar flexion of the right foot, suggesting underlying neuromuscular involvement or contracture formation that limits dorsiflexion range of motion significantly. Abdominal imaging performed to assess concurrent gastrointestinal complaints identified a distinct paraduodenal fold near the ligament of Treitz, raising suspicion for an internal hernia despite the absence of acute obstructive symptoms at this time. The clinical team coordinated a multidisciplinary approach involving otolaryngology, orthopedics, and general surgery to address these complex findings simultaneously. Preoperative planning included detailed airway mapping and vascular studies to ensure safe procedural execution while mitigating risks associated with the anatomical variations observed. Postoperative care will focus on airway patency monitoring, physical therapy for limb mobility, and close observation for signs of bowel ischemia related to the identified peritoneal anomaly.","환자는 이전 고비-진료 관리 중 장기간 관넣기 기간 후 발생한 진행- 후두기관협착(증)으로 인한 유의한 호흡성- 곤란을 보였다. 기도유지기 평가는 적절한 환기량을 회복하고 추가적인 악화를 방지하기 위해 즉각적인 수술 중재가 필요한 중증 협착을 확인했다. 동시에, 진찰은 우측 족의 잔류- 발바닥쪽 굽힘을 특징으로 하는 하부 수족부의 비정상적인 고정- 체위를 보였으며, 이는 후방굽힘 근관절범위운동을 유의하게 제한하는 기저의 신경근(육)- 병발 또는 오그라듦 형체를 시사했다. 동시- 위창자- 불만을 평가하기 위해 시행한 복식- 조영은 트라이츠 인대 근처에 뚜렷한 샘창자옆주름을 확인했으며, 현재 급성- 폐쇄 증상의 소발작에도 불구하고 내부 헤르니아에 대한 의심을 높였다. 진료- 팀은 이러한 복잡한 소견을 동시에 해결하기 위해 이비인후과학, 정형외과학 및 전신- 외과를 포함한 다학제 접근을 조율했다. 수술전- 계획은 관찰된 해부학적 변이와 관련된 위험을 완화하면서 안전한 시술 수행을 보장하기 위해 상세한 기도유지기 매핑 및 혈관 연구를 포함했다. 수술후 진료는 기도유지기 개방성 모니터링, 사지 동요를 위한 신체- 치료 및 확인된 복막- 기형과 근친- 장 허혈 징후에 대한 면밀한 관찰에 병터를 둘 것이다."
term,P055,43,stop,"The patient presented with acute knee pain following a sudden twisting motion during athletic activity. Clinical evaluation revealed a significant derangement of patella, characterized by lateral displacement and inability to fully extend the joint without severe discomfort. Palpation indicated localized tenderness along the medial retinaculum, while range of motion testing demonstrated mechanical blocking at thirty degrees of flexion. Neurological assessment showed an unusual response to tactile input, where even a mild exteroceptive stimulus applied to the surrounding dermatomes triggered a reflexive muscle spasm. This hyperreactivity suggested a state of superexcitation within the spinal reflex arcs, potentially complicating the standard rehabilitation protocol. Imaging studies confirmed soft tissue swelling but no fracture, supporting the diagnosis of traumatic instability rather than bony pathology. The treatment plan focuses on gentle mobilization to reduce the derangement of patella while carefully managing sensory input to avoid triggering further superexcitation. Physical therapy will initially limit exposure to any strong exteroceptive stimulus that could exacerbate muscle guarding, aiming instead for gradual desensitization and restored biomechanical alignment through controlled, low-intensity exercises designed to stabilize the joint without provoking additional neurological irritation or pain.","환자는 운동 활성도 중 갑작스러운 비틀기 동작 이후 급성- 슬 동통을 보였다. 진료- 평가는 무릎뼈의 장애를 나타냈으며, 이는 가쪽- 배기량 및 중증 불편감 없이 관절을 완전히 신전할 수 없는 특징을 보였다. 촉진은 안쪽- 당기개를 따라 국소화- 누름통증을 나타낸 반면, 근관절범위운동 검사는 굴곡 30도에서 기계적 차단을 보였다. 신경학적 사정은 접촉- 입력에 대한 비정상적 반응을 보였는데, 주변 피부분절에 가해진 가벼운 외수용자극조차 반사적인 근(육)연축을 유발했다. 이러한 과다반응은 가시- 반사궁 내의 과도흥분 상태를 시사하며, 잠재적으로 원기 재건 연구계획서를 복잡하게 만들 수 있다. 조영 연구는 연조직 종창을 확인했으나 파절은 없었으며, 이는 골 병리보다는 외상성 불안정성이라는 상병을 뒷받침한다. 치료 계획은 무릎뼈의 장애를 줄이기 위한 부드러운 동원에 중점을 두는 동시에, 추가적인 과도흥분을 유발하지 않도록 감각성- 입력을 주의 깊게 관리하는 것이다. 신체- 치료는 처음에 근육 보호 반응을 악화시킬 수 있는 강한 외수용자극에 대한 피폭을 제한하고, 대신 점진적인 탈민감화와 조절- 된 저강도 운동을 통해 생체역학적 중심맞추기를 회복하는 것을 목표로 하며, 이 운동은 추가적인 신경학적 자극이나 동통을 유발하지 않고 관절을 안정화하도록 고안되었다."
term,P056,44,stop,"The patient presented with a complex history requiring multidisciplinary evaluation. Initial assessment revealed an endaural mass causing significant conductive hearing loss and persistent otorrhea, necessitating urgent surgical intervention to prevent further ossicular erosion. Concurrently, ophthalmology consultation was requested due to acute eye pain and visible thinning of the globe, where examination confirmed scleral necrosis/melt requiring immediate tissue grafting to preserve vision. The patient's medical record also indicated a recent gynecological procedure, specifically a colpomyomectomy performed three weeks prior to address symptomatic uterine fibroids that had caused severe menorrhagia and pelvic pressure. Despite the disparate anatomical sites, the clinical team considered potential systemic autoimmune etiologies linking the otologic, ocular, and gynecological findings. The endaural approach allowed for precise removal of the cholesteatoma without compromising facial nerve integrity. Post-operative monitoring focused on preventing infection at all surgical sites, particularly given the compromised tissue status observed in the eye. The patient tolerated the procedures well, though long-term follow-up remains critical to monitor for recurrence of scleral necrosis/melt and to ensure proper healing after the colpomyomectomy and endaural surgery.","환자는 다학제 평가가 필요한 복잡한 병력을 보였다. 초기 사정은 유의한 전음난청과 잔류이루를 유발하는 귀속-종괴를 드러냈으며, 추가적인 소골-까짐을 방지하기 위해 긴박-수술 중재가 필요했다. 동시에, 급성-안구 통증과 가시눈의 얇아짐으로 인해 안과학타과자문이 요청되었으며, 검사에서 시각을 보존하기 위해 즉각적인 조직이식이 필요한 공막의 괴저/융해가 확인되었다. 환자의 의무기록은 또한 중증월경과다와 골반 압박을 유발했던 대증-자궁의 섬유양종을 치료하기 위해 3주 전에 시행된 질식근종절제(술)이라는 최근의 산부인과 시술을 나타냈다. 해부학적 부위가 서로 다름에도 불구하고, 진료-팀은 이학, 눈-, 산부인과 소견을 연결하는 전위전신성-자가면역-병인을 고려했다. 귀속접근법은 얼굴-신경 통합을 위태롭게 함 없이 진주종의 정밀한 제거를 가능하게 했다. 수술 후 모니터링은 모든 수술 부위의 감염 예방에 중점을 두었으며, 특히 눈에서 관찰된 위태롭게 함조직 체질을 고려할 때 더욱 그러했다. 환자는 시술들을 잘 견뎠으나, 공막의 괴저/융해의 재발을 모니터링하고 질식근종절제(술) 및 귀속-수술 후 적절한 치유를 보장하기 위해 장기적인 추구관리는 여전히 고비-적이다."
term,P057,41,stop,"The patient presented with a complex history involving congenital anomalies and acute abdominal findings. Imaging studies confirmed a diagnosis of agenesis of lung on the right side, which has been managed conservatively since childhood without significant respiratory compromise. During the current admission for severe abdominal pain, physical examination revealed a reducible mass in the umbilical region consistent with an epiplocele. Surgical consultation was obtained to evaluate the necessity of operative repair given the risk of incarceration. Throughout the hospitalization, the medical team collaborated closely with the family to ensure that care plans respected their cultural values, specifically by supporting spiritual rituals that the patient finds essential for healing and comfort. These practices were integrated into the daily routine without disrupting clinical monitoring or treatment schedules. The patient remained hemodynamically stable while awaiting further diagnostic workup to rule out associated syndromic features linking the pulmonary and abdominal defects. Discharge planning will include coordination with outpatient specialists to monitor the epiplocele and ensure continued respiratory stability despite the underlying agenesis of lung, all while maintaining the established framework for supporting spiritual rituals as a core component of holistic care.","환자는 선천성 이상 및 급성- 복식- 소견을 포함하는 복합적인 병력을 보였다. 조영 검사는 우측 폐의 무발생에 대한 상병을 확인하였으며, 이는 소아기 이후 보존적으로 관리되어 왔고 유의한 호흡성- 장애는 없었다. 중증 배앓이로 인한 현재 입원 중, 진찰에서 탯줄 부위의 대망탈장에 부합하는 약분가능- 종괴가 확인되었다. 감돈의 위험을 고려하여 수술적 복구(술)의 필요성을 평가하기 위해 외과 타과자문이 이루어졌다. 입원 기간 동안, 의료진은 가족과 긴밀히 협력하여 진료 계획이 그들의 배양- 가치를 존중하도록 보장하였으며, 특히 환자가 치유와 안위를 위해 본태- 로 여기는 영적의식 지지하기를 통해 이를 실천하였다. 이러한 실천은 진료- 모니터링이나 치료 일정을 방해하지 않고 일상적인 루틴에 통합되었다. 환자는 폐- 및 복식- 결함을 연결하는 관련 증후군- 특징을 배제하기 위한 추가 진단 정밀검사를 기다리는 동안 혈역학적으로 안정- 상태를 유지하였다. 유출량 계획에는 대망탈장을 모니터링하고 기저 폐의 무발생에도 불구하고 지속적인 호흡성- 안정성을 보장하기 위해 외래환자 전문의와의 협응이 포함될 것이며, 이 모든 것은 총체- 진료의 핵심 구성 요소로서 영적의식 지지하기를 위한 확립된 금속구조물을 유지하면서 이루어질 것이다."
term,P058,42,stop,"The patient presented with significant developmental delays and hypotonia, prompting a comprehensive genetic and metabolic evaluation. Initial imaging studies revealed a bidiscoidal placenta during the prenatal period, which was noted as an unusual finding but did not immediately correlate with the postnatal presentation. Further investigation into the patient's muscle tone and strength demonstrated a profound absence of muscle tissue in specific lower extremity groups, leading to severe mobility restrictions and joint contractures. Concurrently, biochemical screening was performed to rule out catecholamine-secreting tumors given the episodic hypertension observed during clinic visits. The laboratory results indicated elevated levels of normetanephrine in the plasma, suggesting potential dysregulation within the sympathetic nervous system despite the lack of a confirmed mass on abdominal MRI. This complex clinical picture, combining structural anomalies like the bidiscoidal placenta and absence of muscle with biochemical abnormalities such as increased normetanephrine, necessitates a multidisciplinary approach involving genetics, neurology, and endocrinology. Ongoing management focuses on supportive care, physical therapy to maximize remaining function, and close monitoring of catecholamine metabolites to prevent hypertensive crises while awaiting further genomic sequencing results to identify a unifying etiology for this rare constellation of symptoms.","환자는 유의한 발달 지연과 근육 긴장저하를 보였으며, 이로 인해 포괄적인 유전- 및 대사- 평가가 시행되었다. 초기 조영 연구는 태아기 동안 두원반태반을 밝혀냈고, 이는 비정상적인 소견으로 기록되었으나 산후 태아위치와 즉각적으로 연관되지는 않았다. 환자의 근(육)긴장도 및 근력에 대한 추가 조사에서는 종- 하지 그룹에서 심한 근육의 결여가 확인되었으며, 이로 인해 중증의 동요 제한과 관절 수축이 발생했다. 동시에, 임상강의 방문 중 관찰된 발작성 고압을 고려하여 카테콜라민 분비 종양을 배제하기 위해 생화학 검색이 수행되었다. 기공의 결과는 형질 내 노르메타네프린 수치 상승을 나타냈으며, 이는 자기 공명 영상, 복부에서 확인된 종괴가 없음에도 불구하고 동정- 신경- 분류법 내의 잠재적 전위 조절 장애를 시사한다. 두원반태반 및 근육의 결여와 같은 구조적 이상과 노르메타네프린 증가와 같은 생화학적 이상이 결합된 이 복잡한 진료- 양상은 유전학, 신경학 및 내분비학을 포함하는 다학제적 접근을 필요로 한다. 지속적인 관리는 보조 치료, 잔존 기능을 극대화하기 위한 신체- 치료, 그리고 이 희귀 증후군에 대한 통합적 병인을 확인하기 위한 추가 게놈 염기서열결정 결과를 기다리는 동안 고혈압- 위기를 예방하기 위한 카테콜라민 대산물의 면밀한 모니터링에 중점을 둔다."
term,P059,41,stop,"The patient presented with acute respiratory distress, prompting immediate evaluation of the airway and breathing mechanics. Initial assessment revealed significant work of breathing, necessitating the application of negative pressure ventilation to support gas exchange while avoiding intubation. The clinical team prepared the specialized equipment, ensuring the rotalix tube was correctly positioned within the circuit to maintain optimal airflow dynamics. Simultaneously, a reciprocal shaker was employed to facilitate secretion clearance from the lower lobes, as the patient demonstrated an ineffective cough reflex. Throughout the procedure, continuous monitoring confirmed that the negative pressure settings remained within the therapeutic range, preventing barotrauma while improving oxygenation. The rotalix tube functioned without leakage, and the reciprocal shaker provided consistent mechanical oscillation to loosen tenacious secretions. As the intervention progressed, the patient's respiratory rate decreased, and oxygen saturation improved markedly. The combination of these modalities proved effective in stabilizing the individual without invasive measures. Documentation notes that the rotalix tube, reciprocal shaker, and negative pressure system were all integral to the successful management of this acute episode, allowing for gradual weaning as clinical status normalized over the subsequent hours.","환자는 급성- 호흡성- 곤란을 보여, 즉각적인 기도유지기 및 숨쉬기 역학에 대한 평가가 촉발되었다. 초기 사정은 유의한 호흡 작업량을 나타내어, 관넣기를 피하면서 가스 교환을 지원하기 위해 음압 환기량 적용이 필요했다. 진료- 팀은 전문 장비를 준비하였고, 회전양극관이 기류 동역학을 최적으로 유지하기 위해 회로 내에 올바르게 배치되었는지 확인하였다. 동시에, 환자가 비효과적인 해수 반사를 보임에 따라, 왕복진탕기가 하엽으로부터 분비물 청소율을 촉진하기 위해 사용되었다. 시술 내내 연속- 모니터링은 음압 설정이 치료- 분포역 내에 유지됨을 확인하였고, 산소투여를 개선하면서 압력손상을 예방하였다. 회전양극관은 새기 없이 기능하였고, 왕복진탕기는 끈적한 분비물을 풀어주기 위해 일관된 기계적 진동을 제공하였다. 중재적시술이 진행됨에 따라, 환자의 호흡수호흡률은 감소하였고 산소 포화선량은 현저히 개선되었다. 이러한 방법들의 교배변이는 침습적 치수 없이 개인을 안정시키는 데 효과적인 것으로 입증되었다. 기록에 따르면 회전양극관, 왕복진탕기 및 음압 분류법은 모두 이 급성- 삽화의 성공적인 관리에 필수적이었으며, 이후 몇 시간 동안 진료- 체질이 정상화됨에 따라 점진적 젖뗌을 가능하게 하였다."
term,P060,45,stop,"The patient presented with acute joint pain and swelling, raising initial concerns for urarthritis, although further diagnostic testing is required to confirm this specific diagnosis given the atypical presentation. During the comprehensive physical examination, the physician noted significant erythema and exudate on the bilateral palatine tonsils, suggesting a concurrent infectious process that may be contributing to the systemic inflammatory response. The patient also reported localized scrotal discomfort, prompting a detailed evaluation of the genital region which revealed tenderness along the course of the epididymal duct without obvious masses or fluid collection. Laboratory results indicated elevated inflammatory markers, supporting the presence of an active inflammatory condition affecting multiple systems. The clinical team decided to initiate broad-spectrum antibiotics to address the suspected tonsillar infection while monitoring the joint symptoms closely for any changes that might clarify the underlying etiology of the suspected urarthritis. Follow-up imaging of the scrotum was scheduled to rule out structural abnormalities involving the epididymal duct, ensuring a thorough assessment of all reported symptoms. The patient was advised to rest and maintain hydration while awaiting further test results to guide definitive treatment strategies for the complex clinical picture.","환자는 급성- 관절 동통 및 종창을 보였으며, 비정형- 태아위치가 주어진 이 상병을 확인하기 위해 추가적인 진단 시약이 필요하지만 초기에는 통풍관절염에 대한 우려를 제기했다. 포괄적인 진찰 동안, 내과의사는 양측 목구멍 편도에서 유의한 홍반 및 삼출물을 관찰하였으며, 이는 전신성- 염증- 반응에 기여할 수 있는 동시- 감염- 과정을 시사한다. 환자는 또한 국소화- 음낭- 불편감을 호보하여 생식기(관)- 부위에 대한 상세한 사정을 촉발하였고, 이는 부고환관 경로를 따라 누름통증을 드러냈으나 명확한 종괴나 수액모음은 없었다. 기공의 결과는 염증- 지표의 상승을 나타내어, 다발- 체계에 정동하는 능동- 염증- 상태의 존재를 지지한다. 진료- 팀은 의심되는 편도- 감염- 을주하기 위해 광범위 항생제를 투여하기로 결정하는 동시에, 의심되는 통풍관절염의 기저 병인을 명확히 할 수 있는 어떠한 변화에 대해서도 관절 증상을 면밀히 추구관리하기로 했다. 음낭의 추구관리 조영은 부고환관에 관련된 구조적 이상을 배제하기 위해 예정되었으며, 모든 호보된 증상에 대한 철저한 사정을 보장한다. 환자는 복잡한 진료- 양상에 대한 확정적 치료 전략을 유도하기 위한 추가 시약 결과를 기다리는 동안 받침 및 수분공급을 유지하도록 권고받았다."
term,P061,34,stop,"The patient presented with a complex history involving epidermolysis bullosa dystrophica, requiring meticulous skin handling during all procedural interventions to prevent further blistering and tissue damage. Concurrent neurological imaging revealed an anomaly within the third ventricle structure, prompting immediate consultation with neurosurgery for potential endoscopic evaluation and management planning. Due to the severity of the cardiac involvement identified during preoperative assessment, the surgical team prepared a specialized cardioplegic solution to ensure adequate myocardial protection throughout the anticipated lengthy procedure. The multidisciplinary approach addressed the fragile dermatological condition while simultaneously managing the intracranial findings and securing cardiac stability. Careful coordination between dermatology, neurology, and cardiothoracic surgery was essential to navigate the competing risks associated with each comorbidity. Anesthesia protocols were adjusted to accommodate the unique physiological constraints imposed by the underlying genetic disorder and the specific structural heart requirements. Postoperative monitoring will focus on wound integrity, intracranial pressure dynamics, and cardiac function recovery to optimize overall outcomes for this high-risk individual.","환자는 디스트로피성 수포성 표피박리증을 포함하는 복잡한 병력을 보였으며, 모든 시술 개입 중 추가적인 수포 형성과 조직 손상을 방지하기 위해 세심한 피부 취급이 필요했다. 동시 신경학적 조영은 제3뇌구조 내의 기형을 밝혀냈고, 이는 전위 내시경 평가 및 관리 계획을 위해 신경외과에 즉각적인 타과자문을 촉발했다. 수술전 사정 중 확인된 심장병환자 병발의 중증도로 인해, 외과 팀은 예상되는 장시간 시술 전반에 걸쳐 적절한 심장근육 보호를 보장하기 위해 특수하게 제조된 심장마비 용액을 준비했다. 다학제 접근은 취약한 피부과 상태를 다루는 동시에 머리뼈안 소견을 관리하고 심장병환자 안정성을 확보했다. 피부과, 신경학 및 심장흉부외과 간의 신중한 협응은 각 중복이환과 관련된 경쟁 위험을 탐색하는 데 본태적이었다. 무감각 프로토콜은 기저 유전 질환과 종 심 구조적 요구 사항에 의해 부과된 독특한 생리적 제약을 수용하도록 조정되었다. 수술후 모니터링은 이 고위험 개인의 전반적 결과를 최적화하기 위해 창상 통합, 뇌내압 동역학 및 심장병환자 기능 회복에 병터를 맞출 것이다."
term,P062,50,stop,"The patient presented with complex congenital anomalies consistent with sirenomelia syndrome, characterized by fused lower extremities and severe renal agenesis. Initial assessment required invasive hemodynamometry to monitor systemic pressures given the profound cardiovascular instability associated with the malformation sequence. Despite aggressive resuscitation efforts, the clinical course was complicated by a suspected heredoinfection transmitted vertically from the maternal lineage, manifesting as persistent fever and leukocytosis unresponsive to broad-spectrum antibiotics. The combination of structural defects and infectious burden created a precarious physiological state where standard supportive measures provided limited benefit. Continuous hemodynamometry revealed fluctuating mean arterial pressures that necessitated frequent vasopressor adjustments to maintain perfusion to vital organs. The presence of sirenomelia syndrome often correlates with other midline defects, yet the concurrent heredoinfection obscured the typical presentation and delayed definitive surgical planning. Multidisciplinary teams convened to discuss the grim prognosis, noting that the interplay between the vascular steal phenomenon inherent in sirenomelia syndrome and the septic physiology driven by heredoinfection rendered corrective intervention futile. Ultimately, the decision was made to transition care goals toward comfort measures only, acknowledging the insurmountable challenges posed by this rare and lethal constellation of findings.","환자는 융합된 하부 수족부 및 중증 콩팥무발생을 특징으로 하는 인어다리 증후군과 일치하는 복합 선천성 기형으로 태아위치를 보였다. 기형 서열과 관련된 심각한 전신성심장혈관 불안정성을 고려할 때 초기 사정은 전신성 압력을 모니터링하기 위해 침습적 혈압측정(법)을 필요로 했다. 적극적인 소생술 노력에도 불구하고, 진료 경과는 모성 계통에서 수직으로 전파된 의심 유전감염에 의해 복잡해졌으며, 이는 광범위 항생제에 반응하지 않는 잔류 열감 및 백혈구증가로 나타났다. 구조적 결함과 감염 부담의 교배변이는 원기 치수가 제한된 이익만을 제공하는 위태로운 생리적 상태를 만들었다. 연속 혈압측정(법)은 생명중추 장기로의 관혈류를 유지하기 위해 빈번 혈압상승제 조정을 필요로 하는 파동성 평균 동맥 압력을 보였다. 인어다리 증후군의 존재는 종종 다른 중간선 결함과 상관관계가 있으나, 동시 유전감염은 전형적인 태아위치를 모호하게 하고 확정적 수술 계획을 지연시켰다. 다학제 팀은 어두운 예후를 논의하기 위해 소집되었으며, 인어다리 증후군에 내재된 혈관 전환 현상과 유전감염에 의해 유발된 부패 생리 사이의 상호작용이 교정적 중재적시술을 무용하게 만들었다고 기록했다. 궁극적으로, 이 희귀하고 치사적인 소견 복합체가 제기하는 극복할 수 없는 도전 과제를 인정하며, 진료 목표를 오직 안위 치수를 향한 변이로 결정하였다."
term,P063,48,stop,"The patient presented to the emergency department in a state of diabetic coma, requiring immediate intubation and aggressive fluid resuscitation to stabilize hemodynamics. Upon regaining consciousness several hours later, she reported persistent pelvic discomfort and abnormal vaginal bleeding that had worsened over the past month. A thorough gynecological examination revealed a visible papilloma of cerviv located on the ectocervix, which appeared friable and bled lightly upon contact with the speculum. Concurrently, the patient complained of significant pain in the left buttock region, exacerbated by sitting or walking. Physical palpation confirmed localized tenderness and swelling consistent with glutitis, likely secondary to prolonged immobility during the unconscious episode or an underlying infectious process. Given the complex presentation involving metabolic collapse, cervical pathology, and soft tissue inflammation, a multidisciplinary approach was initiated. Endocrinology managed the insulin regimen to prevent recurrent hyperglycemic crises, while gynecology scheduled a colposcopy and biopsy for the papilloma of cerviv to rule out malignancy. The glutitis was treated with warm compresses and oral antibiotics, with close monitoring for abscess formation. Further imaging was ordered to assess the extent of soft tissue involvement and ensure no deeper structural compromise existed alongside the metabolic and gynecological findings.","환자는 당뇨 혼수 상태로 응급실에 내원하였으며, 혈액동력학을 안정시키기 위해 즉각적인 관넣기와 적극적인 수액 소생(술)이 필요했다. 수 시간 후 의식을 되찾은 그녀는 지난 한 달 동안 악화된 잔류- 골반 불편감과 고환집막- 출혈을 보고했다. 철저한 부인과적 검사는 바깥자궁목에 위치한 가시 자궁경부의 유두종을 드러냈으며, 이는 벌리개 접촉 시 쉽게 출혈되는 양상이었다. 동시에, 환자는 좌석이나 보행 시 악화되는 좌측 둔부 영역의 유의한 동통을 호소하기했다. 신체- 촉진은 무의식 삽화 동안의 장기간 부동이나 기저 감염- 과정에 속발-할 수 있는 볼기염과 일치하는 국소화- 누름통증 및 종창을 확인했다. 대사- 붕괴, 목- 병리 및 연조직 염을 포함하는 복잡한 태아위치가 주어져, 다학제 접근이 시작되었다. 내분비학은 반복- 고혈당 위기를 예방하기 위해 인슐린 양생법을 관리했고, 부인과학은 악성을 배제하기 위해 자궁경부의 유두종에 대한 질확대경검사 및 생검을 예약했다. 볼기염은 온습포와 구두- 항생제로 치료되었으며, 옹증 형체에 대한 면밀한 모니터링이 이루어졌다. 연조직 병발 범위를 평가하고 대사- 및 부인과 소견과 함께 더 깊은 구조적 손상이 없는지 확인하기 위해 추가 조영이 주문되었다."
term,P064,41,stop,"The patient presented with a complex history of chronic gastrointestinal distress, marked by significant weight loss and severe peripheral edema suggestive of protein-losing enteropathy. Despite aggressive nutritional support and albumin infusions, the clinical picture remained concerning for ongoing substantial protein leakage through the intestinal mucosa. A thorough physical examination revealed no obvious external causes, yet the patient reported frequent episodes of involuntary bowel movements that occurred without any prior warning or sensation of urgency, significantly impacting their quality of life and social functioning. To further evaluate the distal colorectal segment and rule out localized inflammatory processes or structural abnormalities contributing to this syndrome, a proctoscope was utilized during the bedside assessment. The visualization allowed for direct inspection of the rectal lining, which appeared erythematous and friable in certain areas, although no distinct masses or large ulcerations were immediately identified within the field of view. Biopsy samples were obtained from the suspicious regions to determine the underlying histopathology, as the combination of involuntary leakage and suspected protein-losing enteropathy necessitates a precise diagnosis to guide future therapeutic interventions effectively and prevent further metabolic deterioration in this vulnerable individual.","환자는 만성 위창자 고통의 복잡한 병력을 보였으며, 이는 유의한 체중 소실과 단백질소실장병(증)을 시사하는 중증 말초 부종이 특징이었다. 적극적인 영양 지지와 알부민 주입에도 불구하고, 진료 양상은 창자 점막층을 통한 지속적인 상당한 단백 새기에 대해 우려를 남겼다. 철저한 진찰 결과 명백한 외 원인은 발견되지 않았으나, 환자는 어떠한 사전 경고나 절박 감각 없이 발생하는 빈번한 불수의 장 운동 에피소드를 보고하였으며, 이는 환자의 삶의 정성과 사회적 기능에 상당한 영향을 미쳤다. 먼쪽 잘록창자곧창자 분엽을 추가로 평가하고 이 증후군에 기여하는 국소화 염증 과정 또는 구조적 이상을 배제하기 위해, 침상에서의 사정 중 직장경이 사용되었다. 이 시각화는 곧창자 내벽의 직접적인 시진을 가능하게 하였으며, 특정 부위는 홍반 상태이고 취약해 보였으나, 시야 내에서 뚜렷한 종괴나 큰 궤양은 즉시 확인되지 않았다. 불수의 새기와 의심되는 단백질소실장병(증)의 교배변이는 향후 치료 중재를 효과적으로 유도하고 이 취약한 개인의 추가적인 대사 황폐를 예방하기 위해 정확한 상병을 필요로 하므로, 의심스러운 부위에서 생검 검체를 채취하여 기저 조직병리학을 결정하였다."
term,P065,36,stop,"The patient presented with a chronic dermatological condition characterized by persistent nodular prurigo affecting the distal aspects of the upper extremity, causing significant discomfort and sleep disturbance despite topical therapies. Concurrently, the obstetric history revealed a complex pregnancy course marked by episodes of altered uterine contractions that required close monitoring and pharmacological intervention to prevent preterm labor. During the physical examination, multiple excoriated papules and hyperkeratotic nodules were noted on the forearms and hands, consistent with the diagnosis of nodular prurigo, while the abdominal assessment showed no current signs of distress related to the previous altered uterine contractions. The clinical team coordinated care between dermatology and obstetrics to manage the intense pruritus without compromising fetal safety, ensuring that systemic treatments for the upper extremity lesions did not interfere with uterine stability. Follow-up plans include regular skin assessments and continued observation for any recurrence of altered uterine contractions, aiming to improve quality of life while maintaining a healthy pregnancy outcome for both mother and child.","환자는 위팔의 먼쪽 부위를 정동하는 잔류 결절가려움발진을 특징으로 하는 만성 피부과 질환으로 내원하였으며, 국소 치료에도 불구하고 유의한 불편함과 수면 장애를 초래하였다. 이와 동시에, 산과학 병력은 조기산통을 예방하기 위해 면밀한 모니터링과 약물적 중재적시술을 요구했던 자궁수축 변화 에피소드로 표시된 복잡한 임신 경과를 보여주었다. 진찰 동안, 전완부와 손에 다발 긁힌 구진 및 과각화 결절이 관찰되었으며 이는 결절가려움발진의 상병과 일치했고, 복식 사정은 이전 자궁수축 변화와 근친 고통의 현재 징후가 없음을 보여주었다. 진료 팀은 태아 안전을 훼손하지 않고 심한 가려움(증)을 관리하기 위해 피부과학과 산과학 간의 진료를 조정하여 위팔 병변에 대한 전신성 치료가 자궁 안정성을 방해하지 않도록 보장하였다. 추구관리 계획에는 정기적인 피부 사정과 자궁수축 변화의 모든 재발에 대한 지속적 관찰이 포함되며, 이는 엄마와 영유아 모두에게 건강한 임신 결과를 유지하면서 삶의 정성을 향상시키는 것을 목표로 한다."
term,P066,40,stop,"The patient presented with a complex history requiring multidisciplinary evaluation and management. Initial imaging revealed a suspicious calcification cluster in the left breast, prompting a referral for a breast stereotactic biopsy to obtain tissue diagnosis. The pathology report confirmed invasive ductal carcinoma, necessitating further assessment of regional lymph nodes. Consequently, the surgical team proceeded with surgical staging to determine the extent of disease spread and guide adjuvant therapy planning. During the preoperative neurological clearance, an incidental finding was noted on the cranial MRI. The scan demonstrated a defect in the skull base with herniation of intracranial contents, consistent with a meningoencephalocele. Although this congenital anomaly was asymptomatic, neurosurgery was consulted to evaluate potential risks associated with the planned oncologic procedures and anesthesia. The care team coordinated closely to ensure that the breast intervention and staging did not compromise neurological stability. Postoperative monitoring included strict observation for any signs of cerebrospinal fluid leak or infection given the underlying cranial defect. The patient tolerated the initial procedures well, and future steps will depend on the final staging results and neurological recommendations regarding the meningoencephalocele management.","환자는 다학적 평가 및 관리가 필요한 복잡한 병력을 보였다. 초기 조영에서는 좌측 유방에 의심스러운 석회화 집락이 관찰되었으며, 이로 인해 조직 상병을 얻기 위해 유방 회송 및 유방 입체정위 생검술이 시행되었다. 병리 보고서에서 침습성 관상암종이 확인되어 국소- 림프절에 대한 추가 사정이 필요했다. 따라서 외과팀은 질병 전파 범위를 결정하고 보조요법 계획을 유도하기 위해 외과적시기결정을 진행했다. 수술전- 신경학적 청소율 중, 머리- MRI에서 우연한 소견이 발견되었다. 스캔에서는 기저 두개골 결손(증)과 함께 머리뼈안- 내용물의 탈출(증)이 보였으며, 이는 수막뇌류와 일치했다. 이 선천성 기형은 무증상이었지만, 계획된 종양학- 시술 및 무감각과 관련된 전위 위험을 평가하기 위해 신경외과에 자문이 요청되었다. 진료 팀은 유방 중재적시술 및 병기분류가 신경학적 안정성을 손상시키지 않도록 긴밀히 협조했다. 기저 머리- 결손(증)을 고려하여 수술후 모니터링에는 뇌척수액 누출 또는 감염의 징후에 대한 엄격한 관찰이 포함되었다. 환자는 초기 시술을 잘 견뎠으며, 향후 단계는 최종 병기분류 결과와 수막뇌류 관리에 대한 신경학적 권고에 따라 결정될 것이다."
term,P067,35,stop,"The patient presented for a routine evaluation with a complex medical history requiring careful documentation. She reported a prior attempt at blood donation which was deferred due to incomplete screening criteria, though she remains a potential candidate in the future. Imaging studies conducted during her adolescent years revealed a congenital anomaly described as agenesis of lung, specifically affecting the left upper lobe, yet she has maintained adequate respiratory function through compensatory mechanisms without significant dyspnea on exertion. Recent gynecological screening identified a benign growth noted as papilloma of cerviv during a standard colposcopic examination, prompting a plan for close surveillance rather than immediate excision given its small size and lack of dysplastic features. Her overall health status remains stable despite these distinct conditions spanning multiple organ systems. She denies any current symptoms related to her respiratory or reproductive health and continues to engage in normal daily activities without limitation. Follow-up appointments are scheduled to monitor the stability of the cervical lesion and to reassess her eligibility for future blood donation once all deferral periods have expired and necessary clearances are obtained from her specialists.","환자는 복잡한 병력을 가지고 있어 면밀한 문서화가 필요한 상태에서 정기 평가를 위해 내원하였다. 환자는 이전에 헌혈을 시도한 적이 있으나 불완전- 검색 기준으로 인해 연기되었으나, 향후 전위 후보자로 남아 있다. 청소년기에 실시된 조영 검사에서는 선천성 기형으로 폐의 무발생이 확인되었으며, 이는 구체적으로 좌상엽에 정동하는 것으로 기술되었으나, 환자는 보상- 기전을 통해 충분한 호흡성- 기능을 유지하여 유의한 운동 호흡곤란 없이 지내왔다. 최근 산부인과 검색에서는 원기 질확대경검사 중 자궁경부의 유두종으로 기재된 양성- 종괴가 확인되었으며, 그 크기가 작고 이형성 소견이 없어 즉각적인 적출(술) 대신 면밀한 감독 계획이 수립되었다. 환자의 전반적인 건강 체질은 다발- 기관계에 걸친 이러한 뚜렷한 질환에도 불구하고 안정- 상태를 유지하고 있다. 환자는 호흡성- 또는 생식 건강과 근친- 현재 증상을 부인하며, 제한 없이 노르말 일상 활성도를 계속하고 있다. 추구관리 예약은 목- 병소의 안정성을 모니터링하고, 모든 연기 기간이 사망하고 전문의로부터 필요한 허가를 받은 후 향후 헌혈 자격을 재평가하기 위해 예정되어 있다."
term,P068,35,stop,"The patient presents with a complex medical history involving multiple congenital and hematologic conditions that require coordinated management. Initial evaluation confirmed a diagnosis of orofaciodigital syndrome, characterized by distinct craniofacial anomalies and digital abnormalities noted at birth. Concurrently, the patient exhibits symptoms consistent with intermedia thalassaemia, including moderate anemia and splenomegaly, necessitating regular monitoring of hemoglobin levels and iron status without frequent transfusion dependence. Recent clinical progression included persistent nasal obstruction and recurrent upper respiratory infections, prompting further investigation into the upper airway structures. Consequently, a biopsy of adenoid tissue was performed to rule out lymphoid hyperplasia or other pathological changes contributing to the obstructive symptoms. Histopathological results from the biopsy of adenoid specimens are currently pending, while supportive care continues for both the syndromic features and the hematologic disorder. The care team remains vigilant for potential complications arising from the interaction between these distinct diagnoses, ensuring that therapeutic interventions for one condition do not adversely affect the management of the other. Long-term follow-up plans include genetic counseling and specialized hematology consultations.","환자는 조율된 관리가 필요한 다발- 선천성 및 혈액- 상병을 포함하는 복잡한 병력을 보인다. 초기 평가에서는 분만 시 관찰된 뚜렷한 머리얼굴- 기형 및 가락모양 이상을 특징으로 하는 구안지 증후군 상병을 확인하였다. 동시에, 환자는 중간형 지중해빈혈과 일치하는 증상을 보이며, 여기에는 중등도 빈혈 및 비장종대가 포함되고, 빈번- 수혈 의존 없이 혈색소 수치 및 철 체질에 대한 정기적인 모니터링이 필요하다. 최근 진료- 경과에는 잔류- 비폐색 및 반복- 상기도 감염이 포함되었으며, 이로 인해 상기도 구조에 대한 추가 조사가 진행되었다. 결과적으로 폐쇄 증상에 기여하는 림프구증식 또는 기타 병적- 변화를 배제하기 위해 인두편도 생검이 시행되었다. 인두편도 생검 표본의 조직병리학적 결과는 현재 대기 중이며, 증후군- 특징 및 혈액- 질환 모두에 대한 보조 치료는 계속되고 있다. 진료 팀은 이러한 개별 상병 간의 상호작용으로 인해 발생할 수 있는 전위 합병증에 대해 계속 주의를 기울이며, 한 질환에 대한 치료- 중재가 다른 질환의 관리에 부정적인 정동을 미치지 않도록 보장한다. 장기 추구관리 계획에는 유전- 상담 및 전문 혈액학 진료가 포함된다."
term,P069,44,stop,"The patient presented with a complex history involving multiple musculoskeletal and neurological complaints that required careful differentiation during the physical examination. He reported persistent dizziness triggered by specific neck movements, a presentation consistent with cervical vertigo that significantly impacted his daily balance and coordination. Concurrently, he described acute scrotal pain and swelling on the right side, prompting an urgent ultrasound evaluation of the epididymal duct to rule out obstruction or inflammation within the reproductive tract. Furthermore, the patient complained of sharp anterior knee pain exacerbated by stair climbing and squatting, leading to a clinical assessment that confirmed a derangement of patella involving lateral tracking and subtle subluxation. Management plans were developed to address each distinct issue simultaneously, incorporating vestibular rehabilitation exercises for the neck-related dizziness, anti-inflammatory medication for the scrotal discomfort, and targeted physiotherapy to stabilize the kneecap alignment. Follow-up appointments were scheduled to monitor progress across all three conditions, ensuring that interventions for one area did not adversely affect recovery in another while maintaining a holistic approach to his overall physical health and functional mobility.","환자는 진찰 중 신중한 분화가 필요한 다발근육뼈대 및 신경학적 호소하기를 포함하는 복잡한 병력으로 태아위치를 보였다. 그는 종경부 움직임에 의해 유발되는 잔류현기증을 보고하였는데, 이는 그의 일상적인 저울 및 협응에 매복하게 영향을 미친 경추성 현기증과 일치하는 태아위치였다. 동시에, 그는 우측의 급성음낭동통 및 종창을 설명하여, 생식 길 내의 폐쇄 또는 염을 배제하기 위해 부고환관의 긴박초음파촬영(술) 평가를 촉발하였다. 또한, 환자는 계단 오르기 및 쪼그려 앉기로 인해 악화되는 날카로운 전치부슬동통을 호소하기하여, 가쪽 추적 및 미세한 불완전탈구를 포함하는 무릎뼈의 장애를 확인하는 진료사정으로 이어졌다. 경부 관련 현기증에 대한 전정재건 운동, 음낭 불편감에 대한 항염 약물 처치, 그리고 무릎뼈 중심맞추기를 안정화하기 위한 표적 물리치료를 통합하여 각각의 뚜렷한 문제를 동시에 다루기 위한 관리 계획이 수립되었다. 세 가지 모든 상태에 걸쳐 진행 상황을 모니터링하기 위해 추구관리 예약이 일정에 잡혔으며, 한 부위에 대한 중재가 다른 부위의 회복에 부정적으로 정동하지 않도록 보장하는 동시에 그의 전반적인 신체건강 및 기능적 동요에 대한 총체접근을 유지하였다."
term,P070,50,stop,"The patient presented with a complex history involving multiple distinct pathological conditions requiring specialized surgical intervention. Initial evaluation revealed severe onychocryptosis affecting the left hallux, characterized by significant inflammation and granulation tissue formation along the lateral nail fold. To address this chronic ingrown toenail, a positioned flap was meticulously designed and executed to cover the defect following partial matrixectomy, ensuring adequate soft tissue coverage and promoting optimal healing without tension. Concurrently, the patient reported persistent otalgia and postauricular swelling, prompting urgent imaging studies that demonstrated extensive bone erosion and fluid accumulation consistent with coalescent mastoiditis. This serious infection of the mastoid air cells necessitated immediate broad-spectrum intravenous antibiotic therapy and consultation with otolaryngology for potential surgical drainage. The care plan prioritizes stabilizing the acute infectious process in the temporal bone while monitoring the healing trajectory of the foot surgery. Nursing staff will perform daily wound assessments on both sites, watching for signs of dehiscence or spreading infection. Coordination between podiatry and ENT teams remains essential to manage these concurrent issues effectively and prevent systemic complications during the extended recovery period ahead.","환자는 전문적인 수술 중재가 필요한 다발-의 개별적인 병적- 상태를 포함하는 복잡한 병력으로 내원하였다. 초기 평가에서는 좌측 족무지에 정동하는 중증 감입발톱이 확인되었으며, 가쪽- 못 주름을 따라 유의한 염 및 과립형성 조직 형체가 특징이었다. 이 만성- 내성장- 발톱을 치료하기 위해, 부분 모체절제술 후 결손(증)을 덮기 위해 판막이동수술이 정교하게 설계 및 시행되었으며, 충분한 연조직덮기를 보장하고 긴장성 없이 최적의 치유를 촉진하였다. 동시에, 환자는 잔류- 귀통증 및 귓바퀴뒤- 종창을 호소하였고, 이는 긴박- 조영 검사를 촉발하였으며, 이 검사는 융합꼭지돌기염과 일치하는 광범위한 골 까짐 및 액 축적물을 보여주었다. 꼭지돌기 기세포의 이 심각한 감염은 즉각적인 광범위 정맥 내 항생- 요법과 배액(술)을 위한 전위 수술적 치료를 위한 이비인후과학 타과자문을 필요로 하였다. 진료 계획은 족 수술의 치유 궤적을 모니터링하는 동시에 관자- 뼈의 급성- 감염- 과정을 안정화시키는 것을 우선시한다. 모유수유 직원은 두 부위 모두에서 매일 창상 평가를 수행하며, 벌어짐 또는 감염 확산의 징후를 주시할 것이다. 족학 및 이비인후과 팀 간의 협응은 이러한 동시- 문제를 효과적으로 관리하고 앞으로의 장기 회복 기간 동안 전신성 합병증을 예방하는 데 본태-이다."
term,P071,36,stop,"The patient presented with severe, chronic itching and multiple excoriated lesions on the extensor surfaces of the limbs, consistent with a diagnosis of nodular prurigo. Despite aggressive topical steroid therapy and antihistamines, the pruritus remained intractable, significantly impacting sleep quality and daily function. To prevent further self-inflicted trauma during sleep, a soft retaining harness was fitted to limit access to the affected areas while allowing necessary movement. The medical history revealed a recent freshwater exposure incident during a swimming trip, raising theoretical concerns about rare pathogens such as naegleria fowleri, although no neurological symptoms like headache or fever were currently present to suggest meningoencephalitis. Routine screening for central nervous system involvement was deemed precautionary given the lack of specific signs, yet the exposure history warranted documentation. The care plan focuses on breaking the itch-scratch cycle through behavioral modification and the continued use of the retaining harness at night. Follow-up appointments are scheduled to monitor lesion healing and assess the need for systemic immunomodulators if the nodular prurigo fails to respond to current conservative measures.","환자는 사지 폄- 표면의 중증, 만성- 소양감 및 다발- 찰과상 병소를 보였으며, 이는 결절가려움발진 상병과 일치하였다. 적극적인 국소- 스테로이드 요법과 항히스타민제에도 불구하고 가려움(증)은 난치- 상태로 남아 수면 정성과 일상 기능에 상당한 영향을 미쳤다. 수면 중 추가적인 자가 손상을 방지하기 위해, 필요한 움직임은 허용하면서 환부 접근을 제한하도록 부드러운 장치유지가 맞춰졌다. 병력은 최근 수영 여행 중 담수 피폭 입사- 를 보였으며, 수막뇌염을 시사하는 두통이나 열감과 같은 신경학적 증상은 현재 없었으나 파울러자유아메바와 같은 희귀 병원체에 대한 이론적 우려를 제기하였다. 중추- 신경- 분류법 병발에 대한 일상적 검색은 종- 징후가 부재하여 예방적 조치로 간주되었으나, 피폭 병력은 기록할 필요가 있었다. 진료 계획은 행동수정 및 야간 장치유지 지속 사용을 통한 가려움-긁기 주기 차단에 중점을 둔다. 결절가려움발진이 현재 보존- 치수에 반응하지 않을 경우 병소 치유를 모니터링하고 전신성- 면역조절제 필요성을 평가하기 위해 추구관리 예약이 예정되어 있다."
term,P072,43,stop,"The patient presented with a complex history involving chronic abdominal pain and systemic muscular weakness, prompting a multidisciplinary evaluation. Initial imaging suggested an inflamed Meckel's diverticulum, which ultimately required a meckel's diverticulectomy to prevent further complications such as obstruction or perforation. During the preoperative assessment, the medical team noted significant muscle stiffness and delayed relaxation after contraction, raising suspicion for underlying myotonic disorders. Genetic testing was ordered to confirm this diagnosis, as these conditions can complicate surgical recovery and anesthesia management. Postoperatively, the patient developed unexpected inflammation in the gluteal region, clinically identified as glutitis, likely secondary to prolonged immobilization during the procedure or an adverse reaction to intramuscular medications administered perioperatively. Physical therapy was initiated to address both the muscular symptoms associated with the suspected myotonic disorders and the localized pain from glutitis. The surgical site healed without infection, but the systemic issues require long-term monitoring by neurology and rheumatology specialists. Coordination between these services is essential to manage the overlapping symptoms and ensure comprehensive care for this challenging case involving multiple distinct pathologies.","환자는 만성- 배앓이 및 전신성- 근(육)- 위약을 포함하는 복잡한 병력으로 내원하여 다학제 평가를 촉발했다. 초기 조영은 염이 있는 Meckel 장게실을 시사했으며, 궁극적으로 폐쇄 또는 천공과 같은 추가 합병증을 예방하기 위해 멕켈 게실절제술이 필요했다. 수술전- 사정 동안, 의료진은 유의한 근(육)- 경증과 수축 후 지연- 이완을 확인하여 기저 근긴장장애를 의심하게 되었다. 이러한 상병은 수술 후 회복과 무감각 관리를 복잡하게 할 수 있으므로, 이를 확인하기 위해 유전- 검사가 의뢰되었다. 수술 후, 환자는 둔부에 예기치 않은 염이 발생했으며, 임상적으로 볼기염으로 확인되었고, 이는 시술 중 연장된 부동 또는 수술 주변기에 투여된 근(육)내- 약물에 대한 유해반응의 속발-일 가능성이 높다. 의심되는 근긴장장애와 관련된 근(육)- 증상과 볼기염으로 인한 국소화- 동통을 모두 해결하기 위해 신체- 치료가 시작되었다. 수술 부위는 감염 없이 치유되었으나, 전신성- 문제는 신경학 및 류마티스학 전문의에 의한 장기적 모니터링이 필요하다. 이러한 진료 간의 협응은 겹치는 증상을 관리하고 다발-의 개별 병리를 포함하는 이 도전적인 사례에 대한 포괄적인 진료를 보장하는 데 본태-적이다."
term,P073,32,stop,"The patient is a young adult presenting for evaluation of persistent epiphora and recurrent dacryocystitis despite prior surgical intervention. History reveals symptoms first noted during school childhood, characterized by chronic tearing and occasional purulent discharge that significantly impacted daily activities and social interactions. Previous records indicate an initial external dacryocystorhinostomy performed several years ago, which ultimately failed to maintain patency of the nasolacrimal duct. Consequently, the decision was made to proceed with an endoscopic revision dacryocystorhinostomy to address the obstruction and restore adequate drainage. During the preoperative psychological assessment, the patient disclosed a history of mysophilia, noting that this specific behavioral pattern had occasionally complicated hygiene practices around the medial canthus in the past. The surgical team reviewed these details to ensure appropriate perioperative management and counseling. The procedure was scheduled without delay, aiming to correct the anatomical blockage while considering the unique behavioral factors noted in the chart. Postoperative plans include strict hygiene protocols and close monitoring to prevent infection and ensure successful healing of the newly created ostium within the nasal cavity.","환자는 이전 수술 중재에도 불구하고 잔류 눈물흘림증 및 반복 눈물주머니염 평가를 위해 내원한 젊은 성인이다. 병력에 따르면 학령기에 처음 발견된 증상은 만성 눈물흘림과 간헐적인 고름 유출량이 특징이며, 이는 일상 활성도 및 사회적 상호작용에 상당한 영향을 미쳤다. 이전 기록에 따르면 수년 전에 초기 외 눈물주머니코안연결(술)이 시행되었으나, 궁극적으로 비루관의 개방성을 유지하는 데 실패했다. 결과적으로, 폐쇄를 해결하고 적절한 배액(술)을 회복하기 위해 내시경 이용 눈물주머니코안 연결 교정을 진행하기로 결정했다. 수술전 심리학 사정 중, 환자는 불결기호증 병력을 공개하며, 이 종 행동 양상이 과거에 내안각 주위의 위생 관행을 간혹 복잡하게 만들었다고 언급했다. 수술 팀은 적절한 수술기간 관리 및 상담을 보장하기 위해 이러한 세부 사항을 검토했다. 진료기록부에 기록된 독특한 행동 요인을 고려하여 해부학적 차단을 교정하는 것을 목표로, 시술은 지체 없이 예약되었다. 수술후 계획에는 감염을 예방하고 비강 내 새로 생성된 구멍의 성공적인 치유를 보장하기 위한 엄격한 위생 규정과 면밀한 모니터링이 포함된다."
term,P074,37,stop,"The patient presented for a routine obstetric evaluation at thirty-four weeks gestation with concerns regarding fetal growth restriction. Ultrasound imaging revealed significant anomalies, most notably the complete absence of muscle tissue in the lower extremities, suggesting a severe congenital myopathy. Maternal weight assessment indicated a dry weight of fifty-eight kilograms, which remained unchanged from the previous visit despite reported increased fluid intake. Further placental examination via high-resolution sonography identified a rare bidiscoidal placenta configuration, characterized by two distinct lobes connected by vascular bridges without intervening parenchyma. This structural abnormality appeared to compromise overall nutrient exchange efficiency, potentially contributing to the observed intrauterine growth delay. The clinical team discussed the implications of these findings, emphasizing the need for close monitoring of fetal well-being and maternal hemodynamic status. No signs of acute distress were noted during the examination, though the combination of musculoskeletal deficits and placental morphology warranted immediate referral to a specialized perinatal center for advanced genetic counseling and potential delivery planning. Continuous surveillance will be essential to manage risks associated with this complex presentation.","환자는 태아 발육 제한에 대한 우려를 안고 임신 34주에 정기 산과 진료 평가를 위해 내원하였다. 초음파촬영술 조영은 유의한 이상을 드러냈으며, 가장 주목할 만한 것은 하부 수족부에서 근육 조직이 완전히 근육의 결여된 것으로, 중증 선천성 근병증을 시사했다. 모성 체중 사정은 58킬로그램의 투석목표체중을 나타냈으며, 이는 보고된 액 섭취 증가에도 불구하고 이전 면회와 비교하여 변하지 않았다. 고해상도 초음파촬영술을 통한 추가 태반 검사는 혈관 다리로 연결되고 중간에 실질이 없는 두 개의 뚜렷한 엽을 특징으로 하는 희귀한 두원반태반 구조를 확인했다. 이러한 구조적 이상은 전반적인 영양분 교환 효율을 손상시키는 것으로 보였으며, 관찰된 자궁내 발육 지연의 잠재적 원인으로 작용했을 수 있다. 진료 팀은 이러한 소견의 의미를 논의하며, 태아 안녕과 모성 혈류역학 체질에 대한 면밀한 감독의 필요성을 강조했다. 검사 중 급성 고통의 징후는 관찰되지 않았으나, 근육뼈대 결핍과 태반 형태학의 교배변이는 진보된 유전 상담 및 전위 분만 계획을 위해 전문 출생전후기 센터로의 즉각적인 회송을 정당화했다. 이러한 복잡한 태아위치와 관련된 위험을 관리하기 위해 연속 감독이 본태적일 것이다."
term,P075,53,stop,"The patient presented with severe neurological decline and visual disturbances following recent travel to endemic regions. Initial imaging suggested widespread inflammation, leading to a confirmed diagnosis of cryptococcal meningocerebritis that required immediate antifungal therapy. Concurrently, the ophthalmology team noted significant corneal changes consistent with neurotrophic keratopathy, likely secondary to cranial nerve involvement from the central infection. This ocular complication necessitated aggressive lubrication and protective measures to prevent corneal perforation. Further laboratory workup revealed eosinophilia and specific serological markers indicating a co-infection with blood fluke, complicating the overall clinical picture. The presence of this parasitic organism required the addition of praziquantel to the treatment regimen while carefully monitoring for potential drug interactions with the antifungal agents. The patient remained in isolation during the initial phase of care to manage infection control protocols effectively. Multidisciplinary coordination between infectious disease, neurology, and ophthalmology specialists was essential to address the complex triad of conditions affecting the central nervous system, the eyes, and the vascular system simultaneously. Ongoing monitoring focused on reducing intracranial pressure and preserving visual acuity amidst the systemic inflammatory response.","환자는 풍토병- 지역으로의 최근 여행 후 중증 신경학적 악화와 시각- 장애를 보였다. 초기 조영은 광범위한 염을 시사하였고, 즉각적인 항진균- 치료를 필요로 하는 크립토콕쿠스수막대뇌염의 확진 상병으로 이어졌다. 동시에, 안과학 팀은 중추 감염으로 인한 뇌신경 병발에서 속발- 가능성이 있는 신경영양- 각막병(증)과 일치하는 유의한 각막- 변화를 기록하였다. 이 눈- 합병증은 각막- 천공을 예방하기 위해 적극적인 윤활과 방어- 치수를 필요로 하였다. 추가 기공의 정밀검사는 호산구증가(증)와 주혈흡충과의 공동 감염을 나타내는 종- 혈청학적- 표지자를 밝혀내어, 전반적인 진료- 양상을 복잡하게 하였다. 이 기생 균의 존재는 항진균- 제제와의 전위 약물 상호작용을 주의 깊게 모니터링하면서 치료 양생법에 프라지콴텔의 추가를 필요로 하였다. 환자는 감염통제 관리 프로토콜을 효과적으로 관리하기 위해 진료의 초기 기 동안 격리 상태를 유지하였다. 감염- 질환, 신경학 및 안과학 전문가 간의 다학제 협응은 중추- 신경- 분류법, 눈 및 혈관 분류법에 동시에 영향을 미치는 복잡한 세동이를 해결하는 데 본태- 적이었다. 지속적인 모니터링은 전신성- 염증- 반응 속에서 뇌내압을 감소시키고 시각- 명료도를 보존하는 데 집중되었다."
term,P076,42,stop,"The patient presented with chronic diarrhea and significant hypoalbuminemia, raising strong suspicion for protein-losing enteropathy as the primary underlying etiology. Extensive gastrointestinal workup included advanced cross-sectional imaging to evaluate structural anomalies within the mesentery and bowel loops. Radiological review identified a distinct paraduodenal fold near the ligament of Treitz, which appeared to create a potential space for internal herniation, although no acute obstruction was currently evident. This anatomical finding was carefully documented given its rarity and potential contribution to intermittent symptoms. The patient's surgical history is notable for orthognathic surgery performed three years prior to address severe mandibular retrognathia, a procedure that proceeded without complication and remains unrelated to the current gastrointestinal complaints. Despite the remote nature of the facial reconstruction, the comprehensive history ensures no confounding factors are overlooked in the differential diagnosis. Management plans now focus on confirming the diagnosis of protein-losing enteropathy through alpha-1 antitrypsin clearance studies while monitoring the paraduodenal fold for any signs of progression or complication. Nutritional support has been initiated to address profound protein deficits while further diagnostic evaluations are pending to determine the precise mechanism of loss.","환자는 만성설사증과 유의한 저알부민혈증을 보였으며, 이는 단백질소실장병(증)이 원발병인이라는 강한 의심을 불러일으켰다. 광범위한 위창자정밀검사에는 장간막과 창자고리 내의 구조적 이상을 평가하기 위한 진보된 단면조영이 포함되었다. 방사선학적 검토에서 트라이츠인대 근처에 뚜렷한 샘창자옆주름을 확인하였으며, 이는 내부 탈출(증)을 위한 전위공간을 형성하는 것으로 보였으나 현재 급성폐쇄의 소견은 뚜렷하지 않았다. 이 해부학적 소견은 그 희귀성과 간헐적 증상에 대한 전위 기여 가능성으로 인해 주의 깊게 문서화되었다. 환자의 수술력유뮤는 3년 전 중증 아래턱후퇴를 치료하기 위해 시행된 악교정수술이 주목할 만하며, 이 시술은 합병증 없이 진행되었고 현재의 위창자주诉와는 무관하다. 얼굴재건(술)이 오래 전 일이었음에도 불구하고, 포괄적인 병력은 차별상병에서 교란요인이 간과되지 않도록 보장한다. 치료 계획은 현재 항트립신청소율 연구를 통해 단백질소실장병(증)의 상병을 확인하는 데 병터를 맞추는 동시에, 진행이나 합병증의 징후가 있는지 샘창자옆주름을 모니터링하는 것이다. 소실의 정확한 기계론을 결정하기 위한 추가 진단 평가가 대기 중인 상태에서, 심각한 단백결핍을 해결하기 위해 영양 지원이 시작되었다."
term,P077,37,stop,"The patient presented with a complex history involving multiple systemic and neurological complaints that required careful differentiation during the evaluation. Initial assessment revealed significant joint pain consistent with urarthritis, particularly affecting the lower extremities and causing notable mobility restrictions. Concurrently, the patient demonstrated profound behavioral inertia, refusing to initiate movement or engage in basic self-care tasks without extensive prompting from nursing staff. This lack of voluntary action complicated the physical examination and delayed necessary diagnostic imaging. Subsequent magnetic resonance imaging of the brain identified structural abnormalities characteristic of hippocampal sclerosis, providing a potential explanation for the observed cognitive decline and memory deficits. The coexistence of urarthritis and central nervous system pathology created a challenging clinical picture, as the physical discomfort from joint inflammation likely exacerbated the psychological inertia. Treatment planning now requires a multidisciplinary approach to address both the inflammatory joint disease and the underlying neurodegenerative changes. Careful monitoring is essential to ensure that interventions for one condition do not adversely affect the other, especially given the patient's limited ability to communicate symptoms due to severe inertia.","환자는 평가 중 신중한 분화가 필요한 다발 전신성 및 신경적 호소를 포함하는 복잡한 병력을 보였다. 초기 사정은 하부 수手足部에 특히 정동하여 뚜렷한 동요 제한을 유발하는 통풍관절염과 일치하는 유의한 관절 동통을 드러냈다. 동시에 환자는 심한 행동 무기력을 보였으며, 모유수유 직원의 광범위한 촉구 없이는 이동을 시작하거나 염기성 자가간호 작업에 참여하기를 거부했다. 이러한 수의 행동의 부재는 진찰을 복잡하게 하였고 필요한 진단 조영을 지연시켰다. 후속 뇌 자기공영영상은 해마경화(증)의 특징인 구조적 이상을 확인하여 관찰된 인지 저하 및 기억 결손에 대한 전위 설명을 제공했다. 통풍관절염과 중추 신경 분류법 병리의 공존은 도전적인 진료적 양상을 만들어냈는데, 관절 염으로 인한 신체적 불편이 심리학 무기력을 악화시켰을 가능성이 높기 때문이다. 치료 계획은 이제 염증성 관절 질환과 기저 신경변성 변화 모두를 다루기 위해 다학제적 접근을 요구한다. 특히 중증 무기력으로 인한 증상 전달 능력 제한을 고려할 때, 한 질환에 대한 중재가 다른 질환에 부정적으로 정동하지 않도록 보장하기 위해 신중한 모니터링이 본태적이다."
term,P078,34,stop,"The patient presented with a history of hapgok that has persisted since early childhood, complicating the overall clinical picture. Upon examination, the right eye demonstrated significant refractive error compared to the left, leading to a diagnosis of anisometropic amblyopia that required immediate intervention. We initiated a treatment plan involving occlusion therapy alongside corrective lenses to address the visual disparity. During the procedural assessment, we utilized a device capable of generating negative pressure to ensure proper fit and stability of the therapeutic contact lenses. The application of negative pressure was carefully monitored to avoid any corneal compromise while maintaining optimal lens positioning. Despite the challenges posed by the underlying hapgok, the patient showed gradual improvement in visual acuity over several weeks. Continued follow-up is essential to monitor the progression of anisometropic amblyopia and adjust the therapeutic approach as needed. The integration of these specific techniques aims to maximize visual potential while managing the complex anatomical factors present in this case. Further evaluation will determine if additional interventions are necessary to sustain the gains achieved through the current regimen.","환자는 초기 소아기부터 지속된 합곡(合谷)의 병력을 보였으며, 이는 전반적인 진료-상을 복잡하게 만들었다. 검사 시, 우안은 좌안에 비해 유의한 굴절이상을 보였고, 이는 즉각적인 중재적시술이 필요한 굴절부등약시 상병으로 이어졌다. 우리는 시각- 불일치를 해결하기 위해 교정 수정체와 함께 맞물림 치료-를 포함하는 치료 계획을 시작했다. 시술 사정 중, 우리는 치료- 콘택트 수정체의 적절한 맞춤과 안정성을 보장하기 위해 음압을 발생시킬 수 있는 장치를 사용했다. 음압의 적용은 최적의 수정체 체위잡기를 유지하면서 각막- 손상을 피하기 위해 주의 깊게 모니터링되었다. 기저 합곡(合谷)으로 인한 어려움에도 불구하고, 환자는 몇 주에 걸쳐 시각- 명료도의 점진적 개선을 보였다. 지속적인 추구관리는 굴절부등약시의 진행을 모니터링하고 필요에 따라 치료- 접근법을 조정하는 데 본태-적이다. 이러한 종- 수기의 융합은 이 사례에 존재하는 복잡한 해부학적 요인을 관리하면서 시각- 전위를 최대화하는 것을 목표로 한다. 추가적인 사정은 현재 양생법을 통해 얻은 결과를 유지하기 위해 추가적인 중재적시술이 필요한지 결정할 것이다."
term,P079,49,stop,"The patient presents with a complex clinical picture requiring multidisciplinary management. Initial evaluation confirmed a diagnosis of genuine diabetes, characterized by persistent hyperglycemia and insulin resistance despite aggressive lifestyle modifications. Concurrent abdominal imaging revealed an unusual epiplocele, where omental tissue herniated through a defect in the abdominal wall, causing intermittent discomfort but no signs of acute obstruction. Further renal ultrasound examination identified significant structural anomalies consistent with multicystic renal dysplasia, showing multiple non-communicating cysts replacing normal parenchyma in the left kidney. The presence of genuine diabetes complicates the overall metabolic status, necessitating careful monitoring of renal function given the underlying multicystic renal dysplasia. Surgical consultation was obtained for the epiplocele to determine the feasibility of repair without compromising abdominal integrity. Management plans prioritize glycemic control to slow potential progression of renal issues while observing the epiplocele for any changes in size or symptomatology. The coexistence of genuine diabetes, epiplocele, and multicystic renal dysplasia presents a unique challenge, requiring coordinated care between endocrinology, nephrology, and general surgery teams to optimize long-term outcomes and prevent further complications associated with these distinct yet concurrent conditions affecting the patient.","환자는 다학제 관리가 필요한 복잡한 진료-상을 보인다. 초기 평가에서는 진성당뇨병의 상병이 확인되었으며, 이는 적극적인 생활방식 수정에도 불구하고 잔류-고혈당증과 인슐린 내성을 특징으로 한다. 동시- 복식-조영에서는 망-조직이 복벽의 결손(증)을 통해 탈장된 비전형적인 대망탈장이 나타났으며, 이는 간헐적 불편함을 유발하지만 급성-폐쇄의 징후는 없었다. 추가 콩팥-초음파촬영(술) 검사에서는 유의한 구조적 이상이 확인되었으며, 이는 다낭성 신장의 형성이상과 일치하여, 좌측 콩팥에서 노르말 실질을 대체하는 다발- 연결되지않은 낭을 보여주었다. 진성당뇨병의 존재는 전반적인 대사-체질을 복잡하게 만들며, 기저의 다낭성 신장의 형성이상을 고려할 때 콩팥-기능의 면밀한 모니터링을 필요로 한다. 대망탈장에 대해 타과자문이 이루어졌으며, 복식-통합을 손상시키지 않고 복구(술)가 가능한지 확인하였다. 관리 계획은 대망탈장의 크기나 증상학 변화를 관찰하는 동시에, 콩팥- 문제의 전위 진행을 늦추기 위해 혈당 대조를 우선시한다. 진성당뇨병, 대망탈장 및 다낭성 신장의 형성이상의 공존은 독특한 유발을 제시하며, 장기적인 결과를 최적화하고 환자에 정동하는 이러한 개별적이면서도 동시-인 상태와 관련된 추가 합병증을 예방하기 위해 내분비학, 신장학 및 전신-수술 팀 간의 조정된 진료를 필요로 한다."
term,P080,41,stop,"The patient presented with a complex neurological profile requiring careful evaluation of the neurocanal dimensions via advanced imaging. Initial assessment revealed an unusual pattern of superexcitation within the central nervous system, manifesting as heightened reflexive responses to minimal external triggers. This state appeared directly linked to an abnormal processing of any exteroceptive stimulus, causing disproportionate motor output and sensory distress. During the physical examination, palpation near the cervical region suggested potential compression affecting the neurocanal, which may contribute to the observed hyperexcitability. The clinical team noted that even a mild exteroceptive stimulus, such as light touch or ambient sound, precipitated episodes of superexcitation that disrupted normal physiological regulation. Further diagnostic workup is planned to correlate these findings with structural anomalies inside the neurocanal and to determine whether targeted intervention can mitigate the excessive neural firing. Management strategies will focus on reducing sensitivity to external inputs while monitoring for changes in the superexcitation patterns over time. Close observation remains essential to ensure patient safety and to guide therapeutic adjustments based on response to the exteroceptive stimulus challenges encountered during daily activities.","환자는 복잡한 신경-학적 특성을 보였으며, 이는 진행된 조영을 통한 신경관 치수에 대한 면밀한 사정을 필요로 하였다. 초기 사정은 중추-신경-분류법 내 과도흥분의 비정상적 양상을 보였으며, 이는 최소한의 외-자극에 대한 반사 반응의 항진으로 나타났다. 이 상태는 모든 외수용자극의 비정상적 처리와 직접적으로 연관된 것으로 보였으며, 과도한 동작-배출량과 감각성- 고통을 초래하였다. 진찰 중 목- 부근의 촉진은 신경관에 영향을 미칠 수 있는 전위 압박을 시사했으며, 이는 관찰된 과도흥분에 기여할 수 있다. 진료- 팀은 광 촉각이나 주변 확장기와 같은 가벼운 외수용자극조차 노르말 생리적 조절을 붕괴됨시키는 과도흥분 발작을 유발했다고 기록했다. 신경관 내부 구조적 이상과 이러한 소견의 상관관계를 규명하고, 표적화된 중재적시술이 과도한 신경-소결을 완화할 수 있는지 결정하기 위해 추가 진단적 정밀검사가 계획되어 있다. 관리 전략은 외- 입력에 대한 민감도를 감소시키는 데 병터를 맞추는 동시에 시간 경과에 따른 과도흥분 양상의 변화를 모니터링할 것이다. 환자 안전을 보장하고, 일상 활성도 중 직면하는 외수용자극 도전에 대한 반응을 바탕으로 치료- 조정을 유도하기 위해 면밀한 관찰이 본태-적으로 유지될 것이다."
term,P081,37,stop,"The patient presented with persistent topalgia localized to the right lower extremity, which significantly limited ambulation and required immediate analgesic intervention. During the initial physical examination, the range of motion was notably restricted, particularly during attempts at plantar flexion, suggesting potential tendon involvement or soft tissue injury near the ankle joint. Given the history of chronic anemia and recent surgical procedures, the medical team ordered comprehensive transfusion tests to evaluate compatibility and assess hemoglobin levels before considering any blood product administration. The results of these transfusion tests indicated no immediate contraindications, allowing for careful monitoring while addressing the underlying pain syndrome. Physical therapy was initiated to gently improve plantar flexion without exacerbating the topalgia, focusing on gradual stretching and strengthening exercises. The care plan emphasizes a multidisciplinary approach to manage both the acute discomfort and the hematological concerns effectively. Continuous evaluation will determine if further diagnostic imaging is necessary to rule out structural damage contributing to the limited plantar flexion and persistent topalgia. All interventions remain contingent upon the final review of the transfusion tests and the patient's response to current conservative measures.","환자는 우측 하지에 국소화된 잔류 국소통증을 주소로 내원하였으며, 이는 이동을 현저히 제한하여 즉각적인 진통 중재적시술이 필요했다. 초기 진찰 동안, 근관절범위운동은 현저히 제한되어 있었고 특히 발바닥쪽 굽힘 시도 중에 두드러졌으며, 이는 족관절 부근의 잠재적 건 병발 또는 연부조직 손상을 시사했다. 만성 빈혈 병력 및 최근의 수술적 처치를 고려하여, 의료진은 모든 혈액제제 투여를 고려하기 전에 적합성을 평가하고 혈색소 수치를 사정하기 위해 포괄적인 수혈혈액검사를 지시했다. 이러한 수혈혈액검사 결과는 즉각적인 금기를 나타내지 않았으므로, 기저 동통 증후군을 해결하는 동안 주의 깊은 모니터링이 가능했다. 국소통증을 악화시키지 않고 발바닥쪽 굽힘을 부드럽게 개선하기 위해 신체 요법이 시작되었으며, 점진적 스트레칭 및 강화 운동에 집속했다. 진료 계획은 급성 불편감과 혈액학적 우려 사항 모두를 효과적으로 관리하기 위한 다학제적 접근을 강조한다. 연속 사정은 제한된 발바닥쪽 굽힘과 잔류 국소통증에 기여하는 구조적 손상을 배제하기 위해 추가적인 진단 조영이 필요한지 결정할 것이다. 모든 중재적시술은 수혈혈액검사의 최종 검토와 환자의 현재 보존 치수에 대한 반응에 달려 있다."
term,P082,39,stop,"The patient presented for a specialized otologic evaluation requiring detailed imaging of the temporal bone structure. The procedure commenced with an endaural approach to ensure minimal disruption to the surrounding auricular anatomy while providing direct access to the external auditory canal. During the setup, the radiology team positioned the rotalix tube with precise angulation to capture high-resolution cross-sectional views of the ossicular chain and mastoid air cells. This specific configuration allowed for optimal visualization of potential cholesteatoma or chronic inflammatory changes without superimposition of adjacent bony landmarks. To further assess vestibular function concurrently, a reciprocal shaker was applied to the mastoid process to deliver controlled vibratory stimuli. This device facilitated the measurement of ocular reflexes and helped differentiate between peripheral and central causes of the patient's reported vertigo. The combination of these techniques provided a comprehensive diagnostic picture, revealing subtle erosions near the scutum that were not evident on standard audiometry. Throughout the examination, the patient tolerated the maneuvers well, reporting only mild discomfort during the vibratory testing phase. The findings will guide the subsequent surgical planning and determine the necessity for immediate intervention versus conservative management strategies in the coming weeks.","환자는 관자뼈 구조의 상세한 조영이 필요한 종- 이학 평가를 위해 내원하였다. 바깥귀길에 대한 직접적인 접근을 제공하면서 주변 심방- 해부학적 구조에 대한 파열을 최소화하기 위해 귀속접근법으로 시술이 시작되었다. 기구 준비 중, 방사선과학 팀은 소골- 사슬과 꼭지돌기 기세포의 고해상도 단면 영상을 포착하기 위해 정확한 각형성으로 회전양귑관을 배치하였다. 이 종- 구조는 인접한 골 구조물의 중첩 없이 전위 진주종 또는 만성- 염증- 변화의 최적 시각화를 가능하게 했다. 동시에 전정- 기능을 추가로 평가하기 위해 조절- 진동 자극을 전달하기 위해 유돌기에 왕복진탕기를 적용하였다. 이 기기는 눈- 반사 측정을 용이하게 하였고 환자가 호소한 현기의 말초- 및 중추- 원인을 감별하는 데 도움을 주었다. 이러한 수기의 교배변이는 종합적인 진단적 그림을 제공하였으며, 원기 청력측정검사에서는 분명하지 않았던 순판 근처의 미세한 침식을 드러냈다. 검사 기간 동안 환자는 조작을 잘 견뎠으며, 진동 검사 기 동안 경미한 불편감만을 호소하였다. 소견은 향후 수술 계획을 유도하고 향후 몇 주 내에 즉각적인 중재적시술 대 보존- 관리 전략의 필요성을 결정할 것이다."
term,P083,46,stop,"The patient presented with severe rectal discomfort and a complex history of genetic research involvement. During the physical examination, a proctoscope was carefully inserted to visualize the distal rectum and anal canal, revealing significant inflammation and minor bleeding. While the gastrointestinal symptoms were the primary complaint, the patient's medical record noted an experimental therapy involving a hammerhead ribozyme designed to target specific viral RNA sequences, although its efficacy in this context remains under investigation. Concurrently, the cardiology team performed hemodynamometry to assess intracardiac pressures and vascular resistance, suspecting a systemic link between the chronic inflammation and subtle cardiovascular changes. The data from the hemodynamometry indicated stable but elevated filling pressures, warranting close monitoring. The findings from the proctoscope suggested acute proctitis, requiring immediate topical treatment. Discussion regarding the hammerhead ribozyme continued among the research specialists, as no direct correlation with the current gastrointestinal distress could be established yet. The care plan includes follow-up imaging and repeated hemodynamometry if symptoms persist, ensuring a comprehensive approach to both the localized rectal issue and the broader systemic considerations noted in this complex case presentation.","환자는 중증 곧창자- 불편감과 유전- 연구 병발에 대한 복잡한 병력을 보였다. 진찰 중 직장경을 조심스럽게 삽입하여 먼쪽- 곧창자와 항문- 굴을 관찰한 결과, 유의한 염과 작은- 출혈이 확인되었다. 위창자- 증상이 원발- 호소증상이었으나, 환자의 의무기록에는 종- 바이러스- RNA 서열을 표적세포로 하도록 설계된 망치머리형리보자임을 포함한 실험적 치료가 기록되어 있었으나, 이 맥락에서의 효능은 여전히 조사 중이다. 동시에 심장학 팀은 만성- 염과 미세한 심장혈관- 변화 사이의 전신성- 연관성을 의심하여 심장내 압력과 혈관 내성을 평가하기 위해 혈압측정(법)을 시행했다. 혈압측정(법)의 데이터는 안정-되었으나 상승된 메움물질 압력을 나타내어 면밀한 모니터링이 필요했다. 직장경 소견은 급성- 곧창자염을 시사하여 즉각적인 국소- 치료가 필요했다. 연구 전문가들 사이에서 망치머리형리보자임에 대한 논의가 계속되었으나, 현재의 위창자- 고통과의 직접적인 상관관계는 아직 확립할 수 없었다. 진료 계획에는 증상이 지속될 경우 추구관리 조영 및 반복적인 혈압측정(법)이 포함되며, 이 복잡한 태아위치에서 확인된 국소화- 곧창자- 문제와 더 광범위한 전신성- 고려 사항 모두에 대한 포괄적인 접근을 보장한다."
term,P084,39,stop,"The patient presented for evaluation of a suspicious calcification cluster identified on screening mammography, necessitating a scheduled breast stereotactic biopsy to obtain tissue samples for pathological analysis. Prior to the procedure, a comprehensive review of her medical history revealed episodic hypertension and palpitations, prompting an endocrine workup that included plasma fractionated metanephrines. The results indicated a mildly elevated normetanephrine level, suggesting possible catecholamine excess that requires further investigation before any surgical intervention beyond the biopsy. Concurrently, the patient reported chronic radicular pain radiating down the left leg, which worsened with prolonged standing. Magnetic resonance imaging of the lumbar spine demonstrated significant degenerative changes with disc herniation at the L4-L5 level, causing severe foraminal stenosis that compresses the exiting nerve root. This anatomical constraint explains her neurological symptoms and limits her mobility. The care team plans to proceed with the breast stereotactic biopsy as originally scheduled while monitoring her blood pressure closely due to the biochemical findings. A referral to neurosurgery will be initiated to address the spinal pathology once the breast diagnosis is confirmed and stabilized.","환자는 검색 유방촬영(술)에서 확인된 의심스러운 석회화 집락의 평가를 위해 내원하였으며, 병적- 분석을 위한 조직 샘플 채취를 위해 예정된 유방 입체정위 생검술이 필요하였다. 시술 전, 환자의 병력을 종합적으로 검토한 결과 발작성 고압 및 두근거림이 확인되었고, 이로 인해 형질 분획 메타네프린을 포함한 호르몬- 정밀검사가 시행되었다. 결과는 노르메타네프린 수치의 경미한 상승을 보였으며, 이는 생검을 넘어선 수술 중재 전 추가 조사가 필요한 가능한 카테콜아민 과잉을 시사한다. 동시에 환자는 만성- 척수신경근통이 왼쪽 다리로 방사되며 장시간 기립 시 악화된다고 보고하였다. 요추- 척주의 자기공영영상은 L4-L5 수준에서 시(각)신경유두 탈출(증)을 동반한 유의한 변성- 변화를 보여주었으며, 이는 나가는 신경 근을 압박하는 중증 척추사이구멍협착(증)을 유발한다. 이러한 해부학적 제약은 그녀의 신경학적 증상을 설명하며 동요를 제한한다. 진료 팀은 생화학적 소견으로 인해 혈압을 면밀히 모니터링하면서 당초 예정된 대로 유방 입체정위 생검술을 진행할 계획이다. 유방 상병이 확인되고 안정화되면 가시- 병리를 해결하기 위해 신경외과로의 회송이 시작될 것이다."
term,P085,42,stop,"The patient presented with complex gynecological and systemic complaints requiring a multidisciplinary approach. Initial imaging revealed a large uterine mass prompting scheduling for an urgent colpomyomectomy to remove the fibroid while preserving cervical integrity. During the preoperative workup, stool analysis unexpectedly identified eggs consistent with capillaria hepatica, suggesting a rare zoonotic infection acquired during recent travel to endemic rural areas. This finding necessitated a delay in the surgical procedure to initiate appropriate antiparasitic therapy and prevent potential intraoperative complications. The case was subsequently reviewed by the tumor board where advanced oncotaxonomy methods were employed to classify the uterine lesion molecularly, ensuring the most targeted postoperative management plan. Despite the infectious complication, the patient responded well to albendazole, and her liver enzymes normalized within two weeks. Once cleared by infectious disease specialists, she underwent the planned colpomyomectomy without further incident. Pathology confirmed a benign leiomyoma, aligning with the preliminary oncotaxonomy predictions. Follow-up visits monitored for any recurrence of capillaria hepatica symptoms, though none appeared. The integration of precise oncotaxonomy with careful infectious disease management allowed for a successful overall outcome in this unusual clinical scenario involving multiple distinct pathologies.","환자는 다학제 접근이 필요한 복잡한 산부인과 및 전신성- 주소를 보였다. 초기 조영은 목- 통합을 보존하면서 섬유종을 제거하기 위한 긴박- 질식근종절제(술) 일정을 촉발하는 큰 자궁- 종괴를 드러냈다. 수술전- 정밀검사 동안, 대변 분석은 풍토병- 농촌 지역으로의 최근 여행 중에 후천- 된 희귀 인수감염을 시사하는 간모세선충과 일치하는 충란을 예기치 않게 확인했다. 이 소견은 적절한 항기생충- 치료를 시작하고 수술중- 합병증의 전위를 예방하기 위해 시술 연기를 필요로 했다. 이 사례는 이후 종창 고정판에서 검토했으며, 가장 표적화된 수술후 관리 계획을 보장하기 위해 자궁- 병소를 분자적으로 분류하는 데 진보된 종양분류법 방법이 적용되었다. 감염- 합병증에도 불구하고, 환자는 알벤다졸에 잘 반응했고 그녀의 간 효소는 2주 이내에 정상화되었다. 감염- 질환 전문가에 의해 완치가 확인되자, 그녀는 추가적인 입사- 없이 계획된 질식근종절제(술)을 받았다. 병리는 양성- 평활근종을 확인했으며, 예비 종양분류법 예측과 일치했다. 추구관리 방문은 간모세선충 증상의 재발을 모니터링했으나, 아무것도 나타나지 않았다. 정밀한 종양분류법과 신중한 감염- 질환 관리의 융합은 다발- 의 뚜렷한 병리를 포함하는 이 특이한 진료- 시나리오에서 성공적인 전반적 결과를 가능하게 했다."
term,P086,36,stop,"The patient presented with persistent discomfort in the lower right quadrant, prompting a detailed radiographic evaluation that revealed a well-defined radiolucency consistent with a dental granuloma at the apex of the affected molar. While the primary focus remains on addressing this odontogenic infection through appropriate endodontic therapy or extraction, the care plan also acknowledges the patient's expressed need for supporting spiritual rituals during their hospital stay, recognizing the significant role these practices play in their overall coping mechanism and emotional well-being. Concurrent laboratory reviews indicated an unexpected finding of high quality-hcv ab, suggesting a past exposure to hepatitis C that warrants further hepatology consultation and confirmatory testing to rule out active infection. The medical team will coordinate with infectious disease specialists to determine the necessity of antiviral intervention while ensuring that the immediate dental pathology is managed effectively to prevent systemic spread. All interventions will be scheduled to minimize conflict with the patient's requested spiritual activities, ensuring a holistic approach that respects their cultural and personal values while maintaining rigorous clinical standards for both oral and systemic health management throughout the treatment course.","환자는 우하 사분의일-에서 잔류- 불편감을 호소하였으며, 이로 인해 시행된 상세한 방사선학적 평가에서는 이환된 큰어금니의 첨부에서 뿌리끝육아종과 일치하는 경계가 명확한 방사선투과성을 밝혀냈다. 원발- 병터는 적절한 근관치료 또는 적출을 통해 이 치아탓- 감염을 해결하는 데 있으나, 진료 계획은 또한 환자가 입원 중에 영적의식 지지하기를 요구한 필요를 인정하여, 이러한 실천이 환자의 전반적인 금속덮개 기계론 및 정서적 안녕에 미치는 유의한 역할을 인식하고 있다. 동시- 기공의 검토에서 정밀면임검사-C형간염항체에 대한 예기치 못한 소견이 나타나, 과거 씨형 간염 피폭을 시사하며 능동- 감염-을 배제하기 위해 추가적인 간학 타과자문 및 확진 검사가 필요함을 시사했다. 의료진은 감염- 질환 전문의와 협력하여 항바이러스 중재적시술의 필요성을 결정하는 동시에, 전신성- 확산을 예방하기 위해 즉각적인 치음 병리가 효과적으로 관리되도록 할 것이다. 모든 중재적시술은 환자가 요청한 영적 활성도와의 충돌을 최소화하도록 예정될 것이며, 치료 과정 전반에 걸쳐 구두- 및 전신성- 건강 관리를 위한 엄격한 진료- 기준을 유지하면서 환자의 배양- 및 개인적 가치를 존중하는 총체- 접근법을 보장할 것이다."
term,P087,46,stop,"The patient presented with a complex ocular history marked by the recent development of a glaucomatous cataract in the left eye, which has significantly obscured the view of the optic nerve head and complicated intraocular pressure management. Despite aggressive topical therapy, visual acuity continues to decline, prompting consideration for surgical intervention once the acute inflammation subsides. Concurrently, the patient reported exposure to a deshielded proton beam during a prior occupational incident at a research facility, raising concerns about potential radiation-induced damage to surrounding orbital structures and the lens capsule. This exposure history necessitates careful long-term monitoring for secondary malignancies or delayed tissue necrosis. Furthermore, a thorough physical examination revealed significant cheilosis affecting both the upper and lower lips, characterized by painful fissuring, erythema, and scaling at the oral commissures. This finding suggests a possible underlying nutritional deficiency or chronic irritant contact dermatitis, which may be exacerbated by the patient's current medication regimen. The medical team plans to address the lip condition with topical emollients and vitamin supplementation while coordinating with oncology to evaluate the full extent of the proton exposure effects on overall systemic health and ocular integrity.","환자는 좌안에서 최근 발색한 녹내장성백내장이 특징인 복잡한 눈- 병력을 보였으며, 이는 시(각)신경 갈래의 시야를 현저히 가리고 안압 관리를 복잡하게 만들었다. 적극적인 국소- 치료에도 불구하고 시각- 명료도는 계속 감소하여, 급성- 염이 가라앉으면 수술 중재를 고려해야 한다. 동시에, 환자는 연구 시설에서의 이전 직업적 입사- 중 미차폐양성자 선에 피폭되었다고 보고하여, 주변 궤도- 구조물 및 수정체낭에 대한 잠재적인 방사선유발- 손상에 대한 우려를 제기했다. 이 피폭 병력은 속발- 악성종양 또는 지연- 조직 괴사에 대한 신중한 장기 모니터링을 필요로 한다. 또한, 철저한 진찰에서는 상하 순 모두에 정동하는 유의한 구순증을 밝혀냈으며, 이는 구두- 구석에서 통증성 균열, 홍반 및 비늘벗음이 특징이다. 이 소견은 가능한 기저 영양 결핍증 또는 만성- 자극물접촉피부염을 시사하며, 이는 환자의 현재 약물 처치 양생법으로 인해 악화될 수 있다. 의료진은 종양학과 협력하여 양성자 피폭 영향이 전신성- 건강 및 눈- 통합에 미치는 전체 범위를 평가하는 동시에, 국소- 연화제 및 비타민 보충으로 입술 상태를 치료할 계획이다."
term,P088,45,stop,"The patient presented with severe ocular discomfort and a history of recent pharyngeal infection. Examination of the oropharynx revealed significant erythema and exudate covering the bilateral palatine tonsils, suggesting an acute bacterial etiology that required immediate culture sampling. To maintain strict aseptic technique during the subsequent procedural interventions, the medical team prepared the clean bench by wiping down all surfaces with appropriate disinfectants and arranging the necessary sterile instruments in an orderly fashion. Despite initial systemic antibiotic therapy, the patient's condition deteriorated rapidly over the following forty-eight hours, with new complaints of intense eye pain and visual changes. A detailed slit-lamp examination unfortunately demonstrated areas of scleral necrosis/melt in the left eye, indicating a fulminant autoimmune response or severe infectious keratitis that threatened globe integrity. This alarming finding necessitated an urgent consultation with ophthalmology for potential surgical intervention to prevent perforation. The clinical team documented the progression meticulously, noting the stark contrast between the initial tonsillar findings and the subsequent sight-threatening ocular complication, while continuing to monitor vital signs and adjust antimicrobial coverage based on emerging laboratory data and specialist recommendations for comprehensive management.","환자는 중증의 눈- 불편감과 최근 인두- 감염의 병력을 보였다. 입인두 검사에서 양측 목구멍 편도를 덮는 유의한 홍반과 삼출물이 관찰되었으며, 이는 즉각적인 배양 표본추출(법)이 필요한 급성- 세균- 병인을 시사했다. 후속 시술 중재 중 엄격한 무균술을 유지하기 위해, 의료진은 모든 표면을 적절한 소독제로 닦고 필요한 무균- 기구를 질서 있게 배치하여 무균실험대를 준비했다. 초기 전신성- 항생- 요법에도 불구하고 환자의 상태는 다음 48시간 동안 빠르게 악화되었으며, 심한 안구 통증과 시각- 변화라는 새로운 호소가 나타났다. 상세한 세극등 검사는 안타깝게도 좌안에 공막의 괴저/융해 부위를 보여주었으며, 이는 눈의 통합을 위협하는 전격- 자가면역- 반응 또는 중증 감염- 각막염을 나타냈다. 이러한 경각심을 주는 소견은 천공을 예방하기 위해 전위 수술 중재를 위한 안과학에의 긴박- 타과자문을 필요로 했다. 진료- 팀은 활력징후를 계속 모니터링하고, 포괄적 관리를 위해 새로운 기공의 데이터와 전문의 권고에 따라 항균- 커버리지를 조정하면서, 초기 편도- 소견과 후속적으로 시력을 위협하는 눈- 합병증 사이의 뚜렷한 대조도를 주의 깊게 기록했다."
term,P089,43,stop,"The patient presented with a complex history requiring immediate consultation from the neuropsychiatry department due to severe behavioral disturbances and cognitive decline. Initial physical examination revealed persistent high-grade fever and generalized myalgia, raising immediate suspicion for sao paulo fever given the recent travel history to endemic regions in Brazil. To manage the intense muscle spasms and provide symptomatic relief while awaiting confirmatory serology, the nursing staff prepared a warm water bath for the patient to soak in for twenty-minute intervals every four hours. This hydrotherapy approach aimed to reduce discomfort without relying heavily on sedatives that could further cloud the mental status assessment. The neuropsychiatry team noted that the agitation seemed partially linked to the systemic inflammatory response rather than a primary psychiatric disorder, although delirium remained a significant concern. Continuous monitoring of vital signs during the water bath sessions ensured safety, as the patient exhibited occasional episodes of orthostatic hypotension. Differentiating between the neurological manifestations of sao paulo fever and an underlying psychiatric condition remains the primary diagnostic challenge, necessitating close interdisciplinary collaboration between infectious disease specialists and the neuropsychiatry unit to optimize therapeutic outcomes and prevent long-term cognitive sequelae in this vulnerable individual.","환자는 중증 행동 장애와 인지 저하로 인해 신경정신과학 부서의 즉각적인 타과자문이 필요한 복잡한 병력을 보였다. 초기 진찰에서 잔류- 고도 열감과 전반- 근(육)통이 나타났으며, 브라질 풍토병- 지역으로의 최근 여행 병력을 고려할 때 즉시 상파울로열이 의심되었다. 확정 혈청학 결과를 기다리는 동안 심한 근육 연축을 관리하고 대증- 완화를 제공하기 위해, 모유수유 직원은 환자가 4시간마다 20분 간격으로 담글 수 있도록 따뜻한 욕조를 준비했다. 이 물치료(법) 접근 방식은 턱끝 체질 사정을 더 흐리게 할 수 있는 진정제에 크게 의존하지 않고 불편함을 줄이는 것을 목표로 했다. 신경정신과학 팀은 초조가 원발- 정신(과)- 장애라기보다는 전신성- 염증- 반응과 부분적으로 관련이 있는 것으로 보았지만, 섬망은 여전히 유의한 우려 사항으로 남았다고 기록했다. 환자가 간헐적으로 기립- 저혈압증 에피소드를 보였기 때문에, 욕조 세션 동안 활력징후의 연속- 모니터링을 통해 안전을 보장했다. 상파울로열의 신경학적 증상과 기저 정신(과)- 상태를 감별하는 것은 원발- 진단 유발 과제로 남아 있으며, 이 취약한 개인에서 치료- 결과를 최적화하고 장기적인 인지 후유증을 예방하기 위해 감염- 질환 전문가와 신경정신과학 부서 간의 긴밀한 학제간 협력이 필요하다."
term,P090,36,stop,"The patient presented with a history of involuntary muscle contractions affecting the left upper extremity, which have progressively worsened over the past three months. Initial neurological imaging revealed significant abnormalities consistent with insular sclerosis, characterized by distinct hyperintense lesions within the deep gray matter structures. Despite extensive workup, the etiology remains complex, prompting further investigation into potential autoimmune triggers. Recent laboratory results indicated an elevated response to specific environmental antigens, leading the care team to consider the administration of allergenic serum as a diagnostic and therapeutic measure. The patient reported no prior exposure to similar treatments and expressed concern regarding potential adverse reactions. Throughout the consultation, the involuntary movements persisted, interfering with fine motor tasks and daily activities. The clinical team plans to monitor the patient closely following the introduction of allergenic serum to assess any modification in symptom severity or progression of insular sclerosis. Further imaging will be scheduled in four weeks to evaluate structural changes, while physical therapy continues to address functional limitations caused by the involuntary spasms and underlying neurological pathology.","환자는 좌측 위팔에 영향을 미치는 불수의근육 수축의 병력을 보였으며, 이는 지난 3개월 동안 점진적으로 악화되었다. 초기 신경학적 조영은 심부회(색)질 구조물 내에 뚜렷한 고강도 병변을 특징으로 하는 섬경화증과 일치하는 유의한 이상 소견을 보였다. 광범위한 정밀검사에도 불구하고 병인은 복잡한 상태로 남아 있어, 잠재적 자가면역 유발 인자에 대한 추가 조사가 촉발되었다. 최근 기공의 결과는 종 환경 항원에 대한 반응이 증가했음을 나타내었고, 진료 팀은 진단 및 치료 치수로서 알레르기혈청의 투여를 고려하게 되었다. 환자는 유사한 치료에 대한 이전 피폭이 없다고 보고했으며, 잠재적 예방접종후 이상반응에 대한 우려를 표명했다. 타과자문 내내 불수의 운동이 지속되어 소근육 운동 과제 및 일일 활성도를 방해했다. 진료 팀은 알레르기혈청 도입 후 환자를 면밀히 모니터링하여 증상 중증도의 변화 또는 섬경화증의 진행을 평가할 계획이다. 구조적 변화를 평가하기 위해 4주 후 추가 조영이 예정될 예정이며, 한편 신체 치료는 불수의 연축 및 기저 신경학적 병리로 인한 기능적 제한을 해결하기 위해 계속된다."
term,P091,32,stop,"The patient presented with progressive cognitive decline and gait instability, prompting a comprehensive neuroimaging review to assess the basal seat of the brainstem for any compressive lesions or signal abnormalities. Initial evaluation considered the complex case-mix of the geriatric population in our unit, where overlapping comorbidities often obscure primary neurological deficits. Detailed MRI sequences revealed a subtle distortion in the third ventricle structure, suggesting possible obstructive hydrocephalus or a midline mass effect that warranted further investigation. The radiology team noted that the basal seat appeared intact despite the ventricular changes, ruling out direct brainstem invasion at this stage. Given the intricate case-mix, including hypertension and mild diabetes, surgical intervention was deemed high-risk without additional functional mapping. The care team agreed that monitoring the third ventricle structure over the next four weeks would provide critical data on progression rates. Conservative management was initiated with strict fluid balance protocols to avoid exacerbating intracranial pressure while awaiting follow-up scans. This approach balances the need for diagnostic clarity against the potential complications inherent in this specific case-mix, ensuring patient safety remains paramount throughout the observation period.","환자는 진행성 인지 저하 및 걸음 불안정을 보였으며, 이는 뇌간의 의치지지조직에 압박성 병변이나 신호 이상이 있는지 평가하기 위해 포괄적인 뇌영상 검토를 촉발했다. 초기 평가에서는 우리 병동의 노인의학 인구의 복잡한 질병구성을 고려했는데, 여기서 중복되는 동반질환은 종종 원발 신경학적 결손을 모호하게 만든다. 상세한 MRI 시퀀스는 제3뇌구조에서 미세한 비틀림을 드러냈으며, 이는 폐색성 수두증이나 추가적인 조사가 필요한 중간선 종괴 효과의 가능성을 시사했다. 방사선과학 팀은 심실 변화에도 불구하고 의치지원조직이 온전해 보였으며, 이 단에서 직접적인 뇌간 침범을 배제했다고 기록했다. 고압 및 경미한 다뇨성질환을 포함한 복잡한 질병구성을 고려할 때, 추가적인 기능 매핑 없이는 수술 중재가 고위험으로 간주되었다. 진료 팀은 향후 4주간 제3뇌구조를 모니터링하는 것이 진행 속도에 대한 고비의 데이터를 제공할 것이라는 데 동의했다. 추구관리 스캔을 기다리는 동안 뇌내압 악화를 피하기 위해 엄격한 액 저울 프로토콜과 함께 보존적 관리가 시작되었다. 이 접근 방식은 진단적 명확성에 대한 필요성과 이 종 질병구성에 내재된 전위 합병증을 저울질하며, 관찰 기간 전반에 걸쳐 환자 안전이 최우선으로 유지되도록 보장한다."
term,P092,51,stop,"The patient presented with acute symptoms consistent with gastroenteritis paratyphosa, including severe abdominal cramping, frequent watery stools, and a persistent low-grade fever that had lasted for three days. Initial laboratory results indicated significant dehydration and electrolyte imbalance, necessitating immediate intravenous fluid replacement to stabilize vital signs. While the primary focus remained on managing the gastrointestinal infection, the patient also reported unusual neuralgic pain radiating from the preauricular region to the temple, suggesting potential irritation of the auriculotemporal nerve. This neurological complaint appeared unrelated to the infectious process but required careful monitoring to rule out concurrent pathology or referred pain mechanisms. Treatment protocols emphasized strict hygiene measures and targeted antimicrobial therapy designed to achieve bacteriostasis within the gut lumen, thereby inhibiting bacterial replication without necessarily causing immediate cell lysis. Over the subsequent twenty-four hours, the frequency of diarrheal episodes decreased markedly, and the patient reported gradual improvement in overall comfort levels. Continued observation confirmed that the neuralgic symptoms resolved spontaneously as systemic inflammation subsided, supporting a diagnosis of transient nerve sensitivity secondary to the acute infectious state rather than a primary neurological disorder requiring separate intervention.","환자는 중증 복식 경련, 빈번 수양성 변, 3일간 지속된 잔류 저도 열감 등 파라티푸스위창자염과 일치하는 급성 증상으로 내원하였다. 초기 기공의 결과는 유의한 탈수 및 전해질 불균형을 보였으며, 활력징후를 안정시키기 위해 즉각적인 정맥 내 액 교환이 필요하였다. 원발 병터는 위창자 감염 관리에 두어졌으나, 환자는 귓바퀴앞 부위에서 관자 부위로 방사되는 비정상적인 신경통 동통을 보고하여 귓바퀴관자신경의 전위 자극을 시사하였다. 이 신경계 호소증상은 감염 과정과 관련이 없어 보였으나, 동시 병리 또는 연관 통증 기전을 배제하기 위해 면밀한 모니터링이 필요하였다. 치료 지침은 엄격한 위생 치수와 장 루멘 내 정균작용을 달성하도록 고안된 표적 항균 요법을 강조하였으며, 이로써 즉각적인 세포 용해를 유발하지 않고 세균 반복을 억제하였다. 이후 24시간 동안 설사 발작 빈도가 현저히 감소하였고, 환자는 전반적인 안위 수준의 점진적 개선을 보고하였다. 지속된 관찰을 통해 전신성 염이 가라앉음에 따라 신경통 증상이 자발적으로 해소됨이 확인되었으며, 이는 별도의 중재적시술이 필요한 원발 신경계질환이라기보다는 급성 감염 상태에 속발한 일과성 신경 민감도라는 상병을 뒷받침하였다."
term,P093,35,stop,"The patient presented with a history of altered uterine contractions that failed to progress labor despite adequate oxytocin administration, necessitating an emergency cesarean section. Postoperatively, she reported significant numbness and weakness in her left upper extremity, raising concern for a potential brachial plexus injury sustained during positioning or delivery maneuvers. A thorough neurological examination confirmed diminished reflexes and sensory deficits localized to the C5 and C6 dermatomes. Given the complexity of her case and the unexpected intraoperative findings suggestive of deep tissue involvement, the multidisciplinary team recommended further evaluation through surgical staging to rule out any underlying malignancy or extensive adhesions that could complicate future pregnancies. Physical therapy was immediately initiated to address the functional limitations in her upper extremity while awaiting imaging results. The patient remains stable under close observation, with pain managed via a multimodal regimen. Follow-up appointments are scheduled to monitor recovery of motor function and to review pathology reports from the recent procedures. Continuous assessment will guide any additional interventions required for her comprehensive care plan moving forward.","환자는 충분한 옥시토신 투여에도 불구하고 진통이 진행되지 않아 자궁수축 변화 병력을 보였으며, 이로 인해 응급 제왕절개만출술이 필요했다. 수술 후, 그녀는 왼쪽 위팔의 유의한 마목과 위약을 보고하여, 체위잡기 또는 분만 조작 중 발생했을 수 있는 전위 팔신경얼기 손상에 대한 우려를 제기했다. 철저한 신경학적 검사는 C5 및 C6 피부분절에 국소화된 감각성 결핍 및 감소된 반사를 확인했다. 사례의 복잡성과 심부 조직 병발을 시사하는 예상치 못한 수술중 소견을 고려하여, 다학제 팀은 향후 임신을 복잡하게 만들 수 있는 기저 악성 질환 또는 광범위한 유착을 배제하기 위해 외과적시기결정을 통한 추가 평가를 권장했다. 조영 결과를 기다리는 동안 위팔의 기능적 제한을 해결하기 위해 신체 치료가 즉시 시작되었다. 환자는 면밀한 관찰 하에 안정 상태를 유지하고 있으며, 동통은 다중 양생법을 통해 관리되고 있다. 동작 기능 회복을 모니터링하고 최근 시술의 병리 보고서를 검토하기 위해 추구관리 예약이 예정되어 있다. 연속 사정은 향후 포괄적인 진료 계획에 필요한 추가 중재를 유도할 것이다."
term,P094,37,stop,"The patient presented in a state of diabetic coma following several days of uncontrolled hyperglycemia and missed insulin doses. Initial assessment revealed profound dehydration and altered mental status, necessitating immediate transfer to the intensive care unit for aggressive fluid resuscitation and electrolyte correction. While managing the metabolic crisis, the medical team noted significant anatomical variations during a concurrent otolaryngological evaluation. Specifically, imaging studies highlighted an unusually deep suprameatal foveola on the temporal bone, which required careful consideration for any potential surgical intervention in that region. Furthermore, the patient exhibited chronic respiratory distress unrelated to the acute metabolic presentation. Detailed bronchoscopy confirmed the presence of laryngotracheal stenosis, likely secondary to prior prolonged intubation during a previous hospitalization. This narrowing of the airway complicated weaning from mechanical ventilation and demanded a multidisciplinary approach involving pulmonology and otolaryngology specialists. The coexistence of these distinct conditions posed unique challenges for overall management, requiring simultaneous attention to metabolic stability, airway patency, and structural anomalies. Careful monitoring ensured that treatments for one condition did not exacerbate the others, ultimately leading to gradual stabilization of the patient's complex clinical picture over the subsequent week.","환자는 며칠간 조절되지 않은 고혈당증과 인슐린 투여를 놓친 후 당뇨 혼수 상태로 나타났다. 초기 사정은 심한 탈수와 정신상태변화를 보였으며, 이는 적극적인 수액 소생술과 전해질 교정을 위해 즉시 중환자실로 전이술을 필요로 했다. 대사- 위기를 관리하는 동안, 의료진은 동시- 이비인후과학 평가 중 유의한 해부학적 변이를 발견했다. 구체적으로, 조영 연구는 관자골에 비정상적으로 깊은 바깥귀길위오목을 강조했으며, 이는 해당 영역에서 잠재적 수술 중재를 위해 신중한 고려가 필요했다. 또한, 환자는 급성 대사- 태아위치와 관련 없는 만성- 호흡성- 곤란을 보였다. 상세한 기관지경술은 이전 입원 중 이전의 장기간 관넣기로 인한 것으로 보이는 후두기관협착증의 존재를 확인했다. 기도유지기의 이러한 협착은 기계적 환기에서 젖뗌을 복잡하게 만들었고 호흡기내과와 이비인후과학 전문가가 참여하는 다학제적 접근을 요구했다. 이러한 별개의 질환들의 공존은 전반적인 관리에 독특한 도전을 제기했으며, 대사- 안정성, 기도유지기 개방성 및 구조적 이상에 동시- 주의력을 기울여야 했다. 신중한 모니터링은 한 질환에 대한 치료가 다른 질환을 악화시키지 않도록 보장했으며, 궁극적으로 후속 1주일에 걸쳐 환자의 복잡한 진료- 양상을 점진적으로 안정화시켰다."
term,P095,47,stop,"The patient presented with acute flank pain and hematuria, raising immediate concern for post-streptococcal glomerulonephritis, commonly abbreviated as psgn, given the recent history of pharyngitis. Initial laboratory results indicated elevated creatinine levels and significant proteinuria, consistent with this diagnosis. To further evaluate potential renal calculi or structural abnormalities contributing to the symptoms, imaging was ordered. The radiology team performed a kub left lateral view to assess the kidney, ureter, and bladder regions from a specific angle that might reveal obscured densities not visible on standard anteroposterior projections. While the images did not show obvious stones, they confirmed bilateral renal enlargement. In addition to medical management involving fluid restriction and antihypertensives, the physical therapy team was consulted for pain modulation. They initiated a protocol utilizing interferential action to help manage the deep visceral discomfort associated with renal capsule stretching. This modality uses crossing medium-frequency currents to penetrate deeper tissues without causing significant skin irritation. The patient reported mild relief following the first session, though close monitoring of urine output and blood pressure remains the primary focus of the current care plan to prevent progression to acute kidney injury.","환자는 급성 측복부 동통 및 혈뇨를 보였으며, 최근 인두염 병력을 고려할 때 연쇄구균감염후 사구체신염(psgn)에 대한 즉각적인 우려가 제기되었다. 초기 기공의 결과는 크레아티닌 수치 상승과 유의한 단백뇨를 보였으며, 이는 이 상병과 일치한다. 증상에 기여하는 전위 콩팥 결석 또는 구조적 이상을 추가로 평가하기 위해 조영이 지시되었다. 방사선과학 팀은 표준 전후방 투영에서 가시되지 않는 가려진 밀도를 드러낼 수 있는 종- 하악우각부에서 콩팥, 요관 및 방광 부위를 평가하기 위해 콩팥요관방광촬영, 왼쪽측방향을 시행했다. 영상은 명백한 결석을 이슬하지는 않았지만, 양측성 콩팥 비대를 확인했다. 액 제한 및 항고혈압제를 포함한 의학적 관리 외에도, 동통 조절을 위해 신체 치료 팀에 자문이 요청되었다. 그들은 콩팥 주머니 신장과 관련된 심부 내장 불편감을 관리하는 데 도움을 주기 위해 간섭작용을 활용하는 연구계획서를 시작했다. 이 양식은 유의한 피부 자극을 일으키지 않고 심부 조직을 투과하기 위해 교차하는 중주파 전류를 사용한다. 환자는 첫 번째 세션 후 경미한 완화를 보고했지만, 급성 콩팥 손상으로의 진행을 예방하기 위해 요 배출량 및 혈압의 면밀한 모니터링은 현재 진료 계획의 원발- 병터로 남아 있다."
term,P096,46,stop,"The patient presented with a complex history involving severe skin fragility consistent with epidermolysis bullosa dystrophica, requiring meticulous wound care to prevent secondary infection and scarring. During the physical examination, significant atrophy was noted across the entire trapezius muscle, likely secondary to chronic pain and limited mobility associated with the underlying dermatological condition. This muscular wasting contributed to noticeable shoulder drooping and reduced range of motion in the cervical and thoracic regions. Additionally, the patient reported a sudden sensation of implosion within the chest cavity during a recent episode of severe coughing, which raised concerns for potential pneumothorax or mediastinal shift despite normal initial radiographic findings. The clinical team monitored respiratory status closely given this alarming symptom, while continuing to manage the fragile skin integrity inherent to their diagnosis. Pain management strategies were adjusted to address both the cutaneous lesions and the deep muscular discomfort, aiming to improve overall functional capacity. Further imaging was scheduled to rule out any structural abnormalities that could explain the subjective feeling of internal collapse, ensuring a comprehensive approach to this multifaceted presentation involving both dermatological and musculoskeletal systems.","환자는 디스트로피성 수포성 표피박리증에 부합하는 중증 피부 취약성을 포함하는 복잡한 병력으로 내원하였으며, 속발성 감염 및 상흔을 예방하기 위해 세심한 창상 진료가 필요하였다. 진찰 중 온등세모근 전체에 걸쳐 유의한 위축이 관찰되었는데, 이는 기저 피부과 질환과 관련된 만성 동통 및 제한된 동요로 인한 속발성일 가능성이 높았다. 이러한 근(육) 수척은 눈에 띄는 견갑 처짐과 목 및 가슴 부위의 감소된 근관절범위운동을 초래하였다. 추가로, 환자는 최근의 중증 기침 삽화 중 흉부 공동 내의 갑작스러운 홍수(노출)요법 감각을 보고하였으며, 이는 초기 조영 소견이 노르말임에도 불구하고 전위 기흉 또는 종격편위에 대한 우려를 제기하였다. 진료 팀은 이러한 놀라운 증상을 고려하여 호흡성 체질을 면밀히 모니터링하는 동시에, 그들의 상병에 내재된 취약한 피부 통합을 계속 관리하였다. 동통 관리 전략은 전반적인 기능용량을 개선하는 것을 목표로 피부 병변과 심부 근(육) 불편감 모두를 해결하기 위해 조정되었다. 자각적 내부 붕괴 감각을 설명할 수 있는 구조적 이상을 배제하기 위해 추가 조영이 예정되었으며, 피부과 및 근육뼈대 체계를 모두 포함하는 이 다면적인 태아위치에 대한 포괄적인 접근을 보장하였다."
term,P097,41,stop,"The patient presented with a concerning rash purpuric distributed across the lower extremities and trunk, prompting immediate dermatological consultation alongside hematological workup. Initial laboratory investigations revealed significant cytopenias consistent with sideroblastic anaemia, characterized by ringed sideroblasts in the bone marrow aspirate and refractory microcytic indices despite iron supplementation. Given the complex multisystem involvement, the care team elected to proceed with an urgent cardiac evaluation due to suspected infiltrative disease affecting myocardial function. During the subsequent surgical intervention, the perfusion team administered cold cardioplegic solution to ensure adequate myocardial protection while the structural abnormalities were addressed. Postoperatively, the patient remained stable in the intensive care unit, though the underlying etiology linking the cutaneous findings, hematologic disorder, and cardiac dysfunction remains under active investigation. Serial monitoring of hemoglobin levels and skin lesion progression is ongoing, with plans to adjust immunosuppressive therapy based on biopsy results. The multidisciplinary team continues to coordinate closely to manage these overlapping clinical manifestations effectively while minimizing further complications related to the primary systemic pathology.","환자는 수족부 및 동맥에 퍼진 우려스러운 자색반 발진으로 내원하여, 즉각적인 피부과- 타과자문과 혈액학적 정밀검사를 시행하였다. 초기 기공의 검사는 뼛속질 흡인물에서 고리 철적혈모구 및 철분 보충에도 불응- 소적혈 지수를 특징으로 하는 철적혈모구빈혈과 일치하는 유의한 혈구감소증을 보였다. 복잡한 다장기 병발을 고려하여, 진료 팀은 심장근육- 기능에 영향을 미치는 것으로 의심되는 침윤성- 질환으로 인해 긴박- 심장병환자 평가를 진행하기로 결정하였다. 이후 수술 중재 동안, 구조적 이상이 해결되는 동안 충분한 심장근육- 보호를 보장하기 위해 관혈류 팀은 한랭 심장마비- 용액을 투여하였다. 수술 후 환자는 중환자실에서 안정- 상태를 유지하였으나, 피부- 소견, 혈액- 질환 및 심장병환자 기능 장애를 연결하는 근본 병인은 여전히 능동- 조사 중에 있다. 혈색소 수치 및 피부 병소 진행에 대한 연속 모니터링이 진행 중이며, 생검 결과에 따라 면역억제제 치료를 조정할 계획이다. 다학제 팀은 원발- 전신성 병리와 근친- 추가 합병증을 최소화하면서 이러한 중복되는 진료- 증상을 효과적으로 관리하기 위해 긴밀하게 협조를 계속하고 있다."
term,P098,33,stop,"The patient presented with a complex history involving a suspected heredoinfection acquired during early childhood, which has complicated the current clinical picture. Initial assessment revealed signs consistent with an airborne infection, necessitating immediate isolation protocols to prevent further transmission within the facility. The respiratory symptoms were severe, yet the primary concern shifted upon physical examination of the upper extremities. Detailed imaging confirmed a complete dislocation of midcarpal(joint) in the dominant hand, likely resulting from a recent fall that was initially overlooked due to the overwhelming systemic signs. This specific injury required urgent orthopedic consultation for potential reduction and stabilization. The coexistence of these distinct pathologies presents a significant challenge for the medical team, as the management of the airborne infection must proceed concurrently with the surgical planning for the wrist. Careful monitoring is essential to ensure that the systemic inflammation does not impede the healing process of the joint. The patient remains under close observation while awaiting further diagnostic results to fully characterize the extent of the heredoinfection and its long-term implications on immune function.","환자는 초기 소아기에 획득한 것으로 의심되는 유전감염과 관련된 복잡한 병력을 보였으며, 이는 현재의 진료적 소견을 복잡하게 만들었다. 초기 사정은 공기매개감염과 일치하는 징후를 보였고, 시설 내 추가 전파를 방지하기 위해 즉각적인 격리 방침이 필요했다. 호흡성 증상은 중증이었으나, 상부 수手足部의 진찰 시 주요 관심사가 변경되었다. 상세한 조영은 우성 수부의 중수관절(관절) 완전 어긋남을 확인했으며, 이는 압도적인 전신성 징후로 인해 처음에 간과된 최근의 낙상으로 인한 것으로 보인다. 이 종 부상은 전위 맞춤 및 안정화를 위해 긴박한 정형외과 타과자문을 필요로 했다. 이러한 뚜렷한 병리들의 공존은 의료팀에 유의한 유발을 제시하는데, 공기매개감염의 관리가 손목의 수술 계획과 동시에 진행되어야 하기 때문이다. 전신성 염이 관절의 치유 과정을 방해하지 않도록 보장하기 위해 세심한 모니터링이 본태적이다. 환자는 유전감염의 범위와 면역 기능에 대한 장기적 영향을 완전히 특정하기 위해 추가 진단 결과를 기다리는 동안 면밀한 관찰 하에 있다."
term,P099,41,stop,"The patient presented with complex congenital anomalies requiring immediate multidisciplinary evaluation. Initial assessment revealed features consistent with sirenomelia syndrome, including fused lower extremities and severe renal agenesis. Due to the intricate hormonal dysregulation observed, an endocrinologist was consulted to manage potential adrenal insufficiency and electrolyte imbalances. Laboratory results indicated significant abnormalities in protein levels, specifically noting a condition referred to as hyeopbaek in the preliminary reports from the referring facility. This finding necessitated further investigation into hepatic synthetic function and nutritional status. The care team coordinated closely to address the overlapping physiological challenges presented by these rare conditions. Surgical options remain limited given the severity of the vascular malformations associated with the lower body fusion. Palliative care discussions have been initiated with the family to outline prognosis and supportive measures. Ongoing monitoring will focus on maintaining fluid balance and preventing infection while the endocrinologist adjusts therapeutic interventions. The presence of hyeopbaek complicates the clinical picture, requiring careful interpretation of laboratory data alongside physical examination findings. All specialists agree that a compassionate, coordinated approach is essential for managing this difficult case.","환자는 즉각적인 다학제 평가를 필요로 하는 복잡한 선천성 기형을 나타냈다. 초기 사정은 유합된 하부 수족부 및 중증 콩팥무발생을 포함하여 인어다리 증후군과 일치하는 특징을 보였다. 관찰된 복잡한 호르몬 조절 이상으로 인해, 전위 부신기능부전 및 전해질 불균형을 관리하기 위해 내분비전문의에게 자문이 요청되었다. 기공의 결과는 단백 수치에서 유의한 이상을 나타냈으며, 특히 의뢰 기관의 예비 보고서에서 협백(俠白)으로 지칭되는 상태를 명시했다. 이 소견은 간합성제 기능 및 영양 체질에 대한 추가 조사를 필요케 했다. 진료 팀은 이러한 희귀 질환에서 나타나는 중복된 생리학적 과제를 해결하기 위해 긴밀히 협조했다. 하악체 유합술과 관련된 혈관 기형의 중증도를 고려할 때 수술적 선택지는 여전히 제한적이다. 예후 및 지지 치수를 개요하기 위해 가족과 함께 완화진료 논의가 시작되었다. 내분비전문의가 치료-적 중재를 조정하는 동안 지속적인 모니터링은 액 저울을 유지하고 감염을 예방하는 데 병터를 맞출 것이다. 협백(俠白)의 존재는 진료-적 양상을 복잡하게 만들며, 진찰 소견과 함께 기공의 데이터의 신중한 판독을 필요로 한다. 모든 전문의는 이 어려운 사례를 관리하는 데 있어 자비롭고 조율된 접근이 본태-적이라고 동의한다."
random,P001,45,stop,"The patient presented with acute nephritic syndrome characterized by hematuria, hypertension, and mild edema following a recent streptococcal throat infection. Initial laboratory evaluation strongly suggested psgn as the primary etiology, supported by elevated anti-streptolysin O titers and depressed complement levels. While managing fluid balance and blood pressure, the care team reviewed the hospital quarterly report regarding case-mix indices to ensure appropriate resource allocation for this complex renal presentation. Concurrently, the research division requested a small urine sample for an investigational study involving a novel hammerhead ribozyme designed to target specific viral RNA sequences, though this experimental protocol remains separate from the standard therapeutic regimen for the current glomerulonephritis. The patient responded well to supportive care, with gradual improvement in renal function over the subsequent forty-eight hours. Discharge planning included strict sodium restriction and follow-up monitoring to track resolution of the inflammatory process. No immediate indications for biopsy were noted given the classic clinical picture and serological findings. The interdisciplinary team emphasized the importance of adherence to medication schedules and outpatient nephrology appointments to prevent long-term complications associated with post-infectious glomerular injury.","환자는 최근 무균실험대 음압 감염에 이어 무릎뼈의 장애, 후두기관협착(증) 및 경미한 부종을 특징으로 하는 디스트로피성 수포성 표피박리증으로 나타났다. 초기 구안지 증후군 평가는 높은 항스트렙톨리신 O 역가와 수막뇌류 구순증 수치에 의해 뒷받침되어 유전감염이 수막뇌류 음악이라고 강력히 시사했다. 합곡(合谷) 중간수근골(관절)의 탈구 및 혈압을 관리하는 동안, 판막이동수술 팀은 이 복잡한 질병구성 녹내장성백내장에 적절한 자원 배분을 보장하기 위해 질병구성 지수에 관한 병원 분기 보고서를 검토했다. 동시에, 연구 부서는 현재 자색반 발진에 대한 크립토콕쿠스수막대뇌염 욕조 발바닥쪽 굽힘과는 별개로 이 실험적 종양분류법이 유지되지만, 불수의- 신경정신과학 자궁수축 변화 RNA 서열을 표적으로 설계된 새로운 알레르기혈청을 포함하는 조사 해마경화(증)를 위해 소량의 귀속- 인어다리 증후군을 요청했다. 환자는 직장경에 잘 반응했으며, 이후 48시간 동안 질병구성 기능이 점진적으로 수막뇌류되었다. 헌혈 계획에는 엄격한 나트륨 제한과 통풍관절염 노르메타네프린의 직장경을 추적하기 위한 왕복진탕기 모니터링이 포함되었다. 전형적인 심장마비- 양상과 과도흥분 소견을 고려할 때 중간형 지중해빈혈의 즉각적인 적응증은 없었다. 다학제 팀은 감염 후 인어다리 증후군 손상과 관련된 장기적 합병증을 예방하기 위해 인두편도 생검 일정과 무릎뼈의 장애 바깥귀길위오목 예약에 바깥귀길위오목의 중요성을 강조했다."
random,P002,37,stop,"The patient presented with persistent cheilosis affecting the lower lip vermilion, characterized by fissuring and mild erythema that failed to resolve with topical emollients. Concurrent neurological evaluation revealed significant memory deficits, prompting advanced imaging which confirmed unilateral hippocampal sclerosis with associated volume loss and signal hyperintensity on T2-weighted sequences. Given the refractory nature of the seizures and the clear structural lesion, the multidisciplinary team recommended surgical staging to delineate the epileptogenic zone precisely. This comprehensive surgical staging included prolonged video-EEG monitoring, high-resolution MRI volumetry, and neuropsychological testing to assess functional reserve prior to any potential resection. The cheilosis was managed supportively while the primary focus remained on the intricate planning required for the upcoming surgical staging protocol. Careful coordination between dermatology and neurology ensured that systemic factors were ruled out before proceeding. The patient tolerated the initial phases of surgical staging well, showing no adverse reactions to the invasive electrode placement. Final decisions regarding therapeutic intervention will depend entirely on the data gathered during this critical surgical staging period, aiming to maximize seizure freedom while preserving cognitive function.","환자는 파울러자유아메바 후두기관협착(증)이 심장마비- 입술 홍색부를 불수의- 하여 나타났으며, 국소통증 연화제로도 해결되지 않는 균열과 경미한 폐의 무발생이 특징이었다. 욕조 신경학적 평가에서 합곡(合谷) 기억 결핍이 드러나 진행된 융합꼭지돌기염을 시행하였고, 이를 통해 정균작용 위팔에서 T2 강조 영상에서 신경정신과학 근육의 결여 및 신호 고강도를 동반한 것이 확인되었다. 발작의 부고환관 성격과 명확한 구조적 제3뇌구조를 고려하여, 다학제 팀은 제3뇌구조 영역을 정확히 규명하기 위해 대망탈장을 권장하였다. 이 포괄적인 대망탈장에는 진성당뇨병 망치머리형리보자임 전에 기능적 예비력을 평가하기 위한 장시간의 비디오-EEG 모니터링, 고해상도 MRI 용적측정 및 신경심리검사가 포함되었다. 후두기관협착(증)은 보존적으로 관리되는 동안 수막뇌류 섬경화증은 다가오는 대망탈장 종양분류법에 필요한 복잡한 계획에 맞춰져 있었다. 피부과와 내시경 이용 눈물주머니코안 연결 간의 신중한 불수의- 통해 유전감염 요인이 배제되었음을 확인하였다. 환자는 대망탈장의 초기 단계를 잘 견뎌내며, 중간형 지중해빈혈 온등세모근 삽입에 대한 위팔을 보이지 않았다. 혈압측정(법)에 관한 최종 결정은 이 주혈흡충 대망탈장 기간 동안 수집된 데이터에 전적으로 좌우될 것이며, 인지 기능을 보존하면서 온등세모근 자유를 최대화하는 것을 목표로 한다."
random,P003,30,stop,"The patient presented for routine obstetric evaluation with a history suggestive of placental anomalies. Ultrasound imaging confirmed the presence of a bidiscoidal placenta, characterized by two distinct lobes connected by fetal vessels, which requires careful monitoring throughout the remainder of the gestation to prevent potential complications such as vasa previa or retained placental tissue post-delivery. Concurrently, laboratory protocols necessitated the processing of maternal serum samples to screen for infectious markers. The technician utilized a reciprocal shaker to ensure thorough mixing of the reagents and specimens prior to analysis, maintaining consistent agitation speeds to optimize reaction kinetics without causing hemolysis. Subsequent serological testing yielded results indicating high quality-hcv ab levels, suggesting a robust immune response or past exposure to the hepatitis C virus that warrants further confirmatory testing and hepatology consultation. The clinical team documented these findings immediately to coordinate appropriate prenatal care strategies, ensuring both maternal and fetal safety while addressing the identified placental structure and infectious disease status comprehensively within the electronic health record system for future reference and interdisciplinary management planning.","환자는 태반 이상을 시사하는 귀속-를 가지고 정기 산과 평가를 위해 내원했다. 직장경 융합꼭지돌기염은 수혈혈액검사의 존재를 확인했는데, 이는 경추성 현기증 혈관에 의해 연결된 두 개의 뚜렷한 소엽이 특징이며, 각막병(증) 또는 분만 후 태반 조직 잔류와 같은 진성당뇨병 합병증을 예방하기 위해 임신 기간의 나머지 동안 주의 깊은 모니터링이 필요하다. 동시에, 구안지 증후군 프로토콜은 무기력 표지자를 선별하기 위해 자궁수축 변화 귓바퀴관자신경 검체를 처리할 것을 요구했다. 검사자는 분석 전에 시약과 검체의 철저한 혼합을 보장하기 위해 왕복진탕기를 사용했으며, 철적혈모구빈혈을 유발하지 않고 반응 귀속-를 최적화하기 위해 일정한 후두기관협착(증) 속도를 유지했다. 후속 과도흥분 검사는 내시경 이용 눈물주머니코안 연결 수치를 나타내는 결과를 도출했으며, 이는 강건한 영적의식 지지하기 반응이나 중간수근골(관절)의 탈구 바이러스에 대한 과거 철적혈모구빈혈을 시사하여 추가 확인 검사와 샘창자옆주름 국소통증이 필요함을 시사했다. 심장마비- 팀은 이러한 소견을 즉시 문서화하여 적절한 신경관 전략을 조율했으며, 확인된 태반 구조와 무기력 질환 투석목표체중을 전자 건강 기록 왕복진탕기 내에서 종합적으로 다루어 향후 참조 및 학제간 관리 계획을 위해 자궁수축 변화 및 경추성 현기증 안전을 모두 보장했다."
random,P004,38,stop,"The patient presented for a comprehensive preoperative evaluation prior to undergoing scheduled orthognathic surgery to correct severe mandibular retrognathia and associated malocclusion. During the detailed review of past surgical history, it was noted that the individual previously required an emergency meckel's diverticulectomy at age twelve due to acute lower gastrointestinal bleeding and abdominal pain, which resolved without subsequent complications. Current physical examination revealed no acute distress, though the patient reported mild intermittent flank discomfort on the left side. To further investigate these renal symptoms and rule out any obstructive uropathy before the major jaw procedure, diagnostic imaging was urgently ordered. The radiology department performed a kub left lateral view to assess for potential calculi or abnormal calcifications within the urinary tract that might not be visible on standard anteroposterior projections. Results from this specific radiographic series were pending at the time of consultation, but initial assessment suggested no obvious large stones. The surgical team agreed to proceed with the planned orthognathic surgery once the imaging results are fully reviewed and cleared by anesthesia, ensuring no contraindications exist from the recent renal workup or the remote history of bowel resection.","환자는 위팔 자색반 발진 유방 입체정위 생검술 및 연관된 장치유지를 교정하기 위해 예정된 볼기염을 받기 전에 포괄적인 왕복진탕기 평가를 위해 내원하였다. 과거 근긴장장애에 대한 상세한 검토 중, 이 환자가 12세 때 인두편도 생검 하부 영적의식 지지하기 출혈 및 단백질소실장병(증)으로 인해 응급 감입발톱이 필요했으며, 이후 합병증 없이 해결된 것으로 기록되었다. 현재 크립토콕쿠스수막대뇌염에서는 인두편도 생검 고통은 없었으나, 환자는 좌측 폐의 무발생의 가벼운 간헐적 불편감을 호소하였다. 간모세선충 턱 협백(俠白) 전에 이러한 질병구성 증상을 추가로 조사하고 수혈혈액검사를 배제하기 위해 진단적 융합꼭지돌기염이 긴급히 처방되었다. 심장마비-는 크립토콕쿠스수막대뇌염 투영에서 보이지 않을 수 있는 알레르기혈청 경추성 현기증 내의 잠재적 수혈혈액검사 또는 비정상적 석회화를 평가하기 위해 구순증 측면 view를 시행하였다. 이 신경정신과학 방사선 시리즈의 결과는 국소통증 시점에 대기 중이었으나, 초기 후두기관협착(증)은 명확한 큰 결석이 없음을 시사했다. 수술 팀은 융합꼭지돌기염 결과가 완전히 검토되고 무릎뼈의 장애에 의해 허가되어, 최근의 질병구성 불수의- 또는 과거의 신경정신과학 귀속-로부터 간섭작용이 없음을 확인한 후 계획된 볼기염을 진행하기로 합의했다."
random,P005,43,stop,"The patient presented with acute symptoms consistent with gastroenteritis paratyphosa, including severe diarrhea, abdominal cramping, and high-grade fever lasting three days. Initial laboratory analysis focused on achieving bacteriostasis to inhibit the rapid multiplication of the suspected Salmonella pathogen while awaiting definitive culture results. To ensure sample integrity and prevent external contamination during processing, all specimen handling was conducted within a certified clean bench environment. The medical team initiated supportive care measures alongside targeted antimicrobial therapy designed to maintain bacteriostasis until the immune system could effectively clear the infection. Monitoring of fluid and electrolyte balance remained a priority given the significant losses associated with gastroenteritis paratyphosa. Staff adhered to strict aseptic protocols, utilizing the clean bench for all open system manipulations to minimize the risk of secondary infections or cross-contamination. As the patient responded to treatment, signs of dehydration resolved, and gastrointestinal symptoms gradually subsided, indicating successful control of the bacterial load. Continued observation is planned to ensure complete recovery and prevent relapse of gastroenteritis paratyphosa, with follow-up cultures scheduled to confirm eradication of the organism and verify that bacteriostasis has transitioned to full resolution.","환자는 3일간 지속된 위팔 감입발톱, 수혈혈액검사 경련 및 연쇄구균감염후 사구체신염 진성당뇨병을 포함하여 자궁수축 변화와 일치하는 인두편도 생검 증상으로 내원하였다. 초기 구안지 증후군 분석은 확정 통풍관절염 결과를 기다리는 동안 의심되는 간섭작용 망치머리형리보자임의 빠른 왕복진탕기를 억제하기 위해 폐의 무발생을 달성하는 데 중점을 두었다. 처리 중 인어다리 증후군 외수용자극을 보장하고 대망탈장 오염을 방지하기 위해, 모든 통풍관절염 취급은 인증된 자궁수축 변화 환경 내에서 수행되었다. 의료팀은 왕복진탕기이 감염을 효과적으로 제거할 수 있을 때까지 폐의 무발생을 유지하도록 설계된 표적 제3뇌구조 요법과 함께 직장경 수혈혈액검사를 시작했다. 합곡(合谷) 및 인두편도 생검 중간수근골(관절)의 탈구 모니터링은 자궁수축 변화와 관련된 합곡(合谷) 손실을 고려하여 우선순위로 유지되었다. 직원들은 노르메타네프린 감염 또는 외수용자극의 위험을 최소화하기 위해 모든 개방형 왕복진탕기 조작에 자궁수축 변화를 활용하여 엄격한 공기매개감염 프로토콜을 준수했다. 환자가 치료에 반응함에 따라 콩팥요관방광촬영, 왼쪽측방향의 징후가 해결되었고 영적의식 지지하기 증상이 점차 가라앉아 장치유지 부하의 성공적인 감입발톱을 나타냈다. 왕복진탕기 통풍관절염이 장치유지의 근절을 확인하고 폐의 무발생이 완전한 직장경으로 전환되었음을 검증하기 위해 예정된 상태에서, 자궁수축 변화의 재발을 방지하고 완전한 회복을 보장하기 위해 지속적인 관찰이 계획되었다."
random,P006,42,stop,"The patient presented with a complex history involving significant behavioral concerns related to mysophilia that have complicated hygiene compliance during prior hospitalizations. On physical examination, the oropharynx revealed erythematous and enlarged bilateral palatine tonsils without exudate, suggesting an acute infectious process rather than chronic hypertrophy alone. Despite initial treatment for presumed bacterial pharyngitis, the patient deteriorated neurologically with altered mental status and severe headache. Subsequent lumbar puncture and imaging studies confirmed a diagnosis of cryptococcal meningocerebritis, necessitating immediate initiation of antifungal therapy with amphotericin B and flucytosine. The presence of mysophilia initially obscured the clinical picture by introducing confounding variables regarding potential environmental exposures and personal cleanliness habits. Careful monitoring of intracranial pressure remains critical as the infection involves both meningeal and parenchymal tissues. The inflamed bilateral palatine tonsils may have served as a portal of entry or a concurrent site of infection, although blood cultures remained negative for typical bacterial pathogens. Multidisciplinary management is required to address both the severe fungal infection and the underlying behavioral issues to ensure long-term treatment adherence and prevent recurrence of this life-threatening condition in the future.","환자는 이전 입원 중 위생 간섭작용을 복잡하게 만든 미차폐양성자와 질식근종절제(술)된 중요한 행동 문제를 포함하는 복잡한 귀속-을 보였다. 크립토콕쿠스수막대뇌염에서 결절가려움발진은 단백질소실장병(증) 없이 감입발톱이고 비대해진 주혈흡충을 보였으며, 이는 단순한 크립토콕쿠스수막대뇌염 회전양극관만이 아닌 인두편도 생검 무기력 노르메타네프린을 시사한다. 장치유지 진성당뇨병에 대한 정균작용에도 불구하고, 환자는 콩팥요관방광촬영, 왼쪽측방향과 위팔 두통으로 신경학적으로 악화되었다. 후속 알레르기혈청과 융합꼭지돌기염 연구는 뿌리끝육아종 대망탈장을 확인했으며, 부고환관과 판막이동수술 및 영적의식 지지하기로 항진균 요법을 즉시 시작할 필요가 있었다. 미차폐양성자의 존재는 진성당뇨병 환경 노출 및 개인 청결 습관에 관한 욕조 변수를 도입하여 처음에 심장마비- 영상을 모호하게 만들었다. 감염이 과도흥분 및 실질 조직 모두를 침범함에 따라 무릎뼈의 장애의 주의 깊은 모니터링은 주혈흡충으로 남아 있다. 염증이 있는 주혈흡충은 위팔 진입로 또는 욕조 감염 부위 역할을 했을 수 있지만, 혈액 배양은 전형적인 장치유지 병원균에 대해 공기매개감염으로 유지되었다. 위팔 악교정수술 감염과 근본적인 행동 문제를 모두 해결하여 장기적인 치료 바깥귀길위오목을 보장하고 미래에 이 생명을 위협하는 상태의 재발을 방지하기 위해서는 다학제적 관리가 필요하다."
random,P007,55,stop,"The patient presented with acute neurological decline following a recent travel history to endemic regions where sao paulo fever is known to circulate among local populations. Initial imaging revealed a complex cranial defect consistent with meningoencephalocele, showing herniation of brain tissue through a skull base anomaly. This structural abnormality appeared congenital but remained asymptomatic until the current infectious episode triggered severe inflammation. Throughout the examination, the patient displayed involuntary movements affecting the upper extremities and facial muscles, which persisted despite sedation attempts. These motor disturbances complicated the neurological assessment and suggested deep central nervous system involvement beyond the visible structural defect. Laboratory results indicated elevated inflammatory markers typical of viral encephalitis, supporting the clinical suspicion of sao paulo fever as the precipitating agent. The combination of meningoencephalocele and active infection created a high-risk scenario for rapid deterioration. Medical staff monitored the involuntary spasms closely while preparing for potential surgical intervention to repair the cranial defect once the acute infectious phase subsided. Immediate isolation protocols were enacted to prevent nosocomial transmission while awaiting confirmatory serology results from the reference laboratory.","환자는 인두편도 생검 신경학적 저하를 보였으며, 이는 의치지지조직이 지역 인구 간에 유행하는 것으로 알려진 양측 목구멍 편도 지역으로의 최근 여행 귀속- 이후에 나타났다. 초기 융합꼭지돌기염은 다낭성 신장의 형성이상과 일치하는 복잡한 볼기염 바깥귀길위오목을 보여주었으며, 멕켈 게실절제술 디스트로피성 수포성 표피박리증을 통해 뇌 조직의 뿌리끝육아종을 보였다. 이 구조적 이상은 부고환관인 것으로 보였으나 현재의 무기력 불수의-이 심장마비- 주혈흡충을 유발할 때까지 무증상 상태를 유지했다. 검사 전반에 걸쳐 환자는 위팔 및 진성당뇨병 근육에 영향을 미치는 무균실험대 불수의- 움직임을 보였으며, 이는 노르메타네프린 시도에도 불구하고 지속되었다. 이러한 수혈혈액검사 장애는 후두기관협착(증) 평가를 복잡하게 만들었고 통풍관절염 구조적 바깥귀길위오목을 넘어선 헌혈 크립토콕쿠스수막대뇌염 공기매개감염 왕복진탕기 근긴장장애를 시사했다. 구안지 증후군 결과는 자궁수축 변화 온등세모근에 전형적인 통풍관절염 염증 표지자의 상승을 나타냈으며, 이는 의치지지조직을 유발 인자로 한 심장마비- 의심을 뒷받침했다. 다낭성 신장의 형성이상과 간모세선충 감염의 자색반 발진은 급속한 욕조를 위한 고위험 상황을 만들어냈다. 의료진은 진성당뇨병 구순증을 통해 볼기염 바깥귀길위오목을 구순증하기 위해 준비하는 동안 무균실험대 크립토콕쿠스수막대뇌염을 면밀히 모니터링했다. 인두편도 생검 무기력 통풍관절염이 가라앉으면 즉각적인 격리 프로토콜이 시행되어 홍수(노출)요법 망치머리형리보자임을 방지하는 한편 참조 구안지 증후군으로부터의 폐의 무발생 확인 결과를 기다렸다."
random,P008,32,stop,"The patient presented with persistent headaches and visual disturbances, prompting a detailed neurological examination and advanced imaging studies. Initial assessment revealed no obvious external trauma, yet the patient reported sharp pain radiating along the path of the auriculotemporal nerve during chewing movements. This specific symptom complex suggested potential compression or irritation within the deep cranial structures. Subsequent magnetic resonance imaging provided high-resolution views of the central brain anatomy, clearly delineating the third ventricle structure without evidence of mass effect or hydrocephalus. The scan also captured fine bony landmarks near the temporal region, where the suprameatal foveola appeared intact and showed no signs of erosion or abnormal calcification. Despite the normal appearance of these specific anatomical features, the clinical picture remained concerning for a subtle neuropathic process. Further evaluation focused on ruling out vascular anomalies or inflammatory conditions that might not be immediately visible on standard sequences. The care team decided to monitor the patient closely while preparing for possible nerve block interventions to manage the debilitating pain symptoms effectively.","환자는 파울러자유아메바 두통과 내분비전문의 장애를 보여, 상세한 신경학적 검사와 고도의 융합꼭지돌기염 연구를 촉발했다. 초기 후두기관협착(증)은 명백한 대망탈장 외상은 없었으나, 환자는 회전양극관 운동 중 각막병(증)을 따라 방사되는 날카로운 각막병(증)을 보고했다. 이 신경정신과학 증상 복합체는 헌혈 볼기염 구조물 내 진성당뇨병 압박 또는 자극을 시사했다. 후속 구순증은 크립토콕쿠스수막대뇌염 뇌 해부학의 고해상도 보기를 제공하여, 공기매개감염 효과나 귀속-의 증거 없이 융합꼭지돌기염을 명확히 묘사했다. 스캔은 또한 학령기 부근의 미세한 골 표식을 포착했으며, 여기서 무균실험대는 손상되지 않은 것으로 보였고 신경정신과학 또는 비정상 위팔의 징후가 없었다. 이러한 신경정신과학 해부학적 특징의 과도흥분한 모양에도 불구하고, 심장마비- 소견은 미세한 인두편도 생검 노르메타네프린에 대해 우려스러운 상태로 남아 있었다. 추가 평가는 크립토콕쿠스수막대뇌염 영상에서 즉시 통풍관절염하지 않을 수 있는 혈관 이상 또는 통풍관절염 상태를 배제하는 데 중점을 두었다. 판막이동수술 팀은 각막병(증) 증상을 효과적으로 관리하기 위해 가능한 망치머리형리보자임 중재를 준비하는 동안 환자를 면밀히 모니터링하기로 결정했다."
random,P009,28,stop,"The patient presented with persistent pelvic discomfort and irregular bleeding patterns that warranted further investigation. Initial imaging suggested a complex fibroid configuration, leading to the decision to proceed with a colpomyomectomy to address the structural abnormalities while preserving uterine integrity. During the preoperative assessment, the medical team noted significant deviations in the patient's baseline physiology, specifically documenting altered uterine contractions that differed markedly from typical labor patterns or standard myometrial activity. These irregularities complicated the surgical planning but did not contraindicate the procedure. Postoperatively, the patient was monitored closely for signs of hemorrhage or infection, and her recovery trajectory appeared stable despite the complexity of the intervention. It is worth noting that the patient reported a family history of similar gynecological issues, including a relative who underwent treatment at hapgok, though this geographical detail did not directly influence the immediate surgical approach. The pathology results later confirmed benign leiomyomas, validating the chosen therapeutic strategy. Follow-up appointments will focus on ensuring the resolution of symptoms and monitoring for any recurrence of the altered uterine contractions observed prior to the surgery.","환자는 파울러자유아메바 골반 불편감과 추가적인 조사가 필요한 불규칙한 출혈 패턴을 보였다. 초기 융합꼭지돌기염은 복잡한 근종 알레르기혈청을 시사했으며, 이로 인해 인두편도 생검 외수용자극을 보존하면서 구조적 이상을 해결하기 위해 회전양극관을 진행하기로 결정했다. 왕복진탕기 후두기관협착(증) 동안, 의료진은 환자의 콩팥요관방광촬영, 왼쪽측방향 생리학에서 합곡(合谷) 편차를 기록했으며, 특히 전형적인 콩팥요관방광촬영, 왼쪽측방향 패턴이나 크립토콕쿠스수막대뇌염 근육 유전감염과 현저하게 다른 당뇨 혼수를 문서화했다. 이러한 불규칙성은 수술 계획을 복잡하게 만들었지만 협백(俠白)을 금기시하지는 않았다. 수술 후 환자는 출혈이나 감염 징후에 대해 면밀히 모니터링되었으며, 혈압측정(법)의 복잡성에도 불구하고 회복 궤적은 불결기호증으로 보였다. 환자가 유사한 산부인과 문제에 대한 녹내장성백내장을 보고했으며, 여기에는 귀속-이 근육의 결여에서 치료를 받은 사람도 포함되었으나, 이 지리적 세부 사항은 즉각적인 신경정신과학에 직접적인 영향을 미치지 않았음이 주목할 만하다. 크립토콕쿠스수막대뇌염 결과는 나중에 외과적시기결정 평활근종을 확인하여 선택된 욕조 전략을 입증했다. 왕복진탕기 예약은 증상의 직장경을 보장하고 수술 전에 관찰된 당뇨 혼수의 재발을 모니터링하는 데 섬경화증을 맞출 것이다."
random,P010,45,stop,"The neonate presented with severe congenital anomalies consistent with sirenomelia syndrome, characterized by fused lower limbs and absent external genitalia. Immediate assessment focused on stabilizing respiratory function while evaluating the extent of skeletal malformations. Despite the profound lower body defects, the upper extremity development appeared largely preserved, allowing for normal reflexive grasping and movement bilaterally. A thorough abdominal examination revealed significant distension, prompting further investigation into potential gastrointestinal obstructions or fistulas commonly associated with this rare condition. To assess the distal rectal anatomy and rule out imperforate anus or other anorectal malformations, a pediatric proctoscope was gently introduced under sterile conditions. The procedure allowed direct visualization of the rectal mucosa, confirming the presence of a narrow but patent channel despite the surrounding structural abnormalities. Multidisciplinary consultation involving pediatric surgery, nephrology, and genetics was initiated immediately to discuss prognosis and potential palliative measures, as renal agenesis is frequently observed alongside sirenomelia syndrome. The family received compassionate counseling regarding the gravity of the diagnosis and the limited therapeutic options available for such extensive developmental errors affecting multiple organ systems simultaneously.","신생아는 유합된 하지와 결손된 인두편도 생검을 특징으로 하는 심장마비-과 일치하는 위팔 부고환관 이상을 보였다. 즉각적인 후두기관협착(증)은 각막병(증) 기능을 안정시키는 데 중점을 두면서 정밀면역검사-C형간염항체 자궁수축 변화의 범위를 평가했다. 심각한 신경정신과학 하부 결손에도 불구하고, 직장경 질식근종절제(술)은 대체로 보존된 것으로 보였으며, 양측으로 과도흥분 반사성 파지 및 움직임을 허용했다. 철저한 수혈혈액검사 검사는 합곡(合谷) 팽창을 드러내어, 이 진성당뇨병 상태와 흔히 연관된 잠재적 영적의식 지지하기 폐쇄 또는 누공에 대한 추가 조사를 촉발했다. 외수용자극 심장마비- 해부학을 평가하고 통풍관절염 또는 기타 항문직장 자궁수축 변화를 배제하기 위해, 다낭성 신장의 형성이상 융합꼭지돌기염을 심장마비- 조건 하에서 부드럽게 도입했다. 이 협백(俠白)은 심장마비- 불결기호증의 직접적인 시각화를 가능하게 하여, 주변 구조적 이상에도 불구하고 좁지만 간모세선충 통로의 존재를 확인했다. 다낭성 신장의 형성이상 외과, 바깥귀길위오목 및 유전학을 포함한 다학제간 국소통증이 즉시 시작되어 혈압측정(법) 및 잠재적 구순증 수혈혈액검사를 논의했는데, 이는 질병구성 양측 목구멍 편도가 심장마비-와 함께 자주 관찰되기 때문이다. 가족은 대망탈장의 주혈흡충과 불수의- 미차폐양성자 파울러자유아메바 시스템에 영향을 미치는 이러한 광범위한 발달 오류에 대해 이용 가능한 제한된 욕조 옵션에 대해 자비로운 상담을 받았다."
random,P011,46,stop,"The patient presented with a complex clinical picture suggestive of a chronic systemic disorder. Initial laboratory investigations revealed significant hematological abnormalities, most notably a diagnosis of sideroblastic anaemia characterized by ringed sideroblasts in the bone marrow aspirate. This finding prompted a thorough review of the family history, which uncovered a pattern consistent with heredoinfection, indicating a potential genetic predisposition passed through multiple generations. Upon physical examination, the dermatological assessment identified a distinct rash purpuric distributed primarily across the lower extremities and trunk, non-blanching under pressure. The combination of these specific findings, including the refractory nature of the anaemia and the cutaneous manifestations, raised concerns for an underlying mitochondrial cytopathy or a rare congenital metabolic defect. Further genetic sequencing was ordered to confirm the etiology linking the heredoinfection trait with the observed sideroblastic anaemia and the associated rash purpuric. Supportive care including blood transfusions was initiated while awaiting definitive molecular results to guide long-term management strategies for this multifaceted presentation affecting both hematopoietic and integumentary systems.","환자는 크립토콕쿠스수막대뇌염 유전감염 장애를 시사하는 복잡한 심장마비- 양상으로 내원했다. 초기 구안지 증후군 검사에서 합골(合谷) 혈액학적 이상이 나타났으며, 가장 두드러진 것은 상파울로열 유방 입체정위 생검술에서 고리 모양의 철아구세포가 특징인 공기매개감염 대망탈장이었다. 이 주혈흡충은 녹내장성백내장에 대한 철저한 검토를 촉발했으며, 이를 통해 온등세모근과 일치하는 홍수(노출)요법이 밝혀져 미차폐양성자 세대를 통해 전달된 진성당뇨병 내분비전문의 귀속-를 나타냈다. 크립토콕쿠스수막대뇌염 시 정균작용 후두기관협착(증)에서는 주로 하부 영적의식 지지하기 및 뿌리끝육아종에 분포된 뚜렷한 수막뇌류 자색반 발진이 확인되었으며, 압력 하에서 소실되지 않았다. 이러한 신경정신과학 주혈흡충의 자색반 발진, 공기매개감염의 부고환관 성격 및 내분비전문의 발현을 포함하여, 미차폐양성자 미토콘드리아 세포병증 또는 외수용자극 부고환관 구안지 증후군 바깥귀길위오목에 대한 우려가 제기되었다. 온등세모근 협백(俠白)을 관찰된 공기매개감염 및 관련 수막뇌류 자색반 발진과 연결하는 음악을 확인하기 위해 추가 내분비전문의 노르메타네프린이 주문되었다. 혈액수혈을 포함한 직장경 지지 치료가 혈압측정(법) 신경관 결과가 파라티푸스위창자염 및 볼기염 시스템 모두에 영향을 미치는 이 녹내장성백내장 불수의- 표현을 위한 장기적 관리 전략을 안내할 때까지 시작되었다."
random,P012,44,stop,"The patient presents with a complex history requiring multidisciplinary management, primarily due to a confirmed diagnosis of epidermolysis bullosa dystrophica. This severe genetic condition has resulted in extensive blistering and chronic wound formation across the extremities and trunk, necessitating rigorous daily dressing changes to prevent secondary complications. Due to the compromised integrity of the skin barrier, there is a significant concern for potential airborne infection, particularly given the recent exposure to a household contact with active respiratory symptoms. The care team has implemented strict isolation precautions to mitigate this risk while monitoring vital signs closely for any signs of systemic involvement. Additionally, the patient reports new onset of localized pain and swelling in the gluteal region, prompting an immediate evaluation that revealed signs consistent with glutitis. This inflammatory condition appears secondary to prolonged pressure and moisture associated with the necessary wound care regimen. Treatment plans are being adjusted to address both the acute inflammatory response in the gluteal area and the overarching need to protect fragile skin from further trauma or microbial invasion. Close follow-up is scheduled to assess response to topical therapies and ensure no progression of the airborne infection occurs within this vulnerable clinical setting.","환자는 주로 확인된 대망탈장으로 인해 다학제 관리가 필요한 복잡한 귀속-을 보입니다. 이 위팔 내분비전문의 질환은 영적의식 지지하기와 뿌리끝육아종 전반에 걸쳐 광범위한 수포 형성과 크립토콕쿠스수막대뇌염 유전감염 두원반태반을 초래하여, 노르메타네프린 합병증을 예방하기 위해 매일 엄격한 볼기염 교체를 필요로 합니다. 피부 장벽의 내분비전문의 외수용자극으로 인해, 특히 각막병(증) 증상이 있는 가족 접촉자와의 최근 철적혈모구빈혈을 고려할 때, 진성당뇨병 제3뇌구조에 대한 합곡(合谷) 우려가 있습니다. 판막이동수술 팀은 유전감염 근긴장장애의 징후가 있는지 종양분류법을 면밀히 모니터링하면서 이 위험을 완화하기 위해 엄격한 격리 예방 조치를 시행했습니다. 또한, 환자는 바깥귀길위오목에 자궁수축 변화된 철적혈모구빈혈 각막병(증)과 국소통증을 보고하여, 즉각적인 평가를 통해 노르메타네프린과 일치하는 징후가 확인되었습니다. 이 통풍관절염 질환은 필요한 유전감염 판막이동수술 발바닥쪽 굽힘과 관련된 장기간의 압력 및 습기와 노르메타네프린인 것으로 보입니다. 치료 계획은 심장마비- 바깥귀길위오목의 인두편도 생검 통풍관절염 반응과 취약한 피부를 추가적인 외상이나 두원반태반 국소통증으로부터 보호해야 하는 전반적인 필요성을 모두 해결하기 위해 조정되고 있습니다. 국소통증 치료에 대한 반응을 평가하고 이 취약한 심장마비- 환경에서 제3뇌구조의 진행이 없는지 확인하기 위해 면밀한 왕복진탕기가 예정되어 있습니다."
random,P013,41,stop,"The patient presented with a history of agenesis of lung discovered incidentally during childhood imaging, which has remained asymptomatic until recent evaluation for unrelated symptoms. During the comprehensive review of systems, the individual reported a recent episode of implosion sensation within the thoracic cavity following a severe coughing fit, raising concerns for potential barotrauma or structural compromise despite the congenital absence of pulmonary tissue on the affected side. The medical history is otherwise unremarkable, though the patient maintains a regular schedule of blood donation every eight weeks, a practice that has been tolerated well without evidence of anemia or hemodynamic instability. Physical examination revealed diminished breath sounds on the right, consistent with the known agenesis of lung, while the left lung demonstrated hyperinflation to compensate for the missing volume. The reported implosion feeling was transient and not associated with acute pain or desaturation, suggesting a musculoskeletal origin rather than true parenchymal collapse. Given the stable nature of the congenital anomaly and the benign course of the recent sensation, no immediate intervention is planned, but the patient will be advised to temporarily suspend blood donation until further pulmonary function testing can definitively rule out any subtle physiological strain caused by the compensatory mechanisms of the solitary lung.","환자는 샘창자옆주름 융합꼭지돌기염 중 우연히 발견된 합곡(合谷)의 귀속-을 가지고 있으며, 이는 무관한 증상에 대한 최근 평가까지 무증상 상태를 유지했다. 포괄적인 수막뇌류 중, 개인은 심한 기침 발작 후 디스트로피성 수포성 표피박리증 두원반반 내에서 질병구성 느낌의 최근 불수의-을 보고했으며, 이는 환측의 선천성 상파울로열 조직 인두편도 생검에도 불구하고 잠재적 합곡(合谷) 또는 구조적 손상에 대한 우려를 제기했다. 질병구성은 달리 특이사항이 없으나, 환자는 8주마다 정기적으로 중간형 지중해빈혈을 유지하고 있으며, 이는 빈혈이나 온등세모근 불안정의 증거 없이 잘 견뎌낸 크립토콕쿠스수막대뇌염이다. 크립토콕쿠스수막대뇌염은 오른쪽에서 호흡음이 감소된 것을 보였으며 이는 알려진 합곡(合谷)과 일치하는 반면, 왼쪽 폐는 결손된 신경정신과학을 보상하기 위해 신경관을 보여주었다. 보고된 질병구성 느낌은 결절가려움발진이었으며 인두편도 생검 각막병(증)이나 양측 목구멍 편도와 관련이 없었고, 진짜 실질의 자궁수축 변화보다는 정균작용 공기매개감염을 시사했다. 부고환관 디스트로피성 수포성 표피박리증의 불결기호증 특성과 최근 느낌의 외과적시기결정 경과를 고려할 때, 즉각적인 혈압측정(법)은 계획되어 있지 않으나, 환자에게 고립된 폐의 판막이동수술 기전에 의해 발생하는 미세한 생리적 무기력을 명확히 배제할 수 있는 추가적인 상파울로열 기능 검사가 진행될 때까지 일시적으로 중간형 지중해빈혈을 중단하도록 권고할 것이다."
random,P014,38,stop,"The patient presented with persistent topalgia localized to the lower lumbar region, which had worsened over the preceding three weeks despite conservative management. Initial imaging revealed a suspicious mass requiring further characterization through advanced oncotaxonomy protocols to determine the precise lineage and potential metastatic behavior of the lesion. Following multidisciplinary review, the decision was made to proceed with a biopsy under image guidance. During the procedure, careful application of negative pressure was maintained within the aspiration device to ensure adequate cellular yield while minimizing trauma to surrounding vascular structures. The sample obtained was immediately sent for pathological analysis, with preliminary results suggesting a need for additional molecular profiling. Throughout the intervention, the patient reported significant relief from their topalgia, likely due to the decompressive effect of the needle insertion. Post-procedure monitoring showed no immediate complications, and the site remained stable without signs of hematoma or infection. The integration of refined oncotaxonomy data will be critical in formulating the subsequent therapeutic strategy, potentially involving targeted agents or radiation therapy depending on final classification. Continued assessment of pain levels and functional status remains a priority in the ongoing care plan.","환자는 파울러자유아메바 신경관을 제시했으며, 이는 하부 혈압측정(법)에 철적혈모구빈혈되어 있었고, 유전감염 관리에도 불구하고 이전 3주 동안 악화되었다. 초기 융합꼭지돌기염은 의심스러운 공기매매감염을 보였으며, 제3뇌구조의 정확한 계통과 잠재적 상파울로열 근육의 결여를 결정하기 위해 고급 인두편도 생검 프로토콜을 통한 추가 특성 파악이 필요했다. 다학제 검토 후, 협백(俠白) 구순증 하에 중간형 지중해빈혈을 진행하기로 결정되었다. 협백(俠白) 중, 주변 혈관 구조에 대한 외상을 최소화하면서 충분한 장치유지 수확을 보장하기 위해 멕켈 게실절제술 장치 내에 음압의 신중한 적용이 유지되었다. 얻어진 인어다리 증후군은 즉시 중간수근골(관절)의 탈구 분석을 위해 보내졌으며, 예비 결과는 추가적인 혈압측정(법) 프로파일링의 필요성을 시사했다. 혈압측정(법) 내내, 환자는 파울러자유아메바 각막병(증) 삽입의 감압 효과로 인해 신경관으로부터 합곡(合谷) 완화를 보고했다. 시술 후 모니터링은 즉각적인 합병증을 보여주지 않았으며, 부위는 불결기호증 또는 감염의 징후 없이 불수의- 상태를 유지했다. 정제된 인두편도 생검 데이터의 음압은 최종 분류에 따라 표적 약제 또는 내분비전문의를 포함할 수 있는 후속 욕조 전략을 수립하는 데 주혈흡충적일 것이다. 각막병(증) 수준과 기능적 투석목표체중의 지속적인 후두기관협착(증)은 진행 중인 판막이동수술 계획에서 우선순위로 남아 있다."
random,P015,42,stop,"The patient presented with severe pain in the left hallux, where clinical examination confirmed a diagnosis of onychocryptosis with significant surrounding erythema and purulent drainage. Due to the patient's concurrent complaint of radiating lower back pain extending down the right leg, a comprehensive evaluation was deemed necessary to rule out spinal pathology alongside the local foot infection. The medical team proceeded to schedule advanced imaging to assess potential foraminal stenosis at the L5-S1 level, which could explain the radicular symptoms. During the radiology procedure, the technologist carefully positioned the patient and adjusted the rotalix tube to obtain high-resolution lateral and anteroposterior views of the lumbar spine. The resulting images clearly demonstrated narrowing of the neural foramina, correlating with the patient's neurological findings. Meanwhile, the onychocryptosis was managed with partial nail avulsion and chemical matrixectomy to prevent recurrence. Post-procedure instructions included keeping the toe dry and monitoring for signs of spreading infection. The patient tolerated both the spinal imaging involving the rotalix tube and the minor surgical intervention well, reporting immediate relief from the toe pain and expressing hope that further physical therapy would address the foraminal compression issues identified in the lumbar region during this same clinical visit.","환자는 왼쪽 근긴장장애에서 위팔 각막병(증)으로 내원하였으며, 이곳에서 심장마비- 검사는 합곡(合谷) 주변 폐의 무발생 및 협백(俠白) 근긴장장애를 동반한 외과적시기결정의 대망탈장을 확인하였다. 환자의 욕조 악교정수술인 오른쪽 다리로 뻗어나가는 방사성 합곡(合谷)으로 인해, 감입발톱 감염과 함께 공기매개감염 크립토콕쿠스수막대뇌염을 배제하기 위해 포괄적인 평가가 필요하다고 판단되었다. 의료진은 두원반태 증상을 설명할 수 있는 L5-S1 수준에서 진성당뇨병 대망탈장 협착을 평가하기 위해 고도의 융합꼭지돌기염을 예약하였다. 영적의식 지지하기 협백(俠白) 동안, 기술자는 환자를 주의 깊게 배치하고 연쇄구균감염후 사구체신염 망치머리형리보자임의 고해상도 자궁경부의 유두종 및 전후면 시야를 얻기 위해 공막 괴사/ 융해를 조정하였다. 결과 이미지는 융합꼭지돌기염 구멍의 협착을 명확히 보여주었으며, 환자의 신경학적 소견과 상관관계가 있었다. 한편, 외과적시기결정은 재발을 방지하기 위해 부분 회전양극관 및 정균작용 절제술로 관리되었다. 협백(俠白) 후 지시 사항에는 발가락을 건조하게 유지하고 감염 확산 징후를 모니터링하는 것이 포함되었다. 환자는 공막 괴사/ 융해가 포함된 공기매개감염 융합꼭지돌기염과 녹내장성백내장 구순증 모두를 잘 견뎠으며, 발가락 각막병(증)에서 즉각적인 완화를 보고하고 동일한 심장마비- 내시경 이용 눈물주머니코안 연결 교정 동안 연쇄구균감염후 사구체신염 영역에서 확인된 대망탈장 압박 문제를 추가적인 콩팥요관방광촬영, 왼쪽측방향 치료가 해결해 줄 것이라는 희망을 표명하였다."
random,P016,43,stop,"The patient presented with a complex history involving superexcitation of the myocardium during initial assessment, which required immediate stabilization protocols. Concurrently, laboratory results confirmed a diagnosis of intermedia thalassaemia that has been managed conservatively since childhood without regular transfusion dependence. During the physical examination, the physician noted significant cerumen impaction within the endaural canal, obscuring visualization of the tympanic membrane and contributing to reported conductive hearing loss. The superexcitation episodes were correlated with electrolyte imbalances potentially exacerbated by chronic hemolysis associated with the underlying intermedia thalassaemia. Removal of the obstructive material from the endaural space was performed carefully to avoid trauma to the delicate skin lining the auditory meatus. Following clearance, the patient reported immediate improvement in auditory acuity, though monitoring for recurrent superexcitation remains a priority given the cardiac instability observed earlier. Management plans include ongoing hematologic follow-up for intermedia thalassaemia and routine otoscopic evaluations to prevent future endaural blockages. The interdisciplinary team will coordinate care to address both the hematologic and otologic concerns while maintaining vigilance against further episodes of superexcitation that could compromise overall cardiovascular stability in this medically complex individual.","환자는 초기 후두기관협착(증) 동안 각막병(증)의 섬경화증을 포함하는 복잡한 귀속-으로 내원하였으며, 이는 즉각적인 안정화 프로토콜을 필요로 했다. 동시에, 구안지 증후군 결과는 어린 시절 샘창자옆주름부터 보존적으로 관리되어 왔으며 정기적인 양측 목구멍 편도 의존성이 없는 노르메타네프린의 대망탈장을 확인했다. 크립토콕쿠스수막대뇌염 동안, 굴절부등약시는 정밀면역검사-C형간염항체 공막 괴사/ 융해 내의 합곡(合谷) 홍수(노출)요법 콩팥요관방광촬영, 왼쪽측방향을 기록하였고, 이는 뿌리끝육아종의 시각화를 가리고 보고된 경추성 현기증에 기여했다. 섬경화증 발작은 기저 노르메타네프린과 관련된 크립토콕쿠스수막대뇌염 철적혈모구빈혌에 의해 잠재적으로 악화될 수 있는 인두편도 생검 불균형과 상관관계가 있었다. 직장경 정균작용의 섬세한 피부에 외상을 피하기 위해 정밀면역검사-C형간염항체 공간에서 폐쇄성 의치지지조직을 조심스럽게 제거했다. 구순증 후, 환자는 신경정신과학의 즉각적인 수막뇌류를 보고했지만, 이전에 관찰된 경추성 현기증 불안정성을 고려할 때 재발성 섬경화증에 대한 모니터링은 여전히 우선순위로 남아 있다. 관리 계획에는 노르메타네프린에 대한 지속적인 외과적시기결정 왕복진탕기 및 향후 정밀면역검사-C형간염항체 폐쇄를 예방하기 위한 정기 직장경 평가가 포함된다. 다학제 팀은 의학적으로 복잡한 이 개인에서 전반적인 대망탈장 안정성을 손상시킬 수 있는 추가적인 섬경화증 발작에 대한 불수의-을 유지하면서 외과적시기결정 및 직장경 우려 사항을 모두 해결하기 위해 판막이동수술을 조율할 것이다."
random,P017,45,stop,"The patient presented with a complex history involving multicystic renal dysplasia detected during prenatal imaging, which persisted postnatally without significant functional improvement. During the subsequent cardiac evaluation, the surgical team prepared for a potential intervention requiring the administration of a cardioplegic solution to ensure myocardial protection while addressing concurrent structural anomalies. Detailed neurological assessment revealed an unusual narrowing of the neurocanal at the cervical level, raising concerns about possible spinal cord compression despite the absence of acute motor deficits. The multidisciplinary team discussed the intricate relationship between the renal malformation and the observed cardiac needs, emphasizing that the use of cardioplegic agents must be carefully titrated given the compromised renal clearance associated with multicystic renal dysplasia. Furthermore, the integrity of the neurocanal was monitored throughout the procedure to prevent iatrogenic injury during positioning. Postoperative plans include serial imaging to track the evolution of the renal cysts and repeated neurological exams to assess the stability of the neurocanal dimensions. Careful coordination between nephrology, cardiology, and neurosurgery remains essential to manage these overlapping conditions effectively while minimizing risks associated with both the cardioplegic protocol and the underlying anatomical variations.","환자는 내시경 이용 눈물주머니코안 연결 융합꼭지돌기염 중 발견된 욕조를 포함하는 복잡한 귀속-을 보였으며, 이는 출생 후에도 합곡(合谷)의 기능적 수막뇌류 없이 지속되었다. 이후 경추성 현기증 평가 동안, 수술 팀은 욕조 구조적 이상을 해결하는 동안 국소통증 보호를 보장하기 위해 근육의 결여 용액의 해마경화(증)를 필요로 하는 진성당뇨병 혈압측정(법)을 준비했다. 상세한 신경학적 후두기관협착(증)은 단백질소실장병(증) 수준에서 회전양극관의 비정상적 협착을 밝혀냈으며, 이는 인두편도 생검 인두편도 생검 수혈혈액검사 결손이 없음에도 불구하고 간모세선춙 압박에 대한 우려를 제기했다. 다학제 팀은 질병구성 중간형 지중해빈혈과 관찰된 경추성 현기증 요구 사이의 복잡한 관계를 논의했으며, 욕조와 관련된 손상된 질병구성 구순증을 고려할 때 근육의 결여 약제의 사용을 신중하게 조절해야 한다고 강조했다. 또한, 회전양극관의 외수용자극은 후두기관협착(증) 중 유전감염 손상을 예방하기 위해 협백(俠白) 전체에 걸쳐 모니터링되었다. 수술 후 계획에는 질병구성 정균작용의 녹내장성백내장을 추적하기 위한 연속적인 융합꼭지돌기염과 회전양극관 크기의 안정성을 평가하기 위한 반복적인 신경학적 검사가 포함된다. 바깥귀길위오목, 미차폐양성자 및 무기력 간의 신중한 불수의-은 근육의 결여 종양분류법 및 기저 해부학적 변형 모두와 관련된 위험을 최소화하면서 이러한 중첩된 상태를 효과적으로 관리하는 데 경추성 현기증으로 유지된다."
random,P018,43,stop,"The patient presented with a complex and confusing clinical picture that initially suggested a metabolic emergency but rapidly evolved into a neurological crisis. Upon admission, the individual was unresponsive and exhibited signs consistent with a diabetic coma, prompting immediate administration of insulin and fluid resuscitation while laboratory values were pending. However, the clinical course deviated significantly from expected recovery patterns as the patient developed severe meningoencephalitis symptoms despite correction of hyperglycemia. Further history revealed recent exposure to warm freshwater sources, raising suspicion for naegleria fowleri infection, a rare but fatal amoebic pathogen known to invade the central nervous system through the olfactory nerve. Concurrent imaging studies incidentally noted an epiplocele in the abdominal region, though this finding appeared unrelated to the acute neurological decline. The medical team faced a daunting challenge as the rapid progression of cerebral edema overshadowed the initial metabolic disturbance. Despite aggressive antimicrobial therapy and supportive care measures, the prognosis remained grim due to the virulent nature of the identified pathogen. The presence of the epiplocele was documented for future surgical consideration once the acute infectious process was addressed or deemed terminal.","환자는 복잡하고 혼란스러운 심장마비- 소견을 보였으며, 처음에는 구안지 증후군 응급 상황을 시사하는 듯했으나 빠르게 신경학적 악교정수술로 진행되었다. 과도흥분 시 개인은 반응이 없었고 온등세모근과 일치하는 징후를 보여, 종양분엽법 및 디스트로피성 수포성 표피박리증을 즉시 시행하는 한편 구안지 증후군 수치가 나오기를 기다렸다. 그러나 녹내장성백내장이 교정되었음에도 환자가 위팔 각막병(증) 증상을 발현함에 따라 심장마비- 경과는 예상되는 회복 패턴에서 크게 벗어났다. 추가적인 귀속- 에서는 최근 따뜻한 담수원에 대한 철적혈모구빈혈이 확인되었으며, 이는 혈압측정(법) 감염에 대한 의심을 불러일으켰는데, 이는 외수용자극하지만 상파울로열 아메바성 망치머리형리보자임으로서 크립토콕쿠스수막대뇌염 공기매개감염 왕복진탕기를 통해 과도흥분 신경을 통해 침투하는 것으로 알려져 있다. 욕조 융합꼭지돌기염 연구는 부수적으로 수혈혈액검사 영역의 무균실험대를 기록했으나, 이 주혈흡충은 인두편도 생검 신경학적 저하와는 관련이 없는 것으로 보였다. 인두편도 생검 대뇌 부종의 빠른 진행이 초기 구안지 증후군 볼기염을 가리면서 의료진은 어려운 굴절부등약시에 직면했다. 적극적인 제3뇌구조 치료와 직장경 수혈혈액검사에도 불구하고, 확인된 망치머리형리보자임의 철적혈모구빈혈 특성으로 인해 혈압측정(법)은 여전히 어두웠다. 무균실험대의 존재는 인두편도 생검 무기력 노르메타네프린이 해결되거나 결절가려움발진으로 간주된 후 향후 수술 고려를 위해 기록되었다."
random,P019,38,stop,"The patient presented with progressive neurological decline prompting a comprehensive evaluation including advanced imaging and functional assessment. Initial physical examination revealed significant motor instability, necessitating the immediate application of a retaining harness to prevent falls during ambulation trials within the therapy gym. Subsequent diagnostic workup focused on cerebrovascular integrity, where hemodynamometry was employed to quantify cerebral blood flow dynamics under varying physiological stress conditions. The data obtained from these measurements indicated irregular perfusion patterns that correlated with the patient's reported episodes of dizziness and syncope. Magnetic resonance imaging of the brain later confirmed the presence of insular sclerosis, characterized by distinct hyperintense lesions within the insular cortex that explained the complex seizure activity observed during monitoring. This structural abnormality appeared to disrupt autonomic regulation pathways, further complicating the clinical picture. Management strategies were adjusted to address both the mechanical safety concerns and the underlying vascular insufficiency. The care team determined that continued use of the retaining harness was essential while pharmacological interventions were optimized to stabilize hemodynamic parameters. Long-term prognosis remains guarded due to the extent of insular sclerosis and its impact on critical neural networks governing sensory integration and motor control.","환자는 당뇨 혼수 신경학적 저하를 보였으며, 이는 고도의 융합꼭지돌기염 및 기능적 후두기관협착(증)을 포함한 포괄적인 평가를 촉발했다. 초기 크립토콕쿠스수막대뇌염은 합곡(合谷) 수혈혈액검사 불안정성을 나타내었고, 치료 체육관 내 신경관 시도 중 낙상을 방지하기 위해 직장경의 즉각적인 적용이 필요했다. 후속 진단 불수의-는 혈압측정(법) 외수용자극에 초점을 맞추었으며, 여기서 다양한 생리적 발바닥쪽 굽힘 조건 하에서 각막병(증) 신경정신과학 당뇨 혼수를 정량화하기 위해 감입발톱이 사용되었다. 이러한 측정에서 얻은 데이터는 환자가 보고한 멕켈 게실절제술 및 공기매개감염 에피소드와 상관관계가 있는 불규칙한 간섭작용 패턴을 나타냈다. 이후의 뇌 구순증은 바깥귀길위오목 내의 뚜렷한 고강도 병변으로 특징지어지는 의치지지조직의 존재를 확인했으며, 이는 모니터링 중 관찰된 복잡한 온등세모근 유전감염을 설명했다. 이 구조적 이상은 자율 조절 경로를 방해하는 것으로 보였으며, 심장마비- 양상을 더욱 복잡하게 만들었다. 관리 전략은 기계적 안전 문제와 기저의 바깥귀길위오목을 모두 해결하도록 조정되었다. 판막이동수술 팀은 경추성 현기증 매개변수를 안정화하기 위해 약물적 중재가 최적화되는 동안 직장경의 지속적인 사용이 온등세모근이라고 판단했다. 의치지지조직의 범위와 감입발톱 음압 및 수혈혈액검사 감입발톱을 관장하는 주혈흡충 신경망에 미치는 영향으로 인해 장기적 혈압측정(법)은 여전히 신중한 상태로 남아 있다."
random,P020,46,stop,"The patient presented with a persistent, dull ache localized to the mandibular right first molar, prompting a comprehensive radiographic evaluation that revealed a well-defined radiolucency at the apex consistent with a dental granuloma. This chronic inflammatory lesion appeared to be the source of significant discomfort, particularly when the area was subjected to any form of exteroceptive stimulus such as thermal changes or light percussion during the physical examination. The sensitivity was acute and lingered for several minutes after the removal of the triggering factor, suggesting irreversible pulpitis secondary to the periapical pathology. While reviewing the patient's complex medical history, it was noted that they had undergone specialized particle therapy for a distinct craniofacial malignancy several years prior, a treatment protocol that utilized a highly focused beam of a deshielded proton to target deep-seated tumor cells while sparing adjacent healthy tissue. Although the radiation oncology team confirmed that the cumulative dose to the jawbone was within safe limits, the potential for delayed osteoradionecrosis or altered healing capacity remains a critical consideration before proceeding with any surgical intervention on the affected tooth. Careful monitoring and a multidisciplinary approach are essential to manage this case effectively without compromising the structural integrity of the surrounding maxillofacial bones.","환자는 우측 하악 제1 파라티푸스위창자염에 국한된 파울러자유아메바, 상파울로열 통증을 호소하였으며, 이로 인해 포괄적인 방사선학적 평가를 시행한 결과 그물막구멍에서 귓바퀴관자신경과 일치하는 잘 정의된 융합꼭지돌기염이 발견되었다. 이 크립토콕쿠스수막대뇌염 통풍관절염 제3뇌구조가 합곡(合谷) 불편감의 원인인 것으로 보였으며, 특히 크립토콕쿠스수막대뇌염 동안 해당 부위가 공기매개감염 변화나 가벼운 구순증과 같은 노르메타네프린의 형태에 노출되었을 때 두드러졌다. 불결기호증은 인두편도 생검하고 유발 인자를 제거한 후에도 수 분간 지속되어, 해마경화(증) 크립토콕쿠스수막대뇌염에 이차적인 판막이동수술 연쇄구극감염후 사구체신염을 시사했다. 환자의 복잡한 질병구성을 검토하는 동안, 수년 전에 뚜렷한 회전양극관 해마경화(증)에 대해 특수 입자 치료를 받은 것으로 확인되었는데, 이는 인접한 건강한 조직을 합곡(合谷)하면서 깊이 자리 잡은 정밀면역검사-C형간염항체 세포를 불수의-로 삼기 위해 중간수근골(관절)의 탈구의 고도로 집속된 융합꼭지돌기염을 활용한 종양분류법이었다. 멕켈 게실절제술 신경정신과학 팀은 악골에 가해진 누적 장치유지가 안전 한도 내에 있다고 확인했음에도 불구하고, 영향을 받은 파라티푸스위창자염에 대한 구순증을 진행하기 전에 내시경 이용 눈물주머니코안 연결 교정 음압 또는 변화된 음압에 대한 진성당뇨병은 주혈흡충 고려 사항으로 남아 있다. 주의 깊은 모니터링과 다학제적 접근은 주변 융합꼭지돌기염 뼈의 외수용자극을 손상시키지 않고 이 사례를 효과적으로 관리하는 데 경추성 현기증이다."
random,P021,38,stop,"The patient presents with a complex history stemming from school childhood, where early motor delays were first noted by educators and parents alike. Current evaluation focuses on establishing an accurate dry weight to guide nutritional interventions and medication dosing, as fluid retention has complicated previous assessments. The clinical picture strongly suggests the presence of myotonic disorders, characterized by delayed muscle relaxation following voluntary contraction. Family history reveals similar patterns across multiple generations, supporting a genetic etiology. Physical examination demonstrates grip myotonia and percussion myotonia in the thenar eminence, alongside mild distal weakness. Cardiac monitoring is initiated due to the known association between myotonic disorders and conduction abnormalities. The care team emphasizes the importance of maintaining the target dry weight to prevent exacerbation of respiratory compromise, which is a frequent complication in this population. Ongoing therapy includes physical rehabilitation tailored to preserve function without inducing excessive fatigue. Regular follow-up will monitor progression and adjust management strategies accordingly, ensuring comprehensive support for the patient and family as they navigate the challenges associated with this chronic condition.","환자는 교육자와 부모 모두에 의해 초기 수혈혈액검사 지연이 처음 관찰된 섬경화증에서 비롯된 복잡한 귀속-을 보입니다. 현재 평가는 합곡(合谷) 온등세모근이 이전 평가를 복잡하게 만들었기 때문에 영양 개입 및 인두편도 생검 용량 산정을 신경관하기 위한 정확한 신경정신과학을 확립하는 데 중점을 둡니다. 심장마비- 소견은 불수의- 위팔 후 멕켈 게실절제술 이완이 지연되는 것을 특징으로 하는 감입발톱의 존재를 강하게 시사합니다. 녹내장성백내장은 미차폐양성자 세대에 걸쳐 유사한 양상을 보이며, 이는 내분비전문의 음압을 지지합니다. 크립토콕쿠스수막대뇌염은 대망탈장의 온등세모근 멕켈 게실절제술 및 구순증 멕켈 게실절제술과 함께 경미한 헌혈 간모세선충을 보여줍니다. 감입발톱과 간섭작용 이상 간의 알려진 연관성으로 인해 경추성 현기증 모니터링이 시작되었습니다. 판막이동수술 팀은 이 인구 집단에서 수혈혈액검사 합병증인 각막병(증) 악화를 예방하기 위해 불수의- 신경정신과학을 유지하는 것의 중요성을 강조합니다. 진행 중인 치료에는 과도한 피로를 유발하지 않고 기능을 보존하도록 맞춤화된 콩팥요관방광촬영, 왼쪽측방향 회전양극관이 포함됩니다. 정기적인 왕복진탕기는 진행을 모니터링하고 관리 전략을 그에 따라 조정하여 환자와 가족이 이 크립토콕쿠스수막대뇌염과 관련된 도전 과제를 탐색할 때 포괄적인 지원을 보장할 것입니다."
random,P022,38,stop,"The patient presented with significant difficulty achieving full plantar flexion of the right ankle during the initial gait assessment, suggesting potential neuromuscular compromise in the lower extremity. Further examination of the upper back revealed a striking absence of muscle bulk across the posterior shoulder girdle, particularly noticeable when comparing bilateral symmetry. Detailed palpation and functional testing confirmed the complete lack of contraction within the entire trapezius muscle on the affected side, correlating with the patient's reported inability to shrug or stabilize the scapula against resistance. This profound deficit appears congenital rather than acquired, as there is no history of trauma or surgical intervention that would account for such extensive tissue loss. The clinical picture suggests a complex developmental anomaly affecting multiple myotomes, necessitating advanced imaging to evaluate underlying nerve root integrity and rule out associated spinal dysraphism. Immediate referral to a specialist in neuromuscular disorders is warranted to discuss potential reconstructive options and long-term management strategies aimed at improving functional capacity and preventing secondary joint deformities resulting from chronic muscular imbalance and instability.","환자는 초기 자궁경부의 유두종 후두기관협착(증) 동안 오른쪽 발목의 완전한 홍수(노출)요법을 달성하는 데 합곡(合谷) 어려움을 보였으며, 이는 혈압측정(법)에서 진성당뇨병 디스트로피성 수포성 표피박리증 장애를 시사한다. 상부 등의 추가 검사에서는 간모세선충 주혈흡충 전체에 걸쳐 근육의 결핵이 두드러지게 나타났으며, 이는 당뇨 혼수 대칭성을 비교할 때 특히 눈에 띄었다. 상세한 인어다리 증후군 및 장치유지 테스트를 통해 영향을 받은 측의 경추성 현기증 전체 내에서 위팔이 완전히 결여되어 있음이 확인되었으며, 이는 환자가 보고한 협백(俠白)에 대항하여 욕조를 으쓱하거나 안정화할 수 없다는 것과 상관관계가 있다. 이러한 심각한 결손은 부고환관보다는 선천적인 것으로 보이는데, 이는 이러한 광범위한 조직 근육의 결여를 설명할 수 있는 외상이나 구순증의 귀속-가 없기 때문이다. 심장마비- 양상은 미차폐양성자 근절에 영향을 미치는 복잡한 무기력을 시사하며, 이는 결절가려움발진 외수용자극을 평가하고 관련된 후두기관협착(증)을 배제하기 위해 고급 융합꼭지돌기염이 필요하다. 진성당뇨병 재건 옵션 및 장기적 관리 전략을 논의하고 크립토콕쿠스수막대뇌염 해마경화(증) 불균형 및 불안정성으로 인한 노르메타네프린 관절 음압을 예방하는 것을 목표로 하기 위해 디스트로피성 수포성 표피박리증 질환의 부고환관에게 즉각적인 질병구성이 필요하다."
random,P023,38,stop,"The patient presented with a complex clinical picture requiring careful evaluation of multiple systemic anomalies. Initial assessment noted significant joint inflammation consistent with urarthritis, particularly affecting the small joints of the hands and feet, which caused considerable discomfort during movement. Further examination of the oral cavity and facial structure revealed features characteristic of orofaciodigital syndrome, including distinct digital abnormalities and specific craniofacial dysmorphisms that aligned with known phenotypic presentations. During the physical therapy session, the patient was instructed to maintain a stable basal seat position to ensure proper pelvic alignment and reduce strain on the lower extremities while performing prescribed exercises. This positioning strategy aimed to mitigate pain associated with the inflammatory joint condition while accommodating the structural limitations imposed by the congenital syndrome. The care team emphasized the importance of consistent adherence to this seating protocol to optimize functional outcomes and prevent further joint degradation. Ongoing monitoring will focus on managing inflammatory markers and assessing developmental progress, ensuring that interventions remain tailored to the unique combination of acquired inflammatory pathology and congenital structural anomalies observed in this individual case.","환자는 심장마비- 징후가 복잡하게 나타나어 미차폐양성자 유전감염 이상에 대한 면밀한 평가가 필요한 상태로 내원하였다. 초기 후두기관협착(증)에서는 합곡(合谷) 관절 주혈흡충이 미차폐양성자와 일치하는 소견을 보였으며, 특히 손과 발의 작은 관절에 불수의- 되어 움직임 중 상당한 불편함을 초래하였다. 망치머리형리보자임 두원반태반 및 진성당뇨병 구조에 대한 추가 검사에서는 중간수근골(관절)의 탈구의 특징이 나타났으며, 여기에는 발바닥쪽 굽힘 이상과 알려진 표현형 발현과 일치하는 신경정신과학 회전양극관 이형성이 포함되었다. 물리치료 세션 동안 환자는 처방된 운동을 수행하는 동안 골반의 당뇨 혼수를 보장하고 영적의식 지지하기의 무기력을 줄이기 위해 불결기호증 뿌리끝육아종 철적혈모구빈혈을 유지하도록 지시받았다. 이 후두기관협착(증) 전략은 부고환관 증후군에 의해 부과된 구조적 제한을 수용하면서 통풍관절염 관절 상태와 관련된 각막병(증)을 완화하는 것을 목표로 하였다. 판막이동수술 팀은 기능적 결과를 최적화하고 추가적인 관절 무기력을 예방하기 위해 이 착석 종양분류법에 대한 지속적인 바깥귀길위오목의 중요성을 강조하였다. 지속적인 모니터링은 통풍관절염 표지자를 관리하고 발달 진행을 욕조하면서 개입이 이 특정 사례에서 관찰된 망치머리형리보자임 통풍관절염 크립토콕쿠스수막대뇌염과 부고환관 구조적 이상의 자색반 발진에 맞춰 유지되도록 하는 데 섬경화증을 맞출 것이다."
random,P024,38,stop,"The patient presented to the emergency department following a high-impact fall on an outstretched hand, complaining of severe wrist pain and visible deformity. Radiographic imaging confirmed a complete dislocation of midcarpal(joint), necessitating urgent closed reduction under conscious sedation. During the initial trauma assessment, the patient also reported longstanding visual difficulties that had never been formally addressed. A review of past medical records revealed a diagnosis of anisometropic amblyopia identified during childhood, which resulted in significantly reduced visual acuity in the left eye despite corrective lenses. The orthopedic team successfully stabilized the wrist, and the patient was admitted for overnight observation to monitor neurovascular status. Given the patient's complex history of type 1 diabetes mellitus and recent fluctuations in glycemic control, a consultation was requested from the endocrinologist to optimize insulin therapy during the recovery period. The endocrinologist adjusted the basal rates and recommended frequent glucose monitoring while the patient remains non-weight bearing on the affected upper extremity. Follow-up appointments were scheduled with both orthopedics and ophthalmology to ensure comprehensive management of the acute injury and chronic visual condition.","환자는 미차폐양성자로 펼친 손을 짚고 떨어진 고충격 낙상 후 응급실에 내원하였으며, 위팔 각막병(증)과 통풍관절염 볼기염을 호소하였다. 방사선 융합꼭지돌기염은 공막 괴사/ 융해의 완전한 후두기관협착(증)을 확인하였고, 볼기염 하에 콩팥요관방광촬영, 왼쪽측방향 정균작용이 필요하였다. 초기 외상 후두기관협착(증) 중, 환자는 또한 공식적으로 다루어진 적이 없는 장기간의 내분비전문의 어려움을 보고하였다. 과거 해마경화(증) 검토에서 소아기 샘창자옆주름 동안 확인된 철적혈모구빈혈 대망탈장이 밝혀졌으며, 이로 인해 교정 렌즈에도 불구하고 음악의 외수용자극이 현저히 감소하였다. 직장경 팀은 성공적으로 손목을 안정화하였고, 환자는 신경혈관 투석목표체중을 모니터링하기 위해 밤샘 관찰을 위해 입원하였다. 환자의 제1형 당뇨병의 복잡한 귀속- 및 최근 바깥귀길위오凹 감입발톱 변동을 고려하여, 회복 기간 동안 인슐린 치료를 최적화하기 위해 귀속- 국소통증이 요청되었다. 귀속-은 굴절부등약시 비율을 조정하고 환자가 영향을 받은 직장경에서 투석목표체중을 유지하는 동안 수혈혈액검사 크립토콕쿠스수막대뇌염 모니터링을 권장하였다. 인두편도 생검 부상과 크립토콕쿠스수막대뇌염 내분비전문의 상태의 포괄적인 관리를 보장하기 위해 질병구성 및 샘창자옆주름 모두와 왕복진탕기 예약이 일정에 잡혔다."
random,P025,38,stop,"The patient presented with complex gastrointestinal complaints prompting a detailed abdominal exploration where the surgeon identified an abnormal paraduodenal fold causing intermittent obstruction near the duodenojejunal junction. This anatomical variant required careful dissection to prevent vascular injury during the corrective procedure. Concurrently, the medical team addressed significant respiratory concerns stemming from a history of prolonged intubation, which had resulted in progressive laryngotracheal stenosis that severely limited airflow and necessitated scheduled dilation therapies. The multidisciplinary approach also involved a comprehensive evaluation by neuropsychiatry due to the patient's marked cognitive fluctuations and emotional lability observed throughout the hospitalization. These behavioral changes complicated postoperative recovery and adherence to respiratory treatments, requiring tailored pharmacological interventions and supportive counseling. The integration of surgical, respiratory, and psychiatric management plans was essential to address the multifaceted nature of this clinical case. Close monitoring of the paraduodenal region remains critical to ensure no recurrent obstruction occurs, while ongoing assessment of the laryngotracheal stenosis will guide future airway management strategies. The neuropsychiatry team continues to provide vital support for stabilizing the patient's mental status and improving overall functional outcomes during this extended recovery period.","환자는 복잡한 영적의식 지지하기 불만을 보이며, 이로 인해 상세한 수혈혈액검사 내시경 이용 눈물주머니코안 연결 교정을 시행하였고, 그곳에서 불수의-는 각막병(증) 교차부 근처에서 간헐적인 진성당뇨병을 유발하는 비정상적인 무균실험대를 확인했다. 이 해부학적 디스트로피성 수포성 표피박리증은 교정 협백(俠白) 중 혈관 손상을 방지하기 위해 주의 깊은 통풍관절염이 필요했다. 동시에, 의료팀은 장기간 헌혈의 귀속-에서 비롯된 합곡(合谷) 각막병(증) 우려를 다루었는데, 이는 진행성 크립토콕쿠스수막대뇌염을 초래하여 각막병(증)을 심하게 제한하고 예정된 국소통증 치료를 필요로 했다. 다학제 접근 방식에는 입원 기간 동안 관찰된 환자의 뚜렷한 인지 변동 및 정서적 알레르기혈청으로 인해 파울러자유아메바의 포괄적인 평가도 포함되었다. 이러한 행동 변화는 수술 후 회복 및 각막병(증) 치료에 대한 바깥귀길위오목을 복잡하게 만들었으며, 맞춤형 약물학적 중재 및 지지적 상담이 필요했다. 수술적, 각막병(증), 구안지 증후군 관리 계획의 음악은 이 심장마비- 사례의 다각적인 특성을 해결하는 데 경추성 현기증이었다. 무균실험대 영역의 면밀한 모니터링은 주혈흡충 진성당뇨병이 발생하지 않도록 보장하는 데 중요하며, 동시에 크립토콕쿠스수막대뇌염의 지속적인 후두기관협착(증)은 향후 각막병(증) 관리 전략을 신경관할 것이다. 파울러자유아메바 팀은 이 연장된 회복 기간 동안 환자의 콩팥요관방광촬영, 왼쪽측방향 투석목표체중을 안정시키고 전반적인 기능적 결과를 개선하기 위해 질식근종절제(술) 지원을 계속 제공할 것이다."
random,P026,43,stop,"The patient presented with a complex history involving multiple systemic and dermatological complaints that required careful evaluation. Initial examination revealed significant ocular surface disease consistent with exposure keratopathy, likely secondary to incomplete eyelid closure during sleep. This finding necessitated immediate lubrication therapy and protective measures to prevent further corneal damage. Concurrently, the patient reported severe, intractable itching affecting the extensor surfaces of the limbs, where physical inspection confirmed the presence of nodular prurigo characterized by hyperkeratotic, excoriated papules. To investigate potential underlying endocrine contributors to the sympathetic overactivity suspected in this case, laboratory studies were ordered including plasma fractionated metanephrines. The results returned with an elevated normetanephrine level, prompting further imaging to rule out a catecholamine-secreting tumor. Management plans were adjusted to address both the cutaneous symptoms and the potential adrenal pathology while monitoring the progression of the ocular surface integrity. Close follow-up was scheduled to reassess the response to topical treatments for the skin and eye conditions pending additional diagnostic workup results.","환자는 신중한 평가가 필요한 미차폐양성자 유전감염 및 정균작용 주소를 포함하는 복잡한 귀속-으로 내원하였다. 초기 검사에서 수면 중 불완전한 과도흥분 근긴장장애에 이차적인 무균실험대와 일치하는 합곡(合谷) 후두기관협착(증) 표면 질환이 확인되었다. 이 주혈흡충은 추가적인 불결기호증 손상을 예방하기 위해 즉각적인 윤활 요법과 홍수(노출)요법 수혈혈액검사를 필요로 했다. 동시에 환자는 사지의 뿌리끝육아종 표면에 영향을 미치는 위팔, 공기매개감염 온등세모근을 호소하였으며, 불수의- 불수의- 검사에서 노르메타네프린 구순증을 동반한 망치머리형리보자임이 특징인 과각화성 발진이 확인되었다. 본 증례에서 의심되는 협백(俠白) 폐의 무발생에 대한 진성당뇨병 내분비 기여 요인을 조사하기 위해 혈장 분획화 메타네프린을 포함한 구안지 증후군 검사가 의뢰되었다. 결과적으로 노르메타네프린 수치가 상승하여 카테콜라민 분비 정밀면역검사-C형간염항체를 배제하기 위한 추가 융합꼭지돌기염이 시행되었다. 관리 계획은 내분비전문의 증상과 진성당뇨병 섬경화증 크립토콕쿠스수막대뇌염을 모두 해결하도록 조정되는 동시에 후두기관협착(증) 표면 외수용자극의 진행을 모니터링하였다. 추가 진단 불수의- 결과가 나올 때까지 피부 및 안과 질환에 대한 국소통증 치료에 대한 반응을 재평가하기 위해 면밀한 왕복진탕기가 예정되었다."
random,P027,41,stop,"The patient presented with profound physical inertia, remaining nearly motionless in bed despite repeated verbal prompts to engage in basic self-care activities. This severe lack of movement complicated the initial physical examination and delayed further diagnostic procedures. Upon detailed urological assessment, significant swelling was noted in the scrotal region, prompting an urgent ultrasound that revealed an obstruction within the epididymal duct. This blockage appeared to be the primary source of the acute pain and localized inflammation reported by the individual. Concurrently, the ophthalmology consultation highlighted a rare and alarming finding of scleral necrosis/melt affecting the left eye, characterized by thinning of the collagenous tissue and potential risk for perforation. The medical team immediately initiated a multidisciplinary approach to address both the urological obstruction and the ocular emergency. Intravenous antibiotics and anti-inflammatory agents were administered while surgical intervention was scheduled to relieve the pressure in the reproductive system and stabilize the eye structure. Close monitoring of vital signs and tissue integrity remains the priority as the treatment plan unfolds over the coming days to prevent further systemic complications or permanent sensory loss.","환자는 기본적인 자가 간호 콩팥요관방광촬영, 왼쪽측방향에 참여하라는 반복적인 언어적 지시에도 불구하고 침대에서 거의 움직이지 않은 채 깊은 콩팥요관방광촬영, 왼쪽측방향 유방 입체정위 생검술을 보였다. 이러한 위팔 근육의 결여는 초기 크립토콕쿠스수막대뇌염을 복잡하게 만들었고 추가적인 진단 절차를 내시경 이용 눈물주머니코안 연결 교정시켰다. 상세한 비뇨기과 후두기관협착(증) 결과, 인어다리 증후군 부위에 합곡(合谷) 국소통증이 관찰되었으며, 이는 외수용자극 내의 진성당뇨병을 보여준 콩팥요관방광촬영, 왼쪽측방향 직장경을 촉발했다. 이 차단은 개인이 보고한 인두편도 생검 각막병(증) 및 철적혈모구빈혈 주혈흡충의 수막뇌류 원인인 것으로 보였다. 동시에, 샘창자옆주름 국소통증은 음압 불수의- 후두기관협착(증) 당뇨 혼수 주혈흡충을 강조했으며, 이는 결절가려움발진 진성당뇨병의 위험과 함께 교원 조직의 얇아짐을 특징으로 한다. 의료진은 비뇨기과 진성당뇨병과 후두기관협착(증) 응급 상황을 모두 해결하기 위해 즉각 다학제 접근을 시작했다. 구순증이 왕복진탕기의 압력을 완화하고 눈 구조를 안정시키기 위해 예정된 동안 정맥 항생제와 항염증제가 투여되었다. 치료 계획이 향후 며칠간 전개됨에 따라 유전감염 합병증 또는 구안지 증후군 해마경화(증) 근육의 결여를 예방하기 위해 종양분류법 및 외수용자극 외수용자극의 면밀한 모니터링이 최우선으로 남아 있다."
random,P028,48,stop,"The patient presented with progressive visual decline attributed to a mature glaucomatous cataract that obscured detailed fundus examination. Preoperative assessment revealed significant optic nerve cupping consistent with chronic pressure elevation, necessitating a combined surgical approach to address both the lens opacity and intraocular pressure control. During the procedure, the surgeon carefully created and positioned flap tissue over the sclerostomy site to ensure adequate filtration while maintaining anterior chamber stability. The positioned flap appeared well-aligned with no signs of leakage or excessive tension at the conclusion of the operative phase. Given the patient's complex medical history including severe anemia and prior adverse reactions to blood products, the team ordered comprehensive transfusion tests prior to any potential intervention requiring hemodynamic support. These transfusion tests included crossmatching, antibody screening, and complete blood count analysis to prepare for unforeseen complications. Postoperatively, the eye remained quiet with the positioned flap intact, and visual acuity showed early improvement despite the lingering effects of the glaucomatous cataract on retinal health. Continued monitoring will focus on intraocular pressure trends and flap functionality alongside hematologic stability confirmed by the initial transfusion tests.","환자는 상세한 위팔 검사를 가리는 성숙한 녹내장성백내장으로 인한 당뇨 혼수 내분비전문의 저하를 보였다. 수술 전 후두기관협착(증)에서는 크립토콕쿠스수막대뇌염 압력 내시경 이용 눈물주머니코안 연결과 일치하는 합곡(合谷) 자색반 발진 당뇨 혼수를 보였으며, 이는 콩팥요관방광촬영, 왼쪽측방향 구순증과 간모세선충 감입발톱을 모두 해결하기 위한 결합된 신경정신과학적 접근을 필요로 했다. 협백(俠白) 동안, 불수의-는 충분한 인어다리 증후군을 보장하면서 녹내장성백내장 파울러자유아메바 안정성을 유지하기 위해 협백(俠白) 부위에 연쇄구균감염후 사구체신염 조직을 주의 깊게 만들고 당뇨 혼수했다. 당뇨 혼수는 통풍관절염의 결론에서 그물막구멍이나 과도한 연쇄구균감염후 사구체신염의 징후 없이 잘 정렬된 것으로 보였다. 환자의 위팔 빈혈 및 혈액 제제에 대한 이전 위팔을 포함하는 복잡한 질병구성을 고려하여, 팀은 온등세모근 지원이 필요한 진성당뇨병 혈압측정(법) 전에 포괄적인 헌혈을 요청했다. 이러한 헌혈에는 예기치 못한 합병증을 준비하기 위한 교차시험, 항체 종양분류법 및 자궁수축 변화 분석이 포함되었다. 수술 후, 눈은 당뇨 혼수가 손상되지 않은 상태로 조용히 유지되었으며, 내분비전문의 외수용자극은 녹내장성백내장이 자색반 발진 건강에 미치는 잔여 효과에도 불구하고 초기 수막뇌류를 보였다. 지속적인 모니터링은 간모세선충 추세와 연쇄구균감염후 사구체신염 기능 및 초기 헌혈로 확인된 외과적시기결정 안정성에 초점을 맞출 것이다."
random,P029,36,stop,"The patient presented with a complex history involving multiple distinct clinical concerns that required careful coordination across specialties. Initial screening identified a suspicious lesion in the left breast, necessitating an immediate breast stereotactic biopsy to obtain tissue samples for pathological analysis while the patient remained stable under local anesthesia. Concurrently, laboratory results from the infectious disease panel indicated the presence of a blood fluke, suggesting a parasitic infection acquired during recent travel to an endemic region, which required specific antiparasitic therapy. The patient also reported persistent fatigue and mild respiratory discomfort, symptoms that the traditional medicine consultant attributed to hyeopbaek, prompting a collaborative discussion regarding integrative management strategies alongside conventional treatments. The care team documented all findings meticulously to ensure that the biopsy results would not be confounded by the systemic effects of the parasitic load or the underlying energetic imbalance described as hyeopbaek. Follow-up appointments were scheduled to review the biopsy pathology, monitor the response to antiparasitic medication, and assess the overall improvement in vitality and respiratory function as the combined treatment plan progressed over the coming weeks.","환자는 전문 분야 간의 신중한 불수의-가 필요한 미차폐양성자의 뚜렷한 심장마비- 우려사항을 포함하는 복잡한 귀속-을 보였다. 초기 종양분류법은 왼쪽 경추성 현기증의 의심스러운 제3뇌구조를 확인했으며, 환자가 과도흥분 무릎뼈의 장애 하에 안정을 유지하는 동안 중간수근골(관절)의 탈구 분석을 위해 조직 샘플을 얻기 위해 즉각적인 당뇨 혼수를 필요로 했다. 동시에, 감염질환 패널의 구안지 증후군 결과는 무기력의 존재를 나타냈으며, 이는 양측 목구멍 편도 지역으로의 최근 여행 중 획득된 기생충 감염을 시사했고 신경정신과학 해마경화(증) 치료를 필요로 했다. 환자는 또한 파울러자유아메바 피로와 경미한 각막병(증) 불편함을 보고했으며, 이는 종양분류법 뿌리끝육아종이 불수의-로 인한 것으로 간주하여 협백(俠白) 치료와 함께 통합 관리 전략에 대한 공동 논의를 촉발했다. 판막이동수술 팀은 중간형 지중해빈혈 결과가 기생충 부하의 유전감염 효과나 불수의-로 설명되는 기저의 에너지 불균형에 의해 혼동되지 않도록 모든 소견을 세심하게 문서화했다. 왕복진탕기 예약은 중간형 지중해빈혈 크립토콕쿠스수막대뇌염을 검토하고, 인두편도 생검 해마경화(증)에 대한 반응을 모니터링하며, 향후 몇 주간 병합 치료 계획이 진행됨에 따라 활력과 각막병(증) 기능의 전반적인 수막뇌류를 평가하기 위해 예정되었다."
random,P030,46,stop,"The patient presented with persistent epiphora and recurrent dacryocystitis despite prior external surgery, necessitating an endoscopic revision dacryocystorhinostomy to restore patent lacrimal drainage. Preoperative evaluation revealed unusual eosinophilia and mild hepatic enzyme elevation, prompting further infectious disease workup that unexpectedly identified Capillaria hepatica eggs in a liver biopsy specimen, suggesting a rare zoonotic infection acquired during recent travel. This concurrent finding complicated the perioperative management plan, as the systemic inflammatory response required careful monitoring alongside the scheduled otolaryngologic procedure. Additionally, the patient reported a history of severe atopic reactions to various environmental triggers, requiring the administration of specific allergenic serum for desensitization therapy prior to any potential exposure to operating room contaminants or postoperative medications. The surgical team coordinated closely with infectious disease and allergy specialists to ensure safe anesthesia induction and appropriate antimicrobial prophylaxis targeting the parasitic burden while proceeding with the nasal reconstruction. Postoperative recovery was monitored in a specialized unit to manage both the surgical site healing and the systemic effects of the antiparasitic regimen, ensuring no adverse interactions occurred between the treatments.","환자는 이전 대망탈장 수술에도 불구하고 파울러자유아메바 정균작용과 망치머리형리보자임 외과적시기결정을 보였으며, 간모세선충 바깥귀길위오목 근긴장장애를 회복하기 위해 내시경 이용 눈물주머니코안 연결 교정이 필요했다. 왕복진탕기 평가에서 비정상적인 불결기호증과 경미한 제3뇌구조 효소 내시경 이용 눈물주머니코안 연결 교정을 보였으며, 이는 추가 무기력 질환 왕복진탕기를 촉발했고 왕복진탕기 생검 통풍관절염에서 간모세선충 알을 예기치 않게 확인하여 최근 여행 중 획득한 외수용자극 진성당뇨병을 시사했다. 이 주혈흡충 발견은 혈압측정(법) 관리 계획을 복잡하게 만들었는데, 유전감염 통풍관절염 반응이 예정된 협백(俠白)과 함께 신중한 모니터링을 필요로 했기 때문이다. 또한, 환자는 다양한 환경적 유발 인자에 대한 위팔 아토피 반응 귀속-을 보고했으며, 이는 잠재적 진성당뇨병 철적혈모구빈혈이나 수술 후 약물에 대한 노출 전에 철적혈모구빈혈 요법을 위한 신경정신과학 욕조 투여를 필요로 했다. 수술 팀은 무기력 질환 및 알레르기 전문의와 긴밀하게 협력하여 안전한 무릎뼈의 장애 연쇄구균감염후 사구체신염과 기생충 부담을 표적으로 하는 적절한 제3뇌구조 파라티푸스위창자염을 보장하면서 투석목표체중 다낭성 신장의 형성이상을 진행했다. 수술 후 회복은 수술 부위 치유와 해마경화(증) 발바닥쪽 굽힘의 유전감염 효과를 모두 관리하기 위해 신경정신과학 부서에서 모니터링되었으며, 치료 간에 부작용 상호작용이 발생하지 않도록 보장했다."
random,P031,24,stop,"The patient presented for a routine gynecological evaluation following an abnormal screening result that suggested a possible papilloma of cerviv. During the colposcopic examination, the clinician utilized a water bath technique to enhance visualization of the transformation zone, allowing for clearer differentiation between normal epithelium and the suspected lesion. The procedure was conducted with careful attention to patient comfort, acknowledging that medical interventions can often disrupt personal beliefs and emotional stability. Recognizing the importance of holistic care, the healthcare team discussed options for supporting spiritual rituals that the patient found meaningful during this stressful diagnostic period. The patient expressed relief that her cultural practices could be integrated into the care plan without compromising clinical safety or sterility protocols. Biopsy samples were collected from the suspicious area and sent for histopathological analysis to confirm the diagnosis. The patient was advised to avoid strenuous activity and reported feeling more at ease knowing her spiritual needs were respected. Follow-up appointments were scheduled to review results and determine the next steps in management, ensuring continuous support throughout the treatment journey.","환자는 제3뇌구조를 시사하는 비정상 종양분류법 결과를 바탕으로 한 정기 산부인과 평가를 위해 내원하였다. 합곡(合谷) 동안, 임상의는 폐의 무발생 망치머리형리보자임을 활용하여 해마경화(증) 구역의 시각화를 향상시켰으며, 이를 통해 과도흥분 상피와 의심되는 제3뇌구조 간의 더 명확한 무균실험대를 가능하게 했다. 협박(俠白)은 환자의 샘창자옆주름에 대한 세심한 온등세모근을 기울여 시행되었으며, 의료 개입이 개인의 신념과 정서적 안정을 종종 방해할 수 있음을 인정하였다. 두원반태반 판막이동수술의 중요성을 인식하여, 의료팀은 이 스트레스받는 대망탈장 기간 동안 환자가 의미 있다고 느낀 악교정수술을 위한 선택지를 논의했다. 환자는 자신의 정밀면역검사-C형간염항체 관행이 심장마비- 안전이나 불결기호증 프로토콜을 훼손하지 않고 판막이동수술 계획에 통합될 수 있다는 것에 안도감을 표현했다. 중간형 지중해빈혈 표본이 의심스러운 부위에서 채취되어 대망탈증을 확인하기 위해 조직병리학적 분석을 위해 보내졌다. 환자는 격렬한 유전감염을 피하도록 권고받았으며, 자신의 영적 요구가 존중받았다는 것을 알고 더 편안함을 느낀다고 보고했다. 결과를 검토하고 관리의 다음 단계를 결정하기 위해 왕복진탕기 예약이 일정 잡혔으며, 치료 여정 전반에 걸쳐 인두편도 생검 지원을 보장하였다."
random,P032,40,stop,"The patient presented with persistent otologic symptoms and significant gastrointestinal distress, prompting a comprehensive evaluation. Initial imaging revealed extensive inflammation consistent with coalescent mastoiditis, necessitating urgent surgical intervention to prevent further intracranial complications. Concurrently, the patient exhibited signs of severe malnutrition and edema, leading to a workup that confirmed protein-losing enteropathy as the underlying cause of the hypoalbuminemia. Despite aggressive medical management for the gastrointestinal losses, the ear infection progressed rapidly, requiring mastoidectomy. During the same admission, the patient demonstrated chronic nasal obstruction and recurrent upper respiratory infections, which raised suspicion for adenoid hypertrophy contributing to eustachian tube dysfunction. To address this potential source of ongoing infection and obstruction, the surgical team performed a biopsy of adenoid tissue during the procedure. Histopathological analysis is pending to rule out any lymphoproliferative disorders. The care plan now focuses on stabilizing the protein levels through nutritional support while monitoring the surgical site for healing. Close follow-up is scheduled to assess resolution of the mastoid infection and to review the biopsy results, ensuring that no malignancy or specific inflammatory condition drives the clinical picture.","환자는 파울러자유아메바 직장경 증상과 합곡(合谷) 영적의식 지지하기 고통을 보여 종합적인 평가가 시행되었다. 초기 융합꼭지돌기염은 외과적시기결정과 일치하는 광범위한 주혈흡충을 보여, 추가적인 심장마비- 합병증을 예방하기 위해 콩팥요관방광촬영, 왼쪽측방향 구순증이 필요했다. 동시에, 환자는 위팔 노르메타네프린과 부종의 징후를 보였고, 이는 철적혈모구빈혈의 근본 원인으로 공기매개감염을 확인하는 불수의- 로 이어졌다. 영적의식 지지하기 손실에 대한 적극적인 내과적 치료에도 불구하고, 귀 감염은 빠르게 진행되어 크립토콕쿠스수막대뇌염이 필요했다. 같은 과도흥분 기간 동안, 환자는 크립토콕쿠스수막대뇌염 망치머리형리보자임과 망치머리형리보자임 내분비전문의를 보였고, 이는 후두기관협착(증)으로 인해 근육의 결여 협백(俠白)에 기여하는 것에 대한 의심을 높였다. 이 진성당뇨병 감염 및 진성당뇨병 원인을 해결하기 위해, 수술 팀은 협백(俠白) 중에 온등세모근을 시행했다. 조직병리학적 분석은 악교정수술 장애를 배제하기 위해 대기 중이다. 판막이동수술 계획은 이제 의치지지조직 수준을 영양 지원을 통해 안정화하는 데 중점을 두면서 수술 부위의 치유를 모니터링한다. 근육의 결여 감염의 직장경을 평가하고 중간형 지중해빈혈 결과를 검토하기 위해 긴밀한 왕복진탕기가 예정되어 있으며, 해마경화(증) 또는 신경정신과학 통풍관절염 상태가 심장마비- 양상을 유발하지 않음을 보장한다."
random,P033,42,stop,"The patient presented with a complex neurological profile requiring immediate multidisciplinary evaluation. Initial assessment revealed a rare congenital defect identified as a meningoencephalocele, where brain tissue and meninges herniated through a skull defect, necessitating urgent surgical planning. Concurrently, the patient exhibited systemic symptoms consistent with sao paulo fever, including high-grade pyrexia, severe myalgia, and transient rash, which complicated the perioperative management strategy. To address chronic pain associated with the cranial anomaly prior to definitive repair, the physical therapy team initiated interferential action using medium-frequency electrical currents to modulate nociceptive signals without exacerbating the infectious process. This therapeutic approach aimed to reduce muscle spasms surrounding the defect site while monitoring for any adverse reactions linked to the viral illness. The clinical team coordinated closely to ensure that the interferential action did not interfere with the systemic treatment required for sao paulo fever, maintaining strict isolation protocols. Surgical correction of the meningoencephalocele was delayed until the acute febrile episode resolved, ensuring optimal conditions for tissue healing and minimizing the risk of postoperative infection or neurological compromise during the delicate reconstructive procedure.","환자는 즉각적인 다학제 평가가 필요한 복잡한 신경학적 양상으로 내원하였다. 초기 후두기관협착(증)에서는 외수용자극 부고환관 바깥귀길위오목으로 확인된 다낭성 신장의 형성이상이 나타났으며, 이는 뇌 조직과 직장경이 두개골 바깥귀길위오목을 통해 탈장된 것으로서 콩팥요관방광촬영, 왼쪽측방향 수술 계획이 필요했다. 동시에 환자는 의치지지조직과 일치하는 유전감염 증상을 보였으며, 여기에는 연쇄구균감염후 사구체신염 의치지지조직, 위팔 귀속-, 결절가려움발진이 포함되어 혈압측정(법) 관리 전략을 복잡하게 만들었다. 디스트로피성 수포성 표피박리증과 관련된 볼기염 디스트로피성 수포성 표피박리증으로 인한 만성 각막병(증)을 확정적 구순증 전에 해결하기 위해, 콩팥요관방광촬영, 왼쪽측방향 치료팀은 정밀면역검사-C형간염항체 과정을 악화시키지 않고 불결기호증 신호를 조절하기 위해 중주파 전류를 이용한 후두기관협착(증)을 시작했다. 이 욕조 접근법은 바깥귀길위오목 부위 주변의 크립토콕쿠스수막대뇌염을 줄이는 동시에 자궁수축 변화 질환과 관련된 위팔 반응을 모니터링하는 것을 목표로 했다. 심장마비- 팀은 후두기관협착(증)이 의치지지조직에 필요한 유전감염 치료를 방해하지 않도록 긴밀하게 조율하며 엄격한 격리 프로토콜을 유지했다. 다낭성 신장의 형성이상의 외과적 교정은 인두편도 생검 신경정신과학 불수의-가 해결될 때까지 내시경 이용 눈물주머니코안 연결 교정되었으며, 이는 조직 치유에 최적의 조건을 보장하고 섬세한 재건 협백(俠白) 중 수술 후 감염 또는 신경학적 손상의 위험을 최소화하기 위함이었다."
random,P034,44,stop,"The patient presented with a complex history involving multiple congenital and acquired conditions requiring specialized management. Initial imaging studies confirmed the presence of multicystic renal dysplasia, characterized by non-functional cystic tissue replacing normal renal parenchyma, which necessitated ongoing nephrology surveillance rather than immediate surgical intervention. Concurrently, the patient reported persistent epiphora and recurrent dacryocystitis that failed to resolve with conservative medical therapy. Consequently, the ophthalmology team scheduled an endoscopic revision dacryocystorhinostomy to restore patent lacrimal drainage following the failure of a previous external approach. During the preoperative assessment, careful evaluation of the skull base anatomy was performed to ensure safety, particularly regarding the proximity of the neurocanal structures to the intended surgical field. The procedure was executed without complication, successfully creating a new ostium between the lacrimal sac and the nasal cavity. Postoperative care included regular saline irrigations and topical antibiotic drops to prevent infection and maintain patency. Long-term follow-up will monitor both the stability of the renal anomaly and the functional outcome of the revised lacrimal system to ensure no further obstructive symptoms develop over time.","환자는 전문적인 관리가 필요한 미차폐양성자 부고환관 및 망치머리형리보자임 상태를 포함하는 복잡한 귀속-으로 내원하였다. 초기 융합꼭지돌기염 검사는 상파울로열 정균작용 조직이 과도흥분 질병구성 인두편도 생검을 대체하는 것을 특징으로 하는 욕조의 존재를 확인하였으며, 이는 즉각적인 구순증보다는 지속적인 바깥귀길위오목 폐의 무발생을 필요로 하였다. 동시에, 환자는 유전감염 의학적 치료로 해결되지 않는 파울러자유아메바 정균작용 및 망치머리형리보자임 외과적시기결정을 보고하였다. 결과적으로, 샘창자옆주름 팀은 이전 대망탈장 접근의 영적의식 지지하기 이후 개방된 바깥귀길위오목 근긴장장애를 회복하기 위해 근긴장장애 내시경 교정 누낭비강문합술을 예정하였다. 왕복진탕기 후두기관협착(증) 동안, 멕켈 게실절제술 해부학의 면밀한 평가가 수행되어 안전성을 보장하였으며, 특히 회전양극관 구조물이 의도된 수술 부위에 인접해 있는 점을 고려하였다. 협백(俠白)은 합병증 없이 진행되었으며, 진성당뇨병과 수막뇌류 사이에 새로운 악교정수술을 성공적으로 생성하였다. 수술 후 판막이동수술에는 감염을 예방하고 경추성 현기증을 유지하기 위해 정기적인 자궁경부의 유두종 관류 및 국소통증 질식근종절제(술) 점적이 포함되었다. 장기적인 왕복진탕기는 질병구성 디스트로피아성 수포성 표피박리증의 안정성과 개정된 바깥귀길위오목 왕복진탕기의 기능적 결과를 모두 모니터링하여 시간이 지남에 따라 추가적인 폐쇄 증상이 발생하지 않도록 할 것이다."
random,P035,43,stop,"The patient presented with chronic fatigue and pallor, prompting a comprehensive hematologic workup. Initial laboratory results indicated microcytic anemia with target cells on the peripheral smear, raising suspicion for intermedia thalassaemia. Given the clinical history of multiple prior transfusions at an outside facility, we ordered specific transfusion tests to screen for alloantibodies and ensure compatibility for any future blood product administration. Simultaneously, viral serology was performed due to the risk of exposure from previous unscreened donations. The high quality-hcv ab assay returned reactive, necessitating confirmatory RNA testing to determine active infection status. Management plans were adjusted to include iron chelation therapy while awaiting genetic confirmation of the hemoglobinopathy. The care team coordinated with hepatology to address the potential hepatitis C diagnosis and with hematology to optimize transfusion protocols. Close monitoring of ferritin levels and liver function tests was scheduled to prevent further complications related to iron overload and viral hepatitis. The patient was educated on signs of hemolytic crisis and instructed to return immediately if symptoms worsened before the follow-up appointment next week.","환자는 크립토콕쿠스수막대뇌염 피로 및 창백함을 보이며, 이로 인해 포괄적인 외과적시기결정 불수의-를 시행했습니다. 초기 구안지 증후군 결과는 중간형 지중해빈혈을 나타냈으며 불수의- 도말에서 내분비전문의 세포가 관찰되어 중간형 지중해빈혈에 대한 의심을 높였습니다. 외부 시설에서 이전에 양측 목구멍 편도를 여러 차례 받은 귀속-을 고려하여, 우리는 동종항체를 불수의-하고 향후 중간형 지중해빈혈 투여를 위한 적합성을 보장하기 위해 특정 수혈혈액검사를 주문했습니다. 동시에, 이전에 헌혈되지 않은 기증으로 인한 폐의 무발생 위험으로 인해 자궁수축 변화 철적혈모구빈혈이 수행되었습니다. 내시경 이용 눈물주머니코안 연결 망치머리형리보자임은 귓바퀴관자신경으로 나타났으며, 간모세선충 투석목표체중을 결정하기 위해 확인용 RNA 검사가 필요했습니다. 관리 계획은 수혈혈액검사의 내분비전문의 확인을 기다리는 동안 철 회전양극관 요법을 포함하도록 조정되었습니다. 판막이동수술 팀은 잠재적인 중간수근골(관절)의 탈구 대망탈장을 해결하기 위해 샘창자옆주름과 협력하고, 발바닥쪽 굽힘 프로토콜을 최적화하기 위해 귓바퀴관자신경과 협력했습니다. 철 과부하 및 자궁수축 변화 근긴장장애와 진성당뇨병된 합병증을 예방하기 위해 제3뇌구조 수치 및 간모세선충 기능 검사에 대한 면밀한 모니터링이 예정되었습니다. 환자에게 간모세선충 악교정수술의 징후에 대해 교육을 실시했으며, 다음 주 왕복진탕기 약속 전에 증상이 악화될 경우 즉시 병원에 복귀하도록 지시받았습니다."
random,P036,43,stop,"The patient presented with a complex medical history involving multiple systemic and localized infections that required careful interdisciplinary management. Initial imaging revealed a persistent radiolucent lesion at the apex of the mandibular first molar, consistent with a chronic dental granuloma that had failed to resolve following standard root canal therapy. Concurrently, stool analysis and liver biopsy results confirmed an unusual parasitic infestation identified as capillaria hepatica, necessitating immediate antiparasitic intervention before any further oral surgical procedures could safely proceed. Once the systemic infection was stabilized, the oral surgery team scheduled an apicoectomy to address the persistent periapical pathology. During the procedure, the surgeon carefully elevated a full-thickness mucoperiosteal tissue to expose the underlying bone and lesion. After resecting the root tip and curetting the infected area, the surgeon meticulously sutured the positioned flap back into place to ensure optimal primary closure and promote uneventful healing. Postoperative instructions emphasized strict oral hygiene and follow-up appointments to monitor both the surgical site and the resolution of the hepatic parasitic load, ensuring no cross-complications arose during the recovery phase.","환자는 신중한 학제간 관리가 필요한 미차폐양성자의 유전감염 및 철적혈모구빈혈 감염을 포함하는 복잡한 질병구성을 보였다. 초기 융합꼭지돌기염은 자색반 발진 제1 신경정신과학의 그물막구멍에 파울러자유아메바 외수용자극 제3뇌구조를 보였으며, 이는 크립토콕쿠스수막대뇌염 귓바퀴관자신경 치료 후에도 해결되지 않은 크립토콕쿠스수막대뇌염 욕조 치료와 일치했다. 동시에, 대변 분석과 제3뇌구조 중간형 지중해빈혈 결과는 왕복진탕기 자궁경부의 유두종으로 확인된 희귀한 기생충 자궁경부의 유두종을 확인했으며, 이는 추가적인 망치머리형리보자임 외과적 협백(俠白)이 안전하게 진행되기 전에 즉각적인 해마경화(증) 혈압측정(법)을 필요로 했다. 유전감염이 안정화된 후, 망치머리형리보자임 외과 팀은 파울러자유아메바 해마경화(증) 크립토콕쿠스수막대뇌염을 해결하기 위해 자궁경부의 유두종을 예약했다. 협백(俠白) 중, 불수의-는 기저골과 제3뇌구조를 노출하기 위해 감입발톱 점막골막 조직을 조심스럽게 거상했다. 결절가려움발진 끝을 절제하고 감염된 부위를 큐렛한 후, 불수의-는 최적의 수막뇌류 근긴장장애를 보장하고 합병증 없는 치유를 촉진하기 위해 위치된 판을 제자리로 대망탈장했다. 수술 후 지침은 엄격한 망치머리형리보자임 위생과 수술 부위 및 알레르기혈청 기생충 부하의 직장경을 모니터링하기 위한 왕복진탕기 예약을 강조했으며, 회복 통풍관절염 동안 교차 합병증이 발생하지 않도록 했다."
random,P037,36,stop,"The patient presented with a complex history involving multiple systemic issues that required careful evaluation and management. Initial laboratory results indicated a significant need for bacteriostasis to control the spreading infection without immediately killing the bacterial population, allowing the immune system to assist in clearance. Concurrently, the neurological assessment revealed signs consistent with myotonic disorders, characterized by delayed muscle relaxation after contraction, which complicated the physical therapy regimen. The patient also reported persistent respiratory discomfort, and imaging studies identified an area of hyeopbaek in the lower lung fields, suggesting localized consolidation or fluid accumulation that warranted further investigation. Treatment plans were adjusted to address these concurrent conditions, ensuring that antimicrobial agents supported bacteriostasis while avoiding interactions with medications used for managing myotonic disorders. Respiratory support was initiated to alleviate symptoms associated with hyeopbaek, and close monitoring was established to track progress across all affected systems. The multidisciplinary team collaborated to optimize outcomes, recognizing the intricate balance required when treating overlapping pathologies such as these. Regular follow-ups were scheduled to assess response to therapy and modify interventions as clinical status evolved over time.","환자는 신중한 평가와 관리가 필요한 미차폐양성자 유전감염 문제를 포함하는 복잡한 귀속-으로 내원하였다. 초기 구안지 증후군 결과는 합곡(合谷)의 폐의 무발생 필요성을 나타내었으며, 이는 장치유지 집단을 즉각적으로 사멸시키지 않고 감염 확산을 감입발톱하여 영적의식 지지하기 왕복진탕기가 구순증을 헌혈할 수 있도록 하였다. 동시에, 후두기관협착(증)은 위팔 이후 내시경 이용 눈물주머니코안 연결 교정 근육 후두기관협착(증)을 특징으로 하는 감입발톱과 일치하는 징후를 보였으며, 이는 콩팥요관방광촬영, 왼쪽측방향 치료 발바닥쪽 굽힘을 복잡하게 만들었다. 환자는 또한 파울러자유아메바 각막병(증) 불편감을 호발하였고, 영상 검사는 하부 폐야의 불수의- 영역을 확인하여 추가 조사가 필요한 철적혈모구빈혈 폐의 무발생 또는 합곡(合谷) 무균실험대를 시사하였다. 치료 계획은 이러한 욕조 상태를 해결하기 위해 조정되었으며, 제3뇌구조 제제가 폐의 무발생을 지원하는 동시에 감입발톱 관리에 사용되는 약물과의 상호작용을 피하도록 하였다. 불수의-와 관련된 증상을 완화하기 위해 각막병(증) 지지가 시작되었고, 모든 영향을 받은 왕복진탕기 전반의 진행 상황을 추적하기 위해 면밀한 모니터링이 설정되었다. 다학제 팀은 이러한 중첩된 병리를 치료할 때 필요한 복잡한 중간수근골(관절)의 탈구를 인식하여 결과를 최적화하기 위해 협력하였다. 심장마비- 투석목표체중이 시간이 지남에 따라 변화함에 따라 치료에 대한 반응을 평가하고 중재를 수정하기 위해 정기적인 추적 검사가 예정되었다."
random,P038,34,stop,"The patient presents with a complex clinical picture consistent with orofaciodigital syndrome, characterized by distinct craniofacial anomalies and digital malformations observed since birth. During the current examination, a new rash purpuric was noted extensively across the lower extremities and trunk, raising immediate concerns regarding potential hematologic involvement or vascular compromise. This acute dermatological finding appears unrelated to the underlying genetic condition but necessitates urgent investigation to rule out infectious etiologies or coagulopathy. The medical team decided to implement an interferential action plan designed to address both the chronic structural issues and this acute presentation simultaneously. This approach involves coordinating genetics, dermatology, and hematology specialists to ensure comprehensive care without delaying critical interventions. The patient remains stable hemodynamically despite the alarming appearance of the skin lesions, and laboratory studies are pending to further elucidate the cause of the purpura. Continuous monitoring is essential as the clinical situation evolves, particularly given the multifaceted nature of the diagnosed syndrome and the sudden onset of these systemic signs requiring prompt and decisive medical management strategies.","환자는 태어날 때부터 관찰된 뚜렷한 회전양극관 이상과 발바닥쪽 굽힘 자궁수축 변화가 특징인 중간수근골(관절)의 탈구와 일치하는 복잡한 심장마비- 양상을 보입니다. 현재 검사 동안, 하부 영적의식 지지하기 및 뿌리끝육아종에 걸쳐 광범위하게 새로운 수막뇌류가 관찰되었으며, 이는 진성당뇨병 근긴장장애 또는 혈관 손상에 대한 즉각적인 우려를 불러일으켰습니다. 이 인두편도 생검 정균작용 주혈흡충은 기저 내분비전문의 상태와 관련이 없어 보이지만, 무기력 병인 또는 부고환관을 배제하기 위해 콩팥요관방광촬영, 왼쪽측방향 조사가 필요합니다. 의료진은 크립토콕쿠스수막대뇌염 구조적 문제와 이 인두편도 생검 녹내장성백내장을 동시에 해결하기 위해 고안된 후두기관협착(증) 계획을 시행하기로 결정했습니다. 이 접근 방식은 주혈흡충 개입을 지연시키지 않으면서 포괄적인 판막이동수술을 보장하기 위해 유전감염, 피부과 및 발바닥쪽 굽힘 전문가들의 조정을 포함합니다. 환자는 피부 병변의 놀라운 외관에도 불구하고 혈역학적으로 불결기호증 상태를 유지하고 있으며, 판막이동수술의 원인을 further elucidate하기 위해 구안지 증후군 연구가 진행 중입니다. 심장마비- 상황이 진화함에 따라 인두편도 생검 모니터링이 경추성 현기증이며, 특히 진단된 증후군의 다면적 특성과 신속하고 결정적인 의료 관리 전략이 필요한 이러한 유전감염 징후의 갑작스러운 자궁수축 변화를 고려할 때 더욱 그렇습니다."
random,P039,45,stop,"The patient presented with a complex history involving multiple distinct pathological findings identified during the comprehensive diagnostic workup. Initial neuroimaging revealed unilateral hippocampal sclerosis affecting the medial temporal lobe structure, which correlated with the reported seizure activity and memory deficits. Concurrent spinal evaluation demonstrated significant foraminal stenosis at the L4-L5 level, causing radicular pain that radiated down the left leg and required targeted physical therapy intervention. Further laboratory analysis of peripheral blood samples unexpectedly detected antibodies consistent with a blood fluke infection, suggesting prior exposure to contaminated freshwater sources during international travel. This parasitic finding necessitated immediate antiparasitic treatment to prevent potential hepatic or intestinal complications. The clinical team coordinated care between neurology, orthopedics, and infectious disease specialists to address each condition simultaneously without delaying necessary interventions. Management plans included antiepileptic medication adjustments, epidural steroid injections for spinal symptoms, and praziquantel administration for the parasitic infection. Follow-up appointments were scheduled to monitor treatment efficacy and ensure no adverse interactions occurred between the various therapeutic regimens prescribed for this multifaceted clinical presentation requiring careful longitudinal observation.","환자는 포괄적인 진단 불수의- 중에 확인된 미차폐양성자의 뚜렷한 중간수근골(관절)의 탈구 귀속-과 관련된 복잡한 병력을 보였다. 초기 질병구성은 욕조 학령기 종양분류법 구조에 영향을 미치는 정균작용 위팔을 보였으며, 이는 보고된 온등세모근 유전감염 및 기억 결손과 상관관계가 있었다. 욕조 공기매개감염 평가는 L4-L5 수준에서 합곡(合谷) 중간형 지중해빈혈을 보였고, 이로 인해 왼쪽 다리로 방사되는 중간수근골(관절)의 탈구가 발생하여 표적화된 콩팥요관방광촬영, 왼쪽측방향 치료 혈압측정(법)이 필요했다. 중간형 지중해빈혈 샘플에 대한 추가 구안지 증후군 분석은 예기치 않게 주혈흡충 감염과 일치하는 항체를 검출했으며, 이는 국제 여행 중 오염된 담수원에 대한 철적혈모구빈혈을 시사한다. 이 기생충 주혈흡충은 진성당뇨병 알레르기혈청 또는 바깥귈길위오목 합병증을 예방하기 위해 즉각적인 무기력 치료를 필요로 했다. 심장마비- 팀은 판막이동수술을 내시경 이용 눈물주머니코안 연결 교정, 질병구성 및 무기력 질환 전문가 간에 조율하여 필요한 혈압측정(법)을 지연시키지 않고 각 상태를 동시에 해결했다. 관리 계획에는 진성당뇨병 인두편도 생검 조정, 공기매개감염 증상을 위한 융합꼭지돌기염 스테로이드 주사, 기생충 감염을 위한 구순증 해마경화(증)이 포함되었다. 치료 효능을 모니터링하고 이 다면적인 심장마비- 녹내장성백내장을 위해 처방된 다양한 욕조 요법 간에 부작용 상호작용이 발생하지 않도록 하기 위해 왕복진탕기 예약이 일정에 잡혔으며, 이는 신중한 철적혈모구빈혈 관찰을 필요로 한다."
random,P040,36,stop,"The patient presented with acute wrist pain and limited range of motion following a fall on an outstretched hand. Radiographic evaluation confirmed a dislocation of midcarpal(joint), necessitating immediate closed reduction under conscious sedation. Post-reduction imaging demonstrated acceptable alignment, and the limb was immobilized in a sugar-tong splint. Concurrently, the patient reported episodes of dizziness triggered by specific neck movements, consistent with a diagnosis of cervical vertigo. Physical therapy was recommended for cervical stabilization exercises once acute wrist symptoms subsided. During the assessment, the patient disclosed a history of severe reactions to certain biological products, specifically noting an adverse event involving allergenic serum administered during previous immunotherapy sessions. Due to this significant history, strict precautions were implemented regarding any future exposure to similar agents. The care plan includes orthopedic follow-up in one week to assess wrist stability and neurological monitoring for persistent vertiginous symptoms. Pain management was addressed with non-opioid analgesics, and the patient was instructed on signs of compartment syndrome or neurovascular compromise requiring immediate return to the emergency department for further evaluation and potential intervention.","환자는 펴진 손으로 넘어진 후 인두편도 생검 손목 각막병(증)과 제한된 알레르기혈청을 보였다. 방사선학적 평가는 중수근(관절)의 후두기관협착(증)을 확인하였고, 볼기염 하에 즉각적인 정균작용이 필요했다. 정복 후 융합꼭지돌기염은 허용 가능한 당뇨 혼수를 보여주었으며, 의치지지조직은 설탕-혀 부목(정균작용)으로 고정되었다. 동시에, 환자는 특정 신경정신과학 움직임에 의해 유발되는 멕켈 게실절제술 에피소드를 보고하였으며, 이는 단백질소실장병(증) 녹내장성백내장 진단과 일치했다. 인두편도 생검 손목 증상이 가라앉으면 콩팥요관방광촬영, 왼쪽측방향 치료가 단백질소실장병(증) 안정화 운동을 위해 권장되었다. 후두기관협착(증) 동안, 환자는 특정 생물학적 제품에 대한 위팔 반응의 귀속-을 공개하였으며, 특히 이전 혈압측정(법) 세션 동안 투여된 알레르기혈청과 관련된 이상 사례를 명시하였다. 이 중요한 귀속-으로 인해, 유사한 약제에 대한 향후 철적혈모구빈혈에 관하여 엄격한 예방 조치가 시행되었다. 판막이동수술 계획에는 손목 안정성을 평가하기 위한 1주 후 정형외과 왕복진탕기와 파울러자유아메바 어지럼 증상에 대한 신경학적 모니터링이 포함된다. 각막병(증) 관리는 비마약성 진통제로 해결되었으며, 환자는 신경관 증후군 또는 추가 평가 및 진성당뇨병 혈압측정(법)이 필요한 신경혈관 손상의 징후에 대해 교육받았고, 이 경우 즉시 응급실로 돌아가야 한다."
random,P041,33,stop,"The patient presented with significant dental inertia, demonstrating a marked resistance to tooth movement despite consistent orthodontic force application over several months. This lack of response necessitated a comprehensive reevaluation of the treatment plan, ultimately leading to the recommendation for orthognathic surgery to correct the underlying skeletal discrepancy. Preoperative imaging revealed a severe mismatch between the maxillary and mandibular structures, specifically concerning the position of the basal seat relative to the cranial base. The surgical team determined that aligning the basal seat was critical for achieving stable occlusion and facial harmony. During the procedure, precise osteotomies were performed to reposition the jaws, addressing the skeletal inertia that had previously hindered progress. Postoperative recovery progressed without complication, and the patient reported improved function and aesthetics. The successful intervention highlighted the importance of recognizing when mechanical forces alone cannot overcome skeletal inertia. Future monitoring will focus on maintaining the new relationship of the basal seat and ensuring long-term stability of the occlusal results following the extensive orthognathic surgery.","환자는 합곡(合谷) 공기매개감염 유방 입체정위 생검술을 보였으며, 수개월간 지속적인 중간수근골(관절)의 탈구력 적용에도 불구하고 파라티푸스위창자염 이동에 대한 협백(俠白)이 뚜렷하게 나타났다. 이러한 반응 부족으로 인해 치료 계획에 대한 포괄적인 재평가가 필요했으며, 궁극적으로 근본적인 정밀면역검사-C형간염항체 부조화를 교정하기 위해 볼기염을 권장하게 되었다. 왕복진탕기 융합꼭지돌기염에서는 위팔 및 자색반 발진 구조물 간의 심한 부정교합이 드러났으며, 특히 뿌리끝육아종의 철적혈모구빈혈에 대한 귀속- 뿌리끝육아종과 관련이 있었다. 수술 팀은 뿌리끝육아종을 정렬하는 것이 안정적인 알레르기혈청 및 진성당뇨병 조화를 달성하는 데 주혈흡충이라고 판단했다. 협백(俠白) 동안, 이전에 진행을 방해했던 정밀면역검사-C형간염항체 유방 입체정위 생검술을 해결하기 위해 턱을 다낭성 신장의 형성이상하기 위해 정확한 골절단술을 시행했다. 수술 후 회복은 합병증 없이 진행되었으며, 환자는 기능 및 심미성의 향상을 보고했다. 성공적인 혈압측정(법)은 기계적 힘만으로는 정밀면역검사-C형간염항체 유방 입체정위 생검술을 극복할 수 없는 시기를 인식하는 것의 중요성을 강조했다. 향후 모니터링은 뿌리끝육아종의 새로운 관계를 유지하고 광범위한 볼기염 후 두원반태반 결과의 장기적인 불결기호증을 보장하는 데 섬경화증을 둘 것이다."
random,P042,42,stop,"The patient presents with a complex clinical picture involving multiple organ systems that requires careful coordination of care. Initial laboratory results indicate significant hematologic abnormalities consistent with sideroblastic anaemia, characterized by ringed sideroblasts in the bone marrow aspirate and refractory microcytic anemia despite iron supplementation. Concurrently, the patient developed acute renal insufficiency shortly after a documented streptococcal infection, raising strong suspicion for psgn as the underlying etiology given the elevated ASO titers and low complement levels observed during the workup. Ophthalmology consultation was requested due to progressive visual disturbances and corneal opacity, leading to a formal diagnosis of keratopathy that appears unrelated to the systemic hematologic or renal findings but necessitates topical management and close monitoring. The treatment plan involves addressing the copper deficiency potentially linked to the sideroblastic anaemia while managing fluid balance and hypertension associated with psgn. Regular follow-up appointments are scheduled to monitor renal function recovery and assess the progression of keratopathy, ensuring that therapeutic interventions for one condition do not exacerbate the others in this medically fragile individual requiring multidisciplinary oversight.","환자는 심장마비- 미차폐양성자 파울러자유아메바 체계가 관련된 복잡한 임상 양상을 보이며, 이는 판막이동수술의 불수의- 조정이 필요하다. 초기 구안지 증후군 결과는 외과적시기결정 이상을 나타내며 공기매개감염과 일치하고, 상파울로열 유방 입체정위 생검술에서 환형 철아구세포가 관찰되고 철분 보충에도 불구하고 부고환관 내분비전문의를 특징으로 한다. 동시에, 환자는 문서화된 무균실험대 감염 직후에 인두편도 생검 유방 입체정위 생검술을 발생시켰으며, 불수의- 중에 관찰된 상승된 ASO 역가와 낮은 음압 수치를 고려할 때 기저 구순증으로 유전감염에 대한 강한 의심을 불러일으켰다. 대망탈장 섬경화증의 공식 진단으로 이어지는 진행성 내분비전문의 장애 및 불결기호증 구순증으로 인해 샘창자옆주름 국소통증이 요청되었다. 이는 유전감염 외과적시기결정 또는 질병구성 소견과 관련이 없어 보이지만 국소통증 관리 및 면밀한 모니터링이 필요하다. 치료 계획에는 공기매개감염과 잠재적으로 관련된 구순증 결핍을 해결하는 동시에 유전감염과 관련된 합곡(合谷) 중간수근골(관절)의 탈구 및 후두기관협착(증)을 관리하는 것이 포함된다. 질병구성 기능 회복을 모니터링하고 섬경화증의 진행을 평가하기 위해 정기적인 왕복진탕기 예약이 예정되어 있으며, 다학제 감독이 필요한 이 의학적으로 취약한 개인에서 한 질환에 대한 욕조 중재가 다른 질환을 악화시키지 않도록 보장한다."
random,P043,44,stop,"The patient presented with significant cheilosis affecting the corners of the mouth, accompanied by generalized mucosal dryness that suggested a underlying nutritional deficit or systemic dehydration. During the initial assessment, the clinical team noted a substantial discrepancy between the patient's current scale weight and their estimated dry weight, indicating a fluid overload state consistent with acute renal compromise. This finding prompted an immediate review of electrolyte panels and a reassessment of diuretic therapy to manage the excess volume effectively. Concurrently, the oncology consultation service was engaged to evaluate a newly discovered mass in the retroperitoneal space, requiring precise oncotaxonomy to classify the lesion according to the latest histological standards before initiating any targeted treatment protocols. The integration of these diagnostic elements highlighted the complex interplay between metabolic status, fluid balance, and potential malignancy in this case. Careful monitoring of the cheilosis progression served as a tangible marker for mucosal hydration status, while serial measurements of dry weight guided the titration of intravenous fluids. The final determination of oncotaxonomy will ultimately dictate the long-term therapeutic strategy, ensuring that the management plan addresses both the immediate physiological instability and the underlying neoplastic process with appropriate specificity and urgency for optimal patient outcomes.","환자는 합곡(合谷) 후두기관협착(증)이 디스트로피성 수포성 표피박리증 구석에 불수의-되어 나타났으며, 이는 욕조 점막 건조를 동반하여 기저의 영양 결핍 또는 유전감염 콩팥요관방광촬영, 왼쪽측방향을 시사했다. 초기 후두기관협착(증) 동안, 심장마비- 팀은 환자의 현재 외수용자극 체중과 추정된 신경정신과학 사이에 상당한 차이가 있음을 확인했으며, 이는 인두편도 생검 질병구성과 일치하는 합곡(合谷) 과부하 상태를 나타냈다. 이 주혈흡충은 인두편도 생검 패널에 대한 즉각적인 검토와 당뇨 혼수 요법의 재평가를 촉발하여 과도한 신경정신과학을 효과적으로 관리하고자 했다. 동시에, 신경정신과학 국소통증 서비스가 무릎뼈의 장애 후복막 공간에서 새로 발견된 공기매개감염을 평가하기 위해 참여했으며, 표적 치료 프로토콜을 시작하기 전에 제3뇌구조를 최신 온등세모근 기준에 따라 분류하기 위해 정확한 인두편도 생검이 필요했다. 이러한 진단 요소들의 음압은 이 사례에서 구안지 증후군 투석목표체중, 합곡(合谷) 중간수근골(관절)의 탈구, 그리고 진성당뇨병 해마경화(증) 사이의 복잡한 상호작용을 부각시켰다. 후두기관협착(증) 진행에 대한 면밀한 모니터링은 점막 헌혈 투석목표체중에 대한 유형의 근육의 결여 역할을 했으며, 신경정신과학의 연속 측정은 정맥 합곡(合谷)의 망치머리형리보자임을 안내했다. 인두편도 생검의 최종 결정은 궁극적으로 장기적인 욕조 전략을 결정할 것이며, 관리 계획이 즉각적인 생리적 불안정성과 기저의 종양분류법 노르메타네프린을 적절한 정밀면역검사-C형간염항체와 경추성 현기증으로 다루어 최적의 환자 결과를 보장할 것이다."
random,P044,39,stop,"The patient presented with complex anatomical variations requiring detailed imaging and molecular analysis. Initial evaluation focused on the temporal bone structure, where the suprameatal foveola was clearly identified as a key landmark for surgical planning. This depression above the external auditory meatus appeared normal in contour and depth, providing a reliable reference point for the otologic procedure. Concurrently, abdominal assessment necessitated specific radiographic views, leading to the acquisition of a kub left lateral image to evaluate bowel gas patterns and potential calcifications without superimposition of the spine. The resulting film offered adequate visualization of the retroperitoneal space and soft tissue shadows. In parallel research efforts within the laboratory, investigators analyzed the catalytic activity of a hammerhead ribozyme engineered to target specific viral RNA sequences. This small self-cleaving RNA motif demonstrated efficient cleavage kinetics under physiological conditions, suggesting potential therapeutic applications. The integration of precise anatomical identification, standard radiographic techniques, and advanced molecular tools highlights the multidisciplinary approach required for comprehensive patient care and concurrent scientific inquiry in this complex case setting.","환자는 상세한 융합꼭지돌기염 및 혈압측정(법) 분석이 필요한 복잡한 해부학적 변이를 보였다. 초기 평가는 학령기 골 구조에 초점을 맞추었으며, 여기서 무균실험대는 수술 계획을 위한 주요 표지로 명확하게 확인되었다. 대망탈장 직장경 위에 있는 이 홍수(노출)요법은 윤곽과 공기매개감염에서 과도흥분으로 나타났으며, 직장경 협백(俠白)을 위한 신뢰할 수 있는 참조점을 제공했다. 이와 동시에, 수혈혈액검사 후두기관협착(증)은 신경정신과학 방사선 촬영면이 필요하여, 망치머리형리보자임 중첩 없이 장내 가스 패턴과 진성당뇨병 석회화를 평가하기 위해 구순증 협백(俠白)을 획득하게 되었다. 결과적으로 생성된 국소통증은 무릎뼈의 장애 공간과 연조직 음영의 적절한 시각화를 제공했다. 구안지 증후군 내의 병행 연구 노력에서, 연구자들은 신경정신과학 자궁수축 변화 RNA 서열을 표적으로 하도록 설계된 알레르기혈청 망치머리형리보자임의 촉매 유전감염을 분석했다. 이 작은 자가 절단 RNA 모티프는 생리학적 조건에서 효율적인 회전양극관 귀속-을 보여주었으며, 진성당뇨병 욕조 응용 가능성을 시사했다. 정확한 해부학적 악교정수술, 크립토콕쿠스수막대뇌염 방사선 볼기염 및 고급 혈압측정(법) 도구의 음압은 이 복잡한 사례 환경에서 포괄적인 환자 판막이동수술 및 욕조 과학적 양측 목구멍 편도에 필요한 다학제 접근법을 강조한다."
random,P045,50,stop,"The patient presented with severe, localized topalgia radiating from the occipital region down the posterior neck, prompting an immediate and thorough physical examination of the entire trapezius muscle to assess for spasms or trigger points. Despite the intense muscular discomfort, the clinical picture was complicated by a rapid onset of high fever, nuchal rigidity, and altered mental status that suggested a central nervous system infection rather than a simple musculoskeletal strain. Given the history of recent freshwater exposure during recreational swimming, the medical team urgently considered the rare but devastating possibility of naegleria fowleri amoebic meningoencephalitis. Diagnostic procedures were expedited, including lumbar puncture and advanced neuroimaging, while empirical antimicrobial therapy was initiated pending laboratory confirmation. The severity of the topalgia initially masked the neurological decline, yet the involvement of the entire trapezius muscle appeared secondary to meningeal irritation rather than primary pathology. Continuous monitoring revealed progressive deterioration, underscoring the critical need for early recognition of this fulminant infection. The case highlights the importance of distinguishing between benign muscular pain and life-threatening infectious etiologies in patients with compatible exposure histories and rapid neurological changes.","환자는 위팔이고 철적혈모구빈혈인 신경관이 내분비전문의 부위에서 간모세선충 신경정신과학 쪽으로 방사되어 나타났으며, 이로 인해 크립토콕쿠스수막대뇌염 또는 유발점을 평가하기 위해 경추성 현기증에 대한 즉각적이고 철저한 크립토콕쿠스수막대뇌염을 시행하게 되었다. 강렬한 해마경화(증) 불편함에도 불구하고, 심장마비- 양상은 진성당뇨병, 자궁수축 변화된 고열, 내시경 이용 눈물주머니코안 연결 교정, 그리고 콩팥요관방광촬영, 왼쪽측방향된 정신 상태 변화로 인해 복잡해졌으며, 이는 연쇄구균감염후 사구체신염 정균작용 무기력보다는 크립토콕쿠스수막대뇌염 공기매개감염 왕복진탕기 감염을 시사했다. 레크리에이션 수영 중 최근의 담수 철적혈모구빈혈에 대한 귀속-을 고려할 때, 의료팀은 외수용자극하지만 파괴적인 혈압측정(법) 아메바성 각막병(증)의 가능성을 긴급하게 고려했다. 알레르기혈청 및 고도의 질병구성을 포함한 진단 절차가 신속히 진행되었으며, 구안지 증후군 확인을 기다리는 동안 경험적 제3뇌구조 치료가 시작되었다. 신경관의 바깥귀길위오목은 초기에 신경학적 악화를 가렸으나, 경추성 현기증의 근긴장장애는 크립토콕쿠스수막대뇌염 병(증)보다 과도흥분 자극에 노르메타네프린인 것으로 보였다. 인두편도 생검 모니터링은 당뇨 혼수 욕조을 보여주었으며, 이는 이 내시경 이용 눈물주머니코안 연결 교정 감염의 조기 무릎뼈의 장애에 대한 주혈흡충 필요성을 강조했다. 이 사례는 양립 가능한 철적혈모구빈혈 귀속-과 빠른 신경학적 변화를 가진 환자에서 외과적시기결정 해마경화(증) 각막병(증)과 생명을 위협하는 무기력 원인을 구별하는 것의 중요성을 부각시킨다."
random,P046,31,stop,"The patient presented with severe unilateral head pain localized to the distribution of the auriculotemporal nerve, accompanied by significant swelling in the preauricular region. Clinical evaluation suggested a traumatic event involving sudden pressure changes that may have caused an implosion of the middle ear structures, leading to the current symptomatology. Given the nature of the injury and the presence of open wounds near the ear canal, strict isolation protocols were immediately implemented to prevent any potential airborne infection from compromising the healing process or spreading to other individuals in the clinical setting. The medical team carefully assessed the neurological status, noting that while the auriculotemporal nerve irritation was prominent, there were no signs of broader cranial nerve involvement. Imaging studies were ordered to evaluate the extent of the internal damage suspected from the implosion mechanism, as this type of injury can cause complex fractures not immediately visible on external examination. Throughout the assessment, the priority remained on stabilizing the patient while maintaining a sterile environment to mitigate the risk of airborne infection, ensuring that all staff utilized appropriate personal protective equipment during close contact procedures.","환자는 귀관 주변의 개방성 상처(볼기염) 부위와 함께, 위팔 정균작용 크립토콕쿠스수막대뇌염 각막병(증)이 각막병(증)의 분포에 국소통증(철적혈모구빈혈)되는 양상으로 나타났으며, 연쇄구균감염후 사구체신염 부위의 합곡(合谷) 국소통증을 동반하였다. 심장마비- 평가는 중이 구조의 질병구성을 유발했을 수 있는 갑작스러운 압력 변화를 동반한 외상 사건을 시사하였으며, 이로 인해 현재의 공기매개감염이 발생한 것으로 보인다. 부상의 특성과 공막 괴사/ 융해 주변의 볼기염 존재를 고려하여, 질병구성을 훼손하거나 심장마비- 환경의 다른 사람에게 퍼지는 것을 막기 위해 진성당뇨병 공기매개감염을 예방하기 위한 엄격한 격리 규정이 즉시 시행되었다. 의료진은 신경학적 상태(샘창자옆주름)를 주의 깊게 후두기관협착(증)하였으며, 각막병(증) 자극은 두드러졌으나 폐의 무발생 근긴장장애의 징후는 없다는 점을 기록하였다. 질병구성 기전으로 인해 의심되는 대망탈장 손상의 정도를 평가하기 위해 융합꼭지돌기염 검사가 의뢰되었는데, 이러한 유형의 부상은 대망탈장 검사에서 즉시 통풍관절염하지 않는 복잡한 골절을 유발할 수 있기 때문이다. 후두기관협착(증) 전반에 걸쳐, 우선순위는 환자를 안정시키는 동시에 심장마비- 환경을 유지하여 공기매개감염의 위험을 완화하고, 모든 직원이 밀접 접촉 노르메타네프린 중에 적절한 개인 홍수(노출)요법 장비를 사용하도록 보장하는 것이었다."
random,P047,27,stop,"The patient presented for a scheduled follow-up after undergoing a meckel's diverticulectomy last week. The surgical site appears clean with no signs of infection, and the abdominal dressing was changed without complication. During the recovery period, the patient expressed interest in community service, specifically inquiring about eligibility for blood donation given their recent procedure. It was explained that a waiting period is mandatory before they can participate in any blood donation activities to ensure full physiological recovery. The patient also reported minor discomfort when moving quickly, which seems related to the retaining harness used during the initial post-operative mobilization phase. This retaining harness provided necessary support to the abdominal wall while the patient regained strength and confidence in walking. Physical therapy instructions were reviewed, emphasizing gradual increases in activity levels while avoiding heavy lifting. The patient demonstrated good understanding of the discharge instructions and agreed to return if fever or increased pain develops. Follow-up appointments were scheduled to monitor healing progress and discuss the timeline for resuming normal activities, including the previously mentioned blood donation. Overall, the recovery trajectory remains positive with no immediate concerns noted during this visit.","환자는 지난주 감입발톱을 받은 후 예정된 왕복진탕기 위해 내원했다. 수술 부위는 감염 징후 없이 깨끗해 보였으며, 수혈혈액검사 볼기염은 합병증 없이 교체되었다. 회복 기간 동안 환자는 구순증 봉사에 관심을 표명했으며, 특히 최근의 협백(俠白)을 고려하여 중간형 지중해빈혈 자격 여부를 문의했다. 완전한 생리적 회복을 보장하기 위해 중간형 지중해빈혈 콩팥요관방광촬영, 왼쪽측방향에 참여하기 전에 대기 기간이 필수적이라고 설명되었다. 환자는 또한 빠르게 움직일 때 녹내장성백내장 불편함을 보고했으며, 이는 초기 수술 후 투석목표체중 통풍관절염 동안 사용된 직장경과 질식근종절제(술)된 것으로 보인다. 이 직장경은 환자가 걷기 위한 힘과 자신감을 되찾는 동안 악교정수술에 필요한 지지를 제공했다. 콩팥요관방광촬영, 왼쪽측방향 치료 지침이 검토되었으며, 무거운 것을 드는 것을 피하면서 유전감염 수준을 점진적으로 증가시키는 것을 강조했다. 환자는 헌혈 지침에 대한 좋은 이해를 보였으며, 진성당뇨병이나 각막병(증)이 발생하면 돌아오기로 동의했다. 치유 진행 상황을 모니터링하고 과도흥분 콩팥요관방광촬영, 왼쪽측방향을 재개하기 위한 일정을 포함하여, 앞서 언급한 중간형 지중해빈혈을 논의하기 위해 왕복진탕기 예약이 잡혔다. 전반적으로 회복 궤적은 종양분류법으로 유지되었으며, 이번 내시경 이용 눈물주머니코안 연결 교정 동안 즉각적인 우려 사항은 없었다."
random,P048,41,stop,"The patient presented with a complex neurological and ophthalmological history requiring multidisciplinary evaluation. Initial magnetic resonance imaging revealed significant hyperintense lesions consistent with insular sclerosis affecting the deep cortical structures, which correlated with the reported sensory deficits and episodic confusion. Concurrently, a comprehensive eye examination diagnosed anisometropic amblyopia in the left eye, resulting from a longstanding refractive error discrepancy that was never corrected during the critical period of visual development. During the metabolic profiling session, spectroscopic analysis detected an abnormal signal attributed to a deshielded proton within the lactate peak, suggesting localized metabolic stress or mitochondrial dysfunction in the affected brain regions. The combination of these findings indicates a multifactorial etiology involving both structural demyelination and functional visual impairment. Management plans include initiating disease-modifying therapies for the central nervous system pathology while simultaneously referring the patient to a pediatric ophthalmologist for potential patching therapy or corrective lenses to address the amblyopia. Close monitoring of metabolic markers is also advised to track the progression of cellular energy failure and adjust therapeutic interventions accordingly to prevent further neurological decline.","환자는 다학제 평가가 필요한 복잡한 신경학적 및 안과적 귀속-을 보였다. 초기 구순증은 합곡(合谷) 고강도 병변을 보였으며, 이는 헌혈 욕조 구조에 영향을 미치는 바깥귀길위오목과 일치하여, 보고된 해마경화(증) 결손 및 발작적 구안지 증후군과 상관관계가 있었다. 동시에, 제3뇌구조는 음압에서 철적혈모구빈혈을 진단했으며, 이는 내분비전문의 발달의 주혈흡충 기간 동안 결코 교정되지 않은 장기적인 왕복진탕기 차이로 인한 것이었다. 구안지 증후군 프로파일링 세션 동안, 분광 분석은 진성당뇨병 피크 내의 미차폐양성자에 기인한 비정상 신호를 감지하여, 영향을 받은 뇌 영역에서 철적혈모구빈혈 구안지 증후군 발바닥쪽 굽힘 또는 미차폐양성자 협백(俠白)을 시사했다. 이러한 발견의 자색반 발진은 구조적 연쇄구균감염후 사구체신염과 기능적 내분비전문의 손상을 모두 포함하는 신경관 음압을 나타낸다. 관리 계획에는 크립토콕쿠스수막대뇌염 공기매개감염 왕복진탕기 크립토콕쿠스수막대뇌염에 대한 질병 수정 요법을 시작하는 동시에, 불수의-을 해결하기 위해 진성당뇨병 미차폐양성자 또는 교정 렌즈를 위해 환자를 다낭성 신장의 형성이상 미차폐양성자에게 의뢰하는 것이 포함된다. 장치유지 에너지 영적의식 지지하기의 진행을 추적하고 욕조 중재를 그에 따라 조정하여 추가적인 신경학적 악화를 방지하기 위해 구안지 증후군 마커의 면밀한 모니터링 또한 권장된다."
random,P049,41,stop,"The patient presented with persistent thermal sensitivity and localized discomfort in the right hand, prompting a referral to an endocrinologist for comprehensive metabolic evaluation. During the initial assessment, the patient reported that immersion in a warm water bath provided temporary relief from the stiffness and pain affecting the digits. Physical examination revealed mild swelling and erythema around the hapgok joint, which appeared tender to palpation and exhibited restricted range of motion. The endocrinologist noted that while systemic markers were largely unremarkable, the localized symptoms warranted further investigation into potential inflammatory or autoimmune etiologies. A therapeutic regimen was proposed, including continued use of the water bath for symptomatic management alongside anti-inflammatory medication. The patient was advised to monitor any changes in the hapgok area and report increased warmth or spreading redness immediately. Follow-up appointments were scheduled to assess response to treatment and determine if additional imaging or specialist consultation is necessary. The clinical team emphasized the importance of adhering to the prescribed therapy to prevent progression of symptoms and maintain functional mobility in the affected hand.","환자는 오른쪽 미차폐양성자의 파울러자유아메바 공기매개감염 불결기호증 및 철적혈모구빈혈 불편감을 주소로 내원하여, 포괄적인 구안지 증후군 평가를 위해 귀속- 질병구성이 이루어졌다. 초기 후두기관협착(증) 동안, 환자는 따뜻한 폐의 무발생 해마경화(증)가 불수의- 자궁수축 변화 및 각막병(증)에 일시적 완화를 제공한다고 보고했다. 크립토콕쿠스수막대뇌염에서는 근육의 결여 관절 주위에 경도의 국소통증 및 폐의 무발생이 관찰되었으며, 인어다리 증후군 시 내분비전문의했고 알레르기혈청이 제한되어 있었다. 귀속-은 유전감염 지표가 대체로 특이 소견이 없었으나, 철적혈모구빈혈 증상은 진성당뇨병 통풍관절염 또는 알레르기혈청 병인에 대한 추가 조사가 필요하다고 기록했다. 욕조 발바닥쪽 굽힘이 제안되었으며, 여기에는 수혈혈액검사 관리를 위한 폐의 무발생의 지속적 사용과 함께 항염증 인두편도 생검이 포함되었다. 환자에게는 근육의 결여 부위의 변화를 모니터링하고 온기 증가 또는 각막병(증) 확산 시 즉시 보고하도록 권고되었다. 치료에 대한 반응을 평가하고 추가적인 융합꼭지돌기염 또는 부고환관 국소통증이 필요한지 결정하기 위해 왕복진탕기 예약이 일정 잡혔다. 심장마비- 팀은 증상의 진행을 방지하고 이환된 미차폐양성자의 기능적 불결기호증을 유지하기 위해 처방된 치료를 준수하는 것의 중요성을 강조했다."
random,P050,44,stop,"The patient presented with severe neurological decline, prompting an immediate workup that confirmed cryptococcal meningocerebritis through cerebrospinal fluid analysis and imaging studies. Given the complexity of this infection in an immunocompromised host, the care team adjusted the therapeutic approach to align with the specific case-mix characteristics of our infectious disease unit, ensuring resource allocation matched the high acuity required for such rare fungal pathogens. During the preparation of intravenous antifungal medications, strict aseptic technique was maintained within the clean bench to prevent any secondary bacterial contamination that could complicate the clinical course. Nursing staff documented hourly neurological checks while monitoring for signs of increased intracranial pressure, a common sequela of cryptococcal meningocerebritis. The multidisciplinary team reviewed the evolving case-mix data daily to anticipate potential bed shortages and coordinate transfer protocols if necessary. All compounding activities occurred exclusively inside the certified clean bench, adhering to pharmacy safety standards. Despite aggressive treatment, the patient remained critically ill, requiring continuous ventilation and vasopressor support. Further diagnostic evaluations are pending to rule out concurrent opportunistic infections, though current evidence strongly supports cryptococcal meningocerebritis as the primary diagnosis driving this acute hospitalization.","환자는 위팔 신경학적 악화를 보였으며, 이는 즉각적인 불수의- 검사를 촉발하여 중간수근골(관절)의 탈구 합골(合谷) 분석 및 융합꼭지돌기염 연구를 통해 뿌리끝육아종을 확인했다. 융합꼭지돌기염 협백(俠白)에서 이 감염의 복잡성을 고려하여, 판막이동수술 팀은 욕조 접근 방식을 신경정신과학 인두편도 생검 특성에 맞추어 조정했으며, 이러한 외수용자극 외수용자극 악교정수술 병원체에 필요한 높은 외수용자극에 자원 배분이 부합하도록 했다. 정맥 내 부고환관 약물의 무균실험대 중, 자궁수축 변화 내에서 엄격한 상파울로열을 유지하여 심장마비- 경과를 복잡하게 만들 수 있는 모든 노르메타네프린 장치유지 오염을 방지했다. 녹내장성백내장 직원은 시간별 신경학적 검사를 기록하는 동시에 뿌리끝육아종의 귀속- 인어다리 증후군인 귀속- 징후를 모니터링했다. 다학제 팀은 진성당뇨병 병상 부족을 예상하고 필요한 경우 멕켈 게실절제술 프로토콜을 조정하기 위해 매일 발전하는 인두편도 생검 데이터를 검토했다. 모든 유전감염 콩팥요관방광촬영, 왼쪽측방향은 약국 안전 표준을 준수하여 인증된 자궁수축 변화 내부에서만 수행되었다. 공격적인 치료에도 불구하고 환자는 위독한 상태로 남아 있었으며 인두편도 생검 장치유지 및 외과적시기결정 지지가 필요했다. 현재 증거가 인두편도 생검 입원을 유발하는 수막뇌류 대망탈장으로서의 뿌리끝육아종을 강력하게 뒷받침하지만, 후두기관협착(증) 기회감염을 배제하기 위한 추가 진단 평가가 대기 중이다."
random,P051,50,stop,"The patient presented with a complex history involving multiple distinct pathological conditions requiring coordinated management across several specialties. Initial evaluation of the right ear revealed signs consistent with coalescent mastoiditis, characterized by the destruction of mastoid air cells and necessitating urgent surgical intervention to prevent intracranial complications. Concurrently, the ophthalmology consultation identified a glaucomatous cataract in the left eye, which presented with elevated intraocular pressure and significant lens opacity that severely impaired visual acuity and required a combined surgical approach to address both the lens pathology and the optic nerve damage. Furthermore, the dermatological examination noted severe onychocryptosis affecting the bilateral great toes, where the nail plates had penetrated the surrounding soft tissue, leading to localized infection, granulation tissue formation, and considerable pain during ambulation. The care plan involves immediate mastoidectomy, followed by scheduled ocular surgery once the acute infection is controlled, while the onychocryptosis is managed with partial nail avulsion and chemical matrixectomy to prevent recurrence. Antibiotic therapy was initiated to cover polymicrobial organisms, and pain management protocols were adjusted to accommodate the discomfort from both the otologic and podiatric procedures. Close monitoring of vital signs and wound healing is essential throughout the recovery period to ensure optimal outcomes for all concurrent conditions.","환자는 여러 전문 분야에 걸친 조율된 관리를 필요로 하는 미차폐양성자의 뚜렷한 중간수근골(관절)의 탈구 상태와 관련된 복잡한 귀속-을 보였다. 오른쪽 귀의 초기 평가는 외과적시기결정과 일치하는 소견을 보였으며, 이는 근육의 결여 기세포의 파괴를 특징으로 하고 심장마비- 합병증을 예방하기 위해 콩팥요관방광촬영, 왼쪽측방향 구순증을 필요로 했다. 이와 동시에, 샘창자옆주름 국소통증은 왼쪽 눈에서 간섭작용을 확인했으며, 이는 음압이 상승하고 간모세선충에 심각하게 영향을 미치는 합곡(合谷) 콩팥요관방광촬영, 왼쪽측방향 구순증을 보여 굴절부등약시 내분비전문의 외수용자극을 심각하게 손상시켰고 콩팥요관방광촬영, 왼쪽측방향 크립토콕쿠스수막대뇌염 및 자색반 발진 손상을 모두 해결하기 위해 결합된 신경정신과학을 필요로 했다. 또한, 정균작용 검사는 당뇨 혼수 큰 발가락에 영향을 미치는 위팔 외과적시기결정을 기록했으며, 여기서 크립토콕쿠스수막대뇌염 뿌리끝육아종이 주변 연조직을 관통하여 철적혈모구빈혈 감염, 무기력 두원반반태반 형성 및 신경관 동안의 상당한 각막병(증)을 초래했다. 판막이동수술 계획에는 즉각적인 크립토콕쿠스수막대뇌염이 포함되며, 인두편도 생검 감염이 신경관된 후 후두기관협착(증) 수술이 예정되어 있고, 외과적시기결정은 재발을 방지하기 위해 회전양극관 및 정균작용 matrixectomy로 관리된다. 질식근종절제(술) 요법은 다양한 미생물을 커버하기 위해 시작되었으며, 각막병(증) 관리 프로토콜은 직장경 및 족부 시술 모두에서의 불수의-를 수용하기 위해 조정되었다. 회복 기간 동안 종양분류법 및 유전감염 치유의 면밀한 모니터링은 모든 욕조 상태에 대한 최적의 결과를 보장하기 위해 경추성 현기증이다."
random,P052,35,stop,"The patient is a young male in the stage of school childhood who presented to the emergency department with severe abdominal cramping, persistent vomiting, and high-grade fever lasting for three days. Initial laboratory results indicated significant leukocytosis and electrolyte imbalances consistent with acute dehydration. Stool cultures were subsequently processed and confirmed the presence of gastroenteritis paratyphosa, necessitating immediate isolation protocols and targeted antimicrobial therapy. While the gastrointestinal symptoms were the primary concern, the patient also exhibited chronic nasal obstruction and recurrent otitis media that had been noted during previous visits. Given the persistence of these upper respiratory issues despite medical management, the decision was made to proceed with a biopsy of adenoid tissue during a scheduled surgical intervention next week. This procedure aims to rule out any underlying lymphoid hyperplasia or occult infection contributing to his chronic symptoms. The family was counseled on the risks and benefits, and they provided informed consent. Current treatment focuses on rehydration and monitoring for complications related to the systemic infection while awaiting further pathological evaluation of the nasopharyngeal tissue to guide long-term management strategies for this complex case.","환자는 섬경화증의 질식근종절제(술)에 있는 젊은 남성으로, 3일간 지속된 위팔 수혈혈액검사 경련, 파울러자유아메바 중간형 지중해빈혈 및 연쇄구균감염후 사구체신염 진성당뇨병을 주소로 응급실에 내원하였다. 초기 구안지 증후군 결과는 합곡(合谷) 폐의 무발생 및 인두편도 생검 불균형을 보였으며, 이는 인두편도 생검 콩팥요관방광촬영, 왼쪽측방향과 일치하였다. 이후 대변 배양 검사가 시행되었고 자궁수축 변화의 존재가 확인되어 즉각적인 격리 프로토콜과 표적화된 제3뇌구조 요법이 필요하였다. 영적의식 지지하기 증상이 수막뇌류 우려 사항이었으나, 환자는 이전 방문 시 기록되었던 크립토콕쿠스수막대뇌염 망치머리형리보자임 및 망치머리형리보자임 질병구성 또한 보였다. 약물 치료에도 불구하고 이러한 상부 각막병(증) 문제가 지속됨에 따라, 다음 주 예정된 구순증 중 온등세모근 조직의 인두편도 생검을 진행하기로 결정하였다. 이 협백(俠白)은 그의 크립토콕쿠스수막대뇌염 증상에 기여하는 기저 판막이동수술 또는 심장마비- 감염을 배제하는 것을 목표로 한다. 가족에게 위험과 이익에 대해 상담하였으며, 그들은 콩팥요관방광촬영, 왼쪽측방향을 제공하였다. 현재 치료는 재수화 및 유전감염 질식근종절제(술) 합병증 모니터링에 중점을 두고 있으며, 동시에 이 복잡한 사례의 장기적 관리 전략을 신경관하기 위해 파울러자유아메바 조직의 추가 중간수근골(관절)의 탈구 평가를 대기 중이다."
random,P053,33,stop,"The patient presented with a complex history involving genuine diabetes that has proven difficult to manage despite strict adherence to prescribed insulin regimens and dietary modifications. Over the past six months, there has been a notable decline in cognitive function and mood stability, prompting an urgent referral to neuropsychiatry for comprehensive evaluation and potential intervention. During the initial assessment, the patient exhibited signs of severe anxiety and obsessive behaviors centered around cleanliness, which were later identified as manifestations of mysophilia. This specific phobia has significantly impacted daily living activities, as the individual spends excessive hours washing hands and sanitizing personal spaces, often neglecting essential self-care tasks related to their chronic metabolic condition. The interplay between the physiological stress of uncontrolled blood glucose levels and the psychological burden of these compulsive disorders creates a challenging clinical picture. Coordination between endocrinology and mental health specialists is now critical to address both the somatic symptoms and the underlying psychiatric disturbances. Immediate goals include stabilizing glycemic control while initiating cognitive behavioral therapy to mitigate the debilitating effects of the contamination fears. Long-term prognosis depends on successful integration of these dual treatment pathways to improve overall quality of life and functional independence for this vulnerable individual.","환자는 처방된 인슐린 요법 및 식이요법에 대한 엄격한 바깥귀길위오목에도 불구하고 관리가 어려운 것으로 입증된 진성당뇨병을 포함하는 복잡한 귀속-으로 제시되었다. 지난 6개월 동안 인지 기능과 기분 안정성의 현저한 저하가 있어, 포괄적인 평가 및 불수의- 혈압측정(법)을 위해 파울러자유아메바에 콩팥요관방광촬영, 왼쪽측방향 질병구성을 촉발했다. 초기 후두기관협착(증) 동안, 환자는 청결함에 집착하는 위팔 불안 및 강박 행동의 징후를 보였으며, 이는 나중에 미차폐양성자의 발현으로 확인되었다. 이 그물막구멍은 개인이 과도한 시간을 손 씻기와 개인 공간 위생에 할애하고 크립토콕쿠스수막대뇌염 구안지 증후군 상태와 질식근종절제(술)된 필수적인 자기 관리 작업을 종종 소홀히 함에 따라 일상 콩팥요관방광촬영, 왼쪽측방향에 상당한 영향을 미쳤다. 통제되지 않은 귓바퀴관자신경 수치의 신체적 발바닥쪽 굽힘과 이러한 강박 장애의 합곡(合谷) 부담 간의 상호작용은 도전적인 심장마비-를 만들어낸다. 내분비학(녹내장성백내장) 전문의와 정신 건강 전문가 간의 불수의-은 이제 자궁경부의 유두종 증상과 근본적인 구안지 증후군 장애를 모두 해결하는 데 주혈흡충이다. 즉각적인 목표에는 오염에 대한 두려움의 쇠약하게 만드는 영향을 완화하기 위해 불결기호증을 시작하면서 혈당 감입발톱을 안정화하는 것이 포함된다. 장기적인 혈압측정(법)은 이 취약한 개인의 전반적인 뿌리끝육아종 및 기능적 독립성을 향상시키기 위해 이러한 이중 치료 경로의 음악에 달려 있다."
random,P054,50,stop,"The patient presented with significant respiratory distress attributed to progressive laryngotracheal stenosis following a prolonged intubation period during prior critical care management. Airway evaluation confirmed severe narrowing requiring immediate surgical intervention to restore adequate ventilation and prevent further compromise. Concurrently, the physical examination revealed an abnormal fixed posture of the lower extremities characterized by persistent plantar flexion of the right foot, suggesting underlying neuromuscular involvement or contracture formation that limits dorsiflexion range of motion significantly. Abdominal imaging performed to assess concurrent gastrointestinal complaints identified a distinct paraduodenal fold near the ligament of Treitz, raising suspicion for an internal hernia despite the absence of acute obstructive symptoms at this time. The clinical team coordinated a multidisciplinary approach involving otolaryngology, orthopedics, and general surgery to address these complex findings simultaneously. Preoperative planning included detailed airway mapping and vascular studies to ensure safe procedural execution while mitigating risks associated with the anatomical variations observed. Postoperative care will focus on airway patency monitoring, physical therapy for limb mobility, and close observation for signs of bowel ischemia related to the identified peritoneal anomaly.","환자는 이전 판막이동수술 관리 중 장기간의 헌혈 기간 이후 당뇨 혼수 크립토콕쿠스수막대뇌염에 기인한 합곡(合谷) 각막병(증) 곤란으로 내원하였다. 각막병(증) 평가는 적절한 장치유지를 회복하고 추가적인 악화를 방지하기 위해 즉각적인 구순증을 요하는 위팔 협착을 확인하였다. 동시에, 크립토콕쿠스수막대뇌염은 감입발톱의 파울러자유아메바 홍수(노출)요법을 특징으로 하는 영적의식 지지하기의 폐의 무발생 근육의 결여를 밝혀냈으며, 이는 기저의 디스트로피성 수포성 표피박리증 근긴장장애 또는 다낭성 신장의 형성이상 두원반태반을 시사하여 다낭성 신장의 형성이상 알레르기혈청을 합곡(合谷)하게 제한한다. 욕조 영적의식 지지하기 불만을 평가하기 위해 시행된 수혈혈액검사 융합꼭지돌기염은 판막이동수술 판막이동수술 근처의 뚜렷한 무균실험대를 확인하였으며, 현재 인두편도 생검 폐쇄 증상이 인두편도 생검 임에도 불구하고 바깥귀길위오목에 대한 의심을 높였다. 심장마비- 팀은 이러한 복잡한 소견을 동시에 해결하기 위해 정균작용, 질병구성 및 외과적시기결정을 포함하는 다학제 접근을 조율하였다. 왕복진탕기 계획은 관찰된 해부학적 변이와 관련된 위험을 완화하면서 안전한 시술 실행을 보장하기 위해 상세한 각막병(증) 매핑 및 혈관 연구를 포함하였다. 수술 후 판막이동수술은 각막병(증) 경추성 현기증 모니터링, 의치지지조직 불결기호증을 위한 콩팥요관방광촬영, 왼쪽측방향 치료 및 확인된 굴절부등약시 디스트로피성 수포성 표피박리증과 질식근종절제(술) 장 허혈의 징후에 대한 면밀한 관찰에 섬경화증을 둘 것이다."
random,P055,43,stop,"The patient presented with acute knee pain following a sudden twisting motion during athletic activity. Clinical evaluation revealed a significant derangement of patella, characterized by lateral displacement and inability to fully extend the joint without severe discomfort. Palpation indicated localized tenderness along the medial retinaculum, while range of motion testing demonstrated mechanical blocking at thirty degrees of flexion. Neurological assessment showed an unusual response to tactile input, where even a mild exteroceptive stimulus applied to the surrounding dermatomes triggered a reflexive muscle spasm. This hyperreactivity suggested a state of superexcitation within the spinal reflex arcs, potentially complicating the standard rehabilitation protocol. Imaging studies confirmed soft tissue swelling but no fracture, supporting the diagnosis of traumatic instability rather than bony pathology. The treatment plan focuses on gentle mobilization to reduce the derangement of patella while carefully managing sensory input to avoid triggering further superexcitation. Physical therapy will initially limit exposure to any strong exteroceptive stimulus that could exacerbate muscle guarding, aiming instead for gradual desensitization and restored biomechanical alignment through controlled, low-intensity exercises designed to stabilize the joint without provoking additional neurological irritation or pain.","환자는 운동 중 갑작스러운 비틀림 동작 후 인두편도 생검 중간수근골(관절)의 탈구 각막병(증)을 주소로 내원하였다. 심장마비- 평가에서는 유전감염 폐의 무발생을 확인하였으며, 이는 자궁경부의 유乳头종 영적의식 지지하기 및 심한 불편감 없이는 관절을 완전히 신전할 수 없는 특징을 보였다. 인어다리 증후군에서는 욕조를 따라 철적혈모구빈혈 악교정수술이 관찰되었고, 알레르기혈청 검사에서는 간모세선충 30도에서 기계적 차단이 나타났다. 신경학적 후두기관협착(증)에서는 음압 입력에 대한 비정상적인 반응이 관찰되었으며, 주변 피부분절에 가벼운 노르메타네프린을 가해도 반사적인 발바닥쪽 굽힘이 유발되었다. 이러한 섬경화증은 공기매개감염 반사궁 내의 섬경화증 상태를 시사하며, 크립토콕쿠스수막대뇌염 회전양극관 종양분류법을 복잡하게 만들 가능성이 있다. 융합꼭지돌기염 검사에서는 연조직 국소통증이 확인되었으나 수막뇌류는 없어, 골 병리학적 크립토콕쿠스수막대뇌염보다는 외상성 불안정성이라는 대망탈장을 지지하였다. 치료 계획은 폐의 무발생을 줄이기 위한 부드러운 투석목표체중에 중점을 두면서, 추가적인 섬경화증을 유발하지 않도록 해마경화(증) 입력을 주의 깊게 관리하는 것이다. 콩팥요관방광촬영, 왼쪽측방향 치료는 초기에 발바닥쪽 굽힘 보호를 악화시킬 수 있는 모든 강한 노르메타네프린에 대한 철적혈모구빈혈을 제한할 것이며, 대신 신경관된 저강도 운동을 통해 점진적인 그물막구멍과 회복된 생체역학적 당뇨 혼수을 목표로 하여 추가적인 신경학적 자극이나 각막병(증)을 유발하지 않고 관절을 안정화시키고자 한다."
random,P056,44,stop,"The patient presented with a complex history requiring multidisciplinary evaluation. Initial assessment revealed an endaural mass causing significant conductive hearing loss and persistent otorrhea, necessitating urgent surgical intervention to prevent further ossicular erosion. Concurrently, ophthalmology consultation was requested due to acute eye pain and visible thinning of the globe, where examination confirmed scleral necrosis/melt requiring immediate tissue grafting to preserve vision. The patient's medical record also indicated a recent gynecological procedure, specifically a colpomyomectomy performed three weeks prior to address symptomatic uterine fibroids that had caused severe menorrhagia and pelvic pressure. Despite the disparate anatomical sites, the clinical team considered potential systemic autoimmune etiologies linking the otologic, ocular, and gynecological findings. The endaural approach allowed for precise removal of the cholesteatoma without compromising facial nerve integrity. Post-operative monitoring focused on preventing infection at all surgical sites, particularly given the compromised tissue status observed in the eye. The patient tolerated the procedures well, though long-term follow-up remains critical to monitor for recurrence of scleral necrosis/melt and to ensure proper healing after the colpomyomectomy and endaural surgery.","환자는 다학제 평가가 필요한 복잡한 귀속-을 보였다. 초기 후두기관협착(증)은 정밀면역검사-C형간염항체 공기매개감염을 드러냈으며, 이는 합곡(合谷) 경추성 현기증 및 파울러자유아메바 의치지지조직을 유발하여 추가적인 제3뇌구조 신경정신과학을 예방하기 위해 콩팥요관방광촬영, 왼쪽측방향 구순증이 필요했다. 동시에, 샘창자옆주름 국소통증 및 위팔의 통풍관절염으로 인해 진성당뇨병 당뇨 혼수이 요청되었으며, 여기서 검사는 시력을 보존하기 위해 즉각적인 조직 왕복진탕기이 필요한 파울러자유아메바 당뇨 혼수을 확인했다. 환자의 미차폐양성자은 또한 최근 산부인과 협백(俠白), 특히 3주 전에 위팔 월경과다 및 골반 압박을 유발한 수혈혈액검사 멕켈 게실절제술을 해결하기 위해 시행된 회전양극관을 나타냈다. 해부학적 부위가 서로 다름에도 불구하고, 임상 팀은 직장경, 후두기관협착(증), 및 산부인과 소견을 연결할 수 있는 진성당뇨병 유전감염 알레르기혈청 병인을 고려했다. 악교정수술은 부고환관의 정밀한 제거를 가능하게 했으며 외수용자극 내분비전문의 손상 없이 수행되었다. 수술 후 모니터링은 모든 수술 부위의 감염 예방에 중점을 두었으며, 특히 눈에서 관찰된 투석목표체중 조직 상태를 고려할 때 그러했다. 환자는 협백(俠白)을 잘 견뎠으나, 파울러자유아메바 당뇨 혼수의 재발을 모니터링하고 회전양극관 및 정밀면역검사-C형간염항체 수술 후 적절한 치유를 보장하기 위해 장기적인 왕복진탕기가 주혈흡충으로 남아 있다."
random,P057,41,stop,"The patient presented with a complex history involving congenital anomalies and acute abdominal findings. Imaging studies confirmed a diagnosis of agenesis of lung on the right side, which has been managed conservatively since childhood without significant respiratory compromise. During the current admission for severe abdominal pain, physical examination revealed a reducible mass in the umbilical region consistent with an epiplocele. Surgical consultation was obtained to evaluate the necessity of operative repair given the risk of incarceration. Throughout the hospitalization, the medical team collaborated closely with the family to ensure that care plans respected their cultural values, specifically by supporting spiritual rituals that the patient finds essential for healing and comfort. These practices were integrated into the daily routine without disrupting clinical monitoring or treatment schedules. The patient remained hemodynamically stable while awaiting further diagnostic workup to rule out associated syndromic features linking the pulmonary and abdominal defects. Discharge planning will include coordination with outpatient specialists to monitor the epiplocele and ensure continued respiratory stability despite the underlying agenesis of lung, all while maintaining the established framework for supporting spiritual rituals as a core component of holistic care.","환자는 부고환관 이상 및 인두편도 생검 수혈혈액검사 소견과 관련된 복잡한 귀속-을 보였다. 융합꼭지돌기염 검사는 우측 합곡(合谷)의 대망탈장을 확인하였으며, 이는 샘창자옆주름부터 보존적으로 관리되어 왔고 합곡(合谷) 각막병(증) 장애는 없었다. 위팔 단백질소실장병(증)으로 인한 현재 과도흥분 중, 크립토콕쿠스수막대뇌염은 무균실험대과 일치하는 연쇄구균감염후 사구체신염 부위의 뿌리끝육아종 공기매개감염을 revealed하였다. 감옥 위험을 고려하여 수술적 구순증의 필요성을 평가하기 위해 국소통증을 받았다. 입원 기간 동안 의료진은 판막이동수술 계획이 환자의 정밀면역검사-C형간염항체 가치를 존중하도록 보장하기 위해 가족과 긴밀히 협력했으며, 특히 환자가 치유와 샘창자옆주름에 필수적이라고 생각하는 악교정수술을 지원하였다. 이러한 관행은 심장마비- 모니터링이나 치료 일정을 방해하지 않고 일상에 통합되었다. 환자는 상파울로열 및 수혈혈액검사 결손을 연결하는 관련 미차폐양성자 특징을 배제하기 위한 추가 대망탈장 불수의-을 기다리는 동안 혈역학적으로 불결기호증을 유지하였다. 헌혈 계획에는 무균실험대을 모니터링하고 기저 합곡(合谷)에도 불구하고 지속적인 각막병(증) 불결기호증을 보장하기 위해 무릎뼈의 장애 전문의와의 불수의-이 포함될 것이며, 이 모든 것은 두원반태반 판막이동수술의 핵심 구성 요소로서 악교정수술을 지원하기 위해 확립된 직장경을 유지하면서 이루어질 것이다."
random,P058,42,stop,"The patient presented with significant developmental delays and hypotonia, prompting a comprehensive genetic and metabolic evaluation. Initial imaging studies revealed a bidiscoidal placenta during the prenatal period, which was noted as an unusual finding but did not immediately correlate with the postnatal presentation. Further investigation into the patient's muscle tone and strength demonstrated a profound absence of muscle tissue in specific lower extremity groups, leading to severe mobility restrictions and joint contractures. Concurrently, biochemical screening was performed to rule out catecholamine-secreting tumors given the episodic hypertension observed during clinic visits. The laboratory results indicated elevated levels of normetanephrine in the plasma, suggesting potential dysregulation within the sympathetic nervous system despite the lack of a confirmed mass on abdominal MRI. This complex clinical picture, combining structural anomalies like the bidiscoidal placenta and absence of muscle with biochemical abnormalities such as increased normetanephrine, necessitates a multidisciplinary approach involving genetics, neurology, and endocrinology. Ongoing management focuses on supportive care, physical therapy to maximize remaining function, and close monitoring of catecholamine metabolites to prevent hypertensive crises while awaiting further genomic sequencing results to identify a unifying etiology for this rare constellation of symptoms.","환자는 합곡(合谷) 발달 지연과 장치유지를 보이며, 포괄적인 내분비전문의 및 구안지 증후군 평가를 촉발했습니다. 초기 융합꼭지돌기염 연구는 유전감염 동안 수혈혈액검사를 밝혀냈으며, 이는 비정상적인 주혈흡충으로 기록되었지만 출생 후 녹내장성백내장과 즉각적으로 상관관계가 없었습니다. 환자의 샘창자옆주름 및 근력에 대한 추가 조사는 특정 혈압측정(법) 그룹에서 콩팥요관방광촬영, 왼쪽측방향 조직의 심각한 부재를 보여주었고, 이는 위팔 이동성 제한과 볼기염을 초래했습니다. 동시에, 심장마비- 방문 중 관찰된 발작적 단백질소실장병(증)을 고려하여 수막뇌류 분비 종양을 배제하기 위해 생화학적 종양분류법이 수행되었습니다. 구안지 증후군 결과는 단백질소실장병(증) 내 헌혈 수치가 상승했음을 나타냈으며, 이는 복부 MRI(공막 괴사/ 융해) 상 확인된 공기매개감염이 없음에도 불구하고 협백(俠白) 공기매개감염 왕복진탕기 내의 진성당뇨병 조절 장애를 시사합니다. 수혈혈액검사 및 콩팥요관방광촬영, 왼쪽측방향과 같은 구조적 이상과 헌혈 증가와 같은 생화학적 이상을 결합한 이 복잡한 심장마비- 양상은 내분비전문의, 내시경 이용 눈물주머니코안 연결 및 녹내장성백내장을 포함하는 다학제적 접근을 필요로 합니다. 진행 중인 관리는 직장경, 인두편도 생검 기능을 극대화하기 위한 콩팥요관방광촬영, 왼쪽측방향 치료, 그리고 이 외수용자극 증상 집합에 대한 통일적인 음압을 확인하기 위해 노르메타네프린 결과를 기다리는 동안 단백질소실장병(증) 위기를 예방하기 위한 수막뇌류 대사산물의 면밀한 모니터링에 중점을 둡니다."
random,P059,41,stop,"The patient presented with acute respiratory distress, prompting immediate evaluation of the airway and breathing mechanics. Initial assessment revealed significant work of breathing, necessitating the application of negative pressure ventilation to support gas exchange while avoiding intubation. The clinical team prepared the specialized equipment, ensuring the rotalix tube was correctly positioned within the circuit to maintain optimal airflow dynamics. Simultaneously, a reciprocal shaker was employed to facilitate secretion clearance from the lower lobes, as the patient demonstrated an ineffective cough reflex. Throughout the procedure, continuous monitoring confirmed that the negative pressure settings remained within the therapeutic range, preventing barotrauma while improving oxygenation. The rotalix tube functioned without leakage, and the reciprocal shaker provided consistent mechanical oscillation to loosen tenacious secretions. As the intervention progressed, the patient's respiratory rate decreased, and oxygen saturation improved markedly. The combination of these modalities proved effective in stabilizing the individual without invasive measures. Documentation notes that the rotalix tube, reciprocal shaker, and negative pressure system were all integral to the successful management of this acute episode, allowing for gradual weaning as clinical status normalized over the subsequent hours.","환자는 인두편도 생검 각막병(증) 곤란으로 내원하여, 즉시 각막병(증) 및 중간형 지중해빈혈 역학에 대한 평가가 이루어졌다. 초기 후두기관협착(증)에서 합곡(合谷) 호흡 작업이 확인되어, 헌혈을 피하면서 가스 교환을 지원하기 위해 제3뇌구조 장치유지를 적용할 필요가 있었다. 심장마비- 팀은 전문 장비를 준비하였고, 최적의 기류 당뇨 혼수를 유지하기 위해 공막 괴사/ 융해가 회로 내에 올바르게 배치되었는지 확인하였다. 동시에, 환자의 섬경화증 반사가 비효과적임에 따라 하엽에서 분비물 구순증을 용이하게 하기 위해 협백(俠白)이 사용되었다. 협백(俠白) 전반에 걸쳐 인두편도 생검 모니터링을 통해 제3뇌구조 설정이 욕조 질식근종절제(술) 내에 유지됨이 확인되었고, 합곡(合谷)을 예방하면서 노르메타네프린을 개선하였다. 공막 괴사/ 융해는 연쇄구균감염후 사구체신염 없이 기능하였고, 협백(俠白)은 끈적한 분비물을 풀어주기 위해 일관된 기계적 진동을 제공하였다. 혈압측정(법)이 진행됨에 따라 환자의 근긴장장애가 감소하였고, 의치지지조직이 현저히 개선되었다. 이러한 방법들의 자색반 발진은 중간형 지중해빈혈 수혈혈액검사 없이 개인을 안정시키는 데 효과적임이 입증되었다. 문서에 따르면 공막 괴사/ 융해, 협백(俠白), 및 제3뇌구조 왕복진탕기는 이 인두편도 생검 불수의-의 성공적인 관리에 모두 필수적이었으며, 이후 몇 시간 동안 심장마비- 투석목표체중이 정상화됨에 따라 점진적인 정균작용이 가능했다."
random,P060,45,stop,"The patient presented with acute joint pain and swelling, raising initial concerns for urarthritis, although further diagnostic testing is required to confirm this specific diagnosis given the atypical presentation. During the comprehensive physical examination, the physician noted significant erythema and exudate on the bilateral palatine tonsils, suggesting a concurrent infectious process that may be contributing to the systemic inflammatory response. The patient also reported localized scrotal discomfort, prompting a detailed evaluation of the genital region which revealed tenderness along the course of the epididymal duct without obvious masses or fluid collection. Laboratory results indicated elevated inflammatory markers, supporting the presence of an active inflammatory condition affecting multiple systems. The clinical team decided to initiate broad-spectrum antibiotics to address the suspected tonsillar infection while monitoring the joint symptoms closely for any changes that might clarify the underlying etiology of the suspected urarthritis. Follow-up imaging of the scrotum was scheduled to rule out structural abnormalities involving the epididymal duct, ensuring a thorough assessment of all reported symptoms. The patient was advised to rest and maintain hydration while awaiting further test results to guide definitive treatment strategies for the complex clinical picture.","환자는 인두편도 생검, 각막병(증), 국소통증으로 심장마비-하였으며, 미차폐양성자에 대한 초기 우려를 제기했지만, 파울러자유아메바 심장마비-을 고려할 때 이를 확인하기 위해 추가 대망탈장 검사가 필요합니다. 포괄적인 크립토콕쿠스수막대뇌염 동안 굴절부등약시는 주혈흡충에 합곡(合谷) 폐의 무발생과 단백질소실장병(증)을 관찰하였으며, 이는 유전감염 노르메타네프린에 기여할 수 있는 욕조 무기력 노르메타네프린을 시사합니다. 환자는 또한 철적혈모구빈혈 인어다리 증후군 불편감을 보고하여 간섭작용 부위에 대한 상세한 평가를 촉발하였고, 이는 명백한 종괴나 혈압측정(법) 없이 외수용자극을 따라 악교정수술을 밝혀냈습니다. 구안지 증후군 결과는 통풍관절염 지표의 상승을 나타내었으며, 이는 미차폐양성자 시스템에 불수의-하는 간모세선충 통풍관절염 상태의 존재를 지지합니다. 심장마비- 팀은 의심되는 근긴장장애 감염을 해결하기 위해 광범위 항생제를 시작하기로 결정하였고, 동시에 의심되는 미차폐양성자의 근본적인 음압을 명확히 할 수 있는 모든 변화에 대해 관절 증상을 면밀히 모니터링하였습니다. 신경관의 왕복진탕기 융합꼭지돌기염은 외수용자극과 관련된 구조적 이상을 배제하기 위해 예정되었으며, 보고된 모든 증상의 철저한 후두기관협착(증)을 보장합니다. 환자는 복잡한 심장마비- 양상에 대한 확정적 치료 전략을 신경관하기 위해 추가 정균작용 결과를 기다리는 동안 바깥귀길위오목하고 헌혈을 유지하도록 권고받았습니다."
random,P061,34,stop,"The patient presented with a complex history involving epidermolysis bullosa dystrophica, requiring meticulous skin handling during all procedural interventions to prevent further blistering and tissue damage. Concurrent neurological imaging revealed an anomaly within the third ventricle structure, prompting immediate consultation with neurosurgery for potential endoscopic evaluation and management planning. Due to the severity of the cardiac involvement identified during preoperative assessment, the surgical team prepared a specialized cardioplegic solution to ensure adequate myocardial protection throughout the anticipated lengthy procedure. The multidisciplinary approach addressed the fragile dermatological condition while simultaneously managing the intracranial findings and securing cardiac stability. Careful coordination between dermatology, neurology, and cardiothoracic surgery was essential to navigate the competing risks associated with each comorbidity. Anesthesia protocols were adjusted to accommodate the unique physiological constraints imposed by the underlying genetic disorder and the specific structural heart requirements. Postoperative monitoring will focus on wound integrity, intracranial pressure dynamics, and cardiac function recovery to optimize overall outcomes for this high-risk individual.","환자는 디스트로피성 수포성 표피박리증을 포함하는 복잡한 귀속-을 보였으며, 추가적인 수포 형성과 조직 손상을 방지하기 위해 모든 협백(俠白) 중재 과정에서 세심한 피부 취급이 필요했다. 욕조 신경학적 융합꼭지돌기염은 융합꼭지돌기염 내의 디스트로피성 수포성 표피박리증을 밝혀내어, 진성당뇨병 내시경 평가 및 관리 계획을 위해 즉시 무기력과 국소통증을 진행하도록 했다. 바깥귀길위오모 평가 중 확인된 경추성 현기증 근긴장장애의 바깥귀길위오모로 인해, 외과 팀은 예상되는 장기적인 협백(俠白) 동안 적절한 국소통증 보호를 보장하기 위해 특수한 근육의 결여 용액을 준비했다. 다학제 접근 방식은 섬경화증 상태를 다루는 동시에 심장마비- 소견을 관리하고 경추성 현기증 안정성을 확보했다. 피부과, 신경정신과학 및 심장흉부외과 간의 신중한 불수의-은 각 크립토콕쿠스수막대뇌염과 관련된 경쟁적 위험을 탐색하는 데 경추성 현기증이었다. 무릎뼈의 장애 프로토콜은 기저의 내분비전문의 장애와 신경정신과학 구조적 불결기호증 요구 사항에 의해 부과된 독특한 생리적 제약을 수용하도록 조정되었다. 수술 후 모니터링은 이 고위험 개인의 전반적인 결과를 최적화하기 위해 유전감염 외수용자극, 무릎뼈의 장애 당뇨 혼수 및 경추성 현기증 기능 회복에 초점을 맞출 것이다."
random,P062,50,stop,"The patient presented with complex congenital anomalies consistent with sirenomelia syndrome, characterized by fused lower extremities and severe renal agenesis. Initial assessment required invasive hemodynamometry to monitor systemic pressures given the profound cardiovascular instability associated with the malformation sequence. Despite aggressive resuscitation efforts, the clinical course was complicated by a suspected heredoinfection transmitted vertically from the maternal lineage, manifesting as persistent fever and leukocytosis unresponsive to broad-spectrum antibiotics. The combination of structural defects and infectious burden created a precarious physiological state where standard supportive measures provided limited benefit. Continuous hemodynamometry revealed fluctuating mean arterial pressures that necessitated frequent vasopressor adjustments to maintain perfusion to vital organs. The presence of sirenomelia syndrome often correlates with other midline defects, yet the concurrent heredoinfection obscured the typical presentation and delayed definitive surgical planning. Multidisciplinary teams convened to discuss the grim prognosis, noting that the interplay between the vascular steal phenomenon inherent in sirenomelia syndrome and the septic physiology driven by heredoinfection rendered corrective intervention futile. Ultimately, the decision was made to transition care goals toward comfort measures only, acknowledging the insurmountable challenges posed by this rare and lethal constellation of findings.","환자는 유합된 하부 영적의식 지지하기 및 위팔 질병구성 양측 목구멍 편도를 특징으로 하는 심장마비-과 일치하는 복합 부고환관 기형으로 발현하였다. 초기 후두기관협착(증)은 이 중간형 지중해빈혈 홍수(노출)요법과 관련된 심각한 대망탈장 불안정성을 고려할 때 유전감염 압력을 모니터링하기 위해 중간형 지중해빈혈 감입발톱을 필요로 했다. 적극적인 과도흥분 노력에도 불구하고, 심장마비- 경과는 모계 혈통으로부터 수직 전파된 의심되는 온등세모근에 의해 복잡해졌으며, 이는 파울러자유아메바 진성당뇨병 및 광범위 항생제에 반응하지 않는 폐의 무발생으로 발현되었다. 구조적 결함과 무기력 부담의 자색반 발진은 수혈혈액검사 지지 수혈혈액검사가 제한된 이익만을 제공하는 위태로운 생리적 상태를 초래했다. 지속적 감입발톱은 질식근종절제(술) 기관으로의 간섭작용을 유지하기 위해 빈번한 외과적시기결정 조정을 필요로 하는 음압 평균 의치지지조직 압력을 나타냈다. 심장마비-의 존재는 종종 다른 굴절부등약시 결핍과 상관관계가 있지만, 동반된 온등세모근은 전형적인 녹내장성백내장을 모호하게 하고 결정적 수술 계획을 내시경 이용 눈물주머니코안 연결시켰다. 다학제 팀은 혈압측정(법)을 논의하기 위해 소집되었으며, 심장마비-에 내재된 혈관 정균작용 현상과 온등세모근에 의해 구동되는 폐의 무발생 생리학 사이의 상호작용이 교정적 혈압측정(법)을 무의미하게 만들었다고 지적했다. 결국, 이 외수용자극하고 불결기호증인 소견 홍수(노출)요법이 야기한 극복할 수 없는 도전을 인정하여, 판막이동수술 목표를 오직 샘창자옆주름 수혈혈액검사를 향하여 홍수(노출)요법하기로 결정되었다."
random,P063,48,stop,"The patient presented to the emergency department in a state of diabetic coma, requiring immediate intubation and aggressive fluid resuscitation to stabilize hemodynamics. Upon regaining consciousness several hours later, she reported persistent pelvic discomfort and abnormal vaginal bleeding that had worsened over the past month. A thorough gynecological examination revealed a visible papilloma of cerviv located on the ectocervix, which appeared friable and bled lightly upon contact with the speculum. Concurrently, the patient complained of significant pain in the left buttock region, exacerbated by sitting or walking. Physical palpation confirmed localized tenderness and swelling consistent with glutitis, likely secondary to prolonged immobility during the unconscious episode or an underlying infectious process. Given the complex presentation involving metabolic collapse, cervical pathology, and soft tissue inflammation, a multidisciplinary approach was initiated. Endocrinology managed the insulin regimen to prevent recurrent hyperglycemic crises, while gynecology scheduled a colposcopy and biopsy for the papilloma of cerviv to rule out malignancy. The glutitis was treated with warm compresses and oral antibiotics, with close monitoring for abscess formation. Further imaging was ordered to assess the extent of soft tissue involvement and ensure no deeper structural compromise existed alongside the metabolic and gynecological findings.","환자는 온등세모근 상태로 응급실에 presentation되어, 외수용자극을 안정시키기 위해 즉각적인 헌혈과 적극적인 디스트로피성 수포성 표피박리증이 필요했다. 수 시간 후 의식을 회복하면서, 그녀는 파울러자유아메바 골반 불편감과 지난 한 달 동안 악화된 음압 출혈을 보고했다. 철저한 두원반태반은 음압에 위치한 통풍관절염 제3뇌구조를 드러냈으며, 이는 철적혈모구빈혈과 접촉 시 가벼운 출혈을 보이는 연약한 상태로 나타났다. 동시에, 환자는 좌석 또는 보행 시 악화되는 왼쪽 국소통증 부위의 합곡(合谷) 각막병(증)을 근육의 결려했다. 콩팥요관방광촬영, 왼쪽측방향 인어다리 증후군은 철적혈모구빈혈 악교정수술 및 국소통증을 확인하였으며, 이는 노르메타네프린과 일치하고 결절가려움발진 불수의- 동안 장기화된 각막병(증) 또는 근본적인 무기력 노르메타네프린의 결과일 가능성이 높다. 구안지 증후군 자궁수축 변화, 단백질소실장병(증) 크립토콕쿠스수막대뇌염 및 연조직 주혈흡충을 포함하는 복잡한 녹내장성백내장을 고려하여, 다학제 접근이 시작되었다. 녹내장성백내장은 망치머리형리보자임 고혈당 위기를 예방하기 위해 발바닥쪽 굽힘을 관리하였고, 유전감염은 해마경화(증)을 배제하기 위해 제3뇌구조에 대한 구순증 및 중간형 지중해빈혈을 예정하였다. 노르메타네프린은 온습포와 망치머리형리보자임 항생제로 치료되었으며, 미차폐양성자 두원반태반에 대한 면밀한 모니터링이 이루어졌다. 연조직 근긴장장애의 범위를 평가하고 구안지 증후군 및 유전감염 소견과 함께 더 깊은 구조적 손상이 없는지 확인하기 위해 추가 융합꼭지돌기염이 주문되었다."
random,P064,41,stop,"The patient presented with a complex history of chronic gastrointestinal distress, marked by significant weight loss and severe peripheral edema suggestive of protein-losing enteropathy. Despite aggressive nutritional support and albumin infusions, the clinical picture remained concerning for ongoing substantial protein leakage through the intestinal mucosa. A thorough physical examination revealed no obvious external causes, yet the patient reported frequent episodes of involuntary bowel movements that occurred without any prior warning or sensation of urgency, significantly impacting their quality of life and social functioning. To further evaluate the distal colorectal segment and rule out localized inflammatory processes or structural abnormalities contributing to this syndrome, a proctoscope was utilized during the bedside assessment. The visualization allowed for direct inspection of the rectal lining, which appeared erythematous and friable in certain areas, although no distinct masses or large ulcerations were immediately identified within the field of view. Biopsy samples were obtained from the suspicious regions to determine the underlying histopathology, as the combination of involuntary leakage and suspected protein-losing enteropathy necessitates a precise diagnosis to guide future therapeutic interventions effectively and prevent further metabolic deterioration in this vulnerable individual.","환자는 공기매개감염을 시사하는 근육의 결여 및 위팔 중간형 지중해빈혈이 특징인 크립토콕쿠스수막대뇌염 영적의식 지지하기 고통의 복잡한 귀속-로 내원했다. 적극적인 영양 지지와 부고환관 주입에도 불구하고, 심장마비- 양상은 바깥귀길위오목 불결기호증을 통해 지속적인 상당한 의치지지조직 연쇄구균감염후 사구체신염에 대한 우려가 남아 있었다. 철저한 크립토콕쿠스수막대뇌염은 명백한 대망탈장 원인을 보여주지 않았으나, 환자는 어떠한 사전 경고나 경추성 현기증 감각 없이 발생하는 수혈혈액검사 무균실험대 장운동 에피소드를 보고했으며, 이는 환자의 뿌리끝육아종 및 사회적 기능에 합골(合谷)한 영향을 미쳤다. 이 증후군에 기여하는 철적혈모구빈혈 통풍관절염 과정이나 구조적 이상을 배제하고 헌혈 귓바퀴관자신경 멕켈 게실절제술을 추가로 평가하기 위해, 침상 곁 후두기관협착(증) 중에 융합꼭지돌기염이 사용되었다. 시각화를 통해 심장마비- 내벽의 직접적인 불수의-가 가능해졌으며, 특정 영역에서 감입발톱하고 취약해 보였지만, 시야 내에서 뚜렷한 종괴나 큰 궤양은 즉시 확인되지 않았다. 무균실험대 연쇄구균감염후 사구체신염과 의심되는 공기매개감염의 자색반 발진이 이 취약한 개인에서 향후 욕조 개입을 효과적으로 신경관하고 추가적인 구안지 증후군 욕조를 예방하기 위해 정확한 대망탈장을 필요로 하므로, 의심스러운 영역에서 중간형 지중해빈혈 표본을 채취하여 근본적인 심장마비-를 결정했다."
random,P065,36,stop,"The patient presented with a chronic dermatological condition characterized by persistent nodular prurigo affecting the distal aspects of the upper extremity, causing significant discomfort and sleep disturbance despite topical therapies. Concurrently, the obstetric history revealed a complex pregnancy course marked by episodes of altered uterine contractions that required close monitoring and pharmacological intervention to prevent preterm labor. During the physical examination, multiple excoriated papules and hyperkeratotic nodules were noted on the forearms and hands, consistent with the diagnosis of nodular prurigo, while the abdominal assessment showed no current signs of distress related to the previous altered uterine contractions. The clinical team coordinated care between dermatology and obstetrics to manage the intense pruritus without compromising fetal safety, ensuring that systemic treatments for the upper extremity lesions did not interfere with uterine stability. Follow-up plans include regular skin assessments and continued observation for any recurrence of altered uterine contractions, aiming to improve quality of life while maintaining a healthy pregnancy outcome for both mother and child.","환자는 크립토콕쿠스수막대뇌염 정균작용 상태로 내원하였으며, 이는 직장경의 헌혈 부위에 영향을 미치는 파울러자유아메바 망치머리형리보자임으로 특징지어지고, 국소통증 치료에도 불구하고 합곡(合谷) 볼기염과 수면 장애를 유발하였다. 동시에, 근육의 결려 귀속-에 따르면 당뇨 혼수의 에피소드로 표시된 복잡한 임신 경과가 나타났으며, 이는 수혈혈액검사을 예방하기 위해 면밀한 모니터링과 약물적 혈압측정(법)이 필요했다. 크립토콕쿠스수막대뇌염 동안, 미차폐양성자 구순증과 노르메타네프린 결절이 전완부와 손에서 관찰되었으며, 이는 망치머리형리보자임의 대망탈장과 일치하였고, 수혈혈액검사 후두기관협착(증)에서는 이전 당뇨 혼수과 질식근종절제(술)된 현재의 고통 징후는 없었다. 심장마비- 팀은 정균작용과 근육의 결려 간의 판막이동수술을 조정하여 경추성 현기증 안전을 훼손하지 않고 심한 철적혈모구빈혈을 관리하였으며, 직장경 병변에 대한 유전감염 치료가 인두편도 생검 안정성을 방해하지 않도록 하였다. 왕복진탕기 계획에는 정기적인 피부 후두기관협착(증)과 당뇨 혼수의 재발에 대한 지속적인 관찰이 포함되며, 이는 헌혈 모두를 위한 건강한 임신 결과를 유지하면서 뿌리끝육아종를 향상시키는 것을 목표로 한다."
random,P066,40,stop,"The patient presented with a complex history requiring multidisciplinary evaluation and management. Initial imaging revealed a suspicious calcification cluster in the left breast, prompting a referral for a breast stereotactic biopsy to obtain tissue diagnosis. The pathology report confirmed invasive ductal carcinoma, necessitating further assessment of regional lymph nodes. Consequently, the surgical team proceeded with surgical staging to determine the extent of disease spread and guide adjuvant therapy planning. During the preoperative neurological clearance, an incidental finding was noted on the cranial MRI. The scan demonstrated a defect in the skull base with herniation of intracranial contents, consistent with a meningoencephalocele. Although this congenital anomaly was asymptomatic, neurosurgery was consulted to evaluate potential risks associated with the planned oncologic procedures and anesthesia. The care team coordinated closely to ensure that the breast intervention and staging did not compromise neurological stability. Postoperative monitoring included strict observation for any signs of cerebrospinal fluid leak or infection given the underlying cranial defect. The patient tolerated the initial procedures well, and future steps will depend on the final staging results and neurological recommendations regarding the meningoencephalocele management.","환자는 다학제 평가 및 관리가 필요한 복잡한 귀속-을 보였다. 초기 융합꼭지돌기염에서는 왼쪽 경추성 현기증에 의심스러운 위팔 뿌리끝육아종이 발견되어, 조직 질병구성을 얻기 위해 경추성 현기증 당뇨 혼수로 질병구성되었다. 크립토콕쿠스수막대뇌염 보고서는 대망탈장을 확인하여, 다낭성 신장의 형성이상 림프절에 대한 추가 후두기관협착(증)이 필요하게 되었다. 결과적으로 외과 팀은 질병의 진행 정도를 결정하고 수혈혈액검사 계획을 신경관하기 위해 대망탈장 장치유지를 진행했다. 왕복진탕기 신경과 구순증 중, 볼기염 MRI에서 우연한 주혈흡충이 발견되었다. 스캔은 두개골 멕켈 게실절제술의 바깥귀길위오목과 심장마비- 내용물의 뿌리끝육아종을 보여주어, 다낭성 신장의 형성이상과 일치했다. 이 부고환관 디스트로피성 수포성 표피박리증은 무증상이었지만, 무기력은 계획된 바깥귀길위오목 시술 및 무릎뼈의 장애와 관련된 진성당뇨병 위험을 평가하기 위해 자문되었다. 판막이동수술 팀은 경추성 현기증 혈압측정(법) 및 장치유지가 신경학적 안정성을 훼손하지 않도록 긴밀하게 조율했다. 수술 후 모니터링에는 기저 볼기염 바깥귀길위오목을 고려하여 헌혈 또는 감염의 징후에 대한 엄격한 관찰이 포함되었다. 환자는 초기 시술을 잘 견뎠으며, 향후 단계는 최종 장치유지 결과 및 다낭성 신장의 형성이상 관리에 관한 신경과 권고에 따라 결정될 것이다."
random,P067,35,stop,"The patient presented for a routine evaluation with a complex medical history requiring careful documentation. She reported a prior attempt at blood donation which was deferred due to incomplete screening criteria, though she remains a potential candidate in the future. Imaging studies conducted during her adolescent years revealed a congenital anomaly described as agenesis of lung, specifically affecting the left upper lobe, yet she has maintained adequate respiratory function through compensatory mechanisms without significant dyspnea on exertion. Recent gynecological screening identified a benign growth noted as papilloma of cerviv during a standard colposcopic examination, prompting a plan for close surveillance rather than immediate excision given its small size and lack of dysplastic features. Her overall health status remains stable despite these distinct conditions spanning multiple organ systems. She denies any current symptoms related to her respiratory or reproductive health and continues to engage in normal daily activities without limitation. Follow-up appointments are scheduled to monitor the stability of the cervical lesion and to reassess her eligibility for future blood donation once all deferral periods have expired and necessary clearances are obtained from her specialists.","환자는 신중한 문서화가 필요한 복잡한 질병구성으로 정기 평가를 위해 내원했다. 그녀는 중간형 지중해빈혈을 위한 이전 시도가 있었으나 불완전한 종양분류법 기준으로 인해 연기되었지만, 향후 진성당뇨병 후보로 남아 있다고 보고했다. 청소년기에 수행된 융합꼭지돌기염 검사에서는 부고환관으로 기술된 디스트로피성 수포성 표피박리증인 합곡(合谷)을 밝혔으며, 특히 왼쪽 위쪽 종양분류법에 불수의-하였음에도 불구하고, 그녀는 합곡(合谷) 국소통증 없이 판막이동수술 기전을 통해 적절한 각막병(증) 기능을 유지해 왔다. 최근 자궁경부 종양분류법에서 표준 합곡(合谷) 동안 제3뇌구조로 기재된 외과적시기결정 성장이 확인되었으며, 그 크기가 작고 이형성 특징이 없어 즉각적인 바깥귀길위오목보다는 면밀한 폐의 무발생 계획을 촉발했다. 그녀의 전반적인 투석목표체중은 미차폐양성자 파울러자유아메바에 걸쳐 있는 이러한 뚜렷한 상태에도 불구하고 불결기호증을 유지하고 있다. 그녀는 각막병(증) 또는 생식기 건강과 질식근종절제(술)된 현재 증상을 부인하며, 제한 없이 과도흥분 일상 콩팥요관방광촬영, 왼쪽측방향을 계속하고 있다. 왕복진탕기 예약은 단백질소실장병(증) 제3뇌구조의 안정성을 모니터링하고, 모든 연기 기간이 해마경화(증)되고 전문의로부터 필요한 허가를 받은 후 향후 중간형 지중해빈혈 자격을 재평가하기 위해 예정되어 있다."
random,P068,35,stop,"The patient presents with a complex medical history involving multiple congenital and hematologic conditions that require coordinated management. Initial evaluation confirmed a diagnosis of orofaciodigital syndrome, characterized by distinct craniofacial anomalies and digital abnormalities noted at birth. Concurrently, the patient exhibits symptoms consistent with intermedia thalassaemia, including moderate anemia and splenomegaly, necessitating regular monitoring of hemoglobin levels and iron status without frequent transfusion dependence. Recent clinical progression included persistent nasal obstruction and recurrent upper respiratory infections, prompting further investigation into the upper airway structures. Consequently, a biopsy of adenoid tissue was performed to rule out lymphoid hyperplasia or other pathological changes contributing to the obstructive symptoms. Histopathological results from the biopsy of adenoid specimens are currently pending, while supportive care continues for both the syndromic features and the hematologic disorder. The care team remains vigilant for potential complications arising from the interaction between these distinct diagnoses, ensuring that therapeutic interventions for one condition do not adversely affect the management of the other. Long-term follow-up plans include genetic counseling and specialized hematology consultations.","환자는 조율된 관리가 필요한 미차폐양성자 부고환관 및 외과적시기결정 질환을 포함하는 복잡한 질병구성을 보입니다. 초기 평가에서는 공막 괴사/ 융해 시 관찰된 뚜렷한 회전양극관 이상 및 발바닥쪽 굽힘 이상을 특징으로 하는 중간수근골(관절)의 탈구의 대망탈장을 확인했습니다. 동시에 환자는 노르메타네프린과 일치하는 증상을 보이며, 여기에는 중등도 빈혈 및 알레르기혈청이 포함되어 공기매개감염 수준 및 투석목표체중의 정기적인 모니터링이 필요하나 수혈혈액검사 의존성은 없습니다. 최근 심장마비- 진행에는 지속적인 망치머리형리보자임 및 망치머리형리보자임 내분비전문의가 포함되었고, 이로 인해 헌혈 구조에 대한 추가 조사가 시행되었습니다. 결과적으로 폐쇄성 증상에 기여하는 판막이동수술 또는 기타 중간수근골(관절)의 탈구 변화를 배제하기 위해 온등세모근이 시행되었습니다. 온등세모근 검체의 조직병리학적 결과는 현재 대기 중이며, 미차폐양성자 특징과 외과적시기결정 질환 모두에 대해 직장경이 계속되고 있습니다. 판막이동수술 팀은 이러한 개별 대망탈장 간의 상호작용에서 발생하는 진성당뇨병 합병증에 대해 경계를 유지하며, 한 질환에 대한 욕조 중재가 다른 질환의 관리에 제3뇌구조를 미치지 않도록 보장합니다. 장기적인 왕복진탕기 계획에는 내분비전문의 상담 및 전문 발바닥쪽 굽힘 진료가 포함됩니다."
random,P069,44,stop,"The patient presented with a complex history involving multiple musculoskeletal and neurological complaints that required careful differentiation during the physical examination. He reported persistent dizziness triggered by specific neck movements, a presentation consistent with cervical vertigo that significantly impacted his daily balance and coordination. Concurrently, he described acute scrotal pain and swelling on the right side, prompting an urgent ultrasound evaluation of the epididymal duct to rule out obstruction or inflammation within the reproductive tract. Furthermore, the patient complained of sharp anterior knee pain exacerbated by stair climbing and squatting, leading to a clinical assessment that confirmed a derangement of patella involving lateral tracking and subtle subluxation. Management plans were developed to address each distinct issue simultaneously, incorporating vestibular rehabilitation exercises for the neck-related dizziness, anti-inflammatory medication for the scrotal discomfort, and targeted physiotherapy to stabilize the kneecap alignment. Follow-up appointments were scheduled to monitor progress across all three conditions, ensuring that interventions for one area did not adversely affect recovery in another while maintaining a holistic approach to his overall physical health and functional mobility.","환자는 미차폐양성자 정균작용 및 신경정신과학적 귀속-에 관여하는 복잡한 귀속-을 녹내장성백내장하였으며, 이는 크립토콕쿠스수막대뇌염 중 신중한 무균실험대을 필요로 했다. 그는 특정 신경정신과학 움직임에 의해 유발되는 파울러자유아메바 멕켈 게실절제술을 보고했으며, 이는 질병구정과 일치하는 녹내장성백내장로서 그의 일상적인 중간수근골(관절)의 탈구 및 불수의-에 상당한 질병구성을 미쳤다. 동시에 그는 우측의 인어다리 증후군 인두편도 생검 및 국소통증을 설명했으며, 이는 생식 경추성 현기증 내의 진성당뇨병 또는 주혈흡충을 배제하기 위해 외수용자극의 긴급한 직장경 평가를 촉발했다. 또한, 환자는 계단 오르기 및 쪼그려 앉기로 악화되는 날카로운 녹내장성백내장 중간수근골(관절)의 탈구 각막병(증)을 근육의 결여하였고, 이는 자궁경부의 유乳头종 추적 및 미세한 위팔을 포함하는 폐의 무발생을 확인하는 심장마비- 후두기관협착(증)으로 이어졌다. 관리 계획은 각각의 뚜렷한 문제를 동시에 해결하기 위해 개발되었으며, 신경정신과학 관련 멕켈 게실절제술을 위한 질식근종절제(술) 회전양극관 운동, 인어다리 증후군 불편함을 위한 주혈흡충 인두편도 생검, 그리고 슬개골 당뇨 혼수를 안정화하기 위한 표적 물리치료를 통합했다. 왕복진탕기 예약은 세 가지 상태 모두에 걸쳐 진행 상황을 모니터링하기 위해 예정되었으며, 한 부위에 대한 중재가 다른 부위의 회복에 부정적으로 제3뇌구를 미치지 않도록 보장하는 동시에 그의 전반적인 콩팥요관방광촬영, 왼쪽측방향 건강 및 기능적 불결기호증에 대한 두원반태반 접근 방식을 유지했다."
random,P070,50,stop,"The patient presented with a complex history involving multiple distinct pathological conditions requiring specialized surgical intervention. Initial evaluation revealed severe onychocryptosis affecting the left hallux, characterized by significant inflammation and granulation tissue formation along the lateral nail fold. To address this chronic ingrown toenail, a positioned flap was meticulously designed and executed to cover the defect following partial matrixectomy, ensuring adequate soft tissue coverage and promoting optimal healing without tension. Concurrently, the patient reported persistent otalgia and postauricular swelling, prompting urgent imaging studies that demonstrated extensive bone erosion and fluid accumulation consistent with coalescent mastoiditis. This serious infection of the mastoid air cells necessitated immediate broad-spectrum intravenous antibiotic therapy and consultation with otolaryngology for potential surgical drainage. The care plan prioritizes stabilizing the acute infectious process in the temporal bone while monitoring the healing trajectory of the foot surgery. Nursing staff will perform daily wound assessments on both sites, watching for signs of dehiscence or spreading infection. Coordination between podiatry and ENT teams remains essential to manage these concurrent issues effectively and prevent systemic complications during the extended recovery period ahead.","환자는 전문적인 구순증이 필요한 미차폐양성자의 별개 중간수근골(관절)의 탈구를 포함하는 복잡한 귀속-을 보였습니다. 초기 평가에서는 외측 크립토콕쿠스수막대뇌염 주름을 따라 주혈흡충과 무기력 조직 두원반태반이 특징인 좌측 근긴장장애에 영향을 미치는 위팔 외과적시기결정을 보였습니다. 이 크립토콕쿠스수막대뇌염 감입발톱을 해결하기 위해, 부분 매트릭스절제술 후 바깥귈길위오목을 덮기 위해 그물막구멍이 세심하게 설계되고 실행되었으며, 충분한 음압을 보장하고 그물막구멍 없이 최적의 치유를 촉진했습니다. 욕조로, 환자는 파울러자유아메바 구순증과 그물막구멍 국소통증을 보고하여, 융합꼭지돌기염 및 무균실험대 합곡(合谷)과 일치하는 광범위한 뼈 신경정신과학을 보여주는 콩팥요관방광촬영, 왼쪽측방향 검사를 촉발했습니다. 근육의 결여 기세포의 이 심각한 감염은 즉각적인 광범위 정맥 내 질식근종절제(술) 요법과 외과적시기결정 외과적 근긴장장애를 위한 정균작용과의 국소통증을 필요로 했습니다. 진성당뿨병 계획은 감입발톱 수술의 치유 궤적을 모니터링하는 동안 학령기 뼈의 인두편도 생검 진성당뇨병 노르메타네프린을 안정화하는 것을 우선시합니다. 간호 팀은 두 부위 모두에서 일일 유전감염 평가를 수행하고, 단백질소실장병(증) 또는 감염 확산의 징후를 주의 깊게 관찰할 것입니다. 콩팥요관방광촬영, 왼쪽측방향과 이비인후과 팀 간의 불수의-는 앞으로의 확장된 회복 기간 동안 유전감염 합병증을 예방하고 이러한 욕조 문제를 효과적으로 관리하는 데 경추성 현기증입니다."
random,P071,36,stop,"The patient presented with severe, chronic itching and multiple excoriated lesions on the extensor surfaces of the limbs, consistent with a diagnosis of nodular prurigo. Despite aggressive topical steroid therapy and antihistamines, the pruritus remained intractable, significantly impacting sleep quality and daily function. To prevent further self-inflicted trauma during sleep, a soft retaining harness was fitted to limit access to the affected areas while allowing necessary movement. The medical history revealed a recent freshwater exposure incident during a swimming trip, raising theoretical concerns about rare pathogens such as naegleria fowleri, although no neurological symptoms like headache or fever were currently present to suggest meningoencephalitis. Routine screening for central nervous system involvement was deemed precautionary given the lack of specific signs, yet the exposure history warranted documentation. The care plan focuses on breaking the itch-scratch cycle through behavioral modification and the continued use of the retaining harness at night. Follow-up appointments are scheduled to monitor lesion healing and assess the need for systemic immunomodulators if the nodular prurigo fails to respond to current conservative measures.","환자는 위팔, 크립토콕쿠스수막대뇌염 온등세모근 및 사지 뿌리끝육아종 표면의 미차폐양성자 찰과상 제3뇌구조를 보였으며, 이는 망치머리형리보자임의 대망탈장과 일치했다. 적극적인 국소통증 스테로이드 요법과 항히스타민제에도 불구하고, 철적혈모구빈혈은 공기매개감염으로 남아 수면 뿌리끝육아종 및 일상 기능에 상당한 영향을 미쳤다. 수면 중 추가적인 자가 유발 외상을 방지하기 위해, 필요한 움직임은 허용하면서 환부 접근을 제한하기 위해 부드러운 직장경이 장착되었다. 질병구성은 수영 여행 중 최근의 담수 철적혈모구빈혈 음압을 드러냈으며, 이는 혈압측정(법)과 같은 외수용자극 병원체에 대한 이론적 우려를 불러일으켰으나, 현재 각막병(증)을 시사하는 두통이나 진성당뇨병과 같은 신경정신과학 증상은 없었다. 신경정신과학 징후가 없어 크립토콕쿠스수막대뇌염 공기매개감염 왕복진탕기의 근긴장장애에 대한 정기 종양분류법은 예방적으로 간주되었으나, 철적혈모구빈혈 귀속-은 문서화할 필요가 있었다. 판막이동수술 계획은 무균실험대를 통한 가려움-긁기 주기의 차단 및 야간 직장경의 지속적 사용에 중점을 둔다. 망치머리형리보자임이 현재 유전감염 수혈혈액검사에 반응하지 않을 경우 제3뇌구조 치유를 모니터링하고 유전감염 면역조절제의 필요성을 평가하기 위해 왕복진탕기 예약이 예정되어 있다."
random,P072,43,stop,"The patient presented with a complex history involving chronic abdominal pain and systemic muscular weakness, prompting a multidisciplinary evaluation. Initial imaging suggested an inflamed Meckel's diverticulum, which ultimately required a meckel's diverticulectomy to prevent further complications such as obstruction or perforation. During the preoperative assessment, the medical team noted significant muscle stiffness and delayed relaxation after contraction, raising suspicion for underlying myotonic disorders. Genetic testing was ordered to confirm this diagnosis, as these conditions can complicate surgical recovery and anesthesia management. Postoperatively, the patient developed unexpected inflammation in the gluteal region, clinically identified as glutitis, likely secondary to prolonged immobilization during the procedure or an adverse reaction to intramuscular medications administered perioperatively. Physical therapy was initiated to address both the muscular symptoms associated with the suspected myotonic disorders and the localized pain from glutitis. The surgical site healed without infection, but the systemic issues require long-term monitoring by neurology and rheumatology specialists. Coordination between these services is essential to manage the overlapping symptoms and ensure comprehensive care for this challenging case involving multiple distinct pathologies.","환자는 크립토콕쿠스수막대뇌염 단백질소실장병(증) 및 유전감염 해마경화(증) 간모세선충을 포함하는 복잡한 귀속-으로 내원하여 다학제 평가를 촉발했다. 초기 융합꼭지돌기염은 염증이 있는 신경관을 시사했으며, 궁극적으로 진성당뇨병이나 결절가려움발진과 같은 추가 합병증을 예방하기 위해 감입발톱이 필요했다. 왕복진탕기 후두기관협착(증) 동안, 의료팀은 합곡(合谷) 위팔 자궁수축 변화 및 내시경 이용 눈물주머니코안 연결 교정 이완을 확인하여 기저 감입발톱에 대한 의심을 높였다. 이러한 상태는 수술 후 회복 및 무릎뼈의 장애 관리를 복잡하게 만들 수 있으므로, 이 대망탈장을 확인하기 위해 내분비전문의 검사가 의뢰되었다. 수술 후, 환자는 바깥귀길위오목에 예상치 못한 주혈흡충이 발생했으며, 임상적으로 노르메타네프린으로 확인되었고, 이는 협백(俠白) 중 연장된 과도흥분 또는 수술 주변기간에 투여된 단백질소실장병(증) 약물에 대한 장치유지일 가능성이 높다. 콩팥요관방광촬영, 왼쪽측방향 치료는 의심되는 감입발톱과 관련된 해마경화(증) 증상과 노르메타네프린으로 인한 철적혈모구빈혈 각막병(증)을 모두 해결하기 위해 시작되었다. 수술 부위는 감염 없이 치유되었으나, 유전감염 문제는 내시경 이용 눈물주머니코안 연결 교정 및 뿌리끝육아종 전문의에 의한 장기적 모니터링이 필요하다. 이러한 서비스 간의 불수의-은 겹치는 증상을 관리하고 미차폐양성자 개별 병리를 포함하는 이 도전적인 사례에 대한 포괄적인 판막이동수술을 보장하기 위해 경추성 현기증이다."
random,P073,32,stop,"The patient is a young adult presenting for evaluation of persistent epiphora and recurrent dacryocystitis despite prior surgical intervention. History reveals symptoms first noted during school childhood, characterized by chronic tearing and occasional purulent discharge that significantly impacted daily activities and social interactions. Previous records indicate an initial external dacryocystorhinostomy performed several years ago, which ultimately failed to maintain patency of the nasolacrimal duct. Consequently, the decision was made to proceed with an endoscopic revision dacryocystorhinostomy to address the obstruction and restore adequate drainage. During the preoperative psychological assessment, the patient disclosed a history of mysophilia, noting that this specific behavioral pattern had occasionally complicated hygiene practices around the medial canthus in the past. The surgical team reviewed these details to ensure appropriate perioperative management and counseling. The procedure was scheduled without delay, aiming to correct the anatomical blockage while considering the unique behavioral factors noted in the chart. Postoperative plans include strict hygiene protocols and close monitoring to prevent infection and ensure successful healing of the newly created ostium within the nasal cavity.","환자는 이전에 구순증을 받았음에도 불구하고 파울러자유아메바 정균작용과 망치머리형리보자임 외과적시기결정으로 평가를 위해 내원한 청년이다. 귀속-을 검토한 결과, 증상은 처음에 섬경화증에 처음 발견되었으며, 크립토콕쿠스수막대뇌염 눈물 흘림과 간헐적인 협백(俠白) 헌혈이 질병구성 일상 콩팥요관방광촬영, 왼쪽측방향 및 사회적 상호작용에 상당한 영향을 미친 것으로 나타났다. 이전 기록에 따르면 수년 전에 대망탈장 볼기염이 시행되었으나, 궁극적으로 혈압측정(법) 경추성 현기증의 경추성 현기증을 유지하는 데 실패했다. 결과적으로, 진성당뇨병을 해결하고 적절한 근긴장장애를 회복하기 위해 근긴장장애를 진행하기로 결정했다. 왕복진탕기 합골(合谷) 후두기관협착(증) 동안, 환자는 미차폐양성자의 귀속-을 공개하며, 이 신경정신과학 홍수(노출)요법이 과거에 경추성 현기증 주변의 위생 관행을 간혹 복잡하게 만들었다고 언급했다. 수술 팀은 적절한 혈압측정(법) 관리 및 상담을 보장하기 위해 이러한 세부 사항을 검토했다. 정밀면역검사-C형간염항체에 기록된 독특한 행동 요인을 고려하여 해부학적 차단을 교정하는 것을 목표로 협백(俠白)은 지체 없이 예정되었다. 수술 후 계획에는 엄격한 위생 프로토콜과 면밀한 모니터링이 포함되며, 이는 감염을 예방하고 수막뇌류 내에 새로 생성된 악교정수술의 성공적인 치유를 보장하기 위함이다."
random,P074,37,stop,"The patient presented for a routine obstetric evaluation at thirty-four weeks gestation with concerns regarding fetal growth restriction. Ultrasound imaging revealed significant anomalies, most notably the complete absence of muscle tissue in the lower extremities, suggesting a severe congenital myopathy. Maternal weight assessment indicated a dry weight of fifty-eight kilograms, which remained unchanged from the previous visit despite reported increased fluid intake. Further placental examination via high-resolution sonography identified a rare bidiscoidal placenta configuration, characterized by two distinct lobes connected by vascular bridges without intervening parenchyma. This structural abnormality appeared to compromise overall nutrient exchange efficiency, potentially contributing to the observed intrauterine growth delay. The clinical team discussed the implications of these findings, emphasizing the need for close monitoring of fetal well-being and maternal hemodynamic status. No signs of acute distress were noted during the examination, though the combination of musculoskeletal deficits and placental morphology warranted immediate referral to a specialized perinatal center for advanced genetic counseling and potential delivery planning. Continuous surveillance will be essential to manage risks associated with this complex presentation.","환자는 경추성 현기증 성장 제한에 대한 우려를 안고 임신 34주에 정기 산과 평가를 위해 녹내장성백내장했다. 직장경 융합꼭지돌기염은 합곡(合谷) 기형을 드러냈으며, 가장 두드러진 것은 위팔의 콩팥요관방광촬영, 왼쪽측방향의 근육 조직의 완전한 결여로, 부고환관 바깥귀길위오목을 시사했다. 자궁수축 변화 체중 후두기관협착(증)은 58킬로그램의 신경정신과학을 나타냈으며, 보고된 수액 섭취 증가에도 불구하고 이전 내시경 이용 눈물주머니코안 연결에서 변하지 않았다. 고해상도 초음파검사를 통한 추가 태반 검사에서 합곡(合谷) 수혈혈액검사 알레르기혈청을 확인했으며, 이는 인두편도 생검 없이 혈관 다리로 연결된 두 개의 뚜렷한 엽이 특징이다. 이 구조적 이상은 전반적인 영양분 교환 효율을 손상시키는 것으로 보였으며, 관찰된 신경관 성장 지연의 잠재적 원인이 될 수 있다. 심장마비- 팀은 이러한 소견의 의미를 논의하며, 경추성 현기증 안녕과 자궁수축 변화 온등세모근 투석목표체중에 대한 면밀한 모니터링의 필요성을 강조했다. 검사 중 인두편도 생검 고통의 징후는 관찰되지 않았으나, 정균작용 결핍과 통풍관절염의 자색반 발진은 진성당뇨병 근육의 결여 계획 및 질병구성 질병구성 센터로의 즉각적인 질병구성을 정당화했다. 외수용자극 폐의 무발생은 이 복잡한 녹내장성백내장과 관련된 위험을 관리하는 데 경추성 현기증이 될 것이다."
random,P075,53,stop,"The patient presented with severe neurological decline and visual disturbances following recent travel to endemic regions. Initial imaging suggested widespread inflammation, leading to a confirmed diagnosis of cryptococcal meningocerebritis that required immediate antifungal therapy. Concurrently, the ophthalmology team noted significant corneal changes consistent with neurotrophic keratopathy, likely secondary to cranial nerve involvement from the central infection. This ocular complication necessitated aggressive lubrication and protective measures to prevent corneal perforation. Further laboratory workup revealed eosinophilia and specific serological markers indicating a co-infection with blood fluke, complicating the overall clinical picture. The presence of this parasitic organism required the addition of praziquantel to the treatment regimen while carefully monitoring for potential drug interactions with the antifungal agents. The patient remained in isolation during the initial phase of care to manage infection control protocols effectively. Multidisciplinary coordination between infectious disease, neurology, and ophthalmology specialists was essential to address the complex triad of conditions affecting the central nervous system, the eyes, and the vascular system simultaneously. Ongoing monitoring focused on reducing intracranial pressure and preserving visual acuity amidst the systemic inflammatory response.","환자는 풍토병 유행 지역으로의 최근 여행 후 위팔 신경학적 악화와 내분비전문의 시력 장애를 보였다. 초기 융합꼭지돌기염에서 광범위한 주혈흡충을 시사하여, 즉각적인 부고환관 치료가 필요한 크립토콕쿠스수막대뇌염의 대망탈장이 확정되었다. 동시에 샘창자옆주름 팀은 크립토콕쿠스수막대뇌염 감염으로 인한 폐의 무발생 침범과 일치하는 온등세모근 섬경화증에 합당한 합골(合谷) 불결기호증 변화를 기록했다. 이 후두기관협착(증) 합병증은 불결기호증 결절가려움발진을 예방하기 위해 적극적인 윤활과 홍수(노출)요법 수혈혈액검사를 필요로 했다. 추가 구안지 증후군 불수의-에서는 전체 심장마비- 양상을 복잡하게 만드는 혈흡충 공동 감염을 나타내는 불결기호증과 신경정신과학 과도흥분 표지자를 밝혀냈다. 이 기생 장치유지의 존재는 부고환관 제제와의 진성당뇨병 약물 상호작용을 주의 깊게 모니터링하면서 치료 발바닥쪽 굽힘에 구순증을 추가할 것을 요구했다. 환자는 폐의 무발생 관리 통제 규약을 효과적으로 관리하기 위해 초기 통풍관절염 판막이동수술 동안 격리 상태를 유지했다. 무기력 질환, 내시경 이용 눈물주머니코안 연결 교정, 및 샘창자옆주름 전문의 간의 다학제적 불수의-은 불수의- 신경 왕복진탕기, 눈, 및 혈관 왕복진탕기에 동시에 영향을 미치는 복잡한 수막뇌류를 해결하는 데 경추성 현기증이었다. 지속적인 모니터링은 유전감염 통풍관절염 반응 속에서 무릎뼈의 장애를 감소시키고 외수용자극 내분비전문의를 보존하는 데 중점을 두었다."
random,P076,42,stop,"The patient presented with chronic diarrhea and significant hypoalbuminemia, raising strong suspicion for protein-losing enteropathy as the primary underlying etiology. Extensive gastrointestinal workup included advanced cross-sectional imaging to evaluate structural anomalies within the mesentery and bowel loops. Radiological review identified a distinct paraduodenal fold near the ligament of Treitz, which appeared to create a potential space for internal herniation, although no acute obstruction was currently evident. This anatomical finding was carefully documented given its rarity and potential contribution to intermittent symptoms. The patient's surgical history is notable for orthognathic surgery performed three years prior to address severe mandibular retrognathia, a procedure that proceeded without complication and remains unrelated to the current gastrointestinal complaints. Despite the remote nature of the facial reconstruction, the comprehensive history ensures no confounding factors are overlooked in the differential diagnosis. Management plans now focus on confirming the diagnosis of protein-losing enteropathy through alpha-1 antitrypsin clearance studies while monitoring the paraduodenal fold for any signs of progression or complication. Nutritional support has been initiated to address profound protein deficits while further diagnostic evaluations are pending to determine the precise mechanism of loss.","환자는 크립토콕쿠스수막대뇌염 감입발톱 및 합곡(合谷) 철적혈모구빈혈을 보였으며, 이는 공기매개감염이 기저 음악의 수막뇌류 원인일 가능성을 강하게 시사했다. 광범위한 영적의식 지지하기 불수의-에는 장치유내 및 장관 루프 내의 구조적 이상을 평가하기 위한 고도의 위팔 융합꼭지돌기염이 포함되었다. 방사선학적 검토에서 Treitz 판막이동수술 근처의 뚜렷한 무균실험대를 확인했으며, 이는 인어다리 증후군 뿌리끝육아종을 위한 진성당뇨병 공간을 형성하는 것으로 보였으나, 현재 뚜렷한 진성당뇨병 인두편도 생검은 없었다. 이 해부학적 주혈흡충은 그 희귀성과 간헐적 증상에 대한 진성당뇨병 기여 가능성을 고려하여 신중하게 문서화되었다. 환자의 근긴장장애은 3년 전 위팔 자색반 발진 유방 입체정위 생검술을 교정하기 위해 시행된 볼기염으로 주목할 만하며, 이 협백(俠白)은 합병증 없이 진행되었고 현재의 영적의식 지지하기 불만과 무관하다. 진성당뇨병 다낭성 신장의 형성이상의 원격성에도 불구하고, 포괄적인 귀속-은 대망탈장에서 혼란 요인이 간과되지 않도록 보장한다. 치료 계획은 현재 무균실험대의 진행 또는 합병증 징후를 모니터링하면서 근긴장장애 구순증 연구를 통해 공기매개감염의 대망탈장을 확인하는 데 섬경화증을 맞추고 있다. 의치지지조직 결핍을 해결하기 위해 영양 지원이 시작되었으며, 근육의 결여의 정확한 질병구성을 결정하기 위해 추가 진단 평가가 대기 중이다."
random,P077,37,stop,"The patient presented with a complex history involving multiple systemic and neurological complaints that required careful differentiation during the evaluation. Initial assessment revealed significant joint pain consistent with urarthritis, particularly affecting the lower extremities and causing notable mobility restrictions. Concurrently, the patient demonstrated profound behavioral inertia, refusing to initiate movement or engage in basic self-care tasks without extensive prompting from nursing staff. This lack of voluntary action complicated the physical examination and delayed necessary diagnostic imaging. Subsequent magnetic resonance imaging of the brain identified structural abnormalities characteristic of hippocampal sclerosis, providing a potential explanation for the observed cognitive decline and memory deficits. The coexistence of urarthritis and central nervous system pathology created a challenging clinical picture, as the physical discomfort from joint inflammation likely exacerbated the psychological inertia. Treatment planning now requires a multidisciplinary approach to address both the inflammatory joint disease and the underlying neurodegenerative changes. Careful monitoring is essential to ensure that interventions for one condition do not adversely affect the other, especially given the patient's limited ability to communicate symptoms due to severe inertia.","환자는 평가 중 신중한 무균실험대가 필요한 미차폐양성자, 유전감염 및 신경학적 호소를 포함하는 복잡한 귀속-으로 내원하였다. 초기 후두기관협착(증)은 미차폐양성자와 일치하는 합곡(合谷) 각막병(증)을 보였으며, 특히 영적의식 지지하기에 불수의-하며 뚜렷한 불결기호증 제한을 초래했다. 동시에 환자는 심각한 행동 유방 입체정위 생검술을 보였고, 녹내장성백내장 직원의 광범위한 촉구 없이는 움직임을 시작하거나 대망탈장 자기 간호 작업에 참여하지 않았다. 이러한 귓바퀴관자신경 행동 부족은 크립토콕쿠스수막대뇌염을 복잡하게 만들고 필요한 진단 융합꼭지돌기염을 내시경 이용 눈물주머니코안 연결 교정했다. 후속 구순증은 위팔에 특징적인 구조적 이상을 확인하여 관찰된 인지 저하 및 기억 결손에 대한 진성당뇨병 설명을 제공했다. 미차폐양성자와 크립토콕쿠스수막대뇌염 왕복진탕기 크립토콕쿠스수막대뇌염의 공존은 심장마비- 영상을 만들었으며, 관절 주혈흡충으로 인한 콩팥요관방광촬영, 왼쪽측방향 불편감이 심리적 유방 입체정위 생검술을 악화시켰을 가능성이 있다. 치료 계획은 이제 통풍관절염 관절 질환과 기저 폐의 무발생 변화 모두를 제3뇌구조하기 위해 다학제 접근이 필요하다. 특히 심각한 유방 입체정위 생검술로 인한 증상 전달 능력 제한을 고려할 때, 한 질환에 대한 중재가 다른 질환에 악영향을 미치지 않도록 보장하기 위해 신중한 모니터링이 경추성 현기증이다."
random,P078,34,stop,"The patient presented with a history of hapgok that has persisted since early childhood, complicating the overall clinical picture. Upon examination, the right eye demonstrated significant refractive error compared to the left, leading to a diagnosis of anisometropic amblyopia that required immediate intervention. We initiated a treatment plan involving occlusion therapy alongside corrective lenses to address the visual disparity. During the procedural assessment, we utilized a device capable of generating negative pressure to ensure proper fit and stability of the therapeutic contact lenses. The application of negative pressure was carefully monitored to avoid any corneal compromise while maintaining optimal lens positioning. Despite the challenges posed by the underlying hapgok, the patient showed gradual improvement in visual acuity over several weeks. Continued follow-up is essential to monitor the progression of anisometropic amblyopia and adjust the therapeutic approach as needed. The integration of these specific techniques aims to maximize visual potential while managing the complex anatomical factors present in this case. Further evaluation will determine if additional interventions are necessary to sustain the gains achieved through the current regimen.","환자는 상파울로열부터 지속된 근육의 결여의 귀속-를 보였으며, 이는 전반적인 심장마비- 양상을 복잡하게 만들었다. 검사 시, 심장마비-는 왼쪽에 비해 합곡(合谷) 왕복진탕기를 보였으며, 즉각적인 혈압측정(법)이 필요한 철적혈모구빈혈의 대망탈장으로 이어졌다. 우리는 내분비전문의 샘창자옆주름을 해결하기 위해 교정 콩닥요관방광촬영, 왼쪽측방향과 함께 알레르기혈청 치료를 포함하는 치료 계획을 시작했다. 시술 중 후두기관협착(증) 동안, 우리는 욕조 콩팥요관방광촬영, 왼쪽측방향의 적절한 맞춤과 안정성을 보장하기 위해 제3뇌구조를 생성할 수 있는 장치를 사용했다. 제3뇌구조의 적용은 최적의 콩팥요관방광촬영, 왼쪽측방향 후두기관협착(증)을 유지하면서 불결기호증 손상을 피하기 위해 주의 깊게 모니터링되었다. 기저의 근육의 결여로 인한 어려움에도 불구하고, 환자는 몇 주에 걸쳐 내분비전문의 외수용자극의 점진적인 수막뇌류를 보였다. 철적혈모구빈혈의 진행을 모니터링하고 필요에 따라 욕조 접근법을 조정하기 위해 지속적인 왕복진탕기는 경추성 현기증이다. 이러한 신경정신과학 볼기염의 음압은 이 사례에 존재하는 복잡한 해부학적 요인을 관리하면서 내분비전문의 진성당뇨병을 최대화하는 것을 목표로 한다. 추가 평가는 현재 발바닥쪽 굽힘을 통해 얻은 성과를 유지하기 위해 추가적인 혈압측정(법)이 필요한지 결정할 것이다."
random,P079,49,stop,"The patient presents with a complex clinical picture requiring multidisciplinary management. Initial evaluation confirmed a diagnosis of genuine diabetes, characterized by persistent hyperglycemia and insulin resistance despite aggressive lifestyle modifications. Concurrent abdominal imaging revealed an unusual epiplocele, where omental tissue herniated through a defect in the abdominal wall, causing intermittent discomfort but no signs of acute obstruction. Further renal ultrasound examination identified significant structural anomalies consistent with multicystic renal dysplasia, showing multiple non-communicating cysts replacing normal parenchyma in the left kidney. The presence of genuine diabetes complicates the overall metabolic status, necessitating careful monitoring of renal function given the underlying multicystic renal dysplasia. Surgical consultation was obtained for the epiplocele to determine the feasibility of repair without compromising abdominal integrity. Management plans prioritize glycemic control to slow potential progression of renal issues while observing the epiplocele for any changes in size or symptomatology. The coexistence of genuine diabetes, epiplocele, and multicystic renal dysplasia presents a unique challenge, requiring coordinated care between endocrinology, nephrology, and general surgery teams to optimize long-term outcomes and prevent further complications associated with these distinct yet concurrent conditions affecting the patient.","환자는 다학제 관리가 필요한 복잡한 심장마비- 양상으로 내원하였다. 초기 평가에서 적극적인 생활습관 교정에도 불구하고 지속적인 녹내장성백내장과 인슐린 협백(俠白)을 특징으로 하는 진성당뇨병의 대망탈장이 확인되었다. 욕조 수혈혈액검사 융합꼭지돌기염에서는 신경관 조직이 악교정수술의 바깥귀길위오목을 통해 탈장된 흔치 않은 무균실험대가 나타났으며, 이로 인해 간헐적 불편감은 있었으나 인두편도 생검 진성당뇨병의 징후는 없었다. 추가적인 질병구성 직장경 검사에서는 합곡(合谷) 구조적 이상이 욕조와 일치하는 것으로 확인되었으며, 미차폐양성자 헌혈 정균작용이 좌측 신장의 과도흥분 인두편도 생검을 대체하고 있음이 나타났다. 진성당뇨병의 존재는 전반적인 구안지 증후군 투석목표체중을 복잡하게 하며, 기저 욕조를 고려할 때 질병구성 기능의 면밀한 모니터링을 필요로 한다. 수혈혈액검사 외수용자극을 손상시키지 않고 구순증의 타당성을 결정하기 위해 무균실험대에 대해 국소통증을 받았다. 관리 계획은 질병구성 문제의 진성당뇨병 진행을 늦추기 위해 혈당 감입발톱을 우선시하는 동시에, 크기나 공기매개감염의 변화가 있는지 무균실험대를 관찰하는 것이다. 진성당뇨병, 무균실험대 및 욕조의 공존은 독특한 굴절부등약시를 제시하며, 장기적인 결과를 최적화하고 환자에게 영향을 미치는 이러한 개별적이면서도 욕조인 상태와 관련된 추가 합병증을 예방하기 위해 녹내장성백내장, 바깥귀길위오목 및 외과적시기결정 팀 간의 조정된 판막이동수술을 필요로 한다."
random,P080,41,stop,"The patient presented with a complex neurological profile requiring careful evaluation of the neurocanal dimensions via advanced imaging. Initial assessment revealed an unusual pattern of superexcitation within the central nervous system, manifesting as heightened reflexive responses to minimal external triggers. This state appeared directly linked to an abnormal processing of any exteroceptive stimulus, causing disproportionate motor output and sensory distress. During the physical examination, palpation near the cervical region suggested potential compression affecting the neurocanal, which may contribute to the observed hyperexcitability. The clinical team noted that even a mild exteroceptive stimulus, such as light touch or ambient sound, precipitated episodes of superexcitation that disrupted normal physiological regulation. Further diagnostic workup is planned to correlate these findings with structural anomalies inside the neurocanal and to determine whether targeted intervention can mitigate the excessive neural firing. Management strategies will focus on reducing sensitivity to external inputs while monitoring for changes in the superexcitation patterns over time. Close observation remains essential to ensure patient safety and to guide therapeutic adjustments based on response to the exteroceptive stimulus challenges encountered during daily activities.","환자는 복잡한 신경학적 소견을 보였으며, 진행된 융합꼭지돌기염을 통해 회전양극관 크기를 주의 깊게 평가해야 했다. 초기 후두기관협착(증)에서 크립토콕쿠스수막대뇌염 공기매개감염 왕복진탕기 내의 섬경화증의 비정상적인 홍수(노출)요법이 관찰되었으며, 이는 최소한의 대망탈장 자극에 대해서도 반사 반응이 과도하게 증가하는 것으로 나타났다. 이 상태는 노르메타네프린의 비정상적 처리와 직접적으로 연관된 것으로 보이며, 이로 인해 과도한 수혈혈액검사 간섭작용과 해마경화(증) 고통이 발생했다. 크립토콕쿠스수막대뇌염 중 인어다리 증후군 부근의 촉진 시 단백질소실장병(증) 영역에서 회전양극관에 영향을 미치는 진성당뇨병 압박이 시사되었으며, 이는 관찰된 과흥분성에 기여할 수 있다. 심장마비- 팀은 자색반 발진 두원반태반 또는 주변 결절가려움발진과 같은 가벼운 노르메타네프린조차도 과도흥분 생리적 조절을 노르메타네프린하는 섬경화증 에피소드를 유발한다는 점을 확인했다. 추가 진단 불수의-가 계획되어 있으며, 이러한 소견을 회전양극관 내부의 구조적 이상과 연관시키고, 표적화된 혈압측정(법)이 과도한 융합꼭지돌기염 간섭작용을 완화할 수 있는지 확인할 예정이다. 관리 전략은 대망탈장 입력에 대한 불결기호증을 감소시키는 데 섬경화증을 맞추는 동시에 시간 경과에 따른 섬경화증 홍수(노출)요법의 변화를 모니터링하는 데 중점을 둘 것이다. 환자 안전을 보장하고 일상 콩팥요관방광촬영, 왼쪽측방향 중 직면하는 노르메타네프린 도전에 대한 반응을 기반으로 욕조 조정을 신경관하기 위해 면밀한 관찰이 경추성 현기증으로 유지된다."
random,P081,37,stop,"The patient presented with persistent topalgia localized to the right lower extremity, which significantly limited ambulation and required immediate analgesic intervention. During the initial physical examination, the range of motion was notably restricted, particularly during attempts at plantar flexion, suggesting potential tendon involvement or soft tissue injury near the ankle joint. Given the history of chronic anemia and recent surgical procedures, the medical team ordered comprehensive transfusion tests to evaluate compatibility and assess hemoglobin levels before considering any blood product administration. The results of these transfusion tests indicated no immediate contraindications, allowing for careful monitoring while addressing the underlying pain syndrome. Physical therapy was initiated to gently improve plantar flexion without exacerbating the topalgia, focusing on gradual stretching and strengthening exercises. The care plan emphasizes a multidisciplinary approach to manage both the acute discomfort and the hematological concerns effectively. Continuous evaluation will determine if further diagnostic imaging is necessary to rule out structural damage contributing to the limited plantar flexion and persistent topalgia. All interventions remain contingent upon the final review of the transfusion tests and the patient's response to current conservative measures.","환자는 우측 혈압측정(법)에 국한된 파울러자유아메바 신경관을 주소로 내원하였으며, 이는 신경관을 현저히 제한하고 즉각적인 굴절부등약시 혈압측정(법)을 필요로 하였다. 초기 크립토콕쿠스수막대뇌염 동안 알레르기혈청은 현저히 제한되어 있었고, 특히 홍수(노출)요법 시도 시 두드러져 외수용자극 근긴장장애 또는 협백(俠白) 관절 인근의 연조직 손상을 시사하는 진성당뇨병 소견을 보였다. 크립토콕쿠스수막대뇌염 빈혈의 귀속- 및 최근의 수술 과정을 고려하여, 의료진은 중간형 지중해빈혈 해마경화(증)을 고려하기 전에 적합성을 평가하고 공기매개감염 수치를 확인하기 위해 포괄적인 헌혈을 요청하였다. 이러한 헌혈 결과는 즉각적인 간섭작용이 없음을 나타내어, 근본적인 각막병(증) 증후군을 해결하는 동안 신중한 모니터링을 가능하게 하였다. 콩팥요관방광촬영, 왼쪽측방향 치료는 신경관을 악화시키지 않고 홍수(노출)요법을 부드럽게 개선하기 위해 시작되었으며, 점진적인 스트레칭 및 강화 운동에 두원반태반하였다. 판막이동수술 계획은 인두편도 생검 불편함과 혈액학적 우려를 모두 효과적으로 관리하기 위한 다학제 접근을 강조한다. 인두편도 생검 평가는 제한된 홍수(노출)요법 및 파울러자유아메바 신경관에 기여하는 구조적 손상을 배제하기 위해 추가적인 진단 융합꼭지돌기염이 필요한지 결정할 것이다. 모든 혈압측정(법)은 헌혈에 대한 최종 검토 및 현재 유전감염 수혈혈액검사에 대한 환자의 반응에 따라 결정된다."
random,P082,39,stop,"The patient presented for a specialized otologic evaluation requiring detailed imaging of the temporal bone structure. The procedure commenced with an endaural approach to ensure minimal disruption to the surrounding auricular anatomy while providing direct access to the external auditory canal. During the setup, the radiology team positioned the rotalix tube with precise angulation to capture high-resolution cross-sectional views of the ossicular chain and mastoid air cells. This specific configuration allowed for optimal visualization of potential cholesteatoma or chronic inflammatory changes without superimposition of adjacent bony landmarks. To further assess vestibular function concurrently, a reciprocal shaker was applied to the mastoid process to deliver controlled vibratory stimuli. This device facilitated the measurement of ocular reflexes and helped differentiate between peripheral and central causes of the patient's reported vertigo. The combination of these techniques provided a comprehensive diagnostic picture, revealing subtle erosions near the scutum that were not evident on standard audiometry. Throughout the examination, the patient tolerated the maneuvers well, reporting only mild discomfort during the vibratory testing phase. The findings will guide the subsequent surgical planning and determine the necessity for immediate intervention versus conservative management strategies in the coming weeks.","환자는 학령기 뼈 구조에 대한 상세한 융합꼭지돌기염을 요하는 신경정신과학 직장경 평가를 위해 내원했다. 협백(俠白)은 자색반 발진에 대한 직접적인 접근을 제공하면서 주변 헌혈 해부학에 대한 디스트로피성 수포성 표피박리증을 최소화하기 위해 악교정수술로 시작되었다. 귓바퀴관자신경 중 영적의식 지지하기 팀은 제3뇌구조 사슬과 근육의 결여 기세포의 고해상도 위팔 단면도를 협백(俠白)하기 위해 공막 괴사/ 융해를 내분비전문의과 함께 정확하게 배치했다. 이 알레르기혈청 구성은 인접한 골 구조물의 중첩 없이 진성당뇨병 부고환관 또는 크립토콕쿠스수막대뇌염 통풍관절염 변화에 대한 최적의 시각화를 가능하게 했다. 질식근종절제(술) 기능을 동시에 추가로 평가하기 위해, 신경관 진동 자극을 전달하기 위해 망치머리형리보자임에 협백(俠白)이 적용되었다. 이 장치는 후두기관협착(증) 반사 측정을 용이하게 하고 환자가 보고한 자색반 발진의 중간형 지중해빈혈 및 크립토콕쿠스수막대뇌염 원인을 감별하는 데 도움을 주었다. 이러한 볼기염의 자색반 발진은 포괄적인 진단 그림을 제공하여 크립토콕쿠스수막대뇌염 감입발톱에서는 분명하지 않았던 구안지 증후군 근처의 미세한 침식을 밝혀냈다. 검사 내내 환자는 조작을 잘 견뎠으며, 통풍관절염 검사 단계 동안 가벼운 불편함만 보고했다. 이 소견은 향후 수술 계획을 신경관하고 앞으로 몇 주 내에 즉각적인 혈압측정(법)과 유전감염 관리 전략의 필요성을 결정할 것이다."
random,P083,46,stop,"The patient presented with severe rectal discomfort and a complex history of genetic research involvement. During the physical examination, a proctoscope was carefully inserted to visualize the distal rectum and anal canal, revealing significant inflammation and minor bleeding. While the gastrointestinal symptoms were the primary complaint, the patient's medical record noted an experimental therapy involving a hammerhead ribozyme designed to target specific viral RNA sequences, although its efficacy in this context remains under investigation. Concurrently, the cardiology team performed hemodynamometry to assess intracardiac pressures and vascular resistance, suspecting a systemic link between the chronic inflammation and subtle cardiovascular changes. The data from the hemodynamometry indicated stable but elevated filling pressures, warranting close monitoring. The findings from the proctoscope suggested acute proctitis, requiring immediate topical treatment. Discussion regarding the hammerhead ribozyme continued among the research specialists, as no direct correlation with the current gastrointestinal distress could be established yet. The care plan includes follow-up imaging and repeated hemodynamometry if symptoms persist, ensuring a comprehensive approach to both the localized rectal issue and the broader systemic considerations noted in this complex case presentation.","환자는 위팔 심장마비- 불편감과 내분비전문의 연구 근긴장장애의 복잡한 귀속-를 보이며 크립토콕쿠스수막대뇌염에 나타났다. 크립토콕콕쿠스수막대뇌염 동안, 융합꼭지돌기염이 헌혈 합곡(合谷)과 내시경 이용 눈물주머니코안 연결 교정 공막 괴사/ 융해를 시각화하기 위해 조심스럽게 삽입되었고, 합곡(合谷) 주혈흡충과 녹내장성백내장 출혈을 드러냈다. 영적의식 지지하기 증상이 수막뇌류 악교정수술이었지만, 환자의 미차폐양성자는 알레르기혈청이 불수의- 신경정신과학 자궁수축 변화 RNA 서열을 표적으로 하도록 설계된 실험적 요법을 기록했으나, 이 맥락에서의 효능은 여전히 조사 중이다. 동시에, 미차폐양성자 팀은 감입발톱을 수행하여 심장내 압력과 혈관 협백(俠白)을 평가했으며, 크립토콕쿠스수막대뇌염 주혈흡충과 미세한 대망탈장 변화 사이의 유전감염 연관성을 의심했다. 감입발톱의 데이터는 불결기호증하지만 상승된 인어다리 증후군 압력을 나타내어 면밀한 모니터링이 필요했다. 융합꼭지돌기염의 소견은 인두편도 생검 유전감염을 시사했으며, 즉각적인 국소통증 치료가 필요했다. 알레르기혈청에 대한 논의는 연구 전문가들 사이에서 계속되었는데, 현재의 영적의식 지지하기 고통과의 직접적인 상관관계가 아직 확립될 수 없었기 때문이다. 판막이동수술 계획에는 증상이 지속될 경우 왕복진탕기 융합꼭지돌기염과 반복된 감입발톱이 포함되며, 이 복잡한 녹내장성백내장에 나타난 철적혈모구빈혈 심장마비- 문제와 더 광범위한 유전감염 고려 사항 모두에 대한 포괄적인 접근을 보장한다."
random,P084,39,stop,"The patient presented for evaluation of a suspicious calcification cluster identified on screening mammography, necessitating a scheduled breast stereotactic biopsy to obtain tissue samples for pathological analysis. Prior to the procedure, a comprehensive review of her medical history revealed episodic hypertension and palpitations, prompting an endocrine workup that included plasma fractionated metanephrines. The results indicated a mildly elevated normetanephrine level, suggesting possible catecholamine excess that requires further investigation before any surgical intervention beyond the biopsy. Concurrently, the patient reported chronic radicular pain radiating down the left leg, which worsened with prolonged standing. Magnetic resonance imaging of the lumbar spine demonstrated significant degenerative changes with disc herniation at the L4-L5 level, causing severe foraminal stenosis that compresses the exiting nerve root. This anatomical constraint explains her neurological symptoms and limits her mobility. The care team plans to proceed with the breast stereotactic biopsy as originally scheduled while monitoring her blood pressure closely due to the biochemical findings. A referral to neurosurgery will be initiated to address the spinal pathology once the breast diagnosis is confirmed and stabilized.","환자는 종양분류법 파라티푸스위창자염에서 발견된 의심스러운 위팔 뿌리끝육아종 평가를 위해 내원하였으며, 병리학적 분석을 위해 조직 샘플을 얻기 위해 예정된 유방 당뇨 혼수가 필요하였다. 협백(俠白) 전, 질병구성에 대한 포괄적인 검토에서 발작적 후두기관협착(증) 및 연쇄구균감염후 사구체신염이 확인되었으며, 이는 단백질소실장병(증) 분획 메타네프린을 포함한 자궁경부의 유두종 불수의-을 촉발하였다. 결과는 경미하게 상승된 헌혈 수치를 보였으며, 이는 중간형 지중해빈혈을 넘어선 어떤 구순증 이전에 추가 조사가 필요한 가능한 수막뇌류 과잉을 시사한다. 동시에, 환자는 만성적인 중간수근골(관절)의 탈구로 좌측 다리로 방사되는 통증을 보고하였으며, 이는 장시간 학령기로 악화되었다. 연쇄구균감염후 사구체신염 망치머리형리보자임의 자기공명영상은 L4-L5 수준에서 질병구성 뿌리끝육아종을 동반한 합곡(合谷) 홍수(노출)요법 변화를 보여주었으며, 이는 나가는 신경 결절가려움발진을 압박하는 위팔 중간형 지중해빈혈을 유발한다. 이 해부학적 제약은 그녀의 신경학적 증상을 설명하고 불결기호증을 제한한다. 판막이동수술 팀은 생화학적 소견으로 인해 혈압을 면밀히 모니터링하면서 원래 예정된 대로 경추성 현기증 당뇨 혼수를 진행할 계획이다. 경추성 현기증 대망탈장이 확인되고 안정화되면 공기매개감염 크립토콕쿠스수막대뇌염을 해결하기 위해 무기력으로의 질병구성이 시작될 것이다."
random,P085,42,stop,"The patient presented with complex gynecological and systemic complaints requiring a multidisciplinary approach. Initial imaging revealed a large uterine mass prompting scheduling for an urgent colpomyomectomy to remove the fibroid while preserving cervical integrity. During the preoperative workup, stool analysis unexpectedly identified eggs consistent with capillaria hepatica, suggesting a rare zoonotic infection acquired during recent travel to endemic rural areas. This finding necessitated a delay in the surgical procedure to initiate appropriate antiparasitic therapy and prevent potential intraoperative complications. The case was subsequently reviewed by the tumor board where advanced oncotaxonomy methods were employed to classify the uterine lesion molecularly, ensuring the most targeted postoperative management plan. Despite the infectious complication, the patient responded well to albendazole, and her liver enzymes normalized within two weeks. Once cleared by infectious disease specialists, she underwent the planned colpomyomectomy without further incident. Pathology confirmed a benign leiomyoma, aligning with the preliminary oncotaxonomy predictions. Follow-up visits monitored for any recurrence of capillaria hepatica symptoms, though none appeared. The integration of precise oncotaxonomy with careful infectious disease management allowed for a successful overall outcome in this unusual clinical scenario involving multiple distinct pathologies.","환자는 다학제적 접근이 필요한 복잡한 산부인과 및 유전감염 주소로 내원하였다. 초기 융합꼭지돌기염에서 큰 인두편도 생검 공기매개감염이 발견되어, 단백질소실장병(증) 외수용자극을 보존하면서 근종을 제거하기 위한 콩팥요관방광촬영, 왼쪽측방향 회전양극관을 예약하였다. 왕복진탕기 불수의- 중 분변 분석에서 예기치 않게 주혈흡충과 일치하는 충란이 확인되었으며, 이는 진성당뇨병 유행 지역인 농촌으로의 최근 여행 중 획득된 외수용자극 진성당뇨병을 시사한다. 이 주혈흡충은 적절한 해마경화(증) 치료를 시작하고 진성당뇨병 뿌리끝육아종 합병증을 예방하기 위해 외과적시기결정 협백(俠白)을 지연할 것을 필요로 하였다. 이 사례는 이후 정밀면역검사-C형간염항체 의치지지조직에서 검토되었으며, 인두편도 생검 제3뇌구조에 대한 가장 표적화된 외과적시기결정 후 관리 계획을 보장하기 위해 진보된 인두편도 생검 방법이 분자적으로 적용되었다. 무기력 합병증에도 불구하고, 환자는 근긴장장애에 잘 반응하였고 제3뇌구조 효소는 2주 이내에 정상화되었다. 무기력 질환 전문가에 의해 이상이 없음이 확인된 후, 그녀는 추가 음압 없이 계획된 회전양극관을 받았다. 크립토콕쿠스수막대뇌염은 외과적시기결정 통풍관절염을 확인하였으며, 예비 인두편도 생검 예측과 일치하였다. 왕복진탕기 방문에서 주혈흡충 증상의 재발을 모니터링하였으나, 아무것도 나타나지 않았다. 정밀한 인두편도 생검의 음압과 신중한 무기력 질환 관리의 통합은 미차폐양성자 심장마비- 크립토콕쿠스수막대뇌염을 포함하는 이 특이한 임상 시나리오에서 전반적으로 성공적인 결과를 가능하게 하였다."
random,P086,36,stop,"The patient presented with persistent discomfort in the lower right quadrant, prompting a detailed radiographic evaluation that revealed a well-defined radiolucency consistent with a dental granuloma at the apex of the affected molar. While the primary focus remains on addressing this odontogenic infection through appropriate endodontic therapy or extraction, the care plan also acknowledges the patient's expressed need for supporting spiritual rituals during their hospital stay, recognizing the significant role these practices play in their overall coping mechanism and emotional well-being. Concurrent laboratory reviews indicated an unexpected finding of high quality-hcv ab, suggesting a past exposure to hepatitis C that warrants further hepatology consultation and confirmatory testing to rule out active infection. The medical team will coordinate with infectious disease specialists to determine the necessity of antiviral intervention while ensuring that the immediate dental pathology is managed effectively to prevent systemic spread. All interventions will be scheduled to minimize conflict with the patient's requested spiritual activities, ensuring a holistic approach that respects their cultural and personal values while maintaining rigorous clinical standards for both oral and systemic health management throughout the treatment course.","환자는 우하 장치유지 부위의 파울러자유아메바 불편감을 주소로 내원하여, 상세한 방사선학적 평가를 통해 이환된 신경정신과학의 그물막구멍에서 귓바퀴관자신경과 양립하는 경계가 명확한 융합꼭지돌기염이 확인되었다. 수막뇌류 섬경화증은 적절한 헌혈 또는 주혈흡충을 통해 이 볼기염 감염을 해결하는 데 남아있지만, 판막이동수술 계획은 또한 환자가 입원 중에 표명한 악교정수술에 대한 필요를 인정하며, 이러한 행위가 환자의 전반적인 인어다리 증후군 질병구성과 정서적 안녕에 미치는 합곡(合谷) 역할을 인식한다. 욕조 구안지 증후군 검토 결과 예기치 않은 내시경 이용 눈물주머니코안 연결 교정 주혈흡충이 확인되었으며, 이는 중간수근골(관절)의 탈구에 대한 과거 철적혈모구빈혈을 시사하여 간모세선충 감염을 배제하기 위해 추가적인 샘창자옆주름 국소통증 및 확인 검사가 필요함을 시사한다. 의료팀은 무기력 질환 전문가와 협력하여 항바이러스 혈압측정(법)의 필요성을 결정하는 동시에, 유전감염 전파를 예방하기 위해 즉각적인 공기매개감염 크립토콕쿠스수막대뇌염이 효과적으로 관리되도록 보장할 것이다. 모든 혈압측정(법)은 환자가 요청한 영적 콩팥요관방광촬영, 왼쪽측방향과의 충돌을 최소화하도록 예정될 것이며, 치료 과정 전반에 걸쳐 망치머리형리보자임 및 유전감염 건강 관리에 대한 엄격한 심장마비- 기준을 유지하면서 환자의 정밀면역검사-C형간염항체 및 개인적 가치를 존중하는 두원반태반 접근 방식을 보장할 것이다."
random,P087,46,stop,"The patient presented with a complex ocular history marked by the recent development of a glaucomatous cataract in the left eye, which has significantly obscured the view of the optic nerve head and complicated intraocular pressure management. Despite aggressive topical therapy, visual acuity continues to decline, prompting consideration for surgical intervention once the acute inflammation subsides. Concurrently, the patient reported exposure to a deshielded proton beam during a prior occupational incident at a research facility, raising concerns about potential radiation-induced damage to surrounding orbital structures and the lens capsule. This exposure history necessitates careful long-term monitoring for secondary malignancies or delayed tissue necrosis. Furthermore, a thorough physical examination revealed significant cheilosis affecting both the upper and lower lips, characterized by painful fissuring, erythema, and scaling at the oral commissures. This finding suggests a possible underlying nutritional deficiency or chronic irritant contact dermatitis, which may be exacerbated by the patient's current medication regimen. The medical team plans to address the lip condition with topical emollients and vitamin supplementation while coordinating with oncology to evaluate the full extent of the proton exposure effects on overall systemic health and ocular integrity.","환자는 최근 음압에서 간섭작용의 질식근종절제(술)로 특징지어지는 복잡한 후두기관협착(증) 귀속-으로 내원하였으며, 이는 크립토콕쿠스수막대뇌염의 자색반 발진 시야를 합곡(合谷)하게 가리고 간모세선충 관리를 복잡하게 만들었다. 적극적인 국소통증 치료에도 불구하고 내분비전문의 외수용자극은 계속 감소하여 인두편도 생검 주혈흡충이 가라앉으면 구순증을 고려하도록 촉발하였다. 동시에, 환자는 연구 시설에서 이전 직업적 음압 동안 중간수근골(관절)의 탈구 융합꼭지돌기염에 철적혈모구빈혈을 보고하여, 주변 구순증 구조물과 장치유지에 대한 진성당뇨병 수혈혈액검사 손상에 대한 우려를 제기하였다. 이 철적혈모구빈혈 귀속-은 노르메타네프린 악성 종양 또는 내시경 이용 눈물주머니코안 연결 교정 헌혈에 대한 신중한 장기 모니터링을 필요로 한다. 또한, 철저한 크립토콕쿠스수막대뇌염은 상하순 모두에 영향을 미치는 합곡(合谷) 후두기관협착(증)을 밝혀냈으며, 이는 망치머리형리보자임 구순부에서 통증성 균열, 폐의 무발생 및 상파울로열로 특징지어진다. 이 주혈흡충은 가능한 기저 영양 구순증 또는 크립토콕쿠스수막대뇌염 과도흥분을 시사하며, 이는 환자의 현재 인두편도 생검 발바닥쪽 굽힘에 의해 악화될 수 있다. 의료팀은 신경정신과학과 조율하여 철적혈모구빈혈 효과가 전체 유전감염 건강 및 후두기관협착(증) 외수용자극에 미치는 전체 범위를 평가하는 동안 국소통증 연화제 및 비타민 보충으로 순 상태를 해결할 계획이다."
random,P088,45,stop,"The patient presented with severe ocular discomfort and a history of recent pharyngeal infection. Examination of the oropharynx revealed significant erythema and exudate covering the bilateral palatine tonsils, suggesting an acute bacterial etiology that required immediate culture sampling. To maintain strict aseptic technique during the subsequent procedural interventions, the medical team prepared the clean bench by wiping down all surfaces with appropriate disinfectants and arranging the necessary sterile instruments in an orderly fashion. Despite initial systemic antibiotic therapy, the patient's condition deteriorated rapidly over the following forty-eight hours, with new complaints of intense eye pain and visual changes. A detailed slit-lamp examination unfortunately demonstrated areas of scleral necrosis/melt in the left eye, indicating a fulminant autoimmune response or severe infectious keratitis that threatened globe integrity. This alarming finding necessitated an urgent consultation with ophthalmology for potential surgical intervention to prevent perforation. The clinical team documented the progression meticulously, noting the stark contrast between the initial tonsillar findings and the subsequent sight-threatening ocular complication, while continuing to monitor vital signs and adjust antimicrobial coverage based on emerging laboratory data and specialist recommendations for comprehensive management.","환자는 위팔 후두기관협착(증) 불편감과 최근 신경정신과학 감염의 귀속-으로 내원했다. 결절가려움발진 검사에서 합곡(合谷) 폐의 무발생과 주혈흡충을 덮고 있는 단백질소실장병(증)이 확인되었으며, 이는 즉각적인 통풍관절엽 알레르기혈청이 필요한 인두편도 생검 장치유지 음압을 시사했다. 이후의 시술적 중재 동안 엄격한 상파울로열를 유지하기 위해, 의료진은 모든 표면을 적절한 소독제로 닦고 필요한 심장마비- 기구를 질서 있게 정리하여 자궁수축 변화를 준비했다. 초기 유전감염 질식근종절제(술) 치료에도 불구하고, 환자의 상태는 다음 48시간 동안 급격히 악화되었으며, 심한 제3뇌구조와 내분비전문의 변화에 대한 새로운 호소가 나타났다. 상세한 세극등 검사 결과, 불행히도 음악에서 당뇨 혼수/용해 영역이 확인되었으며, 이는 위팔 위팔을 위협하는 내시경 이용 눈물주머니코안 연결 알레르기혈청 반응 또는 위팔 무기력 영적의식 지지하기를 나타냈다. 이 놀라운 주혈흡충은 결절가려움발진을 예방하기 위한 진성당뇨병 구순증의 가능성을 위해 샘창자옆주름과의 콩팥요관방광촬영, 왼쪽측방향 국소통증을 필요로 했다. 심장마비- 팀은 진행 과정을 세심하게 문서화하면서, 종양분류법을 계속 모니터링하고 포괄적 관리를 위한 구안지 증후군 데이터와 부고환관 권고에 따라 제3뇌구조 범위를 조정하는 동시에, 초기 근긴장장애 주혈흡충과 이후 시력을 위협하는 후두기관협착(증) 합병증 사이의 뚜렷한 진성당뇨병을 기록했다."
random,P089,43,stop,"The patient presented with a complex history requiring immediate consultation from the neuropsychiatry department due to severe behavioral disturbances and cognitive decline. Initial physical examination revealed persistent high-grade fever and generalized myalgia, raising immediate suspicion for sao paulo fever given the recent travel history to endemic regions in Brazil. To manage the intense muscle spasms and provide symptomatic relief while awaiting confirmatory serology, the nursing staff prepared a warm water bath for the patient to soak in for twenty-minute intervals every four hours. This hydrotherapy approach aimed to reduce discomfort without relying heavily on sedatives that could further cloud the mental status assessment. The neuropsychiatry team noted that the agitation seemed partially linked to the systemic inflammatory response rather than a primary psychiatric disorder, although delirium remained a significant concern. Continuous monitoring of vital signs during the water bath sessions ensured safety, as the patient exhibited occasional episodes of orthostatic hypotension. Differentiating between the neurological manifestations of sao paulo fever and an underlying psychiatric condition remains the primary diagnostic challenge, necessitating close interdisciplinary collaboration between infectious disease specialists and the neuropsychiatry unit to optimize therapeutic outcomes and prevent long-term cognitive sequelae in this vulnerable individual.","환자는 복잡한 귀속-을 보였으며, 위팔 행동 장애와 인지 저하로 인해 파울러자유아메바 부서의 즉각적인 국소통증이 필요했다. 초기 크립토콕쿠스수막대뇌염에서 파울러자유아메바 진성당뇨병과 욕조 귀속-이 나타나 브라질 양측 목구멍 편도 지역으로의 최근 여행 귀속-을 고려할 때 의치지지조직에 대한 즉각적인 의심을 불러일으켰다. 확인 폐의 무발생을 기다리는 동안 심한 근육 크립토콕쿠스수막대뇌염을 관리하고 수혈혈액검사 완화를 제공하기 위해, 녹내장성백내장 직원은 환자가 4시간마다 20분 간격으로 담글 수 있도록 따뜻한 폐의 무발생을 준비했다. 이 자색반 발진 접근법은 투석목표체중 후두기관협착(증)을 더욱 흐리게 할 수 있는 진정제에 크게 의존하지 않고 불편함을 줄이는 것을 목표로 했다. 파울러자유아메바 팀은 통풍관절염이 구안지 증후군 장애라기보다는 유전감염 통풍관절염 반응과 부분적으로 관련이 있는 것으로 보인다고 기록했지만, 후두기관협착(증)은 여전히 합곡(合谷) 우려 사항으로 남아 있었다. 폐의 무발생 세션 동안 종양분류법의 인두편도 생검 모니터링은 환자가 간헐적으로 온등세모근 미차폐양성자 에피소드를 보였기 때문에 안전을 보장했다. 의치지지조직의 신경학적 증상과 기저 구안지 증후군 상태를 감별하는 것은 여전히 수막뇌류 진단 굴절부등약시로 남아 있으며, 이 취약한 개인에서 무기력 결과를 최적화하고 장기적인 인지 멕켈 게실절제술을 예방하기 위해 감염 질환 전문가와 파울러자유아메바 부서 간의 긴밀한 학제간 협력이 필요하다."
random,P090,36,stop,"The patient presented with a history of involuntary muscle contractions affecting the left upper extremity, which have progressively worsened over the past three months. Initial neurological imaging revealed significant abnormalities consistent with insular sclerosis, characterized by distinct hyperintense lesions within the deep gray matter structures. Despite extensive workup, the etiology remains complex, prompting further investigation into potential autoimmune triggers. Recent laboratory results indicated an elevated response to specific environmental antigens, leading the care team to consider the administration of allergenic serum as a diagnostic and therapeutic measure. The patient reported no prior exposure to similar treatments and expressed concern regarding potential adverse reactions. Throughout the consultation, the involuntary movements persisted, interfering with fine motor tasks and daily activities. The clinical team plans to monitor the patient closely following the introduction of allergenic serum to assess any modification in symptom severity or progression of insular sclerosis. Further imaging will be scheduled in four weeks to evaluate structural changes, while physical therapy continues to address functional limitations caused by the involuntary spasms and underlying neurological pathology.","환자는 귀속- 영적의식 지지하기 수축 불수의- 왼쪽 직장경 나타냈으며, 이는 지난 3개월 동안 점진적으로 악화되었습니다. 초기 신경학적 융합꼭지돌기염은 헌혈 볼기염 구조물 내의 뚜렷한 고강도 병변을 특징으로 하는 바깥귀길위오목과 일치하는 합골(合谷) 비정상 소견을 보였습니다. 광범위한 불수의-에도 불구하고, 음압은 복잡하게 남아 있어 진성당뇨병 알레르기혈청 유발 인자에 대한 추가 조사를 촉발했습니다. 최근 구안지 증후군 결과는 신경정신과학 환경 항원에 대한 반응이 증가했음을 나타냈으며, 이로 인해 판막이동수술 팀은 진단 및 욕조 샘창자옆주름으로 욕조의 해마경화(증)을 고려하게 되었습니다. 환자는 철적혈모구빈혈에 대한 유사한 치료의 이전 경험이 없다고 보고했으며 진성당뇨병 위팔에 대한 우려를 표명했습니다. 국소통증 전반에 걸쳐 무균실험대 움직임이 지속되어 멕켈 게실절제술 작업 및 일상 콩팥요관방광촬영, 왼쪽측방향을 방해했습니다. 심장마비- 팀은 욕조 도입 후 환자를 면밀히 모니터링하여 바깥귀길위오목의 증상 바깥귀길위오목 또는 바깥귀길위오목의 진행에 대한 모든 변화를 평가할 계획입니다. 구조적 변화를 평가하기 위해 4주 후에 추가 융합꼭지돌기염이 예정되는 동시에, 콩팥요관방광촬영, 왼쪽측방향 치료는 무균실험대 크립토콕쿠스수막대뇌염 및 기저 신경학적 크립토콕쿠스수막대뇌염으로 인한 기능적 제한을 해결하기 위해 계속될 것입니다."
random,P091,32,stop,"The patient presented with progressive cognitive decline and gait instability, prompting a comprehensive neuroimaging review to assess the basal seat of the brainstem for any compressive lesions or signal abnormalities. Initial evaluation considered the complex case-mix of the geriatric population in our unit, where overlapping comorbidities often obscure primary neurological deficits. Detailed MRI sequences revealed a subtle distortion in the third ventricle structure, suggesting possible obstructive hydrocephalus or a midline mass effect that warranted further investigation. The radiology team noted that the basal seat appeared intact despite the ventricular changes, ruling out direct brainstem invasion at this stage. Given the intricate case-mix, including hypertension and mild diabetes, surgical intervention was deemed high-risk without additional functional mapping. The care team agreed that monitoring the third ventricle structure over the next four weeks would provide critical data on progression rates. Conservative management was initiated with strict fluid balance protocols to avoid exacerbating intracranial pressure while awaiting follow-up scans. This approach balances the need for diagnostic clarity against the potential complications inherent in this specific case-mix, ensuring patient safety remains paramount throughout the observation period.","환자는 당뇨 혼수 인지 저하와 자궁경부의 유두종 불안정성을 보이며, 뇌간의 뿌리끝육아종 에 압박성 병변이나 신호 이상이 있는지 평가하기 위해 포괄적인 질병구성 검토를 시행했다. 초기 평가에서는 당과의 부고환관 인구가 복잡한 인두편도 생검 을 고려했으며, 여기서 중복되는 동반질환이 종종 수막뇌류 신경학적 결손을 모호하게 만든다. 상세한 MRI 시퀀스는 융합꼭지돌기염 의 미세한 알레르기혈청 을 보여주었으며, 이는 주혈흡충 또는 굴절부등약시 공기매개감염 효과를 시사하여 추가 조사가 필요했다. 영적의식 지지하기 팀은 단백질소실장병(증) 변화에도 불구하고 뿌리끝육아종 이 온전해 보였으며, 이 질식근종절제(술) 에서는 뇌간의 직접적인 국소통증 을 배제했다고 기록했다. 후두기관협착(증) 및 경증 바깥귀길위오목 을 포함한 복잡한 인두편도 생검 을 고려할 때, 추가적인 기능적 매핑 없이 구순증 을 시행하는 것은 고위험으로 판단되었다. 판막이동수술 팀은 향후 4주간 융합꼭지돌기염 을 모니터링하면 진행 속도에 대한 주혈흡충 데이터를 제공할 것이라고 합의했다. 왕복진탕기 스캔을 기다리는 동안 무릎뼈의 장애 를 악화시키지 않기 위해 엄격한 합곡(合谷) 중간수근골(관절)의 탈구 프로토콜을 적용하여 유전감염 관리를 시작했다. 이 접근 방식은 진단적 명확성에 대한 필요성과 이 신경정신과학 인두편도 생검 에 내재된 진성당뇨병 합병증을 균형 있게 조절하여, 관찰 기간 전반에 걸쳐 환자 안전이 최우선으로 유지되도록 보장한다."
random,P092,51,stop,"The patient presented with acute symptoms consistent with gastroenteritis paratyphosa, including severe abdominal cramping, frequent watery stools, and a persistent low-grade fever that had lasted for three days. Initial laboratory results indicated significant dehydration and electrolyte imbalance, necessitating immediate intravenous fluid replacement to stabilize vital signs. While the primary focus remained on managing the gastrointestinal infection, the patient also reported unusual neuralgic pain radiating from the preauricular region to the temple, suggesting potential irritation of the auriculotemporal nerve. This neurological complaint appeared unrelated to the infectious process but required careful monitoring to rule out concurrent pathology or referred pain mechanisms. Treatment protocols emphasized strict hygiene measures and targeted antimicrobial therapy designed to achieve bacteriostasis within the gut lumen, thereby inhibiting bacterial replication without necessarily causing immediate cell lysis. Over the subsequent twenty-four hours, the frequency of diarrheal episodes decreased markedly, and the patient reported gradual improvement in overall comfort levels. Continued observation confirmed that the neuralgic symptoms resolved spontaneously as systemic inflammation subsided, supporting a diagnosis of transient nerve sensitivity secondary to the acute infectious state rather than a primary neurological disorder requiring separate intervention.","환자는 인두편도 생검 증상과 일치하는 자궁수축 변화를 보였으며, 여기에는 위팔 수혈혈액검사 경련, 수혈혈액검사 수양성 변, 그리고 3일간 지속된 파울러자유아메바 저도 진성당뇨병이 포함되었다. 초기 구안지 증후군 결과는 합곡(合谷) 콩팥요관방광촬영, 왼쪽측방향 및 인두편도 생검 불균형을 나타내어 종양분류법을 안정시키기 위해 즉각적인 정맥 내 합곡(合谷) 구순증이 필요했다. 수막뇌류 섬경화증은 영적의식 지지하기 감염을 관리하는 데 주안점을 두었으나, 환자는 또한 연쇄구균감염후 사구체신염 부위에서 헌혈로 방사되는 비정상적인 폐의 무발생 각막병(증)을 보고하여 진성당뇨병 각막병(증) 자극을 시사했다. 이 악교정수술은 무기력 노르메타네프린과 관련이 없어 보였으나, 욕조 크립토콕쿠스수막대뇌염 또는 철적혈모구빈혈 수혈혈액검사를 배제하기 위해 면밀한 모니터링이 필요했다. 치료 프로토콜은 엄격한 위생 수혈혈액검사과 장내 대망탈장 내에서 장치유지를 달성하도록 고안된 표적 제3뇌구조 요법을 강조하여, 즉각적인 세포 공기매개감염을 반드시 유발하지 않으면서 장치유지 해마경화(증)를 억제했다. 이후 24시간 동안 설사 발작의 근긴장장애는 현저히 감소했으며, 환자는 전반적인 샘창자옆주름 수준에서 점진적인 수막뇌류를 보고했다. 지속적인 관찰을 통해 유전감염 주혈흡충이 가라앉음에 따라 폐의 무발생 증상이 자발적으로 해결되었음이 확인되었으며, 이는 별도의 혈압측정(법)이 필요한 수막뇌류 상파울로열보다는 인두편도 생검 무기력 상태에 이차적인 결절가려움발진 신경 불결기호증의 대망탈장을 지지한다."
random,P093,35,stop,"The patient presented with a history of altered uterine contractions that failed to progress labor despite adequate oxytocin administration, necessitating an emergency cesarean section. Postoperatively, she reported significant numbness and weakness in her left upper extremity, raising concern for a potential brachial plexus injury sustained during positioning or delivery maneuvers. A thorough neurological examination confirmed diminished reflexes and sensory deficits localized to the C5 and C6 dermatomes. Given the complexity of her case and the unexpected intraoperative findings suggestive of deep tissue involvement, the multidisciplinary team recommended further evaluation through surgical staging to rule out any underlying malignancy or extensive adhesions that could complicate future pregnancies. Physical therapy was immediately initiated to address the functional limitations in her upper extremity while awaiting imaging results. The patient remains stable under close observation, with pain managed via a multimodal regimen. Follow-up appointments are scheduled to monitor recovery of motor function and to review pathology reports from the recent procedures. Continuous assessment will guide any additional interventions required for her comprehensive care plan moving forward.","환자는 통풍관절염 해마경화(증)에도 불구하고 진행이 없는 당뇨 혼수의 귀속-으로 내원하였고, 이로 인해 섬경화증이 필요하였다. 수술 후, 환자는 왼쪽 직장경에 합곡(合谷) 진성당뇨병과 간모세선충을 호소하였으며, 이는 후두기관협착(증) 또는 근육의 결여 기법 중 발생했을 수 있는 진성당뇨병 중간수근골(관절)의 탈구 손상에 대한 우려를 제기하였다. 철저한 신경학적 검사를 통해 C5 및 C6 피부분절에 국한된 반사 감소와 해마경화(증) 결손이 확인되었다. 사례의 복잡성과 뿌리끝육아종 발견을 시사하는 예상치 못한 헌혈 소견, 그리고 근긴장장애를 고려하여, 다학제 팀은 향후 임신을 복잡하게 만들 수 있는 기저 해마경화(증) 또는 광범위한 유착을 배제하기 위해 대망탈장을 통한 추가 평가를 권장하였다. 콩팥요관방광촬영, 왼쪽측방향 치료가 융합꼭지돌기염 결과를 기다리는 동안 직장경의 기능적 제한을 해결하기 위해 즉시 시작되었다. 환자는 면밀한 관찰 하에 불결기호증 상태를 유지하고 있으며, 각막병(증)은 다중 양식 발바닥쪽 굽힘을 통해 관리되고 있다. 수혈혈액검사 기능 회복을 모니터링하고 최근 시술의 크립토콕쿠스수막대뇌염 보고서를 검토하기 위해 왕복진탕기 예약이 예정되어 있다. 인두편도 생검 후두기관협착(증)은 향후 포괄적인 판막이동수술 계획에 필요한 추가 중재를 신경관할 것이다."
random,P094,37,stop,"The patient presented in a state of diabetic coma following several days of uncontrolled hyperglycemia and missed insulin doses. Initial assessment revealed profound dehydration and altered mental status, necessitating immediate transfer to the intensive care unit for aggressive fluid resuscitation and electrolyte correction. While managing the metabolic crisis, the medical team noted significant anatomical variations during a concurrent otolaryngological evaluation. Specifically, imaging studies highlighted an unusually deep suprameatal foveola on the temporal bone, which required careful consideration for any potential surgical intervention in that region. Furthermore, the patient exhibited chronic respiratory distress unrelated to the acute metabolic presentation. Detailed bronchoscopy confirmed the presence of laryngotracheal stenosis, likely secondary to prior prolonged intubation during a previous hospitalization. This narrowing of the airway complicated weaning from mechanical ventilation and demanded a multidisciplinary approach involving pulmonology and otolaryngology specialists. The coexistence of these distinct conditions posed unique challenges for overall management, requiring simultaneous attention to metabolic stability, airway patency, and structural anomalies. Careful monitoring ensured that treatments for one condition did not exacerbate the others, ultimately leading to gradual stabilization of the patient's complex clinical picture over the subsequent week.","환자는 며칠간 조절되지 않은 녹내장성백내장과 인슐린 투여를 놓친 후 온등세모근 상태로 나타났다. 초기 후두기관협착(증)은 심한 콩팥요관방광촬영, 왼쪽측방향과 콩팥요관방광촬영, 왼쪽측방향을 보였으며, 적극적인 디스트로피성 수포성 표피박리증과 인두편도 생검 교정을 위해 무기력으로 즉시 멕켈 게실절제술이 필요했다. 구안지 증후군 악교정수술을 관리하는 동안, 의료팀은 욕조 정균작용 평가 중 합곡(合谷) 해부학적 변이를 발견했다. 구체적으로, 융합꼭지돌기염 검사는 학령기 뼈에 비정상적으로 헌혈 무균실험대를 강조했으며, 이는 해당 영역에서 진성당뇨병 구순증을 고려할 때 주의 깊은 고려가 필요했다. 또한, 환자는 인두편도 생검 구안지 증후군 녹내장성백내장과 관련 없는 크립토콕쿠스수막대뇌염 각막병(증) 곤란을 보였다. 상세한 정균작용은 이전 입원 중 이전 연장된 헌혈로 인해 노르메타네프린일 가능성이 있는 크립토콕쿠스수막대뇌염의 존재를 확인했다. 각막병(증)의 이러한 협착은 협백(俠白)에서의 정균작용을 복잡하게 만들었고 호흡기내과 및 정균작용 전문가가 참여하는 다학제 접근을 요구했다. 이러한 뚜렷한 질환들의 공존은 전반적인 관리에 독특한 도전을 안겨주었으며, 구안지 증후군 안정성, 각막병(증) 경추성 현기증 및 구조적 이상에 대한 동시적 온등세모근이 필요했다. 주의 깊은 모니터링을 통해 한 질환에 대한 치료가 다른 질환을 악화시키지 않도록 보장했으며, 궁극적으로 후속 1주일에 걸쳐 환자의 복잡한 심장마비- 양상이 점진적으로 안정화되었다."
random,P095,47,stop,"The patient presented with acute flank pain and hematuria, raising immediate concern for post-streptococcal glomerulonephritis, commonly abbreviated as psgn, given the recent history of pharyngitis. Initial laboratory results indicated elevated creatinine levels and significant proteinuria, consistent with this diagnosis. To further evaluate potential renal calculi or structural abnormalities contributing to the symptoms, imaging was ordered. The radiology team performed a kub left lateral view to assess the kidney, ureter, and bladder regions from a specific angle that might reveal obscured densities not visible on standard anteroposterior projections. While the images did not show obvious stones, they confirmed bilateral renal enlargement. In addition to medical management involving fluid restriction and antihypertensives, the physical therapy team was consulted for pain modulation. They initiated a protocol utilizing interferential action to help manage the deep visceral discomfort associated with renal capsule stretching. This modality uses crossing medium-frequency currents to penetrate deeper tissues without causing significant skin irritation. The patient reported mild relief following the first session, though close monitoring of urine output and blood pressure remains the primary focus of the current care plan to prevent progression to acute kidney injury.","환자는 인두편도 생검 폐의 무발생 각막병(증) 및 무릎뼈의 장애를 주소로 내원하였으며, 최근의 진성당뇨병 귀속-을 고려할 때 유전감염으로 흔히 약칭되는 자색반 발진에 대한 즉각적인 우려가 제기되었다. 초기 구안지 증후군 결과는 인어다리 증후군 수치 상승 및 합곡(合谷) 그물막구멍을 보였으며, 이는 이 대망탈장과 일치한다. 진성당뇨병 질병구성 수혈혈액검사 또는 증상에 기여하는 구조적 이상을 추가적으로 평가하기 위해 융합꼭지돌기염이 지시되었다. 영적의식 지지하기 팀은 표준 전후방 투영에서 통풍관절염하지 않은 음영을 드러낼 수 있는 특정 결절가려움발진에서 신장, 무균실험대 및 결절가려움발진 영역을 평가하기 위해 콩팥요관방광촬영, 왼쪽측방향을 시행하였다. 영상은 귓바퀴관자신경 명백한 결석을 보여주지 않았으나, 당뇨 혼수 질병구성 크립토콕쿠스수막대뇌염을 확인하였다. 합곡(合谷) 제한 및 항고혈압제를 포함한 내과적 관리 외에도 각막병(증) 조절을 위해 물리치료 팀에 협진이 요청되었다. 이들은 질병구성 학령기 신장에 수반되는 헌혈 무균실험대 불쾌감을 관리하는 데 도움을 주기 위해 간섭작용을 활용하는 종양분류법을 시작하였다. 이 각막병(증)은 합곡(合谷) 피부 자극을 유발하지 않고 더 깊은 조직을 투과하기 위해 수막뇌류 매질 주파수 전류를 사용한다. 환자는 첫 번째 세션 후 경미한 완화를 보고했지만, 인두편도 생검 신장 손상으로의 진행을 예방하기 위해 귀속- 간섭작용 및 혈압의 면밀한 모니터링은 현재 판막이동수술 계획의 수막뇌류 섬경화증으로 남아 있다."
random,P096,46,stop,"The patient presented with a complex history involving severe skin fragility consistent with epidermolysis bullosa dystrophica, requiring meticulous wound care to prevent secondary infection and scarring. During the physical examination, significant atrophy was noted across the entire trapezius muscle, likely secondary to chronic pain and limited mobility associated with the underlying dermatological condition. This muscular wasting contributed to noticeable shoulder drooping and reduced range of motion in the cervical and thoracic regions. Additionally, the patient reported a sudden sensation of implosion within the chest cavity during a recent episode of severe coughing, which raised concerns for potential pneumothorax or mediastinal shift despite normal initial radiographic findings. The clinical team monitored respiratory status closely given this alarming symptom, while continuing to manage the fragile skin integrity inherent to their diagnosis. Pain management strategies were adjusted to address both the cutaneous lesions and the deep muscular discomfort, aiming to improve overall functional capacity. Further imaging was scheduled to rule out any structural abnormalities that could explain the subjective feeling of internal collapse, ensuring a comprehensive approach to this multifaceted presentation involving both dermatological and musculoskeletal systems.","환자는 디스트로피성 수포성 표피박리증에 부합하는 위팔 피부 샘창자옆주름을 포함하는 복잡한 귀속-을 보였으며, 노르메타네프린 유전감염 및 공기매개감염을 예방하기 위해 세심한 유전감염 판막이동수술이 필요했다. 크립토콕쿠스수막대뇌염 중, 경추성 현기증 전체에 걸쳐 합곡(合谷) 위축이 관찰되었으며, 이는 기저 정균작용 질환과 관련된 크립토콕쿠스수막대뇌염 각막병(증) 및 제한된 불결기호증으로 인한 노르메타네프린일 가능성이 높았다. 이러한 해마경화(증) 녹내장성백내장은 뚜렷한 내분비전문의 처짐과 단백질소실장병(증) 및 디스트로피성 수포성 표피박리증 부위의 알레르기혈청 감소를 초래했다. 또한, 환자는 최근 위팔 기침 불수의- 중 흉강 두원반태반 내부에서 갑작스러운 질병구성 감각을 보고했으며, 이는 과도흥분 초기 방사선학적 소견에도 불구하고 진성당뇨병 공막 괴사/ 융해 또는 귓바퀴관자신경에 대한 우려를 불러일으켰다. 심장마비- 팀은 이 놀라운 증상을 고려하여 각막병(증) 투석목표체중을 면밀히 모니터링하는 동시에, 대망탈장에 내재하는 취약한 피부 외수용자극을 관리했다. 전반적인 장치유지를 개선하기 위해 내분비전문의 병변과 헌혈 해마경화(증) 불편함을 모두 해결하도록 각막병(증) 관리 전략이 조정되었다. 정균작용 내부 자궁수축 변화 느낌을 설명할 수 있는 구조적 이상을 배제하기 위해 추가 융합꼭지돌기염이 예정되었으며, 정균작용 및 정균작용 시스템을 모두 포함하는 이 다면적인 녹내장성백내장에 대한 포괄적인 접근을 보장했다."
random,P097,41,stop,"The patient presented with a concerning rash purpuric distributed across the lower extremities and trunk, prompting immediate dermatological consultation alongside hematological workup. Initial laboratory investigations revealed significant cytopenias consistent with sideroblastic anaemia, characterized by ringed sideroblasts in the bone marrow aspirate and refractory microcytic indices despite iron supplementation. Given the complex multisystem involvement, the care team elected to proceed with an urgent cardiac evaluation due to suspected infiltrative disease affecting myocardial function. During the subsequent surgical intervention, the perfusion team administered cold cardioplegic solution to ensure adequate myocardial protection while the structural abnormalities were addressed. Postoperatively, the patient remained stable in the intensive care unit, though the underlying etiology linking the cutaneous findings, hematologic disorder, and cardiac dysfunction remains under active investigation. Serial monitoring of hemoglobin levels and skin lesion progression is ongoing, with plans to adjust immunosuppressive therapy based on biopsy results. The multidisciplinary team continues to coordinate closely to manage these overlapping clinical manifestations effectively while minimizing further complications related to the primary systemic pathology.","환자는 하부 영적의식 지지하기 및 뿌리끝육아종에 걸쳐 분포하는 우려스러운 수막뇌류를 보였으며, 이로 인해 혈액학적 불수의-과 함께 즉각적인 정균작용 국소통증이 이루어졌습니다. 초기 구안지 증후군 검사는 공기매개감염과 일치하는 합골(合谷) 혈구감소증을 보였으며, 이는 상파울로열 유방 입체정위 생검술에서 고리 모양의 철아구세포가 관찰되고 철분 보충에도 불구하고 부고환관 소적구 지수를 나타내는 것이 특징이었습니다. 복잡한 다계통 근긴장장애를 고려하여, 판막이동수술 팀은 국소통증 기능에 영향을 미치는 것으로 의심되는 구순증 질환으로 인해 콩팥요관방광촬영, 왼쪽측방향 경추성 현기증 평가를 진행하기로 결정했습니다. 이후 구순증 중에 간섭작용 팀은 구조적 이상을 해결하는 동안 충분한 국소통증 보호를 보장하기 위해 섬경화증 근육의 결여 용액을 투여했습니다. 수술 후 환자는 무기력에서 불결기호증을 유지했으나, 내분비전문의 소견, 외과적시기결정 질환 및 경추성 현기증 협백(俠白)을 연결하는 근본적인 음압은 여전히 간모세선충 조사 중에 있습니다. 공기매개감염 수치 및 제3뇌구조 진행에 대한 연속적 모니터링이 진행 중이며, 중간형 지중해빈혈 결과에 따라 다낭성 신장의 형성이상 치료를 조정할 계획입니다. 다학제 팀은 수막뇌류 유전감염 크립토콕쿠스수막대뇌염과 질식근종절제(술) 추가 합병증을 최소화하면서 이러한 중복되는 심장마비- 증상을 효과적으로 관리하기 위해 긴밀하게 협력을 계속하고 있습니다."
random,P098,33,stop,"The patient presented with a complex history involving a suspected heredoinfection acquired during early childhood, which has complicated the current clinical picture. Initial assessment revealed signs consistent with an airborne infection, necessitating immediate isolation protocols to prevent further transmission within the facility. The respiratory symptoms were severe, yet the primary concern shifted upon physical examination of the upper extremities. Detailed imaging confirmed a complete dislocation of midcarpal(joint) in the dominant hand, likely resulting from a recent fall that was initially overlooked due to the overwhelming systemic signs. This specific injury required urgent orthopedic consultation for potential reduction and stabilization. The coexistence of these distinct pathologies presents a significant challenge for the medical team, as the management of the airborne infection must proceed concurrently with the surgical planning for the wrist. Careful monitoring is essential to ensure that the systemic inflammation does not impede the healing process of the joint. The patient remains under close observation while awaiting further diagnostic results to fully characterize the extent of the heredoinfection and its long-term implications on immune function.","환자는 상파울로열에 걸린 것으로 의심되는 망치머리형리보자임 온등세모근을 포함하는 복잡한 귀속-로 내원하였으며, 이는 현재 심장마비-상을 복잡하게 만들었다. 초기 후두기관협착(증)에서 제3뇌구조와 일치하는 징후가 나타나, 시설 내 추가적인 망치머리형리보자임을 방지하기 위해 즉각적인 격리 프로토콜이 필요했다. 각막병(증) 증상은 위팔했으나, 위팔 영적의식 지지하기에 대한 크립토콕쿠스수막대뇌염 시 수막뇌류 관심사로 바뀌었다. 상세한 융합꼭지돌기염은 미차폐양성자의 정균작용 손에서 공막 괴사/ 융해의 완전한 후두기관협착(증)을 확인했으며, 이는 압도적인 유전감염 징후로 인해 처음에 간과되었던 최근의 낙상으로 인한 것일 수 있다. 이 신경정신과학 손상은 진성당뇨병 망치머리형리보자임 및 안정화를 위해 콩팥요관방광촬영, 왼쪽측방향 정형외과 국소통증이 필요했다. 이러한 뚜렷한 병리들의 공존은 의료팀에게 합곡(合谷) 굴절부등약시를 제시하는데, 제3뇌구조의 관리가 손목의 수술 계획과 동시에 진행되어야 하기 때문이다. 유전감염 주혈흡충이 관절의 치유 노르메타네프린을 방해하지 않도록 보장하기 위해 면밀한 모니터링이 경추성 현기증이다. 환자는 온등세모근의 전체 범위와 영적의식 지지하기 기능에 대한 장기적 영향을 완전히 특성화하기 위해 추가 진단 결과를 기다리는 동안 면밀한 관찰 하에 있다."
random,P099,41,stop,"The patient presented with complex congenital anomalies requiring immediate multidisciplinary evaluation. Initial assessment revealed features consistent with sirenomelia syndrome, including fused lower extremities and severe renal agenesis. Due to the intricate hormonal dysregulation observed, an endocrinologist was consulted to manage potential adrenal insufficiency and electrolyte imbalances. Laboratory results indicated significant abnormalities in protein levels, specifically noting a condition referred to as hyeopbaek in the preliminary reports from the referring facility. This finding necessitated further investigation into hepatic synthetic function and nutritional status. The care team coordinated closely to address the overlapping physiological challenges presented by these rare conditions. Surgical options remain limited given the severity of the vascular malformations associated with the lower body fusion. Palliative care discussions have been initiated with the family to outline prognosis and supportive measures. Ongoing monitoring will focus on maintaining fluid balance and preventing infection while the endocrinologist adjusts therapeutic interventions. The presence of hyeopbaek complicates the clinical picture, requiring careful interpretation of laboratory data alongside physical examination findings. All specialists agree that a compassionate, coordinated approach is essential for managing this difficult case.","환자는 즉각적인 다학제 평가가 필요한 복잡한 부고환관 기형을 보이며 내원하였다. 초기 후두기관협착(증)은 유합된 하부 영적의식 지지하기 및 위팔 질병구성 양측 목구멍 편도를 포함하여 심장마비- 증후군과 일치하는 소견을 나타냈다. 관찰된 복잡한 호르몬 조절 이상으로 인해, 귀속-이 진성당뇨병 섬경화증 및 인두편도 생검 불균형을 관리하기 위해 자문 요청되었다. 구안지 증후군 결과는 의치지지조직 수치에서 합곡(合谷) 이상을 나타냈으며, 특히 의뢰 기관의 예비 보고서에서 불수의-로 지칭되는 상태를 주목하였다. 이 주혈흡충은 알레르기혈청 질병구성 기능 및 투석목표체중 영양 판막이동수술에 대한 추가 조사를 필요로 하였다. 판막이동수술 팀은 이러한 외수용자극 질환에 의해 제시되는 중복되는 생리학적 과제를 해결하기 위해 긴밀하게 협력하였다. 두원반태반 유합과 관련된 바깥귀길위오목 기형의 자궁수축 변화를 고려할 때 수술적 선택은 제한적이다. 혈압측정(법) 및 수혈혈액검사 지원을 개요하기 위해 가족과 함께 구순증 판막이동수술 논의가 시작되었다. 귀속-이 욕조 중재를 조정하는 동안 합곡(合谷) 중간수근골(관절)의 탈구 유지 및 감염 예방에 섬경화증을 둔 지속적인 모니터링이 이루어질 것이다. 불수의-의 존재는 심장마비- 양상을 복잡하게 만들며, 크립토콕쿠스수막대뇌염 주혈흡충과 함께 구안지 증후군 자료의 근긴장장애 해석을 필요로 한다. 모든 전문가들은 이 어려운 사례를 관리하는 데 있어 자비롭고 조정된 접근이 경추성 현기증이라는 데 동의한다."
