arm,en,pred,rep,grade,level,kcd,words,issues,finish
1c,root pain,신경근통,신경뿌리통증,오답,-,,2,[],stop
1c,plantar flexion,저측 굴곡,발바닥쪽 굽힘,오답,-,,2,[],stop
1c,metagonimus yokogawai,요코가와 메토고니무스,요코가와흡충,오답,-,,2,[],stop
1c,speech loss,실어증,언어 손실,오답,-,,2,[],stop
1c,syncytial,융합체,합포체-,정답(동의어),exact,,1,[],stop
1c,small-and light-for-dates,상외이와,과소 및 과소체중아,오답,-,P05.1,2,[],stop
1c,lobectomy of lung,폐엽절제술,폐엽 절제,오답,-,,3,[],stop
1c,suprameatal foveola,상이와와,바깥귀길위오목,오답,-,,2,[],stop
1c,phlebography,정맥조영술,정맥조영(술),오답,-,,1,[],stop
1c,third ventricle structure,제3뇌실 구조,제3뇌구조,오답,-,,3,[],stop
1c,bidiscoidal placenta,이원반성 태반,두원반태반,오답,-,,2,[],stop
1c,centrolecithal,중앙난황,중심난황-,오답,-,,1,[],stop
1c,auriscope,이경,이경,정답(대표),exact,,1,[],stop
1c,rhinoantritis,비강상악동염,코굴염,오답,-,,1,[],stop
1c,lochioschesis,소형아,산후질분비물정체,오답,-,,1,[],stop
1c,cyematocardia,자궁내막심장증,태아심음,오답,-,,1,[],stop
1c,cardiography,심장기록법,심장도검사,오답,-,,1,[],stop
1c,postprocedural hypothyroidism,시술 후 갑상선기능저하증,처치후 갑상선기능저하증,오답,-,E89.0,2,[],stop
1c,paramyxoviridae infection,파라믹소바이러스과 감염,파라믹소바이러스 감염,오답,-,B33.8,2,[],stop
1c,hepaticostomy,간관조루술,간관루설치(술),오답,-,,1,[],stop
1c,window defect,창결송,창문비침,오답,-,,2,[],stop
1c,vasa previa,전치혈관,전치 맥관,오답,-,P02.6,2,[],stop
1c,working length distance,근로길이 거리,근관장측정검사,오답,-,,3,[],stop
1c,prolinase,프롤리나아제,프롤린효소,오답,-,,1,[],stop
1c,suture thread,봉합사,봉합사,정답(대표),exact,,2,[],stop
1c,urethrocutaneous fistula,요도피부루,요도피부샛길,정답(동의어),nospace,N36.0,2,[],stop
1c,sign,징후,징후,정답(대표),exact,,1,[],stop
1c,a/s posterior capsulo-labroplasty,후방 관절낭술판복원술,관절경 후방 피막테두리성형술,오답,-,,3,[],stop
1c,periarthritis of wrist,손목관절주위염,손목의 관절주위염,오답,-,M77.2,3,[],stop
1c,metarubricyte,후적혈구,후적혈구,정답(대표),exact,,1,[],stop
1c,soryo,소료,소료(素髎),오답,-,,1,[],stop
1c,abrasion of flank,측부 찰과상,옆구리 찰과상,오답,-,S30.8,3,[],stop
1c,scintillating hemianopia,섬광 반맹,섬광반맹,정답(대표),nospace,,2,[],stop
1c,chromophilic cell,호염색세포,호색소세포,오답,-,,2,[],stop
1c,infantile automatism,영아 자동증,젖먹이자동증,오답,-,,2,[],stop
1c,oath of hippocrates,히포크라테스 선서,히포크라테스선서,정답(대표),nospace,,3,[],stop
1c,pubocapsular,치골관절낭의,두덩관절피막-,오답,-,,1,[],stop
1c,hemopleuropneumonic syndrome,혈흉막폐렴 증후군,혈액가슴막폐렴증후군,오답,-,,2,[],stop
1c,rotational irradiation coach,회전 조사 코치,회전방사선치료대,오답,-,,3,[],stop
1c,airborne infection,공기감염,공기매개감염,오답,-,,2,[],stop
1c,fistula of gallbladder,담낭루,담낭의 누공,오답,-,K82.3,3,[],stop
1c,cardiac murmur,심장 잡음,심잡음,오답,-,R01.1,2,[],stop
1c,laryngopharyngitis,후두인두염,후두인두염,정답(대표),exact,,1,[],stop
1c,gantry,개틀리,갠트리,오답,-,,1,[],stop
1c,hyperesophoria,상위사위,상내사위,오답,-,,1,[],stop
1c,multicystic renal dysplasia,다발성 낭종 신 이형성증,다낭성 신장의 형성이상,오답,-,Q61.4,3,[],stop
1c,conn adenoma,결장선종,콘 샘종,오답,-,,2,[],stop
1c,tinea manuum,손백선,손백선,정답(대표),exact,B35.2,2,[],stop
1c,functional enuresis,기능성 야뇨증,기능성 유뇨증,오답,-,F98.0,2,[],stop
1c,simple dressing,단순 드레싱,단순 처치,오답,-,,2,[],stop
1c,first responder,초기 대응자,일차반응자,오답,-,,2,[],stop
1c,abdominal wall strained,복벽염좌,배벽 긴장,오답,-,,3,[],stop
1c,activity grade,활동도,활동정도,오답,-,,2,[],stop
1c,goitrogenic,갑상선종유발성,갑상샘종유발물질-,오답,-,,1,[],stop
1c,myelodysplastic syndromes,골수이형성증후군,골수형성이상증후군,오답,-,D46,2,[],stop
1c,gorei-san,오레이산,오령산,오답,-,,1,[],stop
1c,gallium scan,갈륨 스캔,갈리움 스캔,오답,-,,2,[],stop
1c,blind fistula,맹루,막힌샛길,오답,-,,2,[],stop
1c,radioimmunoelectrophoresis,방사면역전기영동,방사면역전기이동(법),오답,-,,1,[],stop
1c,dilation of rectum,직장 확장,곧창자 확장,정답(동의어),exact,,3,[],stop
1c,exteroceptive stimulus,외자극,외수용자극,오답,-,,2,[],stop
1c,atlas-axis spinal fusion,환축-축추 척추 융합술,고리뼈-중쇠뼈 척추 유합,오답,-,,3,[],stop
1c,qrs widened,QRS 굵어짐,큐알에스(QRS) 넓힘,오답,-,,2,['bad_chars'],stop
1c,esterapenia,에스테라페니아,에스테라아제감소,오답,-,,1,[],stop
1c,major calyx,대신,큰콩팥잔,오답,-,,2,[],stop
1c,hodgkin disease,호지킨병,호지킨병,정답(대표),exact,,2,[],stop
1c,flushing,홍조,홍조,정답(대표),exact,R23.2,1,[],stop
1c,school childhood,학동기,학령기,오답,-,,2,[],stop
1c,abdominal palpable mass,복부 촉지종괴,복부 촉지성 종괴,오답,-,,3,[],stop
1c,di guglielmo's disease,디구글리엘모병,디구글리엘모병,정답(대표),exact,C94.0,3,[],stop
1c,jisil,지실,지실(志室),오답,-,,1,[],stop
1c,ascending arm venography,상완 정맥조영술,상지-상행적상지정맥,오답,-,,3,[],stop
1c,pa x-ray,흉부 X선,치근단 방사선촬영,오답,-,,2,['bad_chars'],stop
1c,developmental retardation child,발달지연아,발달 부진아,오답,-,,3,[],stop
1c,digit preference,숫자 선호,끝수선호,오답,-,,2,[],stop
1c,interferential action,간섭 작용,간섭작용,정답(대표),nospace,,2,[],stop
1c,vulvovaginal,외음질,음문질-,오답,-,,1,[],stop
1c,induced malaria,유발 말라리아,접종말라리아,오답,-,,2,[],stop
1c,interfascicular graft,束間移植,다발사이이식,오답,-,,2,[],stop
1c,oxyhydrocephalus,산수두증,뾰족물머리증,오답,-,,1,[],stop
1c,guinea pig,기니피그,기니피그,정답(대표),exact,,2,[],stop
1c,patent medicine,엣제,특허약,오답,-,,2,[],stop
1c,congruous field defect,합당한 시야결손,일치시야결손,오답,-,,3,[],stop
1c,peritoneocentesis,복막천자,복막천자,정답(대표),exact,,1,[],stop
1c,self-care deficit,자가간호 결핍,자가간호결핍,정답(대표),nospace,,2,[],stop
1c,autonomic bladder,자율방광,자율방광,정답(대표),exact,,2,[],stop
1c,dry arthritis,건성 관절염,건성관절염,정답(대표),nospace,,2,[],stop
1c,pharynx,인두,인두,정답(대표),exact,,1,[],stop
1c,volume elasticity coefficient,용적탄성계수,용적탄력률,오답,-,,3,[],stop
1c,inverse-ratio ventilation,역비환기,역비환기,정답(대표),exact,,2,[],stop
1c,cystitomy,낭종절개술,수정체낭절개(술),오답,-,,1,[],stop
1c,salicylamide,살리실아미드,살리실아마이드,오답,-,,1,[],stop
1c,hemoglobin c,헤모글로빈 C,헤모글로빈C,정답(대표),nospace,,2,['bad_chars'],stop
1c,z-plasty,Z-성형술,Z성형(술),오답,-,,1,['bad_chars'],stop
1c,rash purpuric,자반성 발진,자색반 발진,오답,-,,2,[],stop
1c,mamillitis,유두염,유두염,정답(대표),exact,,1,[],stop
1c,bird-shot chorioretinopathy,조류산탄맥락망막병증,산탄맥락망막병(증),오답,-,,2,[],stop
1c,diabetic coma,당혼수,당뇨 혼수,오답,-,,2,[],stop
1c,condensed chromatin,응축 염색질,농축염색질,오답,-,,2,[],stop
1c,genu valgum,슬개외반,외반슬,오답,-,M21.06,2,[],stop
1c,revision septoplasty,재수술 비중격성형술,교정 사이막성형술,오답,-,,2,[],stop
1c,naevus portwine,포도주색 모반,포도주색 모반,정답(대표),exact,Q82.5,2,[],stop
1c,glissade,활주,글리사드,오답,-,,1,[],stop
1c,psoas shadow,장요근 음영,허리근음영,오답,-,,2,[],stop
1c,splenectomy,비장절제술,비장절제,오답,-,,1,[],stop
1c,antimicrobial eye drop,항균성 안약,항균안약,오답,-,,3,[],stop
1c,salpingography and plasty,난관조영술 및 성형술,난관조영촬영 및 개통술,오답,-,,3,[],stop
1c,clostridium histolyticum,클로스트리디움 히스톨리티쿰,클로스트리듐히스톨리티쿰,오답,-,,2,[],stop
1c,anecdotal,일화적,증례서술적,정답(동의어),exact,,1,[],stop
1c,tumor-specific antigen,종양특이항원,종양특이항원,정답(대표),exact,,2,[],stop
1c,schistocephalus,구절두충,머리갈림태아,오답,-,,1,[],stop
1c,resecting fracture,절제 골절,깍임골절,정답(동의어),nospace,,2,[],stop
1c,epidermophyton,표피균,표피사상균(속),오답,-,,1,[],stop
1c,microlymphatic graft,미세림프이식편,미세림프절이식,오답,-,,2,[],stop
1c,cardiac pet-ct,심장 펫-ct,심장 양전자방출단층촬영술,오답,-,,2,['bad_chars'],stop
1c,multidrug resistance,다제내성,다약제내성,오답,-,,2,[],stop
1c,puerility,소아기,소아기,정답(대표),exact,,1,[],stop
1c,enteropathic arthritis,장병성 관절염,창자질환성 관절염,오답,-,,2,[],stop
1c,lobomycosis,로보미코증,로보진균증,오답,-,B48.0,1,[],stop
1c,lamblial dysentery,람블편모충성 이질,람블편모충이질,오답,-,,2,[],stop
1c,ladder splint,사다리 부목,사다리형덧대,오답,-,,2,[],stop
1c,radiostrontium,방사성 스트론튬,방사성스트론튬,정답(대표),nospace,,1,[],stop
1c,deuterium,중수소,중수소,정답(대표),exact,,1,[],stop
1c,deforming dorsopathies,변형성 등골병증,변형성 등병증,오답,-,M40-M43,2,[],stop
1c,nonoperculated egg,비편폐란,무난개충란,오답,-,,2,[],stop
1c,holy fire,화기,에르고트중독증,오답,-,,2,[],stop
1c,sclerosing retroperitonitis,경화성 후복막염,경화뒤배막염,오답,-,,2,[],stop
1c,bilaminar vitelline placenta,이층 난황 태반,두겹난황태반,오답,-,,3,[],stop
1c,dyskeratosis congenita,선천성 각화부전증,선천 이상각화증,오답,-,Q82.8,2,[],stop
1c,flax-dresser disease,아마포직업병,아마포착용자병,오답,-,J66.1,2,[],stop
1c,bryant's traction,브라이언트 견인,브리언트 당김,오답,-,,2,[],stop
1c,endemic disease,풍토병,풍토병,정답(대표),exact,,2,[],stop
1c,annular nucleus,고리핵,고리핵,정답(대표),exact,,2,[],stop
1c,pseudoptosis,가성안검하수,거짓눈꺼풀처짐,정답(동의어),exact,H02.48,1,[],stop
1c,throat pruritus,인후소양증,목구멍 가려움증,오답,-,,2,[],stop
1c,endoenteritis,장내막염,창자점막염,오답,-,,1,[],stop
1c,deep mycosis,심부 진균증,심재성 진균증,오답,-,B48.8,2,[],stop
1c,hydrometra,자궁수종,물자궁증,오답,-,N85.8,1,[],stop
1c,osteochondroma,골연골종,뼈연골종,정답(동의어),exact,,1,[],stop
1c,stratified randomization,층화무작위배정,층별무작위배정(법),오답,-,,2,[],stop
1c,corticobasal degeneration,피질기저핵变性,겉질기저 변성,오답,-,,2,[],stop
1c,heart rate variability,심박수 변동성,심박변이도,오답,-,,3,[],stop
1c,intromission,삽입,삽입,정답(대표),exact,,1,[],stop
1c,drug-induced,약물유발성,약물유발-,오답,-,,1,[],stop
1c,ossidesmosis,골유합,힘줄뼈되기,오답,-,,1,[],stop
1c,binaural,양이,양귀-,오답,-,,1,[],stop
1c,extrachromosomal inheritance,염색체외 유전,염색체외유전,정답(대표),nospace,,2,[],stop
1c,onychopathy,조갑질환,손발톱병(증),오답,-,,1,[],stop
1c,ionometer,이온계,이온화선량계,오답,-,,1,[],stop
1c,double-barreled aorta,이중대동맥관,이중관대동맥,오답,-,,2,[],stop
1c,lipomelanotic reticulosis,지방흑색소성 망상증,지방흑색증성 세망증,오답,-,I89.8,2,[],stop
1c,muscle twitch,근육 경련,근육 경련,정답(대표),exact,,2,[],stop
1c,psychosocial development,정신사회발달,정신사회발달,정답(대표),exact,,2,[],stop
1c,ulcerlike nud,궤양성 결절,궤양성 비궤양성 소화불량,오답,-,K30,2,[],stop
1c,nodular fasciitis,결절성 근막염,결절 근막염,오답,-,M72.4,2,[],stop
1c,homogeneous,균질성,균일,오답,-,,1,[],stop
1c,altered uterine contractions,자궁수축 이상,자궁수축 변화,오답,-,,3,[],stop
1c,pyrexia during labour,분만 중 발열,출산중 발열,오답,-,O75.2,3,[],stop
1c,a/s capsulectomy,전방/상방 낭종절제술,관절경적 피막절제술,오답,-,,2,[],stop
1c,superexcitation,과흥분,과도흥분,오답,-,,1,[],stop
1c,bony excrescence,골성 돌기,뼈이상돌출,오답,-,,2,[],stop
1c,coupling color,결합색,커플링염료,오답,-,,2,[],stop
1c,phlebitis and thrombophlebitis,정맥염 및 혈전성 정맥염,정맥염 및 혈전정맥염,오답,-,I80,3,[],stop
1c,breath holding spell,호흡 정지 발작,숨참기발작,오답,-,R06.8,3,[],stop
1c,extroverted personality,외향적 성격,외향인격,오답,-,,2,[],stop
1c,enterotoxin,장독소,창자독소,정답(동의어),exact,,1,[],stop
1c,linear craniectomy,선형 두개골 절제술,선상 머리뼈 절제,오답,-,,2,[],stop
1c,diving reflex,잠수반사,잠수반사,정답(대표),exact,,2,[],stop
1c,thymus,흉선,가슴샘,정답(동의어),exact,,1,[],stop
1c,pseudoepicanthus,가성내반속눈썹,거짓눈구석주름,오답,-,,1,[],stop
1c,in utero,자궁 내,자궁내,정답(대표),nospace,,2,[],stop
1c,epidermolysis bullosa dystrophica,영양성 수포성 표피박리증,디스트로피성 수포성 표피박리증,오답,-,Q81.2,3,[],stop
1c,functional ileus,기능적 장폐색,기능창자막힘증,오답,-,,2,[],stop
1c,colonic serosa,결장장막,잘록창자장막층,오답,-,,2,[],stop
1c,sideroblastic anaemia,철아구성 빈혈,철적혈모구빈혈,오답,-,D64.0-D64.3,2,[],stop
1c,prandial,식사,식사-,오답,-,,1,[],stop
1c,infanthood,영아기,영아기,정답(대표),exact,,1,[],stop
1c,rothmund thomson syndrome,로트문트-톰슨 증후군,로트문드 톰슨 증후군,오답,-,Q82.8,3,[],stop
1c,high quality-hcv ab,고품질-HCV 항체,정밀면역검사-C형간염항체,오답,-,,3,['bad_chars'],stop
1c,echo pulse,반향 펄스,초음파,오답,-,,2,[],stop
1c,intramuscular nerve stimulation,근육내 신경 자극,근육내신경자극치료,오답,-,,3,[],stop
1c,anisometropic amblyopia,부동시약시,굴절부등약시,오답,-,H53.01,2,[],stop
1c,traumatic sah,외상성 지주막하출혈,외상성 지주막하출혈,정답(대표),exact,S06.6,2,[],stop
1c,kakidrosis,한증,땀악취증,오답,-,L75.0,1,[],stop
1c,plate,판,평판,정답(동의어),exact,,1,[],stop
1c,paraspasm,연축,대칭성연축,오답,-,,1,[],stop
1c,mescaline,메스칼린,메스칼린,정답(대표),exact,,1,[],stop
1c,gangliectomy,신경절절제술,신경절절제(술),오답,-,,1,[],stop
1c,carpometacarpal joint structure,수장골 관절 구조물,손목손허리관절,오답,-,,3,[],stop
1c,cystica ureteritis,낭성 요관염,낭성 요관염,정답(대표),exact,N28.8,2,[],stop
1c,chemohormonal,화학호르몬,화학호르몬-,오답,-,,1,[],stop
1c,ancylostoma ceylanicum,세라니쿰구충,실론구충,오답,-,,2,[],stop
1c,milieu therapy,환경요법,환경 치료요법,오답,-,,2,[],stop
1c,evacuation of empyema,농흉 배액,축농 제거,오답,-,,3,[],stop
1c,triketohydrindene hydrate test,트리케토히드린덴 수화물 시험,닌히드린검사,오답,-,,3,[],stop
1c,conglutinogen activating factor,응집소 활성화 인자,교착원활성인자,오답,-,,3,[],stop
1c,dislocation of wrist,손목탈구,손목의 탈구,오답,-,S63.0,3,[],stop
1c,triple test,삼중검사,삼중검사,정답(대표),exact,,2,[],stop
1c,cogan's disease,코간병,코오간병,오답,-,H16.3,2,[],stop
1c,double bladder,중복방광,중복방광,정답(대표),exact,,2,[],stop
1c,derangement of patella,슬개골 장애,무릎뼈의 장애,오답,-,M22.0-M22.3,3,[],stop
1c,debanding,밴드 제거,밴드제거,정답(대표),nospace,,1,[],stop
1c,interarytenoid notch,후披裂間切痕,모뿔사이패임,오답,-,,2,[],stop
1c,lymphopoiesis,림프조혈,림프구형성,오답,-,,1,[],stop
1c,masticatory dysfunction,저작기능 장애,씹기 기능장애,오답,-,,2,[],stop
1c,suturing of wound,창상 봉합,창상봉합술,오답,-,,3,[],stop
1c,retaining harness,유지식 견갑골 고정대,장치유지,오답,-,,2,[],stop
1c,omsk haemorrhagic fever,옴스크 출혈열,옴스크출혈열,정답(대표),nospace,A98.1,3,[],stop
1c,dural avf,경막동정맥루,경막의 동정맥루,정답(동의어),exact,I67.1,2,[],stop
1c,hepatogram,간기능검사,간실질상,오답,-,,1,[],stop
1c,sacrococcygeal,천미골,엉치꼬리-,오답,-,,1,[],stop
1c,cercosporomycosis,세르코스포로미코시스,세르코스포라진균증,오답,-,,1,[],stop
1c,lipoid dermatoarthritis,지방성 피부관절염,리포이드피부관절염,오답,-,M14.3,2,[],stop
1c,instep island flap,족배도피판,안쪽발바닥섬피판,오답,-,,3,[],stop
1c,assessing waste service,폐기물 서비스 평가,쓰레기처리 능력 사정하기,오답,-,,3,[],stop
1c,affectivity,정동성,정동성,정답(대표),exact,,1,[],stop
1c,dry weight,건조체중,투석목표체중,오답,-,,2,[],stop
1c,spinal injuries,척추 손상,척수 손상,오답,-,,2,[],stop
1c,crossbite (anterior)(posterior),전방 및 후방 교차교합,맞물림이상(앞쪽)(뒤쪽),오답,-,K07.25,2,[],stop
1c,neuraxis,신경축,신경축,정답(대표),exact,,1,[],stop
1c,spleen qi deficiency,비기허,비기허,정답(대표),exact,U68.0,3,[],stop
1c,manage immobilizer care,부목 고정 관리,부동간호 관리,오답,-,,3,[],stop
1c,cervix dilatation,자궁경부 확장,자궁경부개대,오답,-,,2,[],stop
1c,poor sucking reflex,빨기 반사 저하,빨기 반사 어려움,오답,-,,3,[],stop
1c,high-tension pulse,긴장맥,고긴장맥박,오답,-,,2,[],stop
1c,sp crown setting,스프 관절 정복술,스테인레스금관 합착,오답,-,,3,[],stop
1c,epiduroscopic neuroplasty,경막외내시경신경성형술,내시경적 경막외강 신경성형술,오답,-,,2,[],stop
1c,bilharzial dysentery,주혈흡충 이질,방광주혈흡충이질,오답,-,,2,[],stop
1c,iodinated,요오드화,요오드표지-,오답,-,,1,[],stop
1c,bilateral palatine tonsils,양측 구개편도,양측 목구멍 편도,오답,-,,3,[],stop
1c,subpapillary arterial network,유두하 동맥망,유두밑동맥그물,정답(동의어),nospace,,3,[],stop
1c,entire trapezius muscle,전체 승모근,온등세모근,오답,-,,3,[],stop
1c,collagen fiber graft,콜라겐 섬유 이식편,교원 섬유 이식술,오답,-,,3,[],stop
1c,polymerism,중합체증,분절과다증,오답,-,,1,[],stop
1c,labilizer,안정화 장치,불안정제,오답,-,,1,[],stop
1c,hypotonus,저긴장증,근육긴장저하,오답,-,,1,[],stop
1c,melanidrosis,흑색한증,흑색땀증,오답,-,,1,[],stop
1c,allergenic serum,알레르겐 혈청,알레르기혈청,오답,-,,2,[],stop
1c,micromanipulation,미세조작,미세조작(술),오답,-,,1,[],stop
1c,endometrial stromal sarcoma,자궁내막간질육종,자궁내막버팀질육종,정답(동의어),exact,,3,[],stop
1c,cobblestone tongue,설거침설,조약돌혀,오답,-,,2,[],stop
1c,peritoneal cavity,복막강,배막안,오답,-,,2,[],stop
1c,chorea gravidarum,임신성 무도병,임신무도병,오답,-,,2,[],stop
1c,acrotrophodynia,말초혈관통증,말단영양통증,오답,-,,1,[],stop
1c,spondylopathy,척추병,척추병(증),오답,-,M45-M49,1,[],stop
1c,macrocephalus,대두증,큰머리증,정답(동의어),exact,Q04.5,1,[],stop
1c,saliva viscosity test,타액 점도 검사,타액 점조도 검사,오답,-,,3,[],stop
1c,revaccination,재접종,재접종,정답(대표),exact,,1,[],stop
1c,solenopsis invicta,붉은불개미,불개미,오답,-,,2,[],stop
1c,perfluorocarbon,퍼플루오로카본,과불화탄소,오답,-,,1,[],stop
1c,ardor,화열,작열감,오답,-,,1,[],stop
1c,transluminal coronary atherectomy,경혈관내 관동맥 죽상반절제술,내강경유 심장혈관 죽종절제,오답,-,,3,[],stop
1c,hemocytometry,혈구계산,혈구계수(법),오답,-,,1,[],stop
1c,membranous endometritis,막성 자궁내막염,막자궁내막염,오답,-,,2,[],stop
1c,juvenile chronic iridocyclitis,소년만성홍채모양체염,연소성 만성 홍채섬모체염,오답,-,H20.1,3,[],stop
1c,tufting enteropathy,장모증,터프팅장증,오답,-,P78.3,2,[],stop
1c,cross-face,횡안면,교차얼굴,오답,-,,1,[],stop
1c,diverticulitis oesophageal,식도염전증,식도 곁주머니염,오답,-,,2,[],stop
1c,medical care division,진료과,의료급여구분,오답,-,,3,[],stop
1c,muscle flap,근판막,근(육)판,오답,-,,2,[],stop
1c,distraction therapy,주의산만요법,골신장술,오답,-,,2,[],stop
1c,associated disorder,관련 질환,수반장애,오답,-,,2,[],stop
1c,gitelman syndrome,깔텔만 증후군,지텔만 증후군,오답,-,N15.8,2,[],stop
1c,positioned flap,위치판막,판막이동수술,오답,-,,2,[],stop
1c,esthiomene,음순비대증,만성 외음궤양,오답,-,A55,1,[],stop
1c,lcp disease,레그-칼베-페르테스병,넙다리뼈머리뼈끝뼈연골증,오답,-,,2,[],stop
1c,papilloma of cerviv,자궁경부 유두종,자궁경부의 유두종,오답,-,D26.0,3,[],stop
1c,steatocystoma,지방낭종,피지낭종,오답,-,,1,[],stop
1c,sialodochoplasty,관수술,침샘관성형(술),오답,-,,1,[],stop
1c,alert,명료,명료함,오답,-,,1,[],stop
1c,glucuronic acid,글루쿠론산,글루쿠론산,정답(대표),exact,,2,[],stop
1c,first-pass cardiac scan(resting),제1통과 심장스캔(안정시),일회통과심장스캔-안정상태,오답,-,,3,['bad_chars'],stop
1c,arthroplasty of foot,족부 관절성형술,발의 관절 성형,오답,-,,3,[],stop
1c,dromotropic,변력,전도영향성-,오답,-,,1,[],stop
1c,tibia vara,경골 내반증,내반경골,오답,-,M92.5,2,[],stop
1c,assessing grief,애도 평가,슬픔 사정하기,오답,-,,2,[],stop
1c,staphylococcus epidermidis,포도상구균 표피균,표피포도알균,오답,-,,2,[],stop
1c,proenzyme,효소원,풋효소,오답,-,,1,[],stop
1c,diffusing capacity,확산능,확산능,정답(대표),exact,,2,[],stop
1c,motor fiber,운동 섬유,운동신경섬유,정답(동의어),nospace,,2,[],stop
1c,parovarian cystoma,난관관낭종,난소위체낭,오답,-,Q50.4,2,[],stop
1c,nerve conduction study(head),신경전도검사(머리),신경전도검사(두부),오답,-,,3,['bad_chars'],stop
1c,inappropriate self disclosure,부적절한 자기노출,부적절한 자기 노출,정답(대표),nospace,,3,[],stop
1c,catatonic shizophrenia,긴장형 조현병,긴장형 정신분열병,정답(동의어),exact,F20.2,2,[],stop
1c,epilemmal termination,상피 종결,신경속막종말,오답,-,,2,[],stop
1c,dilation of intestine,장관 확장,창자 확장,오답,-,,3,[],stop
1c,sarcoma of lung,폐육종,폐 육종,정답(대표),nospace,C34.99,3,[],stop
1c,binder,붕대,결합체,오답,-,,1,[],stop
1c,ramicotomy,흉부교감신경절제술,신경분지절단(술),오답,-,,1,[],stop
1c,fetal cotyledon,태반소엽,태아쪽태반엽,오답,-,,2,[],stop
1c,multiple v-y plasties,다수 V-Y 성형술,V-Y 성형술,오답,-,,3,['bad_chars'],stop
1c,psychologist - rehabilitation,재활심리사,심리학자-재활,오답,-,,3,[],stop
1c,hemeralopia,주맹,주간맹,오답,-,H53.1,1,[],stop
1c,cortisol-binding globulin,코르티솔 결합 글로불린,코티솔결합글로불린,오답,-,,2,[],stop
1c,pyelic,신우의,콩팥깔때기-,오답,-,,1,[],stop
1c,facial nucleus,안면신경핵,얼굴신경핵,오답,-,,2,[],stop
1c,myitis,근염,근(육)염,오답,-,,1,[],stop
1c,synclonus,동성간대,동조근간대,오답,-,,1,[],stop
1c,graves' ophthalmopathy,그레이브스 안병증,그레이브스 눈병증,오답,-,E05.0&H06.2,2,[],stop
1c,talipes calcaneus,종근족,발끝들린휜발증,오답,-,,2,[],stop
1c,false neuroma,가신경종,가성신경종,오답,-,,2,[],stop
1c,hyperaldosteronism,고알도스테론증,고알도스테론증,정답(대표),exact,E26,1,[],stop
1c,blood tinged sputum,혈성 객담,혈액흔적가래,오답,-,,3,[],stop
1c,cold pack,냉찜질,찬물 주머니,오답,-,,2,[],stop
1c,cecocentral scotoma,맹장중심암점,주시점맹점암점,오답,-,,2,[],stop
1c,comparator,비교기,비교측정기,오답,-,,1,[],stop
1c,cirsophthalmia,정맥류성 안검종,결막정맥류,오답,-,,1,[],stop
1c,scleral necrosis/melt,공막괴사/융해,공막 괴사/ 융해,정답(대표),nospace,,2,[],stop
1c,deficient perineum,회음부 결손,회음결핍,오답,-,N81.8,2,[],stop
1c,aqueous fluid,방수,방수,정답(대표),exact,,2,[],stop
1c,intestinal polypectomy,장용종절제술,장 폴립 절제,오답,-,,2,[],stop
1c,prostatodynia,전체통증,전립샘통증,오답,-,N42.8,1,[],stop
1c,pungji,풍지,풍지(風池),오답,-,,1,[],stop
1c,vibratory auscultation,진동청진,진동청진,정답(대표),exact,,2,[],stop
1c,retrocedent gout,퇴행성 통풍,내공성통풍,오답,-,,2,[],stop
1c,mastadenitis,유선염,젖샘염,정답(동의어),exact,,1,[],stop
1c,bladder neck contracture,방광경부협착,방광목 위축,오답,-,N32.8,3,[],stop
1c,organoid tumor,종양 오가노이드,장기모양종양,오답,-,,2,[],stop
1c,oil red,오일 레드,오일레드,정답(대표),nospace,,2,[],stop
1c,t-colectomy,T-결장절제술,횡행결장절제술,오답,-,,1,['bad_chars'],stop
1c,ear probe,이경 프로브,귀꽂이,오답,-,,2,[],stop
1c,hereditary mutilating keratoma,유전성 파괴성 각종,유전절단각화종,오답,-,,3,[],stop
1c,plasmablastic lymphoma,플라스모블라스트 림프종,형질모세포성 림프종,오답,-,C83.3,2,[],stop
1c,grain itch,곡진증,곡물 소양증,오답,-,B88.0,2,[],stop
1c,video laryngoscopy,비디오 후두경검사,비디오후두경검사(법),오답,-,,2,[],stop
1c,intermetatarsal joint structure,중족골간 관절 구조물,발허리간관절조직,오답,-,,3,[],stop
1c,deceleration,감속,감속,정답(대표),exact,,1,[],stop
1c,alcohol swab,알코올 솜,알코올솜,정답(대표),nospace,,2,[],stop
1c,trichroism,삼색성,삼색상,오답,-,,1,[],stop
1c,thoracalgia,흉통,흉통,정답(대표),exact,,1,[],stop
1c,entire finger,전체 손가락,온손가락,오답,-,,2,[],stop
1c,tricephalus,두두아체,세머리태아,오답,-,,1,[],stop
1c,ant. uveitis,전방 포도막염,전방포도막염,정답(대표),nospace,H20.9,2,[],stop
1c,antivitamin,항비타민,항비타민물질,오답,-,,1,[],stop
1c,parathyroid tetany,부갑상선성 강직,부갑상선테타니,오답,-,E20.9,2,[],stop
1c,outbreed,이종교배,무작위교배계,오답,-,,1,[],stop
1c,biopsy of adenoid,아데노이드 생검,인두편도 생검,정답(동의어),exact,,3,[],stop
1c,lichen planus tropicus,편평태선열대,열대성 편평태선,오답,-,L43.3,3,[],stop
1c,hb-sc disease,헤모글로빈 SC병,헤모글로빈-SC병,오답,-,D57.2,2,['bad_chars'],stop
1c,vertebro-basilar artery syndrome,추골기저동맥증후군,척추-뇌기저동맥증후군,오답,-,G45.0,3,[],stop
1c,impulse conducting system,자극전도계통,심장흥분전도계통,오답,-,,3,[],stop
1c,oncogene,종양유전자,종양유전자,정답(대표),exact,,1,[],stop
1c,cholelithiasis,담석증,담석증,정답(대표),exact,K80,1,[],stop
1c,odontoprisis,마모증,이갈기,오답,-,,1,[],stop
1c,moniliform nucleus,사슬핵,염주핵,오답,-,,2,[],stop
1c,medical genetics,의학유전학,의학유전학,정답(대표),exact,,2,[],stop
1c,meckel's imaging,메켈 영상,메켈스 스캔,오답,-,,2,[],stop
1c,koop's modified pylomyotomy,쿱의 변형 유문근절개술,쿱의 수정 유문근층 절개,오답,-,,3,[],stop
1c,endovascular ultrasonography,혈관내 초음파검사,혈관내 초음파촬영,오답,-,,2,[],stop
1c,uterine arteriography,자궁동맥조영술,복부및골반동맥조영-자궁동맥,오답,-,,2,[],stop
1c,absolute scotoma,절대암점,절대암점,정답(대표),exact,,2,[],stop
1c,meshwork,망상조직,섬유주,오답,-,,1,[],stop
1c,myotonic disorders,근강직성 질환,근긴장장애,오답,-,G71.1,2,[],stop
1c,hyperthyroxinemia,고티록신혈증,고티록신혈증,정답(대표),exact,,1,[],stop
1c,hyeopgye,협계,협계(俠谿),오답,-,,1,[],stop
1c,video-urodynamic study,비디오요동역학검사,영상요역동학검사,오답,-,,2,[],stop
1c,gastroenteritis paratyphosa,파라장티푸스,파라티푸스위창자염,오답,-,,2,[],stop
1c,coffin-siris syndrome,코핀-시리스 증후군,코핀-시리스 증후군,정답(대표),exact,Q87.5,2,[],stop
1c,proacrosomal granule,전체세립과립,풋첨단체과립,오답,-,,2,[],stop
1c,intermedia thalassaemia,중간형 지중해빈혈,중간형 지중해빈혈,정답(대표),exact,D56.1,2,[],stop
1c,joint swelling non-inflammatory,비염증성 관절 종창,비염증 관절 부기,오답,-,,3,[],stop
1c,death,사망,사,오답,-,R99,1,[],stop
1c,assess enema,관장 평가,관장 사정,오답,-,,2,[],stop
1c,autonomic insufficiency,자율신경기능부전,자율신경부전,오답,-,,2,[],stop
1c,assess hospice,호스피스 평가,호스피스 사정,오답,-,,2,[],stop
1c,multiple adenomatous polyps,다발성 선종성 폴립,다발성 샘종성 폴립,정답(동의어),exact,,3,[],stop
1c,immature proglottid,미성숙절편,미성숙편절,오답,-,,2,[],stop
1c,peptonization,펩톤화,펩톤화,정답(대표),exact,,1,[],stop
1c,rectal,직장의,곧창자-,오답,-,,1,[],stop
1c,transurethral intravesical electrotherapy,경요도 방광내 전기요법,요도경유방광속전기요법,정답(동의어),nospace,,3,[],stop
1c,hyposegmentation,과분염 감소,저분절증,오답,-,,1,[],stop
1c,sirenomelia syndrome,인어증후군,인어다리 증후군,오답,-,Q87.2,2,[],stop
1c,paraphilia,성도착증,성도착(증),오답,-,,1,[],stop
1c,vaccination against staphylococcus,포도알균 예방접종,포도구균 예방접종,오답,-,,3,[],stop
1c,isosorbide,이소소르비드,이소소르바이드,오답,-,,1,[],stop
1c,psoriatic spondylitis,건선성 척추염,건선척추염,오답,-,M07.2,2,[],stop
1c,bone inlay,골이식,골내재,오답,-,,2,[],stop
1c,podiatrist,족부전문의,발전문가,오답,-,,1,[],stop
1c,perform infection control,감염 관리 수행,감염통제 수행,오답,-,,3,[],stop
1c,square root sign,제곱근 기호,제곱근모양징후,오답,-,,3,[],stop
1c,cromolyn,크로몰린,크로몰린,정답(대표),exact,,1,[],stop
1c,macrocytic anemia,거대적혈구빈혈,큰적혈구빈혈,오답,-,D52.9,2,[],stop
1c,hyperlipidaemia,고지혈증,고지혈증,정답(대표),exact,,1,[],stop
1c,immunoglobulin class,면역글로불린 클래스,면역글로불린계,오답,-,,2,[],stop
1c,subadventitial fibroplasia,혈관외막하 섬유증식,외막밑섬유증식,오답,-,,2,[],stop
1c,supraclavicular approach,쇄골상 접근법,빗장위접근법,정답(동의어),nospace,,2,[],stop
1c,post-traumatic polyarthrosis,외상성 다발성 관절증,외상후 다발관절증,오답,-,M15.3,2,[],stop
1c,hemacytometry,혈구계산,혈구계수,오답,-,,1,[],stop
1c,single-step growth curve,단일 단계 성장 곡선,일회증식곡선,오답,-,,3,[],stop
1c,fusiform layer,방추층,방추세포층,오답,-,,2,[],stop
1c,apneusis,무호흡,지속들숨,오답,-,,1,[],stop
1c,pupillary seclusion,동공폐쇄,동공차단,오답,-,H21.4,2,[],stop
1c,nodular sclerosis,결절성 경화증,결절경화,오답,-,,2,[],stop
1c,semidirected lead,반향성 도출,반직접유도,오답,-,,2,[],stop
1c,closed reduction,폐쇄정복,비개방정복(술),오답,-,,2,[],stop
1c,subspinous,극하돌기,가시돌기밑-,오답,-,,1,[],stop
1c,anterior resection,전방 절제술,앞방향절제(술),오답,-,,2,[],stop
1c,closed approach,폐쇄적 접근법,폐쇄방법,오답,-,,2,[],stop
1c,general microbiology test,일반미생물검사,일반미생물 검사,정답(대표),nospace,,3,[],stop
1c,dopa-responsive dystonia,도파반응성 이상운동증,도파-반응성 근긴장이상,오답,-,G24.8,2,[],stop
1c,ramus of pubis,치골지,두덩뼈가지,정답(동의어),exact,,3,[],stop
1c,postpartum afibrinogenemia,산후 무피브리노겐혈증,분만후 무피브리노젠혈증,오답,-,O72.3,2,[],stop
1c,tubal tonsil,관편도,귀인두관편도,오답,-,,2,[],stop
1c,posterior thoracic fusion,후방 흉추 융합술,뒷쪽 가슴척추 유합,오답,-,,3,[],stop
1c,premenopause,갱년기전기,폐경전,오답,-,,1,[],stop
1c,myoclonia fibrillaris multiplex,다발성 섬유성 근간대경련,다발잔떨림근대성대발작,오답,-,,3,[],stop
1c,hemoclastic reaction,혈괴반응,혈구파괴반응,오답,-,,2,[],stop
1c,phospholipidemia,인지질혈증,인지질혈증,정답(대표),exact,,1,[],stop
1c,cardiocele,심장허탈,심장류,오답,-,,1,[],stop
1c,polygraph,다원그래프,다원기록기,오답,-,,1,[],stop
1c,fourth heart sound,제4심음,제4심(장)음,오답,-,,3,[],stop
1c,sex cord-stromal tumor,성색-간질 종양,성끈기질종양,오답,-,,3,[],stop
1c,cardiodiaphragmatic angle,심횡격각,심장가로막각,오답,-,,2,[],stop
1c,avulsion fracture,열골,찢김 골절,오답,-,,2,[],stop
1c,atrioventricular septal defect,방실중격결손증,심방실중격결손,오답,-,Q21.2,3,[],stop
1c,cryptogenic sepsis,원인불명 패혈증,특발성패혈증,오답,-,,2,[],stop
1c,primary syphilis,1기 매독,1기매독,정답(대표),nospace,,2,[],stop
1c,dyslipoproteinemia,이상지단백혈증,이상지질단백혈증,오답,-,,1,[],stop
1c,insular sclerosis,섬염,섬경화증,오답,-,,2,[],stop
1c,nasalis muscle,비근육,코근,오답,-,,2,[],stop
1c,pubovaginal,치질골질식,두덩질-,오답,-,,1,[],stop
1c,triaging,분류,중증도 분류,오답,-,,1,[],stop
1c,opium plaster,아편 고약,아편고약,정답(대표),nospace,,2,[],stop
1c,curvature of spine,척추만곡,척주굽이,오답,-,,3,[],stop
1c,chloropsia,녹시증,녹색시,오답,-,,1,[],stop
1c,arsenic mirror,비소경,코거울,오답,-,,2,[],stop
1c,ulceroglandular tularaemia,궤양선형 투라레미아,궤양림프절야생토끼병,오답,-,A21.0,2,[],stop
1c,aerial infection,공기 감염,흡입감염,오답,-,,2,[],stop
1c,phosphene,인광,섬광시,오답,-,,1,[],stop
1c,hill-sachs lesion,힐삭스 병변,힐-샥스 병터,오답,-,,2,[],stop
1c,modified norwood operation,변형 노우드 수술,수정된 노우드수술,오답,-,,3,[],stop
1c,prootic,전이골,귀앞-,오답,-,,1,[],stop
1c,lenticonus,렌콘us,원뿔수정체,오답,-,Q12.8,1,['bad_chars'],stop
1c,dense deposit disease,고침착질환,고밀도침착병,오답,-,,3,[],stop
1c,muscular atrophy,근위축,근위축,정답(대표),exact,M62.59,2,[],stop
1c,hyperestrinism,에스트로겐과다증,여성호르몬과다(증),오답,-,,1,[],stop
1c,old tuberculin,구결핵균소독약,재래식투베르쿨린,오답,-,,2,[],stop
1c,adenomatosis of colon,결장 선종증,결장의 선종증,오답,-,D12.6,3,[],stop
1c,running nose,비루,코감기,오답,-,,2,[],stop
1c,deshielded proton,디실드된 양성자,미차폐양성자,오답,-,,2,[],stop
1c,stage of life,생애주기,생명단계,오답,-,,3,[],stop
1c,endoscopic revision dacryocystorhinostomy,내시경적 교정 누낭비강문합술,내시경 이용 눈물주머니코안 연결 교정,오답,-,,3,[],stop
1c,idiotype-anti-idiotype network,이디오타입-항이디오타입 네트워크,개별특이형항체조절망,오답,-,,2,[],stop
1c,total albinism,전신 백색증,온백색증,정답(동의어),nospace,,2,[],stop
1c,dermoepidermal,표피진피,진피표피-,오답,-,,1,[],stop
1c,blastomyces,블라스토미세스,분아진균(속),오답,-,,1,[],stop
1c,pulex,벼룩,벼룩(속),오답,-,,1,[],stop
1c,sucking disc,흡반,흉반,정답(동의어),exact,,2,[],stop
1c,medial nasal prominence,내측비돌기,내측비융기,오답,-,,3,[],stop
1c,melanoacanthoma,흑색극세포종,멜라닌가시세포종,오답,-,,1,[],stop
1c,shifting reaction,이동 반응,편위반응,오답,-,,2,[],stop
1c,primary amnion,원시 양막,원시양막,정답(대표),nospace,,2,[],stop
1c,hyperreninemia,고레닌혈증,과레닌혈증,오답,-,,1,[],stop
1c,periostitis,골막염,뼈막염,정답(동의어),exact,,1,[],stop
1c,uterine inversion,자궁내반증,자궁뒤집힘,오답,-,,2,[],stop
1c,neonatal oesophageal reflux,신생아 식도역류,신생아식도역류,정답(대표),nospace,P78.8,3,[],stop
1c,cervical vertigo,경추성 어지럼증,경추성 현기증,오답,-,M54.22,2,[],stop
1c,negative pressure,음압,음압,정답(대표),exact,,2,[],stop
1c,naegleria fowleri,파울러자유아메바,파울러자유아메바,정답(대표),exact,,2,[],stop
1c,fisher syndrome,피셔 증후군,피셔증후군,정답(대표),nospace,,2,[],stop
1c,br. tx.,기관지확장제,브릿지 치료,오답,-,,2,[],stop
1c,glaucomatous cataract,녹내장성 백내장,녹내장성백내장,정답(대표),nospace,,2,[],stop
1c,hippuric acid,히푸르산,마뇨산,정답(동의어),exact,,2,[],stop
1c,maxillomandibular disharmony,상하악 부조화,위아래턱부조화,정답(동의어),nospace,,2,[],stop
1c,supernumeric impacted tooth,과잉 매복치,과잉매복치,정답(대표),nospace,K01.18,3,[],stop
1c,calcification of bursa,점액낭 석회화,윤활낭(의) 석회화,오답,-,M71.4,3,[],stop
1c,isomaltase,이소말타아제,이소말타아제,정답(대표),exact,,1,[],stop
1c,hay asthma,건초천식,건초천식,정답(대표),exact,,2,[],stop
1c,lambliasis,람블리아증,람블편모충증,오답,-,,1,[],stop
1c,vaginography,질조영술,질조영(술),오답,-,,1,[],stop
1c,hbab,혈색소,간염 B형 표면항체,오답,-,,1,[],stop
1c,calomel,염화제1수은,감홍,오답,-,,1,[],stop
1c,ricinism,리신 중독,리신증,오답,-,,1,[],stop
1c,first filial generation,제1자송대,일대잡종,오답,-,,3,[],stop
1c,vague symptom,막연한 증상,분명치않는증상,오답,-,,2,[],stop
1c,depigmenting cream,탈색소 크림,탈색크림,오답,-,,2,[],stop
1c,afterloading technique,후장입술,후장진법,오답,-,,2,[],stop
1c,intracranial space-occupying lesion,두개강내 점유 공간 병변,두개내공간점유병변,오답,-,R90.0,3,[],stop
1c,enema apparatus,관장기,관장기,정답(대표),exact,,2,[],stop
1c,core decompression,핵심 감압술,중핵감압,오답,-,,2,[],stop
1c,opsin,옵신,옵신,정답(대표),exact,,1,[],stop
1c,retrouterine hematocele,자궁후혈종,자궁뒤혈액낭종,오답,-,,2,[],stop
1c,picture frustration test,사진좌절검사,그림좌절검사,오답,-,,3,[],stop
1c,nephritic retinitis,신염성 망막염,콩팥염망막염,오답,-,,2,[],stop
1c,buccal gland,협선(볼샘),협선,오답,-,,2,['bad_chars'],stop
1c,rodenticide,살서제,살서제,정답(대표),exact,,1,[],stop
1c,epididymal duct,부고환관,부고환관,정답(대표),exact,,2,[],stop
1c,parrot fever,조류병,앵무새열,오답,-,A70,2,[],stop
1c,halmatogenesis,노화발생,돌연세대변이,오답,-,,1,[],stop
1c,ventriculopleural anastomosis,뇌실-흉막문합술,뇌실가슴막 연결,오답,-,,2,[],stop
1c,heart excess patterns,심실증,심실증,정답(대표),exact,U67,3,[],stop
1c,angiohyalinosis,혈관유리화증,혈관유리질증,오답,-,,1,[],stop
1c,mucopurulent,점액농성,점액고름-,오답,-,,1,[],stop
1c,semiadjustable articulator,반조절성 교합기,반적응교합기,오답,-,,2,[],stop
1c,tubular maximum,세뇨관 최대치,요세관최대값,오답,-,,2,[],stop
1c,protein-losing enteropathy,단백소실성 장병증,단백질소실장병(증),오답,-,,2,[],stop
1c,pharyngoparalysis,인두마비,인두마비,정답(대표),exact,,1,[],stop
1c,aortic(valve) stenosis,대동맥판막협착증,대동맥판협착,오답,-,I35.0,2,[],stop
1c,cyclamate,시클라메이트,시클라메이트,정답(대표),exact,,1,[],stop
1c,mr mapping,MR 매핑,자기공명지도화,오답,-,,2,['bad_chars'],stop
1c,gwollyo,관료,관료(顴髎),오답,-,,1,[],stop
1c,neoadjuvant chemotherapy,선행항암화학요법,신보강화학요법,오답,-,,2,[],stop
1c,nuclear polyhedrosis virus,핵다각체병 바이러스,핵다면체형성바이러스,오답,-,,3,[],stop
1c,microsomia,소체증,작은몸증,오답,-,,1,[],stop
1c,toxic cardiopathy,독성 심근증,독성심장병(증),오답,-,,2,[],stop
1c,precipitate labor,급속 분만,급속 분만,정답(대표),exact,O62.3,2,[],stop
1c,biceps femoris muscle,대퇴이두근,넙다리두갈래근,정답(동의어),exact,,3,[],stop
1c,frontosphenoesthmoidectomy,전접형사골절제술,이마나비사골동절제술,오답,-,,1,[],stop
1c,gustatory hyperesthesia,미각과민,미각과민(증),정답(동의어),exact,,2,[],stop
1c,hyposthenuric urine,저비중뇨,저비중뇨,정답(대표),exact,,2,[],stop
1c,non-exudative,비삼출성,삼출되지않은,오답,-,,1,[],stop
1c,laryngotracheal stenosis,후두기관협착증,후두기관협착(증),오답,-,J39.8,2,[],stop
1c,frontal suture,전두골합,이마봉합선,오답,-,,2,[],stop
1c,colon cecum mass,맹장 결장 종괴,막창자 종괴,오답,-,,3,[],stop
1c,needle electromyography,침근전도검사,바늘근전도검사(법),오답,-,,2,[],stop
1c,dendritic spine,수상돌기,수지상극,오답,-,,2,[],stop
1c,auriculopalpebral reflex,이개안검반사,이개안검반사,정답(대표),exact,,2,[],stop
1c,laryngeal carcinoma,후두암,후두 암종,오답,-,,2,[],stop
1c,assess pulmonary care,폐 간호 평가,호흡기계간호 사정,오답,-,,3,[],stop
1c,muscular dystrophy carrier,근이영양증 보인자,근퇴행위축 보균자,오답,-,G71.0,3,[],stop
1c,acentric occlusion,편심교합,비중심교합,오답,-,,2,[],stop
1c,micromovement,미세운동,미세운동,정답(대표),exact,,1,[],stop
1c,descriptive epidemiology,기술역학,기술역학,정답(대표),exact,,2,[],stop
1c,heteromorphism,이형성,이형,오답,-,,1,[],stop
1c,hydrorachis,수척수,수척추증,오답,-,Q06.4,1,[],stop
1c,tingling,저림,저림,정답(대표),exact,,1,[],stop
1c,torr,토르,토르,정답(대표),exact,,1,[],stop
1c,penicillar arteriole,펜이실러세동맥,붓털세동맥,오답,-,,2,[],stop
1c,ovarian cystectomy,난소낭종절제술,난소 낭종 적출술,정답(동의어),nospace,,2,[],stop
1c,hyperosmolar nonketotic coma,고삼투압성 비케톤성 혼수,고삼투압성비케토산성혼수,오답,-,,3,[],stop
1c,chondrogen,연골형성인자,연골원,오답,-,,1,[],stop
1c,apraxia of speech,구어운동실조,언어의 실행증,오답,-,R48.2,3,[],stop
1c,deltoid flap,삼각근 피판,어깨세모근피판,오답,-,,2,[],stop
1c,platelet,혈소판,혈소판,정답(대표),exact,,1,[],stop
1c,acropathy,지단병,말단병(증),오답,-,,1,[],stop
1c,normokalemic,정칼륨혈증,정상칼륨혈-,오답,-,,1,[],stop
1c,traveling clinic,이동진료,이동진료소,오답,-,,2,[],stop
1c,vibriocide,비브리오살균제,비브리오살균제,정답(대표),exact,,1,[],stop
1c,absence of muscle,근육결손,근육의 결여,오답,-,Q79.8,3,[],stop
1c,clean bench,클린벤치,무균실험대,오답,-,,2,[],stop
1c,pneumonia in ornithosis,조증 폐렴,비둘기병에서의 폐렴,오답,-,J17.8,3,[],stop
1c,pulmonary atelectasis,폐무기폐,무기폐,오답,-,J98.10,2,[],stop
1c,hysterocystocleisis,자궁방광폐쇄술,자궁방광꿰맴(술),오답,-,,1,[],stop
1c,mediterranean tick fever,지중해열,지중해진드기열,오답,-,A77.1,3,[],stop
1c,recurrent thyroid ca,재발성 갑상선암,재발성 갑상선암,정답(대표),exact,C73,3,[],stop
1c,capillaria hepatica,간모세선충,간모세선충,정답(대표),exact,,2,[],stop
1c,pallister-killian syndrome,팔리스터-킬리안 증후군,팰리스터-킬리언 증후군,정답(동의어),exact,Q99.8,2,[],stop
1c,genital infection fungal,생식기 진균 감염,생식 기관 곰팡이 감염,오답,-,,3,[],stop
1c,nodular prurigo,결절성 가려움증,결절가려움발진,오답,-,,2,[],stop
1c,tangential section,접선단면,비스듬절단,오답,-,,2,[],stop
1c,heteropolysaccharide,헤테로다당류,이종다당류,오답,-,,1,[],stop
1c,dry socket recurettage,건성 치조염 소파술,발치와골염 재소파술,오답,-,,3,[],stop
1c,endothelium-derived relaxing factor,내피유래 이완인자,내피유래이완인자,정답(대표),nospace,,3,[],stop
1c,puboprostatic,치골전립샘-,두덩전립샘-,오답,-,,1,[],stop
1c,filarial chylocele,사상충성 유미종체,사상충성 음낭암죽종,오답,-,B74,2,[],stop
1c,high-grade lymphoma,고등급 림프종,심한 림프종,정답(동의어),exact,C85.9,2,[],stop
1c,paraffinoma,파라핀종,파라핀종,정답(대표),exact,T88.8,1,[],stop
1c,technetium uptake test,테크네튬 섭취 검사,Tc섭취율,오답,-,,3,[],stop
1c,androgenic alopecia,남성형 탈모증,안드로젠탈모증,오답,-,L64,2,[],stop
1c,videolaseroscopy,비디오레이저복강경,비디오레이저검사,오답,-,,1,[],stop
1c,uncovertebral,척추후관절,갈고리돌기-,오답,-,,1,[],stop
1c,apoplectic coma,뇌졸중 혼수,중풍혼수,오답,-,,2,[],stop
1c,enteral feeding,장관영양,위장관영양,오답,-,,2,[],stop
1c,spot retinoscope,점상망막검사경,점상망막검영기,오답,-,,2,[],stop
1c,ophthalmologic surgical procedures,안과수술,안과 수술방법,오답,-,,3,[],stop
1c,monorchidism,단고환증,홑고환증,오답,-,Q55.0,1,[],stop
1c,laryngeal nodule,성문결절,후두결절,오답,-,J38.7,2,[],stop
1c,reducing artifact,감소 인공물,감소인공물,정답(대표),nospace,,2,[],stop
1c,combustion,연소,화상,오답,-,,1,[],stop
1c,echinocyte,극적혈구,톱니적혈구,오답,-,,1,[],stop
1c,gastradenitis,위선염,위샘염,오답,-,,1,[],stop
1c,coproporphyrinuria,코프로포르피린뇨증,코프로포르피린뇨,오답,-,,1,[],stop
1c,scorbutic ulcer,괴혈병성 궤양,괴혈병궤양,오답,-,,2,[],stop
1c,sheathed artery,초동맥,집형성동맥,오답,-,,2,[],stop
1c,brachiocephalic trunk,상완두동맥몸통,팔머리동맥,오답,-,,2,[],stop
1c,elongation,신장,신장,정답(대표),exact,,1,[],stop
1c,third ventricle,제3뇌실,셋째뇌실,정답(동의어),exact,,2,[],stop
1c,ionophore antibiotic,이온포르 항생제,이온투과차단항생제,오답,-,,2,[],stop
1c,zoe filling,조이충전,치아진정처치,오답,-,,2,[],stop
1c,undercorrection,과교정,부족교정,오답,-,,1,[],stop
1c,vaginal discharge,질분비물,대하,오답,-,N89.8,2,[],stop
1c,reverberating circuit,반향 회로,반향회로,정답(대표),nospace,,2,[],stop
1c,x-ray illumination,방사선 조사,X선필름판독대,오답,-,,2,[],stop
1c,post-term,과숙아,만삭후,오답,-,,1,[],stop
1c,rodent ulcer,쥐궤양,잠식궤양,오답,-,,2,[],stop
1c,menometrorrhagia,월경과다 및 부정출혈,불규칙과다월경,오답,-,N92.1,1,[],stop
1c,transistor hearing aid,트랜지스터 보청기,트랜지스터보청기,정답(대표),nospace,,3,[],stop
1c,teat,젖꼭지,젖꼭지,정답(대표),exact,,1,[],stop
1c,imitative attitude,모방 태도,모방태도,정답(대표),nospace,,2,[],stop
1c,orofaciodigital syndrome,구안지증후군,구안지 증후군,정답(대표),nospace,Q87.0,2,[],stop
1c,bacteriocin,박테리오신,박테리오신,정답(대표),exact,,1,[],stop
1c,costal angle,늑골각,갈비뼈각,정답(동의어),exact,,2,[],stop
1c,lyophobic,소수성,소액성,오답,-,,1,[],stop
1c,primitive neuroectodermal tumor,원시신경외배엽종양,원시신경외배엽종양,정답(대표),exact,C71.9,3,[],stop
1c,marsupialization of cyst,낭종 유대화술,낭종 주머니형성,오답,-,,3,[],stop
1c,pseudomonas aeruginosa,녹농균,녹농균,정답(대표),exact,,2,[],stop
1c,smith's fracture,스미스 골절,스미드골절,정답(동의어),exact,S52.53,2,[],stop
1c,monopolar depression,단극성 우울증,단극성 우울병,오답,-,F32.9,2,[],stop
1c,mutiple myeloma,다발골수종,다발성 골수종,정답(동의어),exact,C90.0,2,[],stop
1c,fenestrated capillary,창모세혈관,창문모세혈관,오답,-,,2,[],stop
1c,aspergillus niger,흑곰팡이,아스페르길루스니게르,오답,-,,2,[],stop
1c,eccrine poroma,에크린 포로마,외분비 한공종,오답,-,D23.9,2,[],stop
1c,blood donation,헌혈,헌혈,정답(대표),exact,,2,[],stop
1c,annulospiral ending,고리나선말,고리나선신경종말,오답,-,,2,[],stop
1c,sao paulo fever,상파울루열,상파울로열,오답,-,A77.0,3,[],stop
1c,adjustable suture,조절봉합사,조정봉합,오답,-,,2,[],stop
1c,antigenic reversion,항원역전,항원복귀,오답,-,,2,[],stop
1c,meckel's diverticulectomy,메켈 게실 절제술,멕켈 게실절제술,오답,-,,2,[],stop
1c,suggillation,피하출혈반,광범피부밑출혈,오답,-,,1,[],stop
1c,m line,M선,중간가로막,오답,-,,2,['bad_chars'],stop
1c,stenoxenous parasite,협숙주성 기생충,협숙주기생충,오답,-,,2,[],stop
1c,punctal ectropion,누점외반,눈물점겉말림,정답(동의어),exact,H02.18,2,[],stop
1c,presbyophrenia,노인성 치매,노년치매,오답,-,,1,[],stop
1c,cholangioscopy,담도경检查 -> 담도경 (or 담관경),담관내시경(술),오답,-,,1,"['multiline', 'bad_chars']",stop
1c,balloon kyphoplasty,풍선 척추성형술,풍선 척추성형,오답,-,,2,[],stop
1c,root resection,근절제술,치근 절제술,오답,-,,2,[],stop
1c,horopter,시선단,단일시궤도,오답,-,,1,[],stop
1c,classic abdominoplasty,고전적 복부성형술,전형적 복부성형술,오답,-,,2,[],stop
1c,rheumatoid vasculitis,류마티스 혈관염,류마티스혈관염,정답(대표),nospace,M05.2,2,[],stop
1c,ocular fundus,안저,안저,정답(대표),exact,,2,[],stop
1c,thyroid nodule,갑상선 결절,갑상선소결절,오답,-,,2,[],stop
1c,hypofunction,기능저하,기능저하,정답(대표),exact,,1,[],stop
1c,postoperative nasopharynx cancer,비인두암 수술 후,"비인두암, 수술후 상태",오답,-,C11.9,3,[],stop
1c,hearing impairment,난청,청각 부전,정답(동의어),exact,H91.9,2,[],stop
1c,continuous,지속성,연속-,오답,-,,1,[],stop
1c,uncoupling,비연결,결합저지,오답,-,,1,[],stop
1c,subretinal,망막하,망막밑-,오답,-,,1,[],stop
1c,venule,세정맥,세정맥,정답(대표),exact,,1,[],stop
1c,ceruminous gland,이선관,귀지샘,오답,-,,2,[],stop
1c,nitrogen dioxide,이산화질소,이산화질소,정답(대표),exact,,2,[],stop
1c,reverse mutation,복귀 돌연변이,역돌연변이,정답(동의어),nospace,,2,[],stop
1c,familial polyposis,가족성 용종증,가족성폴립증,오답,-,,2,[],stop
1c,blood fluke,주혈흡충,주혈흡충,정답(대표),exact,,2,[],stop
1c,delay procedure,시술 연기,지연처치,오답,-,,2,[],stop
1c,eurytrema pancreaticum,췌장흡충,췌질,오답,-,,2,[],stop
1c,intermittent explosive disorder,간헐적 폭발 장애,간헐폭발병,오답,-,F63.8,3,[],stop
1c,interoceptive,내감각의,내수용-,오답,-,,1,[],stop
1c,onchocercoma,회충종,회선사상충결절,오답,-,,1,[],stop
1c,endoscopic transmyocardial revascularization,경심근혈관재형성술,내시경 이용 심근경유 혈관 재형성,오답,-,,3,[],stop
1c,ctha and ctap,CT혈관조영술 및 CT동맥문맥조영술,컴퓨터 단층촬영 간 동맥조영술과 컴퓨터 단층촬영 문맥조영술,오답,-,,3,['bad_chars'],stop
1c,transcervical thymectomy,경부적 흉선적출술,자궁목 경유 가슴샘 절제,오답,-,,2,[],stop
1c,assess disimpaction,충전물 제거 평가,매복변제거 사정,오답,-,,2,[],stop
1c,pachyonychia congenita,선천성 조갑비후증,선천손발톱비대증,오답,-,,2,[],stop
1c,retrograde impulse,역행성 충동,역방향흥분,오답,-,,2,[],stop
1c,reactive,반응성,반응성-,정답(동의어),exact,,1,[],stop
1c,posttransplant lymphoproliferative disease,이식후 림프증식성질환,이식후림프세포증식병,오답,-,,3,[],stop
1c,bionator,바이오네이터,바이오네이터,정답(대표),exact,,1,[],stop
1c,interim abutment,임시 지대주,임시 지대주,정답(대표),exact,,2,[],stop
1c,tubular reabsorption,세뇨관 재흡수,요세관재흡수,오답,-,,2,[],stop
1c,ineffective protection,비효율적 보호,비효율적 방어능력,오답,-,,2,[],stop
1c,antroscope,비강경,위턱굴보개,오답,-,,1,[],stop
1c,angioma cavernosum,해면혈관종,해면혈관종,정답(대표),exact,,2,[],stop
1c,carbamino reaction,카르바미노반응,카르바미노반응,정답(대표),exact,,2,[],stop
1c,secretory cyst,분비낭종,분비체류성낭,오답,-,,2,[],stop
1c,primary mover,주동근,주작용근,오답,-,,2,[],stop
1c,laparoscopic appendectomy,복강경 충수절제술,배안보개 이용 막창자꼬리 절제,오답,-,,2,[],stop
1c,columella lengthening,소주 연장,코기둥연장(술),오답,-,,2,[],stop
1c,epidural nerve block,경막외신경차단술,경막외 신경차단술,정답(대표),nospace,,3,[],stop
1c,paraduodenal fold,십이이장골주름,샘창자옆주름,오답,-,,2,[],stop
1c,arm-to-retina circulation time,상완-망막 순환시간,팔망막순환시간,오답,-,,3,[],stop
1c,dental granuloma,치근단 육아종,뿌리끝육아종,오답,-,,2,[],stop
1c,infraction,경색,균열골절,오답,-,,1,[],stop
1c,rickets of prematurity,미숙아 구루병,미숙아의 구루병,오답,-,E55.0,3,[],stop
1c,personal identity disturbance,정체감 장애,자아정체성장애,오답,-,,3,[],stop
1c,acclimation fever,순응열,순화열,오답,-,,2,[],stop
1c,fasciola hepatica,간흡충,간질,오답,-,,2,[],stop
1c,egg yolk medium,난황 배지,달걀노른자배지,오답,-,,3,[],stop
1c,enteral tube irrigation,장관 튜브 세척,위장관세척,오답,-,,3,[],stop
1c,dorsal vein arterialization,음경해면체동맥화술,배측 정맥 동맥혈화,오답,-,,3,[],stop
1c,pilar cyst,모낭낭종,모낭,오답,-,L72.1,2,[],stop
1c,vasectomy seekers,정관수술 희망자,정관절제술탐침,오답,-,,2,[],stop
1c,metathalamus,후두엽,시상후부,오답,-,,1,[],stop
1c,ocular prosthesis,안구의안,의안,오답,-,,2,[],stop
1c,noonan syndrome,누난 증후군,누난 증후군,정답(대표),exact,Q87.1,2,[],stop
1c,petrooccipital fissure,바위뒤막공간,바위뒤통수틈새,오답,-,,2,[],stop
1c,analgesia dolorosa,통각 결여,무감각부위통증,오답,-,,2,[],stop
1c,surgical staging,수술적 병기 결정,외과적시기결정,오답,-,,2,[],stop
1c,ear drum,고막,고막,정답(대표),exact,,2,[],stop
1c,retroactive inhibition,역행성 억제,역행기억억제,오답,-,,2,[],stop
1c,parasympathetic nervous system,부교감신경계,부교감신경계통,정답(동의어),exact,,3,[],stop
1c,leukokeratosis nicotina palati,구강점막백색각화증,구개 니코틴성 백색각화증,오답,-,K13.2,3,[],stop
1c,radiodigital,방사선수지,노손가락-,오답,-,,1,[],stop
1c,worm-eaten soles,충식저,벌레먹은 발바닥,오답,-,A66.3,2,[],stop
1c,substantia nigra,흑질,흑(색)질,오답,-,,2,[],stop
1c,ureteroscopic,요관경의,요도경검사에 의한,오답,-,,1,[],stop
1c,preexcitation ecg,조기흥분 심전도,조기흥분,오답,-,R93.1,2,[],stop
1c,long labor,난산,지연 진통,오답,-,O63,2,[],stop
1c,status thymicus,흉선 상태,가슴샘체질,오답,-,,2,[],stop
1c,convalescence following chemotherapy,항암화학요법 후 회복기,화학요법후 회복기,오답,-,Z54.2,3,[],stop
1c,hereditary amyloid nephropathy,유전성 아밀로이드신증,유전성 아밀로이드 신장병증,오답,-,E85.0,3,[],stop
1c,thymopoietin,티모포이에틴,티모포이에틴,정답(대표),exact,,1,[],stop
1c,uropoiesis,요형성,요생산,오답,-,,1,[],stop
1c,ileal neoplasms,회장 신생물,돌창자 신생물,오답,-,,2,[],stop
1c,cap crown,캡 크라운,금관,오답,-,,2,[],stop
1c,aspirations (psychology),소망,흡인,오답,-,,2,[],stop
1c,cervico-occipital neuralgia,후경부신경통,목 뒤통수 신경통,오답,-,G52.9,2,[],stop
1c,orthognathic surgery,악교정수술,악교정수술,정답(대표),exact,,2,[],stop
1c,polyneuralgia,다발신경통,다발신경통,정답(대표),exact,,1,[],stop
1c,open-chain compound,개환식 화합물,열린사슬화합물,오답,-,,2,[],stop
1c,glycophorin,글리코포린,글리코포린,정답(대표),exact,,1,[],stop
1c,laparoscopic unilateral salpingo-oophorectomy,복강경 편측 난관난소절제술,배안보개 이용 한쪽 자궁관난소 적출,오답,-,,3,[],stop
1c,puborectalis muscle,치골직장근,두덩곧창자근,정답(동의어),exact,,2,[],stop
1c,dyspnea disorder,호흡곤란장애,천증,오답,-,R06.0,2,[],stop
1c,ureteropelvic junction,신우요관이행부,요관깔때기이음부,오답,-,,2,[],stop
1c,eosinophilic non-allergic rhinitis,호산구성 비알레르기성 비염,호산성 비알레르기성 비염,오답,-,,3,[],stop
1c,fixator muscle,고정근,고정근육,오답,-,,2,[],stop
1c,endosome,엔도좀,엔도솜,오답,-,,1,[],stop
1c,stenopeic,천공형,가는틈-,오답,-,,1,[],stop
1c,femur,대퇴골,넙다리뼈,정답(동의어),exact,,1,[],stop
1c,autoeroticism,자가성애,자기성애,오답,-,,1,[],stop
1c,immunodiagnostic method,면역진단법,면역진단법,정답(대표),exact,,2,[],stop
1c,eye swelling,안부종,안구 부기,오답,-,,2,[],stop
1c,potential doubling time,잠재 배가 시간,잠재배가시간,정답(대표),nospace,,3,[],stop
1c,factor viii,제8인자,제8인자,정답(대표),exact,,2,[],stop
1c,tzanck smear test,징코도말검사,장크도말검사,오답,-,,3,[],stop
1c,genuine diabetes,진성 당뇨병,진성당뇨병,정답(대표),nospace,,2,[],stop
1c,prostate mri,전립선 MRI,기본자기공명영상진단-복부-전립선-일반,오답,-,,2,['bad_chars'],stop
1c,incretology,인크레틴학,내분비학,오답,-,,1,[],stop
1c,tracheobronchial,기관지기관,기관기관지-,오답,-,,1,[],stop
1c,dysostosis multiplex group,다발성 골형성부전군,다발 집단 뼈발생이상,오답,-,,3,[],stop
1c,macrostomia cribrosa,공열구,체반,오답,-,,2,[],stop
1c,spireme,사상체核은 세포분열 초기에 염색사가 서로 얽혀 망상구조를 이루는 상태를 말합니다.,분산사구,오답,-,,1,[],stop
1c,enteral feeding regime,장관영양 요법,경장 섭취 요법,오답,-,,3,[],stop
1c,posterior cordectomy,후부 성대절제술,뒷쪽 성대 절제,오답,-,,2,[],stop
1c,assess circulatory care,순환 간호 평가,순환계간호 사정,오답,-,,3,[],stop
1c,radionuclide angiocardiography,방사성동위원소심혈관조영술,방사성핵종심(장)혈관조영(술),오답,-,,2,[],stop
1c,blood in stool,혈변,대변 속 혈액,정답(동의어),exact,,3,[],stop
1c,inhalator,흡입기,흡입기,정답(대표),exact,,1,[],stop
1c,counterfeit disease,위증,꾀병,오답,-,,2,[],stop
1c,supratentorial neoplasms,상부텐토르 신생물,천막위 신생물,오답,-,,2,[],stop
1c,entire nasal septum,비중격 전체,온코사이막,오답,-,,3,[],stop
1c,hairy-cell leukemia,모세포백혈병,털세포백혈병,오답,-,C91.4,2,[],stop
1c,nonalcoholic steaohepatitis,비알코올성 지방간염,비알코올성 지방간염,정답(대표),exact,K75.8,2,[],stop
1c,conjoined,유합,연합-,오답,-,,1,[],stop
1c,cyst of prostate,전립선낭종,전립샘 낭,오답,-,N42.8,3,[],stop
1c,fiberoptic endoscopic,섬유내시경,광섬유내시경,오답,-,,2,[],stop
1c,anaphylactoid crisis,아나필락토이드 발작,아나필락시스유사위기,오답,-,,2,[],stop
1c,holoparasite,반기생물,완전기생체,오답,-,,1,[],stop
1c,cataract ou,양안 백내장,두눈 백내장,오답,-,,2,[],stop
1c,hydropneumothorax,수기흉,물공기가슴증,정답(동의어),exact,J94.8,1,[],stop
1c,myotonia,근긴장증,근긴장증,정답(대표),exact,M62.6,1,[],stop
1c,pericanalicular,관주위성,소관주위-,오답,-,,1,[],stop
1c,carpenter's syndrome,카펜터 증후군,카펜터 증후군,정답(대표),exact,Q87.0,2,[],stop
1c,intermenstruum,월경간기,월경간기,정답(대표),exact,,1,[],stop
1c,cabot ring bodies,카보트 고리 소체,카보트고리소체,정답(대표),nospace,,3,[],stop
1c,organic writer's cramp,기질적 서경증,기질성 서경,오답,-,G25.8,3,[],stop
1c,perform diversional care,환기요법 수행,전환간호 수행,오답,-,,3,[],stop
1c,postmenopausal bleeding,폐경후 출혈,폐경기후 출혈,오답,-,N95.0,2,[],stop
1c,pit carries,구덩이 운반,오목부분 우식,오답,-,K02.8,2,[],stop
1c,ulcerative gingivitis (chronic),만성 궤양성 치은염,궤양성 치은염(잇몸염)(만성),오답,-,,3,[],stop
1c,plating method,고정 방법,평판배양법,오답,-,,2,[],stop
1c,macular holes,황반공황반열공,황반 원공,오답,-,,2,[],stop
1c,dying process deteriorated,사망 과정 악화,임종과정 악화됨,오답,-,,3,[],stop
1c,mediastinotomy,종격동 절개술,세로칸절개(술),오답,-,,1,[],stop
1c,vegetant intravascular hemangioendothelioma,식생형 혈관내 혈관내피종,증식혈관내혈관내피종,오답,-,,3,[],stop
1c,skull view,두개골 관상영상,두부촬영,오답,-,,2,[],stop
1c,nerve root injury,신경근 손상,척추 신경뿌리의 손상,오답,-,T09.4,3,[],stop
1c,clay stool,점액변,회색변,오답,-,,2,[],stop
1c,von hippel-lindau disease,폰 히펠-린다우병,폰히펠-린다우병,정답(대표),nospace,,3,[],stop
1c,arthroscopic menisectomy,관절경적 반월상연골절제술,관절경 이용 초승달 절제,오답,-,,2,[],stop
1c,anthracosis,탄분증,탄분증,정답(대표),exact,J60,1,[],stop
1c,endocervical hyperplasia,경부관 과형성,자궁목내막과다형성,오답,-,,2,[],stop
1c,apicoectomy,근단절제술,치근첨절제(술),오답,-,,1,[],stop
1c,palpating,촉진,촉진하기,오답,-,,1,[],stop
1c,anesthesiologist,마취과 의사,마취과의사,정답(대표),nospace,,1,[],stop
1c,operative cholangiography,수술중담관조영술,수술쓸개관조영(술),오답,-,,2,[],stop
1c,pilomatrixoma,모낭종,털바탕질종,오답,-,D23.9,1,[],stop
1c,foville syndrome,포빌 증후군,포비유 증후군,오답,-,G46.3,2,[],stop
1c,ischial tuberosity structure,좌골결절 구조물,궁둥뼈결절,오답,-,,3,[],stop
1c,frolement,마찰,미세마찰음,오답,-,,1,[],stop
1c,neurodeatrophia,신경위축,망막위축,오답,-,,1,[],stop
1c,cold sore,구순포진,입술헤르페스,오답,-,,2,[],stop
1c,assess breastfeeding support,모유 수유 지원 평가,모유수유지지 사정,오답,-,,3,[],stop
1c,iridocoloboma,홍채결손증,홍채결손,오답,-,,1,[],stop
1c,basal seat,지대치아좌(基底床),의치지지조직,오답,-,,2,['bad_chars'],stop
1c,senile(atrophic) vaginitis,위축성 질염,노년(위축) 질염,오답,-,N95.2,2,[],stop
1c,biopsy of cul-de-sac,후복막강 생검,막힌주머니 생검,오답,-,,3,[],stop
1c,medullary canal,골수강,골수공간,정답(동의어),exact,,2,[],stop
1c,cathemoglobin,카트헤모글로빈,카트헤모글로빈,정답(대표),exact,,1,[],stop
1c,intrahepatic,간내,간내-,오답,-,,1,[],stop
1c,multicystic kidney disease,다낭성 신질환,다낭신장병,오답,-,Q61.4,3,[],stop
1c,wrist joint,손목관절,요골수근관절,오답,-,,2,[],stop
1c,reciprocal shaker,상호 진탕기,왕복진탕기,오답,-,,2,[],stop
1c,apical surgery,근첨 수술,치근단 수술,오답,-,,2,[],stop
1c,erythema migrans,游走性紅斑,이동성 홍반,오답,-,A26.0,2,[],stop
1c,microencephaly,소두증,작은뇌증,오답,-,,1,[],stop
1c,antifibrinolysin,항피브리노리신,항섬유소용해소제,오답,-,,1,[],stop
1c,alpha thalassemia,알파 지중해빈혈,알파 지중해빈혈,정답(대표),exact,D56.0,2,[],stop
1c,nonvascularized bone graft,무혈관성 골이식,비혈관뼈이식,오답,-,,3,[],stop
1c,in situ hybridization,원위치 잡종형성,제자리부합법,오답,-,,3,[],stop
1c,wry neck,사경,기운목,정답(동의어),exact,M43.6,2,[],stop
1c,single outlet heart,단일 유출로 심장,단일유출로심장,정답(대표),nospace,,3,[],stop
1c,lienorenal,비장신장,지라콩팥-,오답,-,,1,[],stop
1c,defervescence,해열,해열,정답(대표),exact,,1,[],stop
1c,cheondol,천돌,천돌(天突),오답,-,,1,[],stop
1c,retrognathism,하악후퇴증,하악후퇴,오답,-,,1,[],stop
1c,antineutrophil cytoplasmic antibody,항호중구세포질항체,항중성구세포질항체,오답,-,,3,[],stop
1c,myelalgia,척수통,척수통증,오답,-,,1,[],stop
1c,rolling disease,구르는병,회전병,오답,-,,2,[],stop
1c,lumbosacral enlargement,요천수 팽대,요천부팽대,오답,-,,2,[],stop
1c,atriocarotid interval,방실동맥간격,심방목동맥간격,오답,-,,2,[],stop
1c,septal angle,중격각,코중격각,오답,-,,2,[],stop
1c,transfusion tests,수혈 검사,수혈혈액검사,오답,-,,2,[],stop
1c,impaired eating behaviour,섭취장애 행동,손상된 식습관 행위,오답,-,,3,[],stop
1c,thyroid notch,갑상연골절흔,방패패임,오답,-,,2,[],stop
1c,presence of mei,장액 존재,인공중이삽입물의 존재,오답,-,Z96.28,3,[],stop
1c,fall risk deteriorated,낙상 위험 악화,낙상 위험성 악화됨,오답,-,,3,[],stop
1c,breast stereotactic biopsy,유방 정위 생검,유방 입체정위 생검술,오답,-,,3,[],stop
1c,refractive accomodative esotropia,굴절성 조절성 내사시,굴절조절 내사시,오답,-,H50.0,3,[],stop
1c,medical indigent,의료보호 대상자,의료급여대상자,오답,-,,2,[],stop
1c,buryu,부류,부류(復溜),오답,-,,1,[],stop
1c,dermatopathic lymphadenopathy,피부병성 림프절증,피부병림프절병(증),오답,-,,2,[],stop
1c,bis in die,하루 2회,1일2회,오답,-,,3,[],stop
1c,allocentric,타자중심적,타인중심-,오답,-,,1,[],stop
1c,internal carotid angiography,내경동맥조영술,두경부동맥조영-내경동맥,오답,-,,3,[],stop
1c,epidermolysis bullosa simplex,단순 포진상 수포증,단순 수포성 표피박리증,오답,-,Q81.0,3,[],stop
1c,ventricular asynergy,심실비동조,심실협동불능(증),오답,-,,2,[],stop
1c,upper extremity,상지,위팔,정답(동의어),exact,,2,[],stop
1c,perianal haematoma,항문혈종,항문주위혈종,오답,-,K64.5,2,[],stop
1c,diastasimetry,이완계측법,녹말효소측정법,오답,-,,1,[],stop
1c,waveform,파형,파형,정답(대표),exact,,1,[],stop
1c,framework try-in,프레임워크 시적합,금속구조물 시적,오답,-,,2,[],stop
1c,cystathionine,시스타티오닌,시스타티오닌,정답(대표),exact,,1,[],stop
1c,major amblyoscope,대동시계,대형 약시경,오답,-,,2,[],stop
1c,radiodermatitis,방사선피부염,방사선피부염,정답(대표),exact,L58,1,[],stop
1c,turbidometric technique,탁도측정법,혼탁도측정기법,오답,-,,2,[],stop
1c,tuning curve,조율 곡선,동조곡선,오답,-,,2,[],stop
1c,benign familial hematuria,가족성 양성 혈뇨,양성 가족성 혈뇨,오답,-,N02.9,3,[],stop
1c,complex echo pattern,복합 에코 양상,복잡메아리,오답,-,,3,[],stop
1c,preleukaemia (syndrome),전백혈병 (증후군),전백혈병(증후군),정답(대표),nospace,D46.9,2,['bad_chars'],stop
1c,prolonged latent phase,잠복기 연장,지연된 잠복기,오답,-,O63.9,3,[],stop
1c,corynebacterium pseudotuberculosis,코리네박테리움 의종결핵균,거짓결핵균,오답,-,,2,[],stop
1c,gonadoadvent,난소부속기,생식기능출현기,오답,-,,1,[],stop
1c,neck righting reflex,목 바로잡기 반사,목바로잡기반사,정답(대표),nospace,,3,[],stop
1c,peritomy,각막절개,윤부결막절개(술),오답,-,,1,[],stop
1c,haematosalpinx,혈난관종,혈난관,오답,-,N83.6,1,[],stop
1c,stomatomy,구강장애,자궁구절개(술),오답,-,,1,[],stop
1c,oncofetal,종양태아성,종양태아-,오답,-,,1,[],stop
1c,removal of restoration,수복물 제거,기존 보철물 제거,오답,-,,3,[],stop
1c,hypothalamic-pituitary-adrenal axis,시상하부-뇌하수체-부신 축,시상하부-뇌하수체-부신축,정답(대표),nospace,,2,[],stop
1c,late post-traumatic seizures,외상 후 지연성 발작,외상후 지연 발작,오답,-,,3,[],stop
1c,acne keloidalis,좌창견반,흉터종여드름,오답,-,,2,[],stop
1c,direct coombs test,직접 쿰스 시험,직접쿰즈검사,오답,-,,3,[],stop
1c,sequestrectomy of skull,두개골 괴사골 절제술,머리뼈 부골 절제,오답,-,,3,[],stop
1c,periodic rhinitis,주기성 비염,주기코염,오답,-,,2,[],stop
1c,vesicorectal fistula,방광직장루,방광직장루,정답(대표),exact,N32.1,2,[],stop
1c,schistasis,균열,갈림증,오답,-,,1,[],stop
1c,oxidizing color,산화염색,산화염료,오답,-,,2,[],stop
1c,microincision,미세절개,미세절개,정답(대표),exact,,1,[],stop
1c,rosacea,주사,주사,정답(대표),exact,L71,1,[],stop
1c,coalescent mastoiditis,유합성 유양돌기염,융합꼭지돌기염,오답,-,H70.8,2,[],stop
1c,intraocular,안내,안구내-,오답,-,,1,[],stop
1c,laceration of back,등 파열,등 열상,오답,-,S21.2,3,[],stop
1c,colpocystocele,질방광류,질방광탈출(증),오답,-,,1,[],stop
1c,protrusive position,전방위치,전방위,오답,-,,2,[],stop
1c,grafting,이식술,이식,오답,-,,1,[],stop
1c,dislocation of midcarpal(joint),중수근 관절 탈구,중간수근골(관절)의 탈구,오답,-,S63.02,3,[],stop
1c,fecal concentration,분변 농축,대변농축(법),오답,-,,2,[],stop
1c,recession operation,후전술,뒤옮김술,정답(동의어),exact,,2,[],stop
1c,ebonation,흑색화,뼈조각제거,오답,-,,1,[],stop
1c,zosteriform lentiginous nevus,대상편폵색소모반,띠모양흑(색)점모반,오답,-,,3,[],stop
1c,supraduodenal artery,상십이지장동맥,샘창자위동맥,오답,-,,2,[],stop
1c,thyroidea ima artery,최하갑상동맥,맨아래갑상동맥,오답,-,,3,[],stop
1c,cryptococcal meningocerebritis,크립토코커스 뇌막뇌염,크립토콕쿠스수막대뇌염,오답,-,B45.1,2,[],stop
1c,endothelial adhesion molecule,내피세포 부착 분자,내피부착분자,오답,-,,3,[],stop
1c,pleurothecal anastomosis,흉막초문합,가슴막-척수막 연결,오답,-,,2,[],stop
1c,polymyalgia rheumatica,류마티성 다발근통,류마티스성 다발근통,오답,-,M35.3,2,[],stop
1c,voluntomotory,수의운동,수의운동-,정답(동의어),exact,,1,[],stop
1c,retention of urine,요저류,소변정체,정답(동의어),exact,R33,3,[],stop
1c,supporting spiritual rituals,정신적 의례 지원,영적의식 지지하기,오답,-,,3,[],stop
1c,epigastric artery,상복부동맥,배벽동맥,오답,-,,2,[],stop
1c,source qi,원기,원기,정답(대표),exact,,2,[],stop
1c,polychromatophilic erythrocyte,다염성 적혈구,다염적혈구,오답,-,,2,[],stop
1c,endorectal pull-through operation,경직장 당겨내기 수술,직장내 풀-스루식 수술,오답,-,,3,[],stop
1c,defective interfering particle,결함 간섭 입자,결손간섭입자,오답,-,,3,[],stop
1c,physics depth sensitivity,물리적 깊이 민감도,물리적깊이민감도,정답(대표),nospace,,3,[],stop
1c,dialysis adequacy,투석 적격도,투석충분도,오답,-,,2,[],stop
1c,apneustic respiration,무호흡호흡,지속흡입호흡,오답,-,,2,[],stop
1c,citrate,구연산염,구연산,정답(동의어),exact,,1,[],stop
1c,forehead,이마,전두,오답,-,,1,[],stop
1c,extracoronal,관외,치관외-,오답,-,,1,[],stop
1c,mongoloid slant,몽고인종성 사시,몽골인 모양 눈,오답,-,,2,[],stop
1c,altimeter sickness,고산병,고산병,정답(대표),exact,T70.2,2,[],stop
1c,failed forceps,실패한 겸자분만,집게 사용 실패,오답,-,,2,[],stop
1c,trypanocidal,트리파노좀살제,파동편모충박멸-,오답,-,,1,[],stop
1c,amphorophony,공동음,공동공명음,오답,-,,1,[],stop
1c,pyroglyphidae,비만진드기과,집먼지진드기(과),오답,-,,1,[],stop
1c,rhabdomyomyxoma,횡문근점액종,횡문근점액종,정답(대표),exact,,1,[],stop
1c,cranial dermal sinus,두피 피부동맥류,뇌피부동,오답,-,L05.9,3,[],stop
1c,suprapubic prostatectomy,치골상 전립선 절제술,두덩뼈 위쪽 경유 전립샘 절제,오답,-,,2,[],stop
1c,platymorphia,편폡체증,편평안구,오답,-,,1,[],stop
1c,cimex lectularius,온새참빈진벌레,빈대,오답,-,,2,[],stop
1c,salbutamol,살부타몰,살부타몰,정답(대표),exact,,1,[],stop
1c,tuning fork,음차,소리굽쇠,정답(동의어),exact,,2,[],stop
1c,chest expiration,흉부 호기,가슴 날숨촬영,오답,-,,2,[],stop
1c,syphilogen,매독원충,매독원,오답,-,,1,[],stop
1c,ischial ramus,좌골지,궁둥뼈가지,정답(동의어),exact,,2,[],stop
1c,supraspinous,극상,가시끝-,오답,-,,1,[],stop
1c,intranasal ethmoidectomy,비내경 정동절제술,사골동염근치술; 비내 접근법,오답,-,,2,[],stop
1c,breathing bag reservoir,호흡백 저장고,호흡주머니,오답,-,,3,[],stop
1c,growth fever,발육열,변증,오답,-,P81.9,2,[],stop
1c,neurostearic acid,신경지방산,신경지방산,정답(대표),exact,,2,[],stop
1c,operative ultrasound,수술中超음파,수술중초음파검사,오답,-,,2,[],stop
1c,abortive prophage,중단형 프로파지,불완전프로파지,오답,-,,2,[],stop
1c,vetebra,척추,척추,정답(대표),exact,,1,[],stop
1c,incisor tooth,절치,절치,정답(대표),exact,,2,[],stop
1c,stump hallucination,단지환각,절단끝환각,오답,-,,2,[],stop
1c,hyalomere,투명단편,투명부위,오답,-,,1,[],stop
1c,inspirator,흡인기,흡입기,오답,-,,1,[],stop
1c,tense,긴장,긴장-,오답,-,,1,[],stop
1c,fluoridation,불소화,불소화,정답(대표),exact,,1,[],stop
1c,varicose vein stripping,정맥류 박리술,정맥류 제거,오답,-,,3,[],stop
1c,urethrotomy,요도절개술,요도 절개,오답,-,,1,[],stop
1c,virgin population,처녀 개체군,무노출인구,오답,-,,2,[],stop
1c,gracilis muscle,박근,두덩정강근,정답(동의어),exact,,2,[],stop
1c,paraganglion,부신경절,곁신경절,정답(동의어),exact,,1,[],stop
1c,hemianopsia,반맹,편측시야결손,정답(동의어),exact,,1,[],stop
1c,relative scotoma,상대적 암점,상대암점,오답,-,,2,[],stop
1c,ballism,발리즘,도리깨질(증),오답,-,,1,[],stop
1c,tuberculosis of oesophagus,식결핵,식도의 결핵,오답,-,A18.82,3,[],stop
1c,appendix ultrasound,충수돌기 초음파,맹장 초음파,오답,-,,2,[],stop
1c,kub left lateral,복부 좌측와위,"콩팥요관방광촬영, 왼쪽측방향",오답,-,,3,[],stop
1c,menstrual irregularity,월경불순,월경불규칙,정답(동의어),exact,N92.6,2,[],stop
1c,pressure suit,압력복,가압복,오답,-,,2,[],stop
1c,postprocedural subglottic stenosis,시술 후 성문하 협착증,처치후 성문하협착,오답,-,J95.5,3,[],stop
1c,puerperium,산욕기,산후기,오답,-,,1,[],stop
1c,non-infected,비감염,감염되지않은,오답,-,,1,[],stop
1c,overdetermined idea,과대결합관념,과잉결정관념,오답,-,,2,[],stop
1c,agenesis of lung,폐 무발생증,폐의 무발생,오답,-,Q33.3,3,[],stop
1c,toilet,변기,세척,오답,-,,1,[],stop
1c,coxalgic pelvis,관골통성 골반,엉덩관절병골반,오답,-,,2,[],stop
1c,clasp repair,클래스퍼 수리,클라스프 수리,오답,-,,2,[],stop
1c,horseshoe fistula,편제루공,말발굽샛길,오답,-,,2,[],stop
1c,taenia solium,유구두조충,유구조충,오답,-,,2,[],stop
1c,dermatitis verrucosa,사마귀모피염,사마귀피부염,오답,-,B43.0,2,[],stop
1c,expectorant mixture,거담 혼합제,복합거담제,오답,-,,2,[],stop
1c,prescription group,처방군,처방묶음,오답,-,,2,[],stop
1c,progressive hemifacial atrophy,진행성 반측안면위축증,진행성 반쪽얼굴 위축,오답,-,G51.8,3,[],stop
1c,plain radiograph,단순 방사선 사진,단순방사선사진,정답(대표),nospace,,2,[],stop
1c,iridocyclitis in tuberculosis,결핵성 홍채모양체염,결핵에서의 홍채섬모체염,오답,-,A18.5,3,[],stop
1c,uremic convulsion,요독성 경련,요독경련,오답,-,,2,[],stop
1c,ophthalmophacometer,안과검안계,수정체굴절력측정계,오답,-,,1,[],stop
1c,reconstruction of thumb,무지 재건술,엄지 손가락 재건,오답,-,,3,[],stop
1c,tetrastichiasis,사열모증,네줄속눈썹(증),오답,-,,1,[],stop
1c,fundus photography,안저사진,안저사진,정답(대표),exact,,2,[],stop
1c,rotalix tube,치근관,회전양극관,오답,-,,2,[],stop
1c,invasive mole,침윤성 포상기태,침윤기태,오답,-,,2,[],stop
1c,ulcerated external hemorrhoids,궤양성 외치핵,궤양성 외치핵,정답(대표),exact,K64.8,3,[],stop
1c,standardized rate ratio,표준화비율비,표준화비율비,정답(대표),exact,,3,[],stop
1c,encephalopathy toxic,독성 뇌증,독성 뇌병증,오답,-,,2,[],stop
1c,teach personal care,개인위생 관리 교육,개인간호 교육,오답,-,,3,[],stop
1c,hydrocyst,수낭종,물낭,오답,-,,1,[],stop
1c,muscular artery,근육동맥,근육형동맥,오답,-,,2,[],stop
1c,ataxic hemiparesis,운동실조성 편마비,실조성반부전마비,오답,-,,2,[],stop
1c,mitokinetic,사립체운동성,유사운동-,오답,-,,1,[],stop
1c,dementia in hypercalcaemia,고칼슘혈증 치매,과칼슘혈증에서의 치매,오답,-,F02.8,3,[],stop
1c,neurofibromatosis of spine,척추 신경섬유종증,척수 신경섬유종증,오답,-,,3,[],stop
1c,amputation of cervix,자궁경부 절단술,자궁목 절단,오답,-,,3,[],stop
1c,osteoarthritis,골관절염,뼈관절염,정답(동의어),exact,,1,[],stop
1c,head wind,두풍,두풍 ; 뇌풍,오답,-,R51,2,[],stop
1c,bovine granulomatous mastitis,소 육아성 유선염,소육아종 유방염,오답,-,,3,[],stop
1c,hand,손,수,오답,-,,1,[],stop
1c,idiopathic hemihypertrophy,특발성 반비대증,특발성 편측비대증,오답,-,Q68.8,2,[],stop
1c,ileocolic artery,회결장동맥,돌잘룩창자동맥,오답,-,,2,[],stop
1c,nummular dermatitis,화폐상 피부염,동전모양피부염,오답,-,L30.0,2,[],stop
1c,ecdysis,탈피,허물벗기,정답(동의어),exact,,1,[],stop
1c,congenital leukonychia,선천성 백색조갑,선천 손발톱백반,오답,-,Q84.4,2,[],stop
1c,total lipodystrophy,전신 지방이영양증,전체 지방영양장애,오답,-,,2,[],stop
1c,near field potential,근접장 전위,근접부위전위,오답,-,,3,[],stop
1c,unequal limb length,하지 부등장,사지길이부동증,오답,-,,3,[],stop
1c,drug induce pruritus,약물 유발 소양증,약물 유발성 가려움,오답,-,L29.8,3,[],stop
1c,saphenous neuropathy,은신경병증,복재신경병증,오답,-,G57.8,2,[],stop
1c,extra-abdominal,복막외,복부외-,오답,-,,1,[],stop
1c,endolymphatic duct,내림프관,속림프관,정답(동의어),exact,,2,[],stop
1c,intra-operative neurophysiologic testing,수술 중 신경생리검사,수술중 신경생리학적 검사,오답,-,,3,[],stop
1c,hammerhead ribozyme,해머헤드 리보자임,망치머리형리보자임,오답,-,,2,[],stop
1c,photogene,잠재상,잔상,오답,-,,1,[],stop
1c,hot bag,온열주머니,더운물 주머니,오답,-,,2,[],stop
1c,bougienage of esophagus,식도 부지에술,식도 부우지법,오답,-,,3,[],stop
1c,oculovagal reflex,안구미주신경반사,눈미주신경반사,오답,-,,2,[],stop
1c,physically handicapped,신체장애인,거동불편자,오답,-,,2,[],stop
1c,morbidity aspects,이환 양상,질병 양상,오답,-,,2,[],stop
1c,auriculotemporal nerve,귀관자신경,귓바퀴관자신경,오답,-,,2,[],stop
1c,perseveration,지속증,고집증,오답,-,,1,[],stop
1c,purpura annularis telangiectodes,환상모세혈관확장성자반,고리모세혈관확장자색반,오답,-,,3,[],stop
1c,endoscopic retrograde pancreatography,내시경적 역행성 췌장조영술,내시경역행이자관조영(술),오답,-,,3,[],stop
1c,leukotaxis,백혈구주성,백혈구쏠림성,오답,-,,1,[],stop
1c,myoalbumin,근알부민,근(육)알부민,오답,-,,1,[],stop
1c,urethroscopic surgery,요도경 수술,요도경하 수술,오답,-,,2,[],stop
1c,hippocampal sclerosis,해마 경화증,해마경화(증),오답,-,G37.9,2,[],stop
1c,excitometabolic,흥분대사성,대사촉진-,오답,-,,1,[],stop
1c,bronchus t-tube insertion,기관지 T-튜브 삽입술,기관지 T-삽관,오답,-,,3,['bad_chars'],stop
1c,lead gown,납가운,납가운,정답(대표),exact,,2,[],stop
1c,flat position,앙와위,앙와위,정답(대표),exact,,2,[],stop
1c,bubbling rale,수포음,끓는거품소리,오답,-,,2,[],stop
1c,acanthamoeba keratitis,아칸타메바 각막염,가시아메바각막염,오답,-,,2,[],stop
1c,arachnoid cyst,거미막낭종,거미막하 낭종,정답(동의어),nospace,G93.0,2,[],stop
1c,clubbing of nails,곤봉지(조갑),손톱의 곤봉화,오답,-,R68.3,3,['bad_chars'],stop
1c,water bath,수욕,욕조,오답,-,,2,[],stop
1c,molding,아두성형,두개몰딩,오답,-,,1,[],stop
1a,a/s capsulectomy,전방/후방 관절낭절제술,관절경적 피막절제술,오답,-,,2,[],stop
1a,a/s posterior capsulo-labroplasty,전방/후방 후방 관절낭-순성형술,관절경 후방 피막테두리성형술,오답,-,,3,[],stop
1a,abdominal palpable mass,복부 촉지종괴,복부 촉지성 종괴,오답,-,,3,[],stop
1a,abdominal wall strained,복벽 염좌,배벽 긴장,오답,-,,3,[],stop
1a,abortive prophage,불발 프로파지,불완전프로파지,오답,-,,2,[],stop
1a,abrasion of flank,측부 찰과상,옆구리 찰과상,오답,-,S30.8,3,[],stop
1a,absence of muscle,근육 결손,근육의 결여,오답,-,Q79.8,3,[],stop
1a,absolute scotoma,절대 암점,절대암점,정답(대표),nospace,,2,[],stop
1a,acanthamoeba keratitis,아칸타메바 각막염,가시아메바각막염,오답,-,,2,[],stop
1a,acclimation fever,순열,순화열,오답,-,,2,[],stop
1a,acentric occlusion,편심 교합,비중심교합,오답,-,,2,[],stop
1a,acne keloidalis,켈로이드성 여드름,흉터종여드름,오답,-,,2,[],stop
1a,acropathy,말단병,말단병(증),오답,-,,1,[],stop
1a,acrotrophodynia,말단영양불량증,말단영양통증,오답,-,,1,[],stop
1a,activity grade,활동도,활동정도,오답,-,,2,[],stop
1a,adenomatosis of colon,대장 선종증,결장의 선종증,오답,-,D12.6,3,[],stop
1a,adjustable suture,조절봉합,조정봉합,오답,-,,2,[],stop
1a,aerial infection,공기 감염,흡입감염,오답,-,,2,[],stop
1a,affectivity,감정성,정동성,오답,-,,1,[],stop
1a,afterloading technique,후장하술,후장진법,오답,-,,2,[],stop
1a,agenesis of lung,폐 무발생증,폐의 무발생,오답,-,Q33.3,3,[],stop
1a,airborne infection,공기 감염,공기매개감염,오답,-,,2,[],stop
1a,alcohol swab,알코올 면봉,알코올솜,오답,-,,2,[],stop
1a,alert,알림,명료함,오답,-,,1,[],stop
1a,allergenic serum,알레르겐 혈청,알레르기혈청,오답,-,,2,[],stop
1a,allocentric,타이심의,타인중심-,오답,-,,1,[],stop
1a,alpha thalassemia,알파 지중해빈혈,알파 지중해빈혈,정답(대표),exact,D56.0,2,[],stop
1a,altered uterine contractions,변형 자궁수축,자궁수축 변화,오답,-,,3,[],stop
1a,altimeter sickness,고도계병,고산병,오답,-,T70.2,2,[],stop
1a,amphorophony,공명음,공동공명음,오답,-,,1,[],stop
1a,amputation of cervix,자궁경부 절단술,자궁목 절단,오답,-,,3,[],stop
1a,analgesia dolorosa,통증성 무통증,무감각부위통증,오답,-,,2,[],stop
1a,anaphylactoid crisis,아나필락시양 위기,아나필락시스유사위기,오답,-,,2,[],stop
1a,ancylostoma ceylanicum,실론구충,실론구충,정답(대표),exact,,2,[],stop
1a,androgenic alopecia,남성형 탈모증,안드로젠탈모증,오답,-,L64,2,[],stop
1a,anecdotal,일화적,증례서술적,정답(동의어),exact,,1,[],stop
1a,anesthesiologist,마취과 의사,마취과의사,정답(대표),nospace,,1,[],stop
1a,angiohyalinosis,혈관유리양변증,혈관유리질증,오답,-,,1,[],stop
1a,angioma cavernosum,해면상 혈관종,해면혈관종,오답,-,,2,[],stop
1a,anisometropic amblyopia,부동시 약시,굴절부등약시,오답,-,H53.01,2,[],stop
1a,annular nucleus,고리핵,고리핵,정답(대표),exact,,2,[],stop
1a,annulospiral ending,고리나선 말단,고리나선신경종말,오답,-,,2,[],stop
1a,ant. uveitis,전방 포도막염,전방포도막염,정답(대표),nospace,H20.9,2,[],stop
1a,anterior resection,전방 절제술,앞방향절제(술),오답,-,,2,[],stop
1a,anthracosis,탄분증,탄분증,정답(대표),exact,J60,1,[],stop
1a,antifibrinolysin,항섬유소용해소,항섬유소용해소제,오답,-,,1,[],stop
1a,antigenic reversion,항원 역전,항원복귀,오답,-,,2,[],stop
1a,antimicrobial eye drop,항균 안약,항균안약,정답(대표),nospace,,3,[],stop
1a,antineutrophil cytoplasmic antibody,항호중구 세포질 항체,항중성구세포질항체,오답,-,,3,[],stop
1a,antivitamin,항비타민,항비타민물질,오답,-,,1,[],stop
1a,antroscope,항문경,위턱굴보개,오답,-,,1,[],stop
1a,aortic(valve) stenosis,대동맥(판) 협착증,대동맥판협착,오답,-,I35.0,2,['bad_chars'],stop
1a,apical surgery,근단 수술,치근단 수술,오답,-,,2,[],stop
1a,apicoectomy,근단 절제술,치근첨절제(술),오답,-,,1,[],stop
1a,apneusis,무호흡,지속들숨,오답,-,,1,[],stop
1a,apneustic respiration,무호흡성 호흡,지속흡입호흡,오답,-,,2,[],stop
1a,apoplectic coma,뇌졸중 혼수,중풍혼수,오답,-,,2,[],stop
1a,appendix ultrasound,충수 초음파,맹장 초음파,오답,-,,2,[],stop
1a,apraxia of speech,발성 실행증,언어의 실행증,오답,-,R48.2,3,[],stop
1a,aqueous fluid,방수,방수,정답(대표),exact,,2,[],stop
1a,arachnoid cyst,거미막 낭종,거미막하 낭종,정답(동의어),exact,G93.0,2,[],stop
1a,ardor,작열감,작열감,정답(대표),exact,,1,[],stop
1a,arm-to-retina circulation time,상완-망막 순환 시간,팔망막순환시간,오답,-,,3,[],stop
1a,arsenic mirror,비소 거울,코거울,오답,-,,2,[],stop
1a,arthroplasty of foot,족부 관절 성형술,발의 관절 성형,오답,-,,3,[],stop
1a,arthroscopic menisectomy,관절경적 반월상 연골 절제술,관절경 이용 초승달 절제,오답,-,,2,[],stop
1a,ascending arm venography,상완 상행 정맥 조영술,상지-상행적상지정맥,오답,-,,3,[],stop
1a,aspergillus niger,흑국균,아스페르길루스니게르,오답,-,,2,[],stop
1a,aspirations (psychology),열망(심리학),흡인,오답,-,,2,['bad_chars'],stop
1a,assess breastfeeding support,모유 수유 지원 평가,모유수유지지 사정,오답,-,,3,[],stop
1a,assess circulatory care,순환 간호 평가,순환계간호 사정,오답,-,,3,[],stop
1a,assess disimpaction,정체 제거 평가,매복변제거 사정,오답,-,,2,[],stop
1a,assess enema,관장 평가,관장 사정,오답,-,,2,[],stop
1a,assess hospice,호스피스 평가,호스피스 사정,오답,-,,2,[],stop
1a,assess pulmonary care,폐 간호 평가,호흡기계간호 사정,오답,-,,3,[],stop
1a,assessing grief,비애 평가,슬픔 사정하기,오답,-,,2,[],stop
1a,assessing waste service,폐기물 서비스 평가,쓰레기처리 능력 사정하기,오답,-,,3,[],stop
1a,associated disorder,연관 질환,수반장애,오답,-,,2,[],stop
1a,ataxic hemiparesis,실조성 반마비,실조성반부전마비,오답,-,,2,[],stop
1a,atlas-axis spinal fusion,환축-축추 척추 융합술,고리뼈-중쇠뼈 척추 유합,오답,-,,3,[],stop
1a,atriocarotid interval,심방-경동맥 간격,심방목동맥간격,오답,-,,2,[],stop
1a,atrioventricular septal defect,방실 중격 결손,심방실중격결손,오답,-,Q21.2,3,[],stop
1a,auriculopalpebral reflex,이안검 반사,이개안검반사,오답,-,,2,[],stop
1a,auriculotemporal nerve,이측두신경,귓바퀴관자신경,오답,-,,2,[],stop
1a,auriscope,이경,이경,정답(대표),exact,,1,[],stop
1a,autoeroticism,자체성애,자기성애,오답,-,,1,[],stop
1a,autonomic bladder,자율 방광,자율방광,정답(대표),nospace,,2,[],stop
1a,autonomic insufficiency,자율신경 기능 부전,자율신경부전,오답,-,,2,[],stop
1a,avulsion fracture,박리 골절,찢김 골절,오답,-,,2,[],stop
1a,bacteriocin,박테리오신,박테리오신,정답(대표),exact,,1,[],stop
1a,ballism,발림증,도리깨질(증),오답,-,,1,[],stop
1a,balloon kyphoplasty,풍선 척추 성형술,풍선 척추성형,오답,-,,2,[],stop
1a,basal seat,기저부,의치지지조직,오답,-,,2,[],stop
1a,benign familial hematuria,양성 가족성 혈뇨,양성 가족성 혈뇨,정답(대표),exact,N02.9,3,[],stop
1a,biceps femoris muscle,대퇴이두근,넙다리두갈래근,정답(동의어),exact,,3,[],stop
1a,bidiscoidal placenta,이원반 태반,두원반태반,오답,-,,2,[],stop
1a,bilaminar vitelline placenta,이층 황반 태반,두겹난황태반,오답,-,,3,[],stop
1a,bilateral palatine tonsils,양측 구개편도,양측 목구멍 편도,오답,-,,3,[],stop
1a,bilharzial dysentery,주혈흡충 이질,방광주혈흡충이질,오답,-,,2,[],stop
1a,binaural,양이성,양귀-,오답,-,,1,[],stop
1a,binder,붕대,결합체,오답,-,,1,[],stop
1a,bionator,비오나토르,바이오네이터,오답,-,,1,[],stop
1a,biopsy of adenoid,아데노이드 생검,인두편도 생검,정답(동의어),exact,,3,[],stop
1a,biopsy of cul-de-sac,자궁직장와 생검,막힌주머니 생검,오답,-,,3,[],stop
1a,bird-shot chorioretinopathy,조리망막병증,산탄맥락망막병(증),오답,-,,2,[],stop
1a,bis in die,1일 2회,1일2회,정답(대표),nospace,,3,[],stop
1a,bladder neck contracture,방광경부 협착,방광목 위축,오답,-,N32.8,3,[],stop
1a,blastomyces,블라스토미세스,분아진균(속),오답,-,,1,[],stop
1a,blind fistula,맹루,막힌샛길,오답,-,,2,[],stop
1a,blood donation,헌혈,헌혈,정답(대표),exact,,2,[],stop
1a,blood fluke,혈흡충,주혈흡충,오답,-,,2,[],stop
1a,blood in stool,혈변,대변 속 혈액,정답(동의어),exact,,3,[],stop
1a,blood tinged sputum,혈성 객담,혈액흔적가래,오답,-,,3,[],stop
1a,bone inlay,골상감,골내재,오답,-,,2,[],stop
1a,bony excrescence,골성 돌기,뼈이상돌출,오답,-,,2,[],stop
1a,bougienage of esophagus,식도 부지에나쥐,식도 부우지법,오답,-,,3,[],stop
1a,bovine granulomatous mastitis,우유성 육아종성 유선염,소육아종 유방염,오답,-,,3,[],stop
1a,br. tx.,방사선 치료,브릿지 치료,오답,-,,2,[],stop
1a,brachiocephalic trunk,상완두부동맥줄기,팔머리동맥,오답,-,,2,[],stop
1a,breast stereotactic biopsy,유방 정위 생검,유방 입체정위 생검술,오답,-,,3,[],stop
1a,breath holding spell,호흡 정지 발작,숨참기발작,오답,-,R06.8,3,[],stop
1a,breathing bag reservoir,호흡백 저류조,호흡주머니,오답,-,,3,[],stop
1a,bronchus t-tube insertion,기관지 T-관 삽입,기관지 T-삽관,오답,-,,3,['bad_chars'],stop
1a,bryant's traction,브라이언트 견인,브리언트 당김,오답,-,,2,[],stop
1a,bubbling rale,수포성 라씨,끓는거품소리,오답,-,,2,[],stop
1a,buccal gland,협선,협선,정답(대표),exact,,2,[],stop
1a,buryu,부류,부류(復溜),오답,-,,1,[],stop
1a,cabot ring bodies,카봇 고리 소체,카보트고리소체,오답,-,,3,[],stop
1a,calcification of bursa,점액낭 석회화,윤활낭(의) 석회화,오답,-,M71.4,3,[],stop
1a,calomel,감홍,감홍,정답(대표),exact,,1,[],stop
1a,cap crown,캡 크라운,금관,오답,-,,2,[],stop
1a,capillaria hepatica,간모세선충,간모세선충,정답(대표),exact,,2,[],stop
1a,carbamino reaction,카르바미노 반응,카르바미노반응,정답(대표),nospace,,2,[],stop
1a,cardiac murmur,심장 잡음,심잡음,오답,-,R01.1,2,[],stop
1a,cardiac pet-ct,심장 펫-씨티,심장 양전자방출단층촬영술,오답,-,,2,[],stop
1a,cardiocele,심장탈,심장류,오답,-,,1,[],stop
1a,cardiodiaphragmatic angle,심장횡격각,심장가로막각,오답,-,,2,[],stop
1a,cardiography,심장도,심장도검사,오답,-,,1,[],stop
1a,carpenter's syndrome,카펜터 증후군,카펜터 증후군,정답(대표),exact,Q87.0,2,[],stop
1a,carpometacarpal joint structure,수근중수 관절 구조,손목손허리관절,오답,-,,3,[],stop
1a,cataract ou,양안 백내장,두눈 백내장,오답,-,,2,[],stop
1a,catatonic shizophrenia,긴장형 조현병,긴장형 정신분열병,정답(동의어),exact,F20.2,2,[],stop
1a,cathemoglobin,카트헤모글로빈,카트헤모글로빈,정답(대표),exact,,1,[],stop
1a,cecocentral scotoma,맹장중심 암점,주시점맹점암점,오답,-,,2,[],stop
1a,centrolecithal,중앙난황,중심난황-,오답,-,,1,[],stop
1a,cercosporomycosis,세르코스포라증,세르코스포라진균증,오답,-,,1,[],stop
1a,ceruminous gland,이도선,귀지샘,오답,-,,2,[],stop
1a,cervical vertigo,경추성 어지럼,경추성 현기증,오답,-,M54.22,2,[],stop
1a,cervico-occipital neuralgia,경후두신경통,목 뒤통수 신경통,오답,-,G52.9,2,[],stop
1a,cervix dilatation,자궁경관 확장,자궁경부개대,오답,-,,2,[],stop
1a,chemohormonal,화학호르몬요법,화학호르몬-,오답,-,,1,[],stop
1a,cheondol,천돌,천돌(天突),오답,-,,1,[],stop
1a,chest expiration,흉부 만기,가슴 날숨촬영,오답,-,,2,[],stop
1a,chloropsia,녹시증,녹색시,오답,-,,1,[],stop
1a,cholangioscopy,담관내시경,담관내시경(술),오답,-,,1,[],stop
1a,cholelithiasis,담석증,담석증,정답(대표),exact,K80,1,[],stop
1a,chondrogen,연골형성원,연골원,오답,-,,1,[],stop
1a,chorea gravidarum,임신성 무도병,임신무도병,오답,-,,2,[],stop
1a,chromophilic cell,호염기성 세포,호색소세포,오답,-,,2,[],stop
1a,cimex lectularius,온대침대벌레,빈대,오답,-,,2,[],stop
1a,cirsophthalmia,안정맥류,결막정맥류,오답,-,,1,[],stop
1a,citrate,구연산염,구연산,정답(동의어),exact,,1,[],stop
1a,clasp repair,클래스프 수리,클라스프 수리,오답,-,,2,[],stop
1a,classic abdominoplasty,고전적 복부성형술,전형적 복부성형술,오답,-,,2,[],stop
1a,clay stool,점토변,회색변,오답,-,,2,[],stop
1a,clean bench,클린벤치,무균실험대,오답,-,,2,[],stop
1a,closed approach,폐쇄적 접근,폐쇄방법,오답,-,,2,[],stop
1a,closed reduction,폐쇄 정복,비개방정복(술),오답,-,,2,[],stop
1a,clostridium histolyticum,용조성 클로스트리듐,클로스트리듐히스톨리티쿰,오답,-,,2,[],stop
1a,clubbing of nails,곤봉지,손톱의 곤봉화,오답,-,R68.3,3,[],stop
1a,coalescent mastoiditis,융합성 유돌염,융합꼭지돌기염,오답,-,H70.8,2,[],stop
1a,cobblestone tongue,자갈길 혀,조약돌혀,오답,-,,2,[],stop
1a,coffin-siris syndrome,코핀-시리스 증후군,코핀-시리스 증후군,정답(대표),exact,Q87.5,2,[],stop
1a,cogan's disease,코간 병,코오간병,오답,-,H16.3,2,[],stop
1a,cold pack,냉습포,찬물 주머니,오답,-,,2,[],stop
1a,cold sore,구순포진,입술헤르페스,오답,-,,2,[],stop
1a,collagen fiber graft,콜라겐 섬유 이식,교원 섬유 이식술,오답,-,,3,[],stop
1a,colon cecum mass,결장맹장 종괴,막창자 종괴,오답,-,,3,[],stop
1a,colonic serosa,결장 장막,잘록창자장막층,오답,-,,2,[],stop
1a,colpocystocele,질방광류,질방광탈출(증),오답,-,,1,[],stop
1a,columella lengthening,비소주 연장술,코기둥연장(술),오답,-,,2,[],stop
1a,combustion,연소,화상,오답,-,,1,[],stop
1a,comparator,대조군,비교측정기,오답,-,,1,[],stop
1a,complex echo pattern,복합 에코 양상,복잡메아리,오답,-,,3,[],stop
1a,condensed chromatin,응축 염색질,농축염색질,오답,-,,2,[],stop
1a,congenital leukonychia,선천성 백색조갑증,선천 손발톱백반,오답,-,Q84.4,2,[],stop
1a,conglutinogen activating factor,교합원 활성화 인자,교착원활성인자,오답,-,,3,[],stop
1a,congruous field defect,일치성 시야결손,일치시야결손,오답,-,,3,[],stop
1a,conjoined,결합된,연합-,오답,-,,1,[],stop
1a,conn adenoma,콘 선종,콘 샘종,오답,-,,2,[],stop
1a,continuous,연속적인,연속-,오답,-,,1,[],stop
1a,convalescence following chemotherapy,항암화학요법 후 회복기,화학요법후 회복기,오답,-,Z54.2,3,[],stop
1a,coproporphyrinuria,코프로포르피린뇨증,코프로포르피린뇨,오답,-,,1,[],stop
1a,core decompression,핵심 감압술,중핵감압,오답,-,,2,[],stop
1a,corticobasal degeneration,피질기저핵 변성,겉질기저 변성,오답,-,,2,[],stop
1a,cortisol-binding globulin,코르티솔 결합 글로불린,코티솔결합글로불린,오답,-,,2,[],stop
1a,corynebacterium pseudotuberculosis,위결핵 코리네박테리움,거짓결핵균,오답,-,,2,[],stop
1a,costal angle,늑골각,갈비뼈각,정답(동의어),exact,,2,[],stop
1a,counterfeit disease,위조병,꾀병,오답,-,,2,[],stop
1a,coupling color,커플링 색상,커플링염료,오답,-,,2,[],stop
1a,coxalgic pelvis,골반통,엉덩관절병골반,오답,-,,2,[],stop
1a,cranial dermal sinus,두개 피부 동공,뇌피부동,오답,-,L05.9,3,[],stop
1a,cromolyn,크로몰린,크로몰린,정답(대표),exact,,1,[],stop
1a,cross-face,횡안면,교차얼굴,오답,-,,1,[],stop
1a,crossbite (anterior)(posterior),교차교합 (전방)(후방),맞물림이상(앞쪽)(뒤쪽),오답,-,K07.25,2,['bad_chars'],stop
1a,cryptococcal meningocerebritis,크립토코커스 뇌수막염,크립토콕쿠스수막대뇌염,오답,-,B45.1,2,[],stop
1a,cryptogenic sepsis,특발성 패혈증,특발성패혈증,정답(대표),nospace,,2,[],stop
1a,ctha and ctap,CTHA 및 CTAP,컴퓨터 단층촬영 간 동맥조영술과 컴퓨터 단층촬영 문맥조영술,오답,-,,3,['bad_chars'],stop
1a,curvature of spine,척추 만곡,척주굽이,오답,-,,3,[],stop
1a,cyclamate,시클라메이트,시클라메이트,정답(대표),exact,,1,[],stop
1a,cyematocardia,태아 심계항진,태아심음,오답,-,,1,[],stop
1a,cyst of prostate,전립선 낭종,전립샘 낭,오답,-,N42.8,3,[],stop
1a,cystathionine,시스타티오닌,시스타티오닌,정답(대표),exact,,1,[],stop
1a,cystica ureteritis,낭성 요관염,낭성 요관염,정답(대표),exact,N28.8,2,[],stop
1a,cystitomy,방걉절개술,수정체낭절개(술),오답,-,,1,[],stop
1a,death,사망,사,오답,-,R99,1,[],stop
1a,debanding,밴딩 제거,밴드제거,오답,-,,1,[],stop
1a,deceleration,감속,감속,정답(대표),exact,,1,[],stop
1a,deep mycosis,심부 진균증,심재성 진균증,오답,-,B48.8,2,[],stop
1a,defective interfering particle,결함 간섭 입자,결손간섭입자,오답,-,,3,[],stop
1a,defervescence,해열,해열,정답(대표),exact,,1,[],stop
1a,deficient perineum,회음 결손,회음결핍,오답,-,N81.8,2,[],stop
1a,deforming dorsopathies,변형성 등질환,변형성 등병증,오답,-,M40-M43,2,[],stop
1a,delay procedure,지연 시술,지연처치,오답,-,,2,[],stop
1a,deltoid flap,삼각근 피판,어깨세모근피판,오답,-,,2,[],stop
1a,dementia in hypercalcaemia,고칼슘혈증 치매,과칼슘혈증에서의 치매,오답,-,F02.8,3,[],stop
1a,dendritic spine,수상 돌기,수지상극,오답,-,,2,[],stop
1a,dense deposit disease,고밀도 침착 질환,고밀도침착병,오답,-,,3,[],stop
1a,dental granuloma,치아 육아종,뿌리끝육아종,오답,-,,2,[],stop
1a,depigmenting cream,탈색 크림,탈색크림,정답(대표),nospace,,2,[],stop
1a,derangement of patella,슬개골 장애,무릎뼈의 장애,오답,-,M22.0-M22.3,3,[],stop
1a,dermatitis verrucosa,사마귀 피부염,사마귀피부염,정답(대표),nospace,B43.0,2,[],stop
1a,dermatopathic lymphadenopathy,피부병성 림프절병증,피부병림프절병(증),오답,-,,2,[],stop
1a,dermoepidermal,진피표피,진피표피-,오답,-,,1,[],stop
1a,descriptive epidemiology,기술 역학,기술역학,정답(대표),nospace,,2,[],stop
1a,deshielded proton,비차단 양성자,미차폐양성자,오답,-,,2,[],stop
1a,deuterium,중수소,중수소,정답(대표),exact,,1,[],stop
1a,developmental retardation child,발달 지연 아동,발달 부진아,오답,-,,3,[],stop
1a,di guglielmo's disease,디 구글리엘모병,디구글리엘모병,정답(대표),nospace,C94.0,3,[],stop
1a,diabetic coma,당뇨병성 혼수,당뇨 혼수,오답,-,,2,[],stop
1a,dialysis adequacy,투석 적정성,투석충분도,오답,-,,2,[],stop
1a,diastasimetry,이개 측정,녹말효소측정법,오답,-,,1,[],stop
1a,diffusing capacity,확산 능력,확산능,오답,-,,2,[],stop
1a,digit preference,숫자 편향,끝수선호,오답,-,,2,[],stop
1a,dilation of intestine,장관 확장,창자 확장,오답,-,,3,[],stop
1a,dilation of rectum,직장 확장,곧창자 확장,정답(동의어),exact,,3,[],stop
1a,direct coombs test,직접 쿰스 시험,직접쿰즈검사,오답,-,,3,[],stop
1a,dislocation of midcarpal(joint),중수근(관절) 탈구,중간수근골(관절)의 탈구,오답,-,S63.02,3,['bad_chars'],stop
1a,dislocation of wrist,손목 탈구,손목의 탈구,오답,-,S63.0,3,[],stop
1a,distraction therapy,주의 전환 요법,골신장술,오답,-,,2,[],stop
1a,diverticulitis oesophageal,식도게실염,식도 곁주머니염,오답,-,,2,[],stop
1a,diving reflex,잠수반사,잠수반사,정답(대표),exact,,2,[],stop
1a,dopa-responsive dystonia,도파반응성이상운동증,도파-반응성 근긴장이상,오답,-,G24.8,2,[],stop
1a,dorsal vein arterialization,등쪽정맥동맥화,배측 정맥 동맥혈화,오답,-,,3,[],stop
1a,double bladder,중복방광,중복방광,정답(대표),exact,,2,[],stop
1a,double-barreled aorta,이중강대동맥,이중관대동맥,오답,-,,2,[],stop
1a,dromotropic,박동전도성,전도영향성-,오답,-,,1,[],stop
1a,drug induce pruritus,약물유발성소양증,약물 유발성 가려움,오답,-,L29.8,3,[],stop
1a,drug-induced,약물유발성,약물유발-,오답,-,,1,[],stop
1a,dry arthritis,건성관절염,건성관절염,정답(대표),exact,,2,[],stop
1a,dry socket recurettage,건성치와재소파술,발치와골염 재소파술,오답,-,,3,[],stop
1a,dry weight,건식체중,투석목표체중,오답,-,,2,[],stop
1a,dural avf,경막동정맥루,경막의 동정맥루,정답(동의어),exact,I67.1,2,[],stop
1a,dying process deteriorated,임종과정악화,임종과정 악화됨,오답,-,,3,[],stop
1a,dyskeratosis congenita,선천성각화부전증,선천 이상각화증,오답,-,Q82.8,2,[],stop
1a,dyslipoproteinemia,이상지질단백혈증,이상지질단백혈증,정답(대표),exact,,1,[],stop
1a,dysostosis multiplex group,다발성골형성부전군,다발 집단 뼈발생이상,오답,-,,3,[],stop
1a,dyspnea disorder,호흡곤란장애,천증,오답,-,R06.0,2,[],stop
1a,ear drum,고막,고막,정답(대표),exact,,2,[],stop
1a,ear probe,이갱개,귀꽂이,오답,-,,2,[],stop
1a,ebonation,치석제거술,뼈조각제거,오답,-,,1,[],stop
1a,eccrine poroma,선암종,외분비 한공종,오답,-,D23.9,2,[],stop
1a,ecdysis,탈피,허물벗기,정답(동의어),exact,,1,[],stop
1a,echinocyte,극세포,톱니적혈구,오답,-,,1,[],stop
1a,echo pulse,초음파맥,초음파,오답,-,,2,[],stop
1a,egg yolk medium,난황배지,달걀노른자배지,오답,-,,3,[],stop
1a,elongation,신장,신장,정답(대표),exact,,1,[],stop
1a,encephalopathy toxic,중독성뇌병증,독성 뇌병증,오답,-,,2,[],stop
1a,endemic disease,풍토병,풍토병,정답(대표),exact,,2,[],stop
1a,endocervical hyperplasia,자궁경관내막과형성,자궁목내막과다형성,오답,-,,2,[],stop
1a,endoenteritis,장내막염,창자점막염,오답,-,,1,[],stop
1a,endolymphatic duct,내림프관,속림프관,정답(동의어),exact,,2,[],stop
1a,endometrial stromal sarcoma,자궁내막기질육종,자궁내막버팀질육종,오답,-,,3,[],stop
1a,endorectal pull-through operation,직장내견인술,직장내 풀-스루식 수술,오답,-,,3,[],stop
1a,endoscopic retrograde pancreatography,내시경역행췌관조영술,내시경역행이자관조영(술),오답,-,,3,[],stop
1a,endoscopic revision dacryocystorhinostomy,내시경누낭비강문합성형술,내시경 이용 눈물주머니코안 연결 교정,오답,-,,3,[],stop
1a,endoscopic transmyocardial revascularization,내시경경심근혈관재형성술,내시경 이용 심근경유 혈관 재형성,오답,-,,3,[],stop
1a,endosome,엔도솜,엔도솜,정답(대표),exact,,1,[],stop
1a,endothelial adhesion molecule,내피접착분자,내피부착분자,오답,-,,3,[],stop
1a,endothelium-derived relaxing factor,내피유래이완인자,내피유래이완인자,정답(대표),exact,,3,[],stop
1a,endovascular ultrasonography,혈관내초음파검사,혈관내 초음파촬영,오답,-,,2,[],stop
1a,enema apparatus,관장기,관장기,정답(대표),exact,,2,[],stop
1a,enteral feeding,장관영양,위장관영양,오답,-,,2,[],stop
1a,enteral feeding regime,장관영양요법,경장 섭취 요법,오답,-,,3,[],stop
1a,enteral tube irrigation,장관튜브세척,위장관세척,오답,-,,3,[],stop
1a,enteropathic arthritis,장병성관절염,창자질환성 관절염,오답,-,,2,[],stop
1a,enterotoxin,장독소,창자독소,정답(동의어),exact,,1,[],stop
1a,entire finger,전체손가락,온손가락,오답,-,,2,[],stop
1a,entire nasal septum,전체비중격,온코사이막,오답,-,,3,[],stop
1a,entire trapezius muscle,전체승모근,온등세모근,오답,-,,3,[],stop
1a,eosinophilic non-allergic rhinitis,호산구성 비알레르기성 비염,호산성 비알레르기성 비염,오답,-,,3,[],stop
1a,epidermolysis bullosa dystrophica,영양불량형 수포성 표피박리증,디스트로피성 수포성 표피박리증,오답,-,Q81.2,3,[],stop
1a,epidermolysis bullosa simplex,단순형 수포성 표피박리증,단순 수포성 표피박리증,오답,-,Q81.0,3,[],stop
1a,epidermophyton,표피균,표피사상균(속),오답,-,,1,[],stop
1a,epididymal duct,부고환관,부고환관,정답(대표),exact,,2,[],stop
1a,epidural nerve block,경막외 신경차단,경막외 신경차단술,오답,-,,3,[],stop
1a,epiduroscopic neuroplasty,경막외내시경 신경성형술,내시경적 경막외강 신경성형술,오답,-,,2,[],stop
1a,epigastric artery,상복부동맥,배벽동맥,오답,-,,2,[],stop
1a,epilemmal termination,신경초종말,신경속막종말,오답,-,,2,[],stop
1a,erythema migrans,이동성 홍반,이동성 홍반,정답(대표),exact,A26.0,2,[],stop
1a,esterapenia,에스테르아페니아,에스테라아제감소,오답,-,,1,[],stop
1a,esthiomene,에스티오메네,만성 외음궤양,오답,-,A55,1,[],stop
1a,eurytrema pancreaticum,췌장흡충,췌질,오답,-,,2,[],stop
1a,evacuation of empyema,농흉 배농,축농 제거,오답,-,,3,[],stop
1a,excitometabolic,흥분대사성,대사촉진-,오답,-,,1,[],stop
1a,expectorant mixture,거담혼합제,복합거담제,오답,-,,2,[],stop
1a,exteroceptive stimulus,외수용성 자극,외수용자극,오답,-,,2,[],stop
1a,extra-abdominal,복부외,복부외-,오답,-,,1,[],stop
1a,extrachromosomal inheritance,염색체외 유전,염색체외유전,정답(대표),nospace,,2,[],stop
1a,extracoronal,치관외,치관외-,오답,-,,1,[],stop
1a,extroverted personality,외향적 성격,외향인격,오답,-,,2,[],stop
1a,eye swelling,안구종창,안구 부기,오답,-,,2,[],stop
1a,facial nucleus,안면신경핵,얼굴신경핵,오답,-,,2,[],stop
1a,factor viii,제8인자,제8인자,정답(대표),exact,,2,[],stop
1a,failed forceps,실패한 견자분만,집게 사용 실패,오답,-,,2,[],stop
1a,fall risk deteriorated,낙상 위험 악화,낙상 위험성 악화됨,오답,-,,3,[],stop
1a,false neuroma,가성 신경종,가성신경종,정답(대표),nospace,,2,[],stop
1a,familial polyposis,가족성 용종증,가족성폴립증,오답,-,,2,[],stop
1a,fasciola hepatica,간흡충,간질,오답,-,,2,[],stop
1a,fecal concentration,변농축,대변농축(법),오답,-,,2,[],stop
1a,femur,대퇴골,넙다리뼈,정답(동의어),exact,,1,[],stop
1a,fenestrated capillary,창공모세혈관,창문모세혈관,오답,-,,2,[],stop
1a,fetal cotyledon,태아 태반엽,태아쪽태반엽,오답,-,,2,[],stop
1a,fiberoptic endoscopic,섬유광내시경,광섬유내시경,오답,-,,2,[],stop
1a,filarial chylocele,사충성 유미종,사상충성 음낭암죽종,오답,-,B74,2,[],stop
1a,first filial generation,제1잡종세대,일대잡종,오답,-,,3,[],stop
1a,first responder,최초 대응자,일차반응자,오답,-,,2,[],stop
1a,first-pass cardiac scan(resting),초회통 심장스캔(안정시),일회통과심장스캔-안정상태,오답,-,,3,['bad_chars'],stop
1a,fisher syndrome,피셔증후군,피셔증후군,정답(대표),exact,,2,[],stop
1a,fistula of gallbladder,담낭루,담낭의 누공,오답,-,K82.3,3,[],stop
1a,fixator muscle,고정근,고정근육,오답,-,,2,[],stop
1a,flat position,수평와위,앙와위,오답,-,,2,[],stop
1a,flax-dresser disease,아마직질병,아마포착용자병,오답,-,J66.1,2,[],stop
1a,fluoridation,불소화,불소화,정답(대표),exact,,1,[],stop
1a,flushing,홍조,홍조,정답(대표),exact,R23.2,1,[],stop
1a,forehead,이마,전두,오답,-,,1,[],stop
1a,fourth heart sound,제4심음,제4심(장)음,오답,-,,3,[],stop
1a,foville syndrome,포빌증후군,포비유 증후군,오답,-,G46.3,2,[],stop
1a,framework try-in,금속도재 시적,금속구조물 시적,오답,-,,2,[],stop
1a,frolement,프롤망,미세마찰음,오답,-,,1,[],stop
1a,frontal suture,전두봉합,이마봉합선,오답,-,,2,[],stop
1a,frontosphenoesthmoidectomy,전두접형사골절제술,이마나비사골동절제술,오답,-,,1,[],stop
1a,functional enuresis,기능성 야뇨증,기능성 유뇨증,오답,-,F98.0,2,[],stop
1a,functional ileus,기능성 장폐색,기능창자막힘증,오답,-,,2,[],stop
1a,fundus photography,안저사진촬영,안저사진,오답,-,,2,[],stop
1a,fusiform layer,방추형층,방추세포층,오답,-,,2,[],stop
1a,gallium scan,갈륨스캔,갈리움 스캔,오답,-,,2,[],stop
1a,gangliectomy,신경절절제술,신경절절제(술),오답,-,,1,[],stop
1a,gantry,간트리,갠트리,오답,-,,1,[],stop
1a,gastradenitis,위선염,위샘염,오답,-,,1,[],stop
1a,gastroenteritis paratyphosa,파라장티푸스성 위장염,파라티푸스위창자염,오답,-,,2,[],stop
1a,general microbiology test,일반미생물검사,일반미생물 검사,정답(대표),nospace,,3,[],stop
1a,genital infection fungal,생식기진균감염,생식 기관 곰팡이 감염,오답,-,,3,[],stop
1a,genu valgum,슬개외반,외반슬,오답,-,M21.06,2,[],stop
1a,genuine diabetes,진성당뇨병,진성당뇨병,정답(대표),exact,,2,[],stop
1a,gitelman syndrome,지텔만증후군,지텔만 증후군,정답(대표),nospace,N15.8,2,[],stop
1a,glaucomatous cataract,녹내장성백내장,녹내장성백내장,정답(대표),exact,,2,[],stop
1a,glissade,활강,글리사드,오답,-,,1,[],stop
1a,glucuronic acid,글루쿠론산,글루쿠론산,정답(대표),exact,,2,[],stop
1a,glycophorin,글리코포린,글리코포린,정답(대표),exact,,1,[],stop
1a,goitrogenic,갑상선종유발성,갑상샘종유발물질-,오답,-,,1,[],stop
1a,gonadoadvent,생식샘부속기,생식기능출현기,오답,-,,1,[],stop
1a,gorei-san,오령산,오령산,정답(대표),exact,,1,[],stop
1a,gracilis muscle,박근,두덩정강근,정답(동의어),exact,,2,[],stop
1a,grafting,이식술,이식,오답,-,,1,[],stop
1a,grain itch,곡물진드기증,곡물 소양증,오답,-,B88.0,2,[],stop
1a,graves' ophthalmopathy,그레이브스안병증,그레이브스 눈병증,오답,-,E05.0&H06.2,2,[],stop
1a,growth fever,발육열,변증,오답,-,P81.9,2,[],stop
1a,guinea pig,기니피그,기니피그,정답(대표),exact,,2,[],stop
1a,gustatory hyperesthesia,미각과민,미각과민(증),정답(동의어),exact,,2,[],stop
1a,gwollyo,권료,관료(顴髎),오답,-,,1,[],stop
1a,haematosalpinx,난관혈종,혈난관,정답(동의어),exact,N83.6,1,[],stop
1a,hairy-cell leukemia,유모세포백혈병,털세포백혈병,오답,-,C91.4,2,[],stop
1a,halmatogenesis,할마토제네시스,돌연세대변이,오답,-,,1,[],stop
1a,hammerhead ribozyme,해머헤드리보자임,망치머리형리보자임,오답,-,,2,[],stop
1a,hand,손,수,오답,-,,1,[],stop
1a,hay asthma,건초천식,건초천식,정답(대표),exact,,2,[],stop
1a,hb-sc disease,HB-SC질환,헤모글로빈-SC병,오답,-,D57.2,2,['bad_chars'],stop
1a,hbab,혈색소A-B,간염 B형 표면항체,오답,-,,1,['bad_chars'],stop
1a,head wind,두풍,두풍 ; 뇌풍,오답,-,R51,2,[],stop
1a,hearing impairment,청각장애,청각 부전,정답(동의어),exact,H91.9,2,[],stop
1a,heart excess patterns,심실증,심실증,정답(대표),exact,U67,3,[],stop
1a,heart rate variability,심박수변이,심박변이도,오답,-,,3,[],stop
1a,hemacytometry,혈구계산,혈구계수,오답,-,,1,[],stop
1a,hemeralopia,주맹,주간맹,오답,-,H53.1,1,[],stop
1a,hemianopsia,반맹,편측시야결손,정답(동의어),exact,,1,[],stop
1a,hemoclastic reaction,혈액붕괴반응,혈구파괴반응,오답,-,,2,[],stop
1a,hemocytometry,혈구계산,혈구계수(법),오답,-,,1,[],stop
1a,hemoglobin c,혈색소C,헤모글로빈C,오답,-,,2,['bad_chars'],stop
1a,hemopleuropneumonic syndrome,혈흉막폐렴증후군,혈액가슴막폐렴증후군,오답,-,,2,[],stop
1a,hepaticostomy,간관조름술,간관루설치(술),오답,-,,1,[],stop
1a,hepatogram,간조영술,간실질상,오답,-,,1,[],stop
1a,hereditary amyloid nephropathy,유전성 아밀로이드신병증,유전성 아밀로이드 신장병증,오답,-,E85.0,3,[],stop
1a,hereditary mutilating keratoma,유전성 절단성 각화종,유전절단각화종,오답,-,,3,[],stop
1a,heteromorphism,이형,이형,정답(대표),exact,,1,[],stop
1a,heteropolysaccharide,헤테로다당류,이종다당류,오답,-,,1,[],stop
1a,high quality-hcv ab,고품질-C형간염바이러스항체,정밀면역검사-C형간염항체,오답,-,,3,['bad_chars'],stop
1a,high-grade lymphoma,고등급림프종,심한 림프종,정답(동의어),nospace,C85.9,2,[],stop
1a,high-tension pulse,고장력맥,고긴장맥박,오답,-,,2,[],stop
1a,hill-sachs lesion,힐-삭스병변,힐-샥스 병터,오답,-,,2,[],stop
1a,hippocampal sclerosis,해마경화증,해마경화(증),오답,-,G37.9,2,[],stop
1a,hippuric acid,히푸르산,마뇨산,정답(동의어),exact,,2,[],stop
1a,hodgkin disease,호지킨병,호지킨병,정답(대표),exact,,2,[],stop
1a,holoparasite,완전기생충,완전기생체,오답,-,,1,[],stop
1a,holy fire,성화병,에르고트중독증,오답,-,,2,[],stop
1a,homogeneous,동질성,균일,오답,-,,1,[],stop
1a,horopter,단일시,단일시궤도,오답,-,,1,[],stop
1a,horseshoe fistula,편자형루,말발굽샛길,오답,-,,2,[],stop
1a,hot bag,온열주머니,더운물 주머니,오답,-,,2,[],stop
1a,hyalomere,투명부,투명부위,오답,-,,1,[],stop
1a,hydrocyst,수낭종,물낭,오답,-,,1,[],stop
1a,hydrometra,자궁수종,물자궁증,오답,-,N85.8,1,[],stop
1a,hydropneumothorax,수기흉,물공기가슴증,정답(동의어),exact,J94.8,1,[],stop
1a,hydrorachis,척수수종,수척추증,오답,-,Q06.4,1,[],stop
1a,hyeopgye,협계,협계(俠谿),오답,-,,1,[],stop
1a,hyperaldosteronism,알도스테론증,고알도스테론증,오답,-,E26,1,[],stop
1a,hyperesophoria,상내사위,상내사위,정답(대표),exact,,1,[],stop
1a,hyperestrinism,에스트로겐과다증,여성호르몬과다(증),오답,-,,1,[],stop
1a,hyperlipidaemia,고지질혈증,고지혈증,오답,-,,1,[],stop
1a,hyperosmolar nonketotic coma,고삼투성비케톤성혼수,고삼투압성비케토산성혼수,오답,-,,3,[],stop
1a,hyperreninemia,고레닌혈증,과레닌혈증,오답,-,,1,[],stop
1a,hyperthyroxinemia,고티록신혈증,고티록신혈증,정답(대표),exact,,1,[],stop
1a,hypofunction,기능저하증,기능저하,오답,-,,1,[],stop
1a,hyposegmentation,저분엽증,저분절증,오답,-,,1,[],stop
1a,hyposthenuric urine,저비중뇨,저비중뇨,정답(대표),exact,,2,[],stop
1a,hypothalamic-pituitary-adrenal axis,시상하부-뇌하수체-부신축,시상하부-뇌하수체-부신축,정답(대표),exact,,2,[],stop
1a,hypotonus,긴장저하증,근육긴장저하,오답,-,,1,[],stop
1a,hysterocystocleisis,자궁방광폐쇄술,자궁방광꿰맴(술),오답,-,,1,[],stop
1a,idiopathic hemihypertrophy,특발성반비대증,특발성 편측비대증,오답,-,Q68.8,2,[],stop
1a,idiotype-anti-idiotype network,이디오타입-항이디오타입네트워크,개별특이형항체조절망,오답,-,,2,[],stop
1a,ileal neoplasms,회장종양,돌창자 신생물,오답,-,,2,[],stop
1a,ileocolic artery,회결장동맥,돌잘룩창자동맥,오답,-,,2,[],stop
1a,imitative attitude,모방태도,모방태도,정답(대표),exact,,2,[],stop
1a,immature proglottid,미성숙체절,미성숙편절,오답,-,,2,[],stop
1a,immunodiagnostic method,면역진단법,면역진단법,정답(대표),exact,,2,[],stop
1a,immunoglobulin class,면역글로불린클래스,면역글로불린계,오답,-,,2,[],stop
1a,impaired eating behaviour,섭식행동장애,손상된 식습관 행위,오답,-,,3,[],stop
1a,impulse conducting system,흥분전도계,심장흥분전도계통,오답,-,,3,[],stop
1a,in situ hybridization,제자리교잡,제자리부합법,오답,-,,3,[],stop
1a,in utero,자궁내,자궁내,정답(대표),exact,,2,[],stop
1a,inappropriate self disclosure,부적절한 자기노출,부적절한 자기 노출,정답(대표),nospace,,3,[],stop
1a,incisor tooth,절치,절치,정답(대표),exact,,2,[],stop
1a,incretology,인크레틴학,내분비학,오답,-,,1,[],stop
1a,induced malaria,유발 말라리아,접종말라리아,오답,-,,2,[],stop
1a,ineffective protection,무효한 보호,비효율적 방어능력,오답,-,,2,[],stop
1a,infanthood,영아기,영아기,정답(대표),exact,,1,[],stop
1a,infantile automatism,영아 자동증,젖먹이자동증,오답,-,,2,[],stop
1a,infraction,경범죄,균열골절,오답,-,,1,[],stop
1a,inhalator,흡입기,흡입기,정답(대표),exact,,1,[],stop
1a,inspirator,흡기기,흡입기,오답,-,,1,[],stop
1a,instep island flap,족배동도피판,안쪽발바닥섬피판,오답,-,,3,[],stop
1a,insular sclerosis,섬엽경화증,섬경화증,오답,-,,2,[],stop
1a,interarytenoid notch,피열간절흔,모뿔사이패임,정답(동의어),exact,,2,[],stop
1a,interfascicular graft,속발간이식,다발사이이식,오답,-,,2,[],stop
1a,interferential action,간섭작용,간섭작용,정답(대표),exact,,2,[],stop
1a,interim abutment,임시지대치,임시 지대주,오답,-,,2,[],stop
1a,intermedia thalassaemia,중간형지중해빈혈,중간형 지중해빈혈,정답(대표),nospace,D56.1,2,[],stop
1a,intermenstruum,월경간기,월경간기,정답(대표),exact,,1,[],stop
1a,intermetatarsal joint structure,중족골간관절구조,발허리간관절조직,오답,-,,3,[],stop
1a,intermittent explosive disorder,간헐적 폭발 장애,간헐폭발병,오답,-,F63.8,3,[],stop
1a,internal carotid angiography,내경동맥혈관조영술,두경부동맥조영-내경동맥,오답,-,,3,[],stop
1a,interoceptive,내장수용성,내수용-,오답,-,,1,[],stop
1a,intestinal polypectomy,장용종절제술,장 폴립 절제,오답,-,,2,[],stop
1a,intra-operative neurophysiologic testing,수술 중 신경생리검사,수술중 신경생리학적 검사,오답,-,,3,[],stop
1a,intracranial space-occupying lesion,두개강내공간점유병변,두개내공간점유병변,오답,-,R90.0,3,[],stop
1a,intrahepatic,간내,간내-,오답,-,,1,[],stop
1a,intramuscular nerve stimulation,근육내신경자극,근육내신경자극치료,오답,-,,3,[],stop
1a,intranasal ethmoidectomy,비내사골동절제술,사골동염근치술; 비내 접근법,오답,-,,2,[],stop
1a,intraocular,안내,안구내-,오답,-,,1,[],stop
1a,intromission,삽입,삽입,정답(대표),exact,,1,[],stop
1a,invasive mole,침윤성포상기태,침윤기태,오답,-,,2,[],stop
1a,inverse-ratio ventilation,역비환기,역비환기,정답(대표),exact,,2,[],stop
1a,iodinated,요오드화,요오드표지-,오답,-,,1,[],stop
1a,ionometer,이온계,이온화선량계,오답,-,,1,[],stop
1a,ionophore antibiotic,이온포항생제,이온투과차단항생제,오답,-,,2,[],stop
1a,iridocoloboma,홍채결손증,홍채결손,오답,-,,1,[],stop
1a,iridocyclitis in tuberculosis,결핵성홍채모양체염,결핵에서의 홍채섬모체염,오답,-,A18.5,3,[],stop
1a,ischial ramus,좌골지,궁둥뼈가지,정답(동의어),exact,,2,[],stop
1a,ischial tuberosity structure,좌골결절구조,궁둥뼈결절,오답,-,,3,[],stop
1a,isomaltase,이소말타아제,이소말타아제,정답(대표),exact,,1,[],stop
1a,isosorbide,이소소르비드,이소소르바이드,오답,-,,1,[],stop
1a,jisil,지실,지실(志室),오답,-,,1,[],stop
1a,joint swelling non-inflammatory,비염증성관절종창,비염증 관절 부기,오답,-,,3,[],stop
1a,juvenile chronic iridocyclitis,소아만성홍채모양체염,연소성 만성 홍채섬모체염,오답,-,H20.1,3,[],stop
1a,kakidrosis,한포증,땀악취증,오답,-,L75.0,1,[],stop
1a,koop's modified pylomyotomy,쿱변법유문근절제술,쿱의 수정 유문근층 절개,오답,-,,3,[],stop
1a,kub left lateral,좌측와위복부단순촬영,"콩팥요관방광촬영, 왼쪽측방향",오답,-,,3,[],stop
1a,labilizer,안정제,불안정제,오답,-,,1,[],stop
1a,laceration of back,등부열상,등 열상,오답,-,S21.2,3,[],stop
1a,ladder splint,사다리부목,사다리형덧대,오답,-,,2,[],stop
1a,lamblial dysentery,람블편모충성이질,람블편모충이질,오답,-,,2,[],stop
1a,lambliasis,람블리아증,람블편모충증,오답,-,,1,[],stop
1a,laparoscopic appendectomy,복강경충수절제술,배안보개 이용 막창자꼬리 절제,오답,-,,2,[],stop
1a,laparoscopic unilateral salpingo-oophorectomy,복강경편측난관난소절제술,배안보개 이용 한쪽 자궁관난소 적출,오답,-,,3,[],stop
1a,laryngeal carcinoma,후두암,후두 암종,오답,-,,2,[],stop
1a,laryngeal nodule,후두결절,후두결절,정답(대표),exact,J38.7,2,[],stop
1a,laryngopharyngitis,후두인두염,후두인두염,정답(대표),exact,,1,[],stop
1a,laryngotracheal stenosis,후두기관협착증,후두기관협착(증),오답,-,J39.8,2,[],stop
1a,late post-traumatic seizures,지발성외상후발작,외상후 지연 발작,오답,-,,3,[],stop
1a,lcp disease,레그-칼베-페르테스병,넙다리뼈머리뼈끝뼈연골증,오답,-,,2,[],stop
1a,lead gown,납앞치마,납가운,오답,-,,2,[],stop
1a,lenticonus,수정체원추,원뿔수정체,오답,-,Q12.8,1,[],stop
1a,leukokeratosis nicotina palati,구개니코틴백색각화증,구개 니코틴성 백색각화증,오답,-,K13.2,3,[],stop
1a,leukotaxis,백혈구주화,백혈구쏠림성,오답,-,,1,[],stop
1a,lichen planus tropicus,열대편평태선,열대성 편평태선,오답,-,L43.3,3,[],stop
1a,lienorenal,비신장의,지라콩팥-,오답,-,,1,[],stop
1a,linear craniectomy,선형두개절제술,선상 머리뼈 절제,오답,-,,2,[],stop
1a,lipoid dermatoarthritis,지질피부관절염,리포이드피부관절염,오답,-,M14.3,2,[],stop
1a,lipomelanotic reticulosis,지질흑색망상증,지방흑색증성 세망증,오답,-,I89.8,2,[],stop
1a,lobectomy of lung,폐엽절제술,폐엽 절제,오답,-,,3,[],stop
1a,lobomycosis,로보미코증,로보진균증,오답,-,B48.0,1,[],stop
1a,lochioschesis,악로,산후질분비물정체,오답,-,,1,[],stop
1a,long labor,지연분만,지연 진통,오답,-,O63,2,[],stop
1a,lumbosacral enlargement,요천골팽대,요천부팽대,오답,-,,2,[],stop
1a,lymphopoiesis,림프형성,림프구형성,오답,-,,1,[],stop
1a,lyophobic,소액성,소액성,정답(대표),exact,,1,[],stop
1a,m line,m선,중간가로막,오답,-,,2,['bad_chars'],stop
1a,macrocephalus,거두증,큰머리증,오답,-,Q04.5,1,[],stop
1a,macrocytic anemia,대구적적혈구빈혈,큰적혈구빈혈,오답,-,D52.9,2,[],stop
1a,macrostomia cribrosa,다공성거구증,체반,오답,-,,2,[],stop
1a,macular holes,황반원공,황반 원공,정답(대표),nospace,,2,[],stop
1a,major amblyoscope,대형약시경,대형 약시경,정답(대표),nospace,,2,[],stop
1a,major calyx,대신우,큰콩팥잔,오답,-,,2,[],stop
1a,mamillitis,유두염,유두염,정답(대표),exact,,1,[],stop
1a,manage immobilizer care,고정장치간호,부동간호 관리,오답,-,,3,[],stop
1a,marsupialization of cyst,낭주머니화술,낭종 주머니형성,오답,-,,3,[],stop
1a,mastadenitis,유선염,젖샘염,정답(동의어),exact,,1,[],stop
1a,masticatory dysfunction,저작기능장애,씹기 기능장애,오답,-,,2,[],stop
1a,maxillomandibular disharmony,상하악부조화,위아래턱부조화,정답(동의어),exact,,2,[],stop
1a,meckel's diverticulectomy,메켈게실절제술,멕켈 게실절제술,오답,-,,2,[],stop
1a,meckel's imaging,메켈영상,메켈스 스캔,오답,-,,2,[],stop
1a,medial nasal prominence,내측비융기,내측비융기,정답(대표),exact,,3,[],stop
1a,mediastinotomy,종격절개술,세로칸절개(술),오답,-,,1,[],stop
1a,medical care division,진료과,의료급여구분,오답,-,,3,[],stop
1a,medical genetics,의료유전학,의학유전학,오답,-,,2,[],stop
1a,medical indigent,의료보호대상자,의료급여대상자,오답,-,,2,[],stop
1a,mediterranean tick fever,지중해진드기열,지중해진드기열,정답(대표),exact,A77.1,3,[],stop
1a,medullary canal,골수강,골수공간,정답(동의어),exact,,2,[],stop
1a,melanidrosis,흑한증,흑색땀증,정답(동의어),exact,,1,[],stop
1a,melanoacanthoma,흑색극세포종,멜라닌가시세포종,오답,-,,1,[],stop
1a,membranous endometritis,막성 자궁내막염,막자궁내막염,오답,-,,2,[],stop
1a,menometrorrhagia,월경과다,불규칙과다월경,오답,-,N92.1,1,[],stop
1a,menstrual irregularity,월경불순,월경불규칙,정답(동의어),exact,N92.6,2,[],stop
1a,mescaline,메스칼린,메스칼린,정답(대표),exact,,1,[],stop
1a,meshwork,망상조직,섬유주,오답,-,,1,[],stop
1a,metagonimus yokogawai,요코가와흡충,요코가와흡충,정답(대표),exact,,2,[],stop
1a,metarubricyte,정적모세포,후적혈구,오답,-,,1,[],stop
1a,metathalamus,후시상부,시상후부,오답,-,,1,[],stop
1a,microencephaly,소뇌증,작은뇌증,정답(동의어),exact,,1,[],stop
1a,microincision,미세절개,미세절개,정답(대표),exact,,1,[],stop
1a,microlymphatic graft,미세림프이식,미세림프절이식,오답,-,,2,[],stop
1a,micromanipulation,미세조작,미세조작(술),오답,-,,1,[],stop
1a,micromovement,미세운동,미세운동,정답(대표),exact,,1,[],stop
1a,microsomia,소체증,작은몸증,오답,-,,1,[],stop
1a,milieu therapy,환경요법,환경 치료요법,오답,-,,2,[],stop
1a,mitokinetic,유사분열촉진성,유사운동-,오답,-,,1,[],stop
1a,modified norwood operation,변형 노우드 수술,수정된 노우드수술,오답,-,,3,[],stop
1a,molding,성형,두개몰딩,오답,-,,1,[],stop
1a,mongoloid slant,몽골인안검경사,몽골인 모양 눈,오답,-,,2,[],stop
1a,moniliform nucleus,염주상핵,염주핵,오답,-,,2,[],stop
1a,monopolar depression,단극성 우울증,단극성 우울병,오답,-,F32.9,2,[],stop
1a,monorchidism,단고환증,홑고환증,오답,-,Q55.0,1,[],stop
1a,morbidity aspects,이환양상,질병 양상,오답,-,,2,[],stop
1a,motor fiber,운동섬유,운동신경섬유,정답(동의어),exact,,2,[],stop
1a,mr mapping,자기공명영상지도,자기공명지도화,오답,-,,2,[],stop
1a,mucopurulent,점액농성,점액고름-,오답,-,,1,[],stop
1a,multicystic kidney disease,다낭성신질환,다낭신장병,오답,-,Q61.4,3,[],stop
1a,multicystic renal dysplasia,다낭성신이형성증,다낭성 신장의 형성이상,오답,-,Q61.4,3,[],stop
1a,multidrug resistance,다제내성,다약제내성,오답,-,,2,[],stop
1a,multiple adenomatous polyps,다발성선종성폴립,다발성 샘종성 폴립,정답(동의어),nospace,,3,[],stop
1a,multiple v-y plasties,다발성 V-Y 성형술,V-Y 성형술,오답,-,,3,['bad_chars'],stop
1a,muscle flap,근육판,근(육)판,오답,-,,2,[],stop
1a,muscle twitch,근육수축,근육 경련,오답,-,,2,[],stop
1a,muscular artery,근동맥,근육형동맥,오답,-,,2,[],stop
1a,muscular atrophy,근위축,근위축,정답(대표),exact,M62.59,2,[],stop
1a,muscular dystrophy carrier,근이영양증 보인자,근퇴행위축 보균자,오답,-,G71.0,3,[],stop
1a,mutiple myeloma,다발성골수종,다발성 골수종,정답(대표),nospace,C90.0,2,[],stop
1a,myelalgia,척수통,척수통증,오답,-,,1,[],stop
1a,myelodysplastic syndromes,골수이형성증후군,골수형성이상증후군,오답,-,D46,2,[],stop
1a,myitis,근염,근(육)염,오답,-,,1,[],stop
1a,myoalbumin,미오알부민,근(육)알부민,오답,-,,1,[],stop
1a,myoclonia fibrillaris multiplex,다발성 섬유성 근간대,다발잔떨림근대성대발작,오답,-,,3,[],stop
1a,myotonia,근긴장증,근긴장증,정답(대표),exact,M62.6,1,[],stop
1a,myotonic disorders,근긴장성 질환,근긴장장애,오답,-,G71.1,2,[],stop
1a,naegleria fowleri,포울러내아메바,파울러자유아메바,오답,-,,2,[],stop
1a,naevus portwine,포도주색모반,포도주색 모반,정답(대표),nospace,Q82.5,2,[],stop
1a,nasalis muscle,비근,코근,정답(동의어),exact,,2,[],stop
1a,near field potential,근전위,근접부위전위,오답,-,,3,[],stop
1a,neck righting reflex,경부교정반사,목바로잡기반사,오답,-,,3,[],stop
1a,needle electromyography,침전기근전도검사,바늘근전도검사(법),오답,-,,2,[],stop
1a,negative pressure,음압,음압,정답(대표),exact,,2,[],stop
1a,neoadjuvant chemotherapy,선행화학요법,신보강화학요법,오답,-,,2,[],stop
1a,neonatal oesophageal reflux,신생아 식도역류,신생아식도역류,정답(대표),nospace,P78.8,3,[],stop
1a,nephritic retinitis,신염성 망막염,콩팥염망막염,오답,-,,2,[],stop
1a,nerve conduction study(head),신경전도검사(두부),신경전도검사(두부),정답(대표),exact,,3,['bad_chars'],stop
1a,nerve root injury,신경근 손상,척추 신경뿌리의 손상,오답,-,T09.4,3,[],stop
1a,neuraxis,신경축,신경축,정답(대표),exact,,1,[],stop
1a,neurodeatrophia,신경변성위축,망막위축,오답,-,,1,[],stop
1a,neurofibromatosis of spine,척추 신경섬유종증,척수 신경섬유종증,오답,-,,3,[],stop
1a,neurostearic acid,신경지방산,신경지방산,정답(대표),exact,,2,[],stop
1a,nitrogen dioxide,이산화질소,이산화질소,정답(대표),exact,,2,[],stop
1a,nodular fasciitis,결절성 근막염,결절 근막염,오답,-,M72.4,2,[],stop
1a,nodular prurigo,결절성 가려움증,결절가려움발진,오답,-,,2,[],stop
1a,nodular sclerosis,결절성 경화증,결절경화,오답,-,,2,[],stop
1a,non-exudative,비삼출성,삼출되지않은,오답,-,,1,[],stop
1a,non-infected,비감염성,감염되지않은,오답,-,,1,[],stop
1a,nonalcoholic steaohepatitis,비알코올성 지방간염,비알코올성 지방간염,정답(대표),exact,K75.8,2,[],stop
1a,nonoperculated egg,비갑란,무난개충란,오답,-,,2,[],stop
1a,nonvascularized bone graft,비혈관화 골이식,비혈관뼈이식,오답,-,,3,[],stop
1a,noonan syndrome,누난 증후군,누난 증후군,정답(대표),exact,Q87.1,2,[],stop
1a,normokalemic,정칼륨혈증,정상칼륨혈-,오답,-,,1,[],stop
1a,nuclear polyhedrosis virus,핵다각체병 바이러스,핵다면체형성바이러스,오답,-,,3,[],stop
1a,nummular dermatitis,화폐상 피부염,동전모양피부염,오답,-,L30.0,2,[],stop
1a,oath of hippocrates,히포크라테스 선서,히포크라테스선서,정답(대표),nospace,,3,[],stop
1a,ocular fundus,안저,안저,정답(대표),exact,,2,[],stop
1a,ocular prosthesis,의안,의안,정답(대표),exact,,2,[],stop
1a,oculovagal reflex,안미주신경반사,눈미주신경반사,오답,-,,2,[],stop
1a,odontoprisis,치아갈기,이갈기,오답,-,,1,[],stop
1a,oil red,오일 레드,오일레드,정답(대표),nospace,,2,[],stop
1a,old tuberculin,구결핵균소,재래식투베르쿨린,오답,-,,2,[],stop
1a,omsk haemorrhagic fever,옴스크 출혈열,옴스크출혈열,정답(대표),nospace,A98.1,3,[],stop
1a,onchocercoma,회선추종,회선사상충결절,오답,-,,1,[],stop
1a,oncofetal,종류태아성,종양태아-,오답,-,,1,[],stop
1a,oncogene,종양유전자,종양유전자,정답(대표),exact,,1,[],stop
1a,onychopathy,조갑병,손발톱병(증),오답,-,,1,[],stop
1a,open-chain compound,개환 화합물,열린사슬화합물,오답,-,,2,[],stop
1a,operative cholangiography,수술담관조영술,수술쓸개관조영(술),오답,-,,2,[],stop
1a,operative ultrasound,수술중초음파,수술중초음파검사,오답,-,,2,[],stop
1a,ophthalmologic surgical procedures,안과수술,안과 수술방법,오답,-,,3,[],stop
1a,ophthalmophacometer,안수정체계측기,수정체굴절력측정계,오답,-,,1,[],stop
1a,opium plaster,아편 고약,아편고약,정답(대표),nospace,,2,[],stop
1a,opsin,옵신,옵신,정답(대표),exact,,1,[],stop
1a,organic writer's cramp,기질성 서경련,기질성 서경,오답,-,G25.8,3,[],stop
1a,organoid tumor,기관양종양,장기모양종양,오답,-,,2,[],stop
1a,orofaciodigital syndrome,구안지증후군,구안지 증후군,정답(대표),nospace,Q87.0,2,[],stop
1a,orthognathic surgery,악교정수술,악교정수술,정답(대표),exact,,2,[],stop
1a,ossidesmosis,골유착증,힘줄뼈되기,오답,-,,1,[],stop
1a,osteoarthritis,골관절염,뼈관절염,정답(동의어),exact,,1,[],stop
1a,osteochondroma,골연골종,뼈연골종,정답(동의어),exact,,1,[],stop
1a,outbreed,이종교배,무작위교배계,오답,-,,1,[],stop
1a,ovarian cystectomy,난소낭종절제술,난소 낭종 적출술,정답(동의어),nospace,,2,[],stop
1a,overdetermined idea,과잉결정관념,과잉결정관념,정답(대표),exact,,2,[],stop
1a,oxidizing color,산화색소,산화염료,오답,-,,2,[],stop
1a,oxyhydrocephalus,급수두증,뾰족물머리증,오답,-,,1,[],stop
1a,pa x-ray,후전방촬영,치근단 방사선촬영,오답,-,,2,[],stop
1a,pachyonychia congenita,선천성조갑비후증,선천손발톱비대증,오답,-,,2,[],stop
1a,pallister-killian syndrome,팔리스터-킬리안증후군,팰리스터-킬리언 증후군,정답(동의어),nospace,Q99.8,2,[],stop
1a,palpating,촉진,촉진하기,오답,-,,1,[],stop
1a,papilloma of cerviv,자궁경부유두종,자궁경부의 유두종,오답,-,D26.0,3,[],stop
1a,paraduodenal fold,십이지장주변주름,샘창자옆주름,오답,-,,2,[],stop
1a,paraffinoma,파라핀종,파라핀종,정답(대표),exact,T88.8,1,[],stop
1a,paraganglion,부신경절,곁신경절,정답(동의어),exact,,1,[],stop
1a,paramyxoviridae infection,파라믹소바이러스과감염,파라믹소바이러스 감염,오답,-,B33.8,2,[],stop
1a,paraphilia,성도착증,성도착(증),오답,-,,1,[],stop
1a,paraspasm,부위성연축,대칭성연축,오답,-,,1,[],stop
1a,parasympathetic nervous system,부교감신경계,부교감신경계통,정답(동의어),exact,,3,[],stop
1a,parathyroid tetany,상피샘성강직,부갑상선테타니,오답,-,E20.9,2,[],stop
1a,parovarian cystoma,난관관주위낭종,난소위체낭,오답,-,Q50.4,2,[],stop
1a,parrot fever,앵무병,앵무새열,오답,-,A70,2,[],stop
1a,patent medicine,특허의약품,특허약,오답,-,,2,[],stop
1a,penicillar arteriole,세동맥,붓털세동맥,오답,-,,2,[],stop
1a,peptonization,펩톤화,펩톤화,정답(대표),exact,,1,[],stop
1a,perfluorocarbon,과불화탄소,과불화탄소,정답(대표),exact,,1,[],stop
1a,perform diversional care,전환요법수행,전환간호 수행,오답,-,,3,[],stop
1a,perform infection control,감염관리수행,감염통제 수행,오답,-,,3,[],stop
1a,perianal haematoma,항문주위혈종,항문주위혈종,정답(대표),exact,K64.5,2,[],stop
1a,periarthritis of wrist,손목주위염,손목의 관절주위염,오답,-,M77.2,3,[],stop
1a,pericanalicular,세관주위,소관주위-,오답,-,,1,[],stop
1a,periodic rhinitis,주기성비염,주기코염,오답,-,,2,[],stop
1a,periostitis,골막염,뼈막염,정답(동의어),exact,,1,[],stop
1a,peritomy,결막원개,윤부결막절개(술),오답,-,,1,[],stop
1a,peritoneal cavity,복막강,배막안,오답,-,,2,[],stop
1a,peritoneocentesis,복막천자,복막천자,정답(대표),exact,,1,[],stop
1a,perseveration,지속증,고집증,오답,-,,1,[],stop
1a,personal identity disturbance,개인정체성장애,자아정체성장애,오답,-,,3,[],stop
1a,petrooccipital fissure,바위후두열,바위뒤통수틈새,오답,-,,2,[],stop
1a,pharyngoparalysis,인두마비,인두마비,정답(대표),exact,,1,[],stop
1a,pharynx,인두,인두,정답(대표),exact,,1,[],stop
1a,phlebitis and thrombophlebitis,정맥염및혈전성정맥염,정맥염 및 혈전정맥염,오답,-,I80,3,[],stop
1a,phlebography,정맥조영술,정맥조영(술),오답,-,,1,[],stop
1a,phosphene,광시증,섬광시,오답,-,,1,[],stop
1a,phospholipidemia,인지질혈증,인지질혈증,정답(대표),exact,,1,[],stop
1a,photogene,광유전자,잔상,오답,-,,1,[],stop
1a,physically handicapped,신체장애,거동불편자,오답,-,,2,[],stop
1a,physics depth sensitivity,물리적깊이감도,물리적깊이민감도,오답,-,,3,[],stop
1a,picture frustration test,그림좌절검사,그림좌절검사,정답(대표),exact,,3,[],stop
1a,pilar cyst,모낭종,모낭,오답,-,L72.1,2,[],stop
1a,pilomatrixoma,모기질종,털바탕질종,정답(동의어),exact,D23.9,1,[],stop
1a,pit carries,와동성충치,오목부분 우식,오답,-,K02.8,2,[],stop
1a,plain radiograph,단순방사선사진,단순방사선사진,정답(대표),exact,,2,[],stop
1a,plantar flexion,저측 굴곡,발바닥쪽 굽힘,오답,-,,2,[],stop
1a,plasmablastic lymphoma,형질아세포성 림프종,형질모세포성 림프종,오답,-,C83.3,2,[],stop
1a,plate,판,평판,정답(동의어),exact,,1,[],stop
1a,platelet,혈소판,혈소판,정답(대표),exact,,1,[],stop
1a,plating method,금속판 고정술,평판배양법,오답,-,,2,[],stop
1a,platymorphia,편폡형,편평안구,오답,-,,1,[],stop
1a,pleurothecal anastomosis,늑막질막 문합술,가슴막-척수막 연결,오답,-,,2,[],stop
1a,pneumonia in ornithosis,앵무병 폐렴,비둘기병에서의 폐렴,오답,-,J17.8,3,[],stop
1a,podiatrist,족부전문의,발전문가,오답,-,,1,[],stop
1a,polychromatophilic erythrocyte,다염성 적혈구,다염적혈구,오답,-,,2,[],stop
1a,polygraph,다핵기,다원기록기,오답,-,,1,[],stop
1a,polymerism,중합현상,분절과다증,오답,-,,1,[],stop
1a,polymyalgia rheumatica,류마티성 다발근통,류마티스성 다발근통,오답,-,M35.3,2,[],stop
1a,polyneuralgia,다발신경통,다발신경통,정답(대표),exact,,1,[],stop
1a,poor sucking reflex,빨기 반사 저하,빨기 반사 어려움,오답,-,,3,[],stop
1a,positioned flap,위치 피판,판막이동수술,오답,-,,2,[],stop
1a,post-term,과숙,만삭후,오답,-,,1,[],stop
1a,post-traumatic polyarthrosis,외상 후 다발관절증,외상후 다발관절증,정답(대표),nospace,M15.3,2,[],stop
1a,posterior cordectomy,후방 성대절제술,뒷쪽 성대 절제,오답,-,,2,[],stop
1a,posterior thoracic fusion,후방 흉추 유합술,뒷쪽 가슴척추 유합,오답,-,,3,[],stop
1a,postmenopausal bleeding,폐경 후 출혈,폐경기후 출혈,오답,-,N95.0,2,[],stop
1a,postoperative nasopharynx cancer,수술 후 비인두암,"비인두암, 수술후 상태",오답,-,C11.9,3,[],stop
1a,postpartum afibrinogenemia,산후 무섬유소원혈증,분만후 무피브리노젠혈증,오답,-,O72.3,2,[],stop
1a,postprocedural hypothyroidism,시술 후 갑상선기능저하증,처치후 갑상선기능저하증,오답,-,E89.0,2,[],stop
1a,postprocedural subglottic stenosis,시술 후 성문하 협착,처치후 성문하협착,오답,-,J95.5,3,[],stop
1a,posttransplant lymphoproliferative disease,이식 후 림프증식성 질환,이식후림프세포증식병,오답,-,,3,[],stop
1a,potential doubling time,잠재 배가시간,잠재배가시간,정답(대표),nospace,,3,[],stop
1a,prandial,식후의,식사-,오답,-,,1,[],stop
1a,precipitate labor,급속 분만,급속 분만,정답(대표),exact,O62.3,2,[],stop
1a,preexcitation ecg,예흥분 심전도,조기흥분,오답,-,R93.1,2,[],stop
1a,preleukaemia (syndrome),전백혈병 (증후군),전백혈병(증후군),정답(대표),nospace,D46.9,2,['bad_chars'],stop
1a,premenopause,폐경 전기,폐경전,오답,-,,1,[],stop
1a,presbyophrenia,노인성 치매,노년치매,오답,-,,1,[],stop
1a,prescription group,처방군,처방묶음,오답,-,,2,[],stop
1a,presence of mei,감수분열 존재,인공중이삽입물의 존재,오답,-,Z96.28,3,[],stop
1a,pressure suit,가압복,가압복,정답(대표),exact,,2,[],stop
1a,primary amnion,일차 양막,원시양막,오답,-,,2,[],stop
1a,primary mover,원동근,주작용근,오답,-,,2,[],stop
1a,primary syphilis,1기 매독,1기매독,정답(대표),nospace,,2,[],stop
1a,primitive neuroectodermal tumor,원시 신경외배엽 종양,원시신경외배엽종양,정답(대표),nospace,C71.9,3,[],stop
1a,proacrosomal granule,전첨체 과립,풋첨단체과립,오답,-,,2,[],stop
1a,proenzyme,효소전구체,풋효소,정답(동의어),exact,,1,[],stop
1a,progressive hemifacial atrophy,진행성 반측 안면 위축증,진행성 반쪽얼굴 위축,오답,-,G51.8,3,[],stop
1a,prolinase,프롤리나아제,프롤린효소,오답,-,,1,[],stop
1a,prolonged latent phase,지연 잠복기,지연된 잠복기,오답,-,O63.9,3,[],stop
1a,prootic,이골의,귀앞-,오답,-,,1,[],stop
1a,prostate mri,전립선 자기공명영상,기본자기공명영상진단-복부-전립선-일반,오답,-,,2,[],stop
1a,prostatodynia,전립선통,전립샘통증,오답,-,N42.8,1,[],stop
1a,protein-losing enteropathy,단백질 소실 장병증,단백질소실장병(증),오답,-,,2,[],stop
1a,protrusive position,전방위치,전방위,오답,-,,2,[],stop
1a,pseudoepicanthus,,거짓눈구석주름,형식실패,-,,1,['missing_row'],stop
1a,pseudomonas aeruginosa,녹농균,녹농균,정답(대표),exact,,2,[],stop
1a,pseudoptosis,가성안검하수,거짓눈꺼풀처짐,정답(동의어),exact,H02.48,1,[],stop
1a,psoas shadow,장요근음영,허리근음영,오답,-,,2,[],stop
1a,psoriatic spondylitis,건선성척추염,건선척추염,오답,-,M07.2,2,[],stop
1a,psychologist - rehabilitation,재활심리학자,심리학자-재활,오답,-,,3,[],stop
1a,psychosocial development,심리사회적발달,정신사회발달,오답,-,,2,[],stop
1a,pubocapsular,치골관절낭의,두덩관절피막-,오답,-,,1,[],stop
1a,puboprostatic,치골전립샘의,두덩전립샘-,오답,-,,1,[],stop
1a,puborectalis muscle,치골직장근,두덩곧창자근,정답(동의어),exact,,2,[],stop
1a,pubovaginal,치골질의,두덩질-,오답,-,,1,[],stop
1a,puerility,소아기,소아기,정답(대표),exact,,1,[],stop
1a,puerperium,산욕기,산후기,오답,-,,1,[],stop
1a,pulex,벼룩,벼룩(속),오답,-,,1,[],stop
1a,pulmonary atelectasis,폐무기폐,무기폐,오답,-,J98.10,2,[],stop
1a,punctal ectropion,누점외반,눈물점겉말림,정답(동의어),exact,H02.18,2,[],stop
1a,pungji,분지,풍지(風池),오답,-,,1,[],stop
1a,pupillary seclusion,동공폐쇄,동공차단,오답,-,H21.4,2,[],stop
1a,purpura annularis telangiectodes,모세혈관확장성윤상자반병,고리모세혈관확장자색반,오답,-,,3,[],stop
1a,pyelic,신우의,콩팥깔때기-,오답,-,,1,[],stop
1a,pyrexia during labour,분만중발열,출산중 발열,오답,-,O75.2,3,[],stop
1a,pyroglyphidae,진드기과,집먼지진드기(과),오답,-,,1,[],stop
1a,qrs widened,QRS확대,큐알에스(QRS) 넓힘,오답,-,,2,['bad_chars'],stop
1a,radiodermatitis,방사선피부염,방사선피부염,정답(대표),exact,L58,1,[],stop
1a,radiodigital,방사선수지염,노손가락-,오답,-,,1,[],stop
1a,radioimmunoelectrophoresis,방사면역전기영동법,방사면역전기이동(법),오답,-,,1,[],stop
1a,radionuclide angiocardiography,방사성핵종혈관심장조영술,방사성핵종심(장)혈관조영(술),오답,-,,2,[],stop
1a,radiostrontium,방사성스트론튬,방사성스트론튬,정답(대표),exact,,1,[],stop
1a,ramicotomy,가지신경절제술,신경분지절단(술),오답,-,,1,[],stop
1a,ramus of pubis,치골가지,두덩뼈가지,오답,-,,3,[],stop
1a,rash purpuric,자반성발진,자색반 발진,오답,-,,2,[],stop
1a,reactive,반응성,반응성-,정답(동의어),exact,,1,[],stop
1a,recession operation,후퇴술,뒤옮김술,오답,-,,2,[],stop
1a,reciprocal shaker,상호진탕기,왕복진탕기,오답,-,,2,[],stop
1a,reconstruction of thumb,엄지재건술,엄지 손가락 재건,오답,-,,3,[],stop
1a,rectal,직장의,곧창자-,오답,-,,1,[],stop
1a,recurrent thyroid ca,재발성갑상샘암,재발성 갑상선암,오답,-,C73,3,[],stop
1a,reducing artifact,환원인공물,감소인공물,오답,-,,2,[],stop
1a,refractive accomodative esotropia,굴절조절성내사시,굴절조절 내사시,오답,-,H50.0,3,[],stop
1a,relative scotoma,상대암점,상대암점,정답(대표),exact,,2,[],stop
1a,removal of restoration,수복물제거,기존 보철물 제거,오답,-,,3,[],stop
1a,resecting fracture,절제골절,깍임골절,정답(동의어),exact,,2,[],stop
1a,retaining harness,유지하네스,장치유지,오답,-,,2,[],stop
1a,retention of urine,요저류,소변정체,정답(동의어),exact,R33,3,[],stop
1a,retroactive inhibition,역행억제,역행기억억제,오답,-,,2,[],stop
1a,retrocedent gout,후퇴성통풍,내공성통풍,오답,-,,2,[],stop
1a,retrognathism,하악후퇴증,하악후퇴,오답,-,,1,[],stop
1a,retrograde impulse,역행충격,역방향흥분,오답,-,,2,[],stop
1a,retrouterine hematocele,자궁후혈종,자궁뒤혈액낭종,오답,-,,2,[],stop
1a,revaccination,재접종,재접종,정답(대표),exact,,1,[],stop
1a,reverberating circuit,반향회로,반향회로,정답(대표),exact,,2,[],stop
1a,reverse mutation,역돌연변이,역돌연변이,정답(대표),exact,,2,[],stop
1a,revision septoplasty,비중격교정술,교정 사이막성형술,오답,-,,2,[],stop
1a,rhabdomyomyxoma,횡문근점액종,횡문근점액종,정답(대표),exact,,1,[],stop
1a,rheumatoid vasculitis,류마티스혈관염,류마티스혈관염,정답(대표),exact,M05.2,2,[],stop
1a,rhinoantritis,비동염,코굴염,정답(동의어),exact,,1,[],stop
1a,ricinism,리신중독,리신증,오답,-,,1,[],stop
1a,rickets of prematurity,미숙아구루병,미숙아의 구루병,오답,-,E55.0,3,[],stop
1a,rodent ulcer,침식성궤양,잠식궤양,오답,-,,2,[],stop
1a,rodenticide,설치류구제제,살서제,오답,-,,1,[],stop
1a,rolling disease,구름병,회전병,오답,-,,2,[],stop
1a,root pain,근통,신경뿌리통증,오답,-,,2,[],stop
1a,root resection,근단절제술,치근 절제술,오답,-,,2,[],stop
1a,rosacea,주사,주사,정답(대표),exact,L71,1,[],stop
1a,rotalix tube,로탈릭스관,회전양극관,오답,-,,2,[],stop
1a,rotational irradiation coach,회전방사선조사코치,회전방사선치료대,오답,-,,3,[],stop
1a,rothmund thomson syndrome,로트문트-톰슨증후군,로트문드 톰슨 증후군,오답,-,Q82.8,3,[],stop
1a,running nose,비루,코감기,오답,-,,2,[],stop
1a,sacrococcygeal,천미골,엉치꼬리-,오답,-,,1,[],stop
1a,salbutamol,살부타몰,살부타몰,정답(대표),exact,,1,[],stop
1a,salicylamide,살리실아미드,살리실아마이드,오답,-,,1,[],stop
1a,saliva viscosity test,타액점도검사,타액 점조도 검사,오답,-,,3,[],stop
1a,salpingography and plasty,난관조영술 및 성형술,난관조영촬영 및 개통술,오답,-,,3,[],stop
1a,sao paulo fever,상파울루열,상파울로열,오답,-,A77.0,3,[],stop
1a,saphenous neuropathy,복재신경병증,복재신경병증,정답(대표),exact,G57.8,2,[],stop
1a,sarcoma of lung,폐육종,폐 육종,정답(대표),nospace,C34.99,3,[],stop
1a,schistasis,갈라짐,갈림증,오답,-,,1,[],stop
1a,schistocephalus,두분할,머리갈림태아,오답,-,,1,[],stop
1a,school childhood,학동기,학령기,오답,-,,2,[],stop
1a,scintillating hemianopia,섬광반맹,섬광반맹,정답(대표),exact,,2,[],stop
1a,scleral necrosis/melt,공막괴사/용해,공막 괴사/ 융해,오답,-,,2,[],stop
1a,sclerosing retroperitonitis,경화성후복막염,경화뒤배막염,오답,-,,2,[],stop
1a,scorbutic ulcer,괴혈병성궤양,괴혈병궤양,오답,-,,2,[],stop
1a,secretory cyst,분비성낭종,분비체류성낭,오답,-,,2,[],stop
1a,self-care deficit,자가간호결핍,자가간호결핍,정답(대표),exact,,2,[],stop
1a,semiadjustable articulator,반조절성교합기,반적응교합기,오답,-,,2,[],stop
1a,semidirected lead,반직접도선,반직접유도,오답,-,,2,[],stop
1a,senile(atrophic) vaginitis,노인성(위축성)질염,노년(위축) 질염,오답,-,N95.2,2,['bad_chars'],stop
1a,septal angle,비중격각,코중격각,정답(동의어),exact,,2,[],stop
1a,sequestrectomy of skull,두개골사골절제술,머리뼈 부골 절제,오답,-,,3,[],stop
1a,sex cord-stromal tumor,성삭-기질종양,성끈기질종양,오답,-,,3,[],stop
1a,sheathed artery,초동맥,집형성동맥,오답,-,,2,[],stop
1a,shifting reaction,이동반응,편위반응,오답,-,,2,[],stop
1a,sialodochoplasty,타액관성형술,침샘관성형(술),오답,-,,1,[],stop
1a,sideroblastic anaemia,철아구성빈혈,철적혈모구빈혈,오답,-,D64.0-D64.3,2,[],stop
1a,sign,징후,징후,정답(대표),exact,,1,[],stop
1a,simple dressing,단순드레싱,단순 처치,오답,-,,2,[],stop
1a,single outlet heart,단일유출로심,단일유출로심장,오답,-,,3,[],stop
1a,single-step growth curve,1단계성장곡선,일회증식곡선,오답,-,,3,[],stop
1a,sirenomelia syndrome,인어증후군,인어다리 증후군,오답,-,Q87.2,2,[],stop
1a,skull view,두개골 촬영,두부촬영,오답,-,,2,[],stop
1a,small-and light-for-dates,소(태)아경산아,과소 및 과소체중아,오답,-,P05.1,2,['bad_chars'],stop
1a,smith's fracture,스미스 골절,스미드골절,정답(동의어),exact,S52.53,2,[],stop
1a,solenopsis invicta,붉은불개미,불개미,오답,-,,2,[],stop
1a,soryo,소료,소료(素髎),오답,-,,1,[],stop
1a,source qi,원기,원기,정답(대표),exact,,2,[],stop
1a,sp crown setting,SP 크라운 세팅,스테인레스금관 합착,오답,-,,3,['bad_chars'],stop
1a,speech loss,실어,언어 손실,오답,-,,2,[],stop
1a,spinal injuries,척추 손상,척수 손상,오답,-,,2,[],stop
1a,spireme,사상체,분산사구,오답,-,,1,[],stop
1a,spleen qi deficiency,비기허,비기허,정답(대표),exact,U68.0,3,[],stop
1a,splenectomy,비장적출술,비장절제,오답,-,,1,[],stop
1a,spondylopathy,척추병,척추병(증),오답,-,M45-M49,1,[],stop
1a,spot retinoscope,점상 검영기,점상망막검영기,오답,-,,2,[],stop
1a,square root sign,제곱근 기호,제곱근모양징후,오답,-,,3,[],stop
1a,stage of life,생애 단계,생명단계,오답,-,,3,[],stop
1a,standardized rate ratio,표준화율비,표준화비율비,오답,-,,3,[],stop
1a,staphylococcus epidermidis,표피포도구균,표피포도알균,정답(동의어),exact,,2,[],stop
1a,status thymicus,흉선 상태,가슴샘체질,오답,-,,2,[],stop
1a,steatocystoma,지방낭종,피지낭종,오답,-,,1,[],stop
1a,stenopeic,핀홀,가는틈-,오답,-,,1,[],stop
1a,stenoxenous parasite,협숙주성 기생충,협숙주기생충,오답,-,,2,[],stop
1a,stomatomy,구강 절개술,자궁구절개(술),오답,-,,1,[],stop
1a,stratified randomization,층화 무작위 배정,층별무작위배정(법),오답,-,,2,[],stop
1a,stump hallucination,단지 환각,절단끝환각,오답,-,,2,[],stop
1a,subadventitial fibroplasia,외막하 섬유형성,외막밑섬유증식,오답,-,,2,[],stop
1a,subpapillary arterial network,유두하 동맥망,유두밑동맥그물,정답(동의어),nospace,,3,[],stop
1a,subretinal,망막하,망막밑-,오답,-,,1,[],stop
1a,subspinous,극하,가시돌기밑-,오답,-,,1,[],stop
1a,substantia nigra,흑질,흑(색)질,오답,-,,2,[],stop
1a,sucking disc,흡반,흉반,정답(동의어),exact,,2,[],stop
1a,suggillation,반상출혈,광범피부밑출혈,오답,-,,1,[],stop
1a,superexcitation,과흥분,과도흥분,오답,-,,1,[],stop
1a,supernumeric impacted tooth,과잉 매복치,과잉매복치,정답(대표),nospace,K01.18,3,[],stop
1a,supporting spiritual rituals,영적 의식 지원,영적의식 지지하기,오답,-,,3,[],stop
1a,supraclavicular approach,쇄골상 접근법,빗장위접근법,정답(동의어),nospace,,2,[],stop
1a,supraduodenal artery,십이지장상 동맥,샘창자위동맥,정답(동의어),nospace,,2,[],stop
1a,suprameatal foveola,상이와와,바깥귀길위오목,오답,-,,2,[],stop
1a,suprapubic prostatectomy,치골상 전립선적출술,두덩뼈 위쪽 경유 전립샘 절제,오답,-,,2,[],stop
1a,supraspinous,극상,가시끝-,오답,-,,1,[],stop
1a,supratentorial neoplasms,천막상 종양,천막위 신생물,오답,-,,2,[],stop
1a,surgical staging,수술적 병기 결정,외과적시기결정,오답,-,,2,[],stop
1a,suture thread,봉합사,봉합사,정답(대표),exact,,2,[],stop
1a,suturing of wound,창상 봉합,창상봉합술,오답,-,,3,[],stop
1a,synclonus,연속성 간대,동조근간대,오답,-,,1,[],stop
1a,syncytial,융합세포성,합포체-,오답,-,,1,[],stop
1a,syphilogen,매독원,매독원,정답(대표),exact,,1,[],stop
1a,t-colectomy,T-결장적출술,횡행결장절제술,오답,-,,1,['bad_chars'],stop
1a,taenia solium,유구조충,유구조충,정답(대표),exact,,2,[],stop
1a,talipes calcaneus,족근변형내반족,발끝들린휜발증,오답,-,,2,[],stop
1a,tangential section,접선단면,비스듬절단,오답,-,,2,[],stop
1a,teach personal care,개인위생교육,개인간호 교육,오답,-,,3,[],stop
1a,teat,유두,젖꼭지,정답(동의어),exact,,1,[],stop
1a,technetium uptake test,테크네튬 섭취검사,Tc섭취율,오답,-,,3,[],stop
1a,tense,긴장된,긴장-,오답,-,,1,[],stop
1a,tetrastichiasis,사열모증,네줄속눈썹(증),오답,-,,1,[],stop
1a,third ventricle,제3뇌실,셋째뇌실,정답(동의어),exact,,2,[],stop
1a,third ventricle structure,제3뇌실구조,제3뇌구조,오답,-,,3,[],stop
1a,thoracalgia,흉통,흉통,정답(대표),exact,,1,[],stop
1a,throat pruritus,인두소양증,목구멍 가려움증,오답,-,,2,[],stop
1a,thymopoietin,티모포이에틴,티모포이에틴,정답(대표),exact,,1,[],stop
1a,thymus,흉선,가슴샘,정답(동의어),exact,,1,[],stop
1a,thyroid nodule,갑상선결절,갑상선소결절,오답,-,,2,[],stop
1a,thyroid notch,갑상선절흔,방패패임,오답,-,,2,[],stop
1a,thyroidea ima artery,최하갑상선동맥,맨아래갑상동맥,오답,-,,3,[],stop
1a,tibia vara,경골내반증,내반경골,오답,-,M92.5,2,[],stop
1a,tinea manuum,수부백선,손백선,오답,-,B35.2,2,[],stop
1a,tingling,따끔거림,저림,오답,-,,1,[],stop
1a,toilet,배변,세척,오답,-,,1,[],stop
1a,torr,토르,토르,정답(대표),exact,,1,[],stop
1a,total albinism,전신백반증,온백색증,오답,-,,2,[],stop
1a,total lipodystrophy,전신지방이영양증,전체 지방영양장애,오답,-,,2,[],stop
1a,toxic cardiopathy,독성심질환,독성심장병(증),오답,-,,2,[],stop
1a,tracheobronchial,기관기관지,기관기관지-,오답,-,,1,[],stop
1a,transcervical thymectomy,경경부흉선절제술,자궁목 경유 가슴샘 절제,오답,-,,2,[],stop
1a,transfusion tests,수혈검사,수혈혈액검사,오답,-,,2,[],stop
1a,transistor hearing aid,트랜지스터 보청기,트랜지스터보청기,정답(대표),nospace,,3,[],stop
1a,transluminal coronary atherectomy,경관내관상동맥죽상반제거술,내강경유 심장혈관 죽종절제,오답,-,,3,[],stop
1a,transurethral intravesical electrotherapy,경요도방광내전기요법,요도경유방광속전기요법,정답(동의어),exact,,3,[],stop
1a,traumatic sah,외상성지주막하출혈,외상성 지주막하출혈,정답(대표),nospace,S06.6,2,[],stop
1a,traveling clinic,이동진료소,이동진료소,정답(대표),exact,,2,[],stop
1a,triaging,분류,중증도 분류,오답,-,,1,[],stop
1a,tricephalus,두두기형아,세머리태아,오답,-,,1,[],stop
1a,trichroism,삼색성,삼색상,오답,-,,1,[],stop
1a,triketohydrindene hydrate test,닌히드린반응검사,닌히드린검사,오답,-,,3,[],stop
1a,triple test,삼중검사,삼중검사,정답(대표),exact,,2,[],stop
1a,trypanocidal,트리파노소충구충,파동편모충박멸-,오답,-,,1,[],stop
1a,tubal tonsil,관편도,귀인두관편도,오답,-,,2,[],stop
1a,tuberculosis of oesophagus,식도결핵,식도의 결핵,오답,-,A18.82,3,[],stop
1a,tubular maximum,세관최대치,요세관최대값,오답,-,,2,[],stop
1a,tubular reabsorption,세관재흡수,요세관재흡수,오답,-,,2,[],stop
1a,tufting enteropathy,융모변형장병증,터프팅장증,오답,-,P78.3,2,[],stop
1a,tumor-specific antigen,종양특이항원,종양특이항원,정답(대표),exact,,2,[],stop
1a,tuning curve,조율곡선,동조곡선,오답,-,,2,[],stop
1a,tuning fork,음차,소리굽쇠,정답(동의어),exact,,2,[],stop
1a,turbidometric technique,혼탁도측정법,혼탁도측정기법,오답,-,,2,[],stop
1a,tzanck smear test,잔크도말검사,장크도말검사,오답,-,,3,[],stop
1a,ulcerated external hemorrhoids,궤양성외치핵,궤양성 외치핵,정답(대표),nospace,K64.8,3,[],stop
1a,ulcerative gingivitis (chronic),궤양성치은염(만성),궤양성 치은염(잇몸염)(만성),오답,-,,3,['bad_chars'],stop
1a,ulcerlike nud,궤양유사비궤양성소화불량,궤양성 비궤양성 소화불량,오답,-,K30,2,[],stop
1a,ulceroglandular tularaemia,궤양선형 투라레미아,궤양림프절야생토끼병,오답,-,A21.0,2,[],stop
1a,uncoupling,탈결합,결합저지,오답,-,,1,[],stop
1a,uncovertebral,추체외측,갈고리돌기-,오답,-,,1,[],stop
1a,undercorrection,과소교정,부족교정,오답,-,,1,[],stop
1a,unequal limb length,하지길이부등,사지길이부동증,오답,-,,3,[],stop
1a,upper extremity,상지,위팔,정답(동의어),exact,,2,[],stop
1a,uremic convulsion,요독성 경련,요독경련,오답,-,,2,[],stop
1a,ureteropelvic junction,요관신우접합부,요관깔때기이음부,오답,-,,2,[],stop
1a,ureteroscopic,요관경의,요도경검사에 의한,오답,-,,1,[],stop
1a,urethrocutaneous fistula,요도피부루,요도피부샛길,정답(동의어),nospace,N36.0,2,[],stop
1a,urethroscopic surgery,요도경수술,요도경하 수술,오답,-,,2,[],stop
1a,urethrotomy,요도절개술,요도 절개,오답,-,,1,[],stop
1a,uropoiesis,뇨생성,요생산,오답,-,,1,[],stop
1a,uterine arteriography,자궁동맥조영술,복부및골반동맥조영-자궁동맥,오답,-,,2,[],stop
1a,uterine inversion,자궁내번증,자궁뒤집힘,정답(동의어),exact,,2,[],stop
1a,vaccination against staphylococcus,포도상구균백신접종,포도구균 예방접종,오답,-,,3,[],stop
1a,vaginal discharge,질분비물,대하,오답,-,N89.8,2,[],stop
1a,vaginography,질조영술,질조영(술),오답,-,,1,[],stop
1a,vague symptom,모호한 증상,분명치않는증상,오답,-,,2,[],stop
1a,varicose vein stripping,정맥류박리술,정맥류 제거,오답,-,,3,[],stop
1a,vasa previa,전치혈관,전치 맥관,오답,-,P02.6,2,[],stop
1a,vasectomy seekers,정관수술 희망자,정관절제술탐침,오답,-,,2,[],stop
1a,vegetant intravascular hemangioendothelioma,증식성 혈관내 혈관내피종,증식혈관내혈관내피종,오답,-,,3,[],stop
1a,ventricular asynergy,심실비동조,심실협동불능(증),오답,-,,2,[],stop
1a,ventriculopleural anastomosis,뇌실흉막문합술,뇌실가슴막 연결,오답,-,,2,[],stop
1a,venule,세정맥,세정맥,정답(대표),exact,,1,[],stop
1a,vertebro-basilar artery syndrome,추골기저동맥증후군,척추-뇌기저동맥증후군,오답,-,G45.0,3,[],stop
1a,vesicorectal fistula,방광직장루,방광직장루,정답(대표),exact,N32.1,2,[],stop
1a,vetebra,척추골,척추,오답,-,,1,[],stop
1a,vibratory auscultation,진동청진,진동청진,정답(대표),exact,,2,[],stop
1a,vibriocide,비브리오균살균,비브리오살균제,오답,-,,1,[],stop
1a,video laryngoscopy,비디오 후두경검사,비디오후두경검사(법),오답,-,,2,[],stop
1a,video-urodynamic study,비디오요동역학검사,영상요역동학검사,오답,-,,2,[],stop
1a,videolaseroscopy,비디오레이저복강경검사,비디오레이저검사,오답,-,,1,[],stop
1a,virgin population,미감염군,무노출인구,오답,-,,2,[],stop
1a,volume elasticity coefficient,용적탄성계수,용적탄력률,오답,-,,3,[],stop
1a,voluntomotory,수의운동의,수의운동-,정답(동의어),josa,,1,[],stop
1a,von hippel-lindau disease,폰히펠린다우병,폰히펠-린다우병,오답,-,,3,[],stop
1a,vulvovaginal,외음질의,음문질-,오답,-,,1,[],stop
1a,water bath,수욕,욕조,오답,-,,2,[],stop
1a,waveform,파형,파형,정답(대표),exact,,1,[],stop
1a,window defect,창결손,창문비침,오답,-,,2,[],stop
1a,working length distance,작업길이거리,근관장측정검사,오답,-,,3,[],stop
1a,worm-eaten soles,충식족,벌레먹은 발바닥,오답,-,A66.3,2,[],stop
1a,wrist joint,손목관절,요골수근관절,오답,-,,2,[],stop
1a,wry neck,사경,기운목,정답(동의어),exact,M43.6,2,[],stop
1a,x-ray illumination,엑스선조사,X선필름판독대,오답,-,,2,[],stop
1a,z-plasty,Z성형술,Z성형(술),오답,-,,1,['bad_chars'],stop
1a,zoe filling,산화아말감충전,치아진정처치,오답,-,,2,[],stop
1a,zosteriform lentiginous nevus,대상형태잔모반모반,띠모양흑(색)점모반,오답,-,,3,[],stop
1b,abdominal palpable mass,,복부 촉지성 종괴,형식실패,-,,3,['missing_row'],stop
1b,myotonic disorders,,근긴장장애,형식실패,-,G71.1,2,['missing_row'],stop
1b,curvature of spine,,척주굽이,형식실패,-,,3,['missing_row'],stop
1b,dementia in hypercalcaemia,,과칼슘혈증에서의 치매,형식실패,-,F02.8,3,['missing_row'],stop
1b,microlymphatic graft,,미세림프절이식,형식실패,-,,2,['missing_row'],stop
1b,tricephalus,,세머리태아,형식실패,-,,1,['missing_row'],stop
1b,neurodeatrophia,,망막위축,형식실패,-,,1,['missing_row'],stop
1b,reducing artifact,,감소인공물,형식실패,-,,2,['missing_row'],stop
1b,heteromorphism,,이형,형식실패,-,,1,['missing_row'],stop
1b,benign familial hematuria,,양성 가족성 혈뇨,형식실패,-,N02.9,3,['missing_row'],stop
1b,first responder,,일차반응자,형식실패,-,,2,['missing_row'],stop
1b,orthognathic surgery,,악교정수술,형식실패,-,,2,['missing_row'],stop
1b,multicystic renal dysplasia,,다낭성 신장의 형성이상,형식실패,-,Q61.4,3,['missing_row'],stop
1b,biopsy of cul-de-sac,,막힌주머니 생검,형식실패,-,,3,['missing_row'],stop
1b,mediastinotomy,,세로칸절개(술),형식실패,-,,1,['missing_row'],stop
1b,inappropriate self disclosure,,부적절한 자기 노출,형식실패,-,,3,['missing_row'],stop
1b,a/s capsulectomy,,관절경적 피막절제술,형식실패,-,,2,['missing_row'],stop
1b,calcification of bursa,,윤활낭(의) 석회화,형식실패,-,M71.4,3,['missing_row'],stop
1b,macular holes,,황반 원공,형식실패,-,,2,['missing_row'],stop
1b,conn adenoma,,콘 샘종,형식실패,-,,2,['missing_row'],stop
1b,posttransplant lymphoproliferative disease,,이식후림프세포증식병,형식실패,-,,3,['missing_row'],stop
1b,videolaseroscopy,,비디오레이저검사,형식실패,-,,1,['missing_row'],stop
1b,auriculopalpebral reflex,,이개안검반사,형식실패,-,,2,['missing_row'],stop
1b,high-tension pulse,,고긴장맥박,형식실패,-,,2,['missing_row'],stop
1b,dialysis adequacy,,투석충분도,형식실패,-,,2,['missing_row'],stop
1b,urethrotomy,,요도 절개,형식실패,-,,1,['missing_row'],stop
1b,classic abdominoplasty,,전형적 복부성형술,형식실패,-,,2,['missing_row'],stop
1b,hemeralopia,,주간맹,형식실패,-,H53.1,1,['missing_row'],stop
1b,teat,,젖꼭지,형식실패,-,,1,['missing_row'],stop
1b,cromolyn,,크로몰린,형식실패,-,,1,['missing_row'],stop
1b,polygraph,,다원기록기,형식실패,-,,1,['missing_row'],stop
1b,abrasion of flank,,옆구리 찰과상,형식실패,-,S30.8,3,['missing_row'],stop
1b,juvenile chronic iridocyclitis,,연소성 만성 홍채섬모체염,형식실패,-,H20.1,3,['missing_row'],stop
1b,intermenstruum,,월경간기,형식실패,-,,1,['missing_row'],stop
1b,heart rate variability,,심박변이도,형식실패,-,,3,['missing_row'],stop
1b,condensed chromatin,,농축염색질,형식실패,-,,2,['missing_row'],stop
1b,dense deposit disease,,고밀도침착병,형식실패,-,,3,['missing_row'],stop
1b,perform diversional care,,전환간호 수행,형식실패,-,,3,['missing_row'],stop
1b,supraclavicular approach,,빗장위접근법,형식실패,-,,2,['missing_row'],stop
1b,parathyroid tetany,,부갑상선테타니,형식실패,-,E20.9,2,['missing_row'],stop
1b,wry neck,,기운목,형식실패,-,M43.6,2,['missing_row'],stop
1b,immature proglottid,,미성숙편절,형식실패,-,,2,['missing_row'],stop
1b,tibia vara,,내반경골,형식실패,-,M92.5,2,['missing_row'],stop
1b,metathalamus,,시상후부,형식실패,-,,1,['missing_row'],stop
1b,cardiocele,,심장류,형식실패,-,,1,['missing_row'],stop
1b,nitrogen dioxide,,이산화질소,형식실패,-,,2,['missing_row'],stop
1b,intermittent explosive disorder,,간헐폭발병,형식실패,-,F63.8,3,['missing_row'],stop
1b,goitrogenic,,갑상샘종유발물질-,형식실패,-,,1,['missing_row'],stop
1b,ear drum,,고막,형식실패,-,,2,['missing_row'],stop
1b,opium plaster,,아편고약,형식실패,-,,2,['missing_row'],stop
1b,eosinophilic non-allergic rhinitis,호산구성 비알레르기성 비염,호산성 비알레르기성 비염,오답,-,,3,[],stop
1b,technetium uptake test,테크네튬 섭취 검사,Tc섭취율,오답,-,,3,[],stop
1b,clasp repair,클래스퍼 수리,클라스프 수리,오답,-,,2,[],stop
1b,ceruminous gland,이루선,귀지샘,오답,-,,2,[],stop
1b,cercosporomycosis,세르코스포라증,세르코스포라진균증,오답,-,,1,[],stop
1b,fasciola hepatica,간흡충,간질,오답,-,,2,[],stop
1b,nonvascularized bone graft,비혈관화 골이식,비혈관뼈이식,오답,-,,3,[],stop
1b,ulcerated external hemorrhoids,궤양성 외치핵,궤양성 외치핵,정답(대표),exact,K64.8,3,[],stop
1b,school childhood,학령기,학령기,정답(대표),exact,,2,[],stop
1b,third ventricle,제3뇌실,셋째뇌실,정답(동의어),exact,,2,[],stop
1b,associated disorder,연관 질환,수반장애,오답,-,,2,[],stop
1b,puboprostatic,치골전립샘-,두덩전립샘-,오답,-,,1,[],stop
1b,stenoxenous parasite,협숙주 기생충,협숙주기생충,정답(대표),nospace,,2,[],stop
1b,capillaria hepatica,간모충,간모세선충,오답,-,,2,[],stop
1b,deceleration,감속,감속,정답(대표),exact,,1,[],stop
1b,osteochondroma,골연골종,뼈연골종,정답(동의어),exact,,1,[],stop
1b,mr mapping,자기공명영상 매핑,자기공명지도화,오답,-,,2,[],stop
1b,bilharzial dysentery,주혈흡충성 이질,방광주혈흡충이질,오답,-,,2,[],stop
1b,bovine granulomatous mastitis,소 육아종성 유선염,소육아종 유방염,오답,-,,3,[],stop
1b,iridocyclitis in tuberculosis,결핵성 홍채모양체염,결핵에서의 홍채섬모체염,오답,-,A18.5,3,[],stop
1b,smith's fracture,스미스 골절,스미드골절,정답(동의어),exact,S52.53,2,[],stop
1b,sucking disc,흡반,흉반,정답(동의어),exact,,2,[],stop
1b,subretinal,망막하,망막밑-,오답,-,,1,[],stop
1b,neoadjuvant chemotherapy,선행화학요법,신보강화학요법,오답,-,,2,[],stop
1b,autoeroticism,자기애증,자기성애,오답,-,,1,[],stop
1b,dysostosis multiplex group,골발육부전증 군,다발 집단 뼈발생이상,오답,-,,3,[],stop
1b,laryngotracheal stenosis,후두기관 협착,후두기관협착(증),오답,-,J39.8,2,[],stop
1b,wrist joint,손목관절,요골수근관절,오답,-,,2,[],stop
1b,single-step growth curve,1단계 성장 곡선,일회증식곡선,오답,-,,3,[],stop
1b,assessing grief,애도 평가,슬픔 사정하기,오답,-,,2,[],stop
1b,retrognathism,하악 후퇴증,하악후퇴,오답,-,,1,[],stop
1b,endosome,엔도솜,엔도솜,정답(대표),exact,,1,[],stop
1b,apoplectic coma,발작성 혼수,중풍혼수,오답,-,,2,[],stop
1b,working length distance,근관작업길이,근관장측정검사,오답,-,,3,[],stop
1b,high-grade lymphoma,고등급 림프종,심한 림프종,정답(동의어),exact,C85.9,2,[],stop
1b,psychosocial development,심리사회적 발달,정신사회발달,오답,-,,2,[],stop
1b,centrolecithal,중심 난황,중심난황-,오답,-,,1,[],stop
1b,masticatory dysfunction,저작 기능 장애,씹기 기능장애,오답,-,,2,[],stop
1b,dry arthritis,건성 관절염,건성관절염,정답(대표),nospace,,2,[],stop
1b,defective interfering particle,결함 간섭 입자,결손간섭입자,오답,-,,3,[],stop
1b,microincision,미세 절개,미세절개,정답(대표),nospace,,1,[],stop
1b,intestinal polypectomy,장 용종 절제술,장 폴립 절제,오답,-,,2,[],stop
1b,major calyx,대신우,큰콩팥잔,오답,-,,2,[],stop
1b,myelodysplastic syndromes,골수이형성증후군,골수형성이상증후군,오답,-,D46,2,[],stop
1b,puerperium,산욕기,산후기,오답,-,,1,[],stop
1b,postprocedural subglottic stenosis,시술 후 성문하 협착,처치후 성문하협착,오답,-,J95.5,3,[],stop
1b,immunoglobulin class,면역글로불린 클래스,면역글로불린계,오답,-,,2,[],stop
1b,eye swelling,안부 종착,안구 부기,오답,-,,2,[],stop
1b,parasympathetic nervous system,부교감신경계,부교감신경계통,정답(동의어),exact,,3,[],stop
1b,dilation of rectum,직장 확장,곧창자 확장,정답(동의어),exact,,3,[],stop
1b,agenesis of lung,폐 무형성증,폐의 무발생,오답,-,Q33.3,3,[],stop
1b,fluoridation,불소화,불소화,정답(대표),exact,,1,[],stop
1b,outbreed,이종 교배,무작위교배계,오답,-,,1,[],stop
1b,cryptococcal meningocerebritis,크립토코커스 뇌막뇌염,크립토콕쿠스수막대뇌염,오답,-,B45.1,2,[],stop
1b,interferential action,간섭 작용,간섭작용,정답(대표),nospace,,2,[],stop
1b,epididymal duct,부고환관,부고환관,정답(대표),exact,,2,[],stop
1b,triple test,트리플 검사,삼중검사,오답,-,,2,[],stop
1b,intrahepatic,간내,간내-,오답,-,,1,[],stop
1b,old tuberculin,구결핵균소,재래식투베르쿨린,오답,-,,2,[],stop
1b,cecocentral scotoma,맹막중심 암점,주시점맹점암점,오답,-,,2,[],stop
1b,cyst of prostate,전립선 낭종,전립샘 낭,오답,-,N42.8,3,[],stop
1b,semiadjustable articulator,반조절성 교합기,반적응교합기,오답,-,,2,[],stop
1b,phlebitis and thrombophlebitis,정맥염 및 혈전성 정맥염,정맥염 및 혈전정맥염,오답,-,I80,3,[],stop
1b,steatocystoma,지방낭종,피지낭종,오답,-,,1,[],stop
1b,shifting reaction,전이 반응,편위반응,오답,-,,2,[],stop
1b,uterine arteriography,자궁 동맥 조영술,복부및골반동맥조영-자궁동맥,오답,-,,2,[],stop
1b,salpingography and plasty,난관 조영술 및 성형술,난관조영촬영 및 개통술,오답,-,,3,[],stop
1b,antimicrobial eye drop,항균성 안약,항균안약,오답,-,,3,[],stop
1b,nonalcoholic steaohepatitis,비알코올성 지방간염,비알코올성 지방간염,정답(대표),exact,K75.8,2,[],stop
1b,primary syphilis,1기 매독,1기매독,정답(대표),nospace,,2,[],stop
1b,precipitate labor,급산,급속 분만,오답,-,O62.3,2,[],stop
1b,physics depth sensitivity,물리적 깊이 민감도,물리적깊이민감도,정답(대표),nospace,,3,[],stop
1b,hay asthma,화분성 천식,건초천식,오답,-,,2,[],stop
1b,egg yolk medium,난황 배지,달걀노른자배지,오답,-,,3,[],stop
1b,hemoglobin c,헤모글로빈 C,헤모글로빈C,정답(대표),nospace,,2,['bad_chars'],stop
1b,hereditary amyloid nephropathy,유전성 아밀로이드 신병증,유전성 아밀로이드 신장병증,오답,-,E85.0,3,[],stop
1b,rheumatoid vasculitis,류마티스 혈관염,류마티스혈관염,정답(대표),nospace,M05.2,2,[],stop
1b,developmental retardation child,발달 지연 아동,발달 부진아,오답,-,,3,[],stop
1b,rickets of prematurity,미숙아 구루병,미숙아의 구루병,오답,-,E55.0,3,[],stop
1b,allergenic serum,알레르겐 혈청,알레르기혈청,오답,-,,2,[],stop
1b,perfluorocarbon,퍼플루오로카본,과불화탄소,오답,-,,1,[],stop
1b,extracoronal,관외,치관외-,오답,-,,1,[],stop
1b,koop's modified pylomyotomy,쿱 변형 유문근절개술,쿱의 수정 유문근층 절개,오답,-,,3,[],stop
1b,vibriocide,비브리오 살균제,비브리오살균제,정답(대표),nospace,,1,[],stop
1b,ionophore antibiotic,이온포르 항생제,이온투과차단항생제,오답,-,,2,[],stop
1b,third ventricle structure,제3뇌실 구조,제3뇌구조,오답,-,,3,[],stop
1b,ureteroscopic,요도경적,요도경검사에 의한,오답,-,,1,[],stop
1b,traumatic sah,외상성 지주막하 출혈,외상성 지주막하출혈,정답(대표),nospace,S06.6,2,[],stop
1b,drug induce pruritus,약물 유발 소양증,약물 유발성 가려움,오답,-,L29.8,3,[],stop
1b,rectal,직장,곧창자-,오답,-,,1,[],stop
1b,altimeter sickness,고도병,고산병,오답,-,T70.2,2,[],stop
1b,invasive mole,침윤성 포도기태,침윤기태,오답,-,,2,[],stop
1b,pericanalicular,관주위,소관주위-,오답,-,,1,[],stop
1b,lamblial dysentery,람블 이질,람블편모충이질,오답,-,,2,[],stop
1b,high quality-hcv ab,고품질-C형 간염 항체,정밀면역검사-C형간염항체,오답,-,,3,['bad_chars'],stop
1b,meckel's diverticulectomy,메켈 게실 절제술,멕켈 게실절제술,오답,-,,2,[],stop
1b,alert,알림,명료함,오답,-,,1,[],stop
1b,senile(atrophic) vaginitis,노인성(위축성) 질염,노년(위축) 질염,오답,-,N95.2,2,['bad_chars'],stop
1b,punctal ectropion,누점 외반,눈물점겉말림,정답(동의어),nospace,H02.18,2,[],stop
1b,running nose,비루,코감기,오답,-,,2,[],stop
1b,peritoneocentesis,복막천자,복막천자,정답(대표),exact,,1,[],stop
1b,gitelman syndrome,지텔만 증후군,지텔만 증후군,정답(대표),exact,N15.8,2,[],stop
1b,myelalgia,척수통,척수통증,오답,-,,1,[],stop
1b,zosteriform lentiginous nevus,대상포진양 점성 모반,띠모양흑(색)점모반,오답,-,,3,[],stop
1b,assess circulatory care,순환 간호 평가,순환계간호 사정,오답,-,,3,[],stop
1b,ileal neoplasms,회장 종양,돌창자 신생물,오답,-,,2,[],stop
1b,intranasal ethmoidectomy,경비 사골동 절제술,사골동염근치술; 비내 접근법,오답,-,,2,[],stop
1b,hyperosmolar nonketotic coma,고삼투성 비케톤성 혼수,고삼투압성비케토산성혼수,오답,-,,3,[],stop
1b,hydropneumothorax,수기흉,물공기가슴증,정답(동의어),exact,J94.8,1,[],stop
1b,hydrometra,자궁수종,물자궁증,오답,-,N85.8,1,[],stop
1b,isomaltase,이소말타아제,이소말타아제,정답(대표),exact,,1,[],stop
1b,leukokeratosis nicotina palati,구개 니코틴성 백색각화증,구개 니코틴성 백색각화증,정답(대표),exact,K13.2,3,[],stop
1b,holy fire,성화,에르고트중독증,오답,-,,2,[],stop
1b,erythema migrans,이행성 홍반,이동성 홍반,오답,-,A26.0,2,[],stop
1b,undercorrection,교정부족,부족교정,오답,-,,1,[],stop
1b,vague symptom,모호한 증상,분명치않는증상,오답,-,,2,[],stop
1b,menometrorrhagia,월경과다 및 자궁부정출혈,불규칙과다월경,오답,-,N92.1,1,[],stop
1b,annular nucleus,환상 핵,고리핵,오답,-,,2,[],stop
1b,clay stool,점토양 변,회색변,오답,-,,2,[],stop
1b,surgical staging,수술 병기,외과적시기결정,오답,-,,2,[],stop
1b,hand,손,수,오답,-,,1,[],stop
1b,overdetermined idea,과잉결정 관념,과잉결정관념,정답(대표),nospace,,2,[],stop
1b,a/s posterior capsulo-labroplasty,이후 관절낭순성형술,관절경 후방 피막테두리성형술,오답,-,,3,[],stop
1b,coxalgic pelvis,고관절통 골반,엉덩관절병골반,오답,-,,2,[],stop
1b,bronchus t-tube insertion,기관지 T-관 삽입,기관지 T-삽관,오답,-,,3,['bad_chars'],stop
1b,acanthamoeba keratitis,아칸타메바 각막염,가시아메바각막염,오답,-,,2,[],stop
1b,meshwork,망상조직,섬유주,오답,-,,1,[],stop
1b,balloon kyphoplasty,풍선 척추성형술,풍선 척추성형,오답,-,,2,[],stop
1b,haematosalpinx,난관혈종,혈난관,정답(동의어),exact,N83.6,1,[],stop
1b,ear probe,이개 탐침,귀꽂이,오답,-,,2,[],stop
1b,ileocolic artery,회결장 동맥,돌잘룩창자동맥,오답,-,,2,[],stop
1b,myotonia,근긴장증,근긴장증,정답(대표),exact,M62.6,1,[],stop
1b,acclimation fever,순응 열,순화열,오답,-,,2,[],stop
1b,apraxia of speech,발성 실어증,언어의 실행증,오답,-,R48.2,3,[],stop
1b,clean bench,클린 벤치,무균실험대,오답,-,,2,[],stop
1b,dry socket recurettage,건성 치조와 재소파술,발치와골염 재소파술,오답,-,,3,[],stop
1b,postmenopausal bleeding,폐경 후 출혈,폐경기후 출혈,오답,-,N95.0,2,[],stop
1b,acrotrophodynia,말단영양통,말단영양통증,오답,-,,1,[],stop
1b,phlebography,정맥조영술,정맥조영(술),오답,-,,1,[],stop
1b,entire trapezius muscle,전체 승모근,온등세모근,오답,-,,3,[],stop
1b,infantile automatism,영아 자동증,젖먹이자동증,오답,-,,2,[],stop
1b,thoracalgia,흉벽통,흉통,오답,-,,1,[],stop
1b,oxyhydrocephalus,첨두수두증,뾰족물머리증,오답,-,,1,[],stop
1b,taenia solium,유구조충,유구조충,정답(대표),exact,,2,[],stop
1b,glaucomatous cataract,녹내장성 백내장,녹내장성백내장,정답(대표),nospace,,2,[],stop
1b,lcp disease,레그-칼베-페르테스 병,넙다리뼈머리뼈끝뼈연골증,오답,-,,2,[],stop
1b,sheathed artery,초동맥,집형성동맥,오답,-,,2,[],stop
1b,near field potential,근접장 전위,근접부위전위,오답,-,,3,[],stop
1b,clubbing of nails,곤봉지,손톱의 곤봉화,오답,-,R68.3,3,[],stop
1b,perianal haematoma,항문주위 혈종,항문주위혈종,정답(대표),nospace,K64.5,2,[],stop
1b,fixator muscle,고정근,고정근육,오답,-,,2,[],stop
1b,ovarian cystectomy,난소낭종절제술,난소 낭종 적출술,정답(동의어),nospace,,2,[],stop
1b,esthiomene,서혜육아종,만성 외음궤양,오답,-,A55,1,[],stop
1b,dislocation of midcarpal(joint),중수근관절탈구,중간수근골(관절)의 탈구,오답,-,S63.02,3,[],stop
1b,melanoacanthoma,흑색극세포종,멜라닌가시세포종,오답,-,,1,[],stop
1b,photogene,광유전자,잔상,오답,-,,1,[],stop
1b,soryo,소료,소료(素髎),오답,-,,1,[],stop
1b,ventriculopleural anastomosis,뇌실-흉막문합술,뇌실가슴막 연결,오답,-,,2,[],stop
1b,antigenic reversion,항원역전,항원복귀,오답,-,,2,[],stop
1b,altered uterine contractions,변형자궁수축,자궁수축 변화,오답,-,,3,[],stop
1b,pyroglyphidae,먼지진드기과,집먼지진드기(과),오답,-,,1,[],stop
1b,fourth heart sound,제4심음,제4심(장)음,오답,-,,3,[],stop
1b,prandial,식사의,식사-,오답,-,,1,[],stop
1b,staphylococcus epidermidis,표피포도구균,표피포도알균,정답(동의어),exact,,2,[],stop
1b,toilet,처치,세척,오답,-,,1,[],stop
1b,iodinated,요오드화된,요오드표지-,오답,-,,1,[],stop
1b,salbutamol,살부타몰,살부타몰,정답(대표),exact,,1,[],stop
1b,in utero,자궁내,자궁내,정답(대표),exact,,2,[],stop
1b,cheondol,천돌,천돌(天突),오답,-,,1,[],stop
1b,ocular fundus,안저,안저,정답(대표),exact,,2,[],stop
1b,t-colectomy,전결장절제술,횡행결장절제술,오답,-,,1,[],stop
1b,multiple adenomatous polyps,다발성선종성용종,다발성 샘종성 폴립,오답,-,,3,[],stop
1b,neuraxis,신경축,신경축,정답(대표),exact,,1,[],stop
1b,tinea manuum,수부백선,손백선,오답,-,B35.2,2,[],stop
1b,lobomycosis,로보미코시스,로보진균증,오답,-,B48.0,1,[],stop
1b,coalescent mastoiditis,융합성유돌염,융합꼭지돌기염,오답,-,H70.8,2,[],stop
1b,cardiac murmur,심장잡음,심잡음,오답,-,R01.1,2,[],stop
1b,tracheobronchial,기관지기관의,기관기관지-,오답,-,,1,[],stop
1b,sclerosing retroperitonitis,경화성후복막염,경화뒤배막염,오답,-,,2,[],stop
1b,salicylamide,살리실아미드,살리실아마이드,오답,-,,1,[],stop
1b,cystitomy,방꿀절개술,수정체낭절개(술),오답,-,,1,[],stop
1b,muscular dystrophy carrier,근이영양증보인자,근퇴행위축 보균자,오답,-,G71.0,3,[],stop
1b,deshielded proton,탈차폐양성자,미차폐양성자,오답,-,,2,[],stop
1b,intra-operative neurophysiologic testing,수술중신경생리검사,수술중 신경생리학적 검사,오답,-,,3,[],stop
1b,descriptive epidemiology,기술역학,기술역학,정답(대표),exact,,2,[],stop
1b,encephalopathy toxic,중독성뇌병증,독성 뇌병증,오답,-,,2,[],stop
1b,epilemmal termination,신경초막종말,신경속막종말,오답,-,,2,[],stop
1b,catatonic shizophrenia,긴장형조현병,긴장형 정신분열병,정답(동의어),nospace,F20.2,2,[],stop
1b,conglutinogen activating factor,콩글루티노겐활성화인자,교착원활성인자,오답,-,,3,[],stop
1b,opsin,옵신,옵신,정답(대표),exact,,1,[],stop
1b,tuberculosis of oesophagus,식도결핵,식도의 결핵,오답,-,A18.82,3,[],stop
1b,columella lengthening,비중격연장술,코기둥연장(술),오답,-,,2,[],stop
1b,hyperaldosteronism,알도스테론증,고알도스테론증,오답,-,E26,1,[],stop
1b,waveform,파형,파형,정답(대표),exact,,1,[],stop
1b,atriocarotid interval,심방경동맥간격,심방목동맥간격,오답,-,,2,[],stop
1b,rhinoantritis,비상악염,코굴염,오답,-,,1,[],stop
1b,aqueous fluid,방수,방수,정답(대표),exact,,2,[],stop
1b,convalescence following chemotherapy,항암화학요법후회복기,화학요법후 회복기,오답,-,Z54.2,3,[],stop
1b,prolonged latent phase,연장잠복기,지연된 잠복기,오답,-,O63.9,3,[],stop
1b,suturing of wound,창상봉합술,창상봉합술,정답(대표),exact,,3,[],stop
1b,dyskeratosis congenita,선천성 이각화증,선천 이상각화증,오답,-,Q82.8,2,[],stop
1b,source qi,원기,원기,정답(대표),exact,,2,[],stop
1b,mongoloid slant,몽고인종형 사시,몽골인 모양 눈,오답,-,,2,[],stop
1b,lichen planus tropicus,열대성 편평태선,열대성 편평태선,정답(대표),exact,L43.3,3,[],stop
1b,polymerism,다현상,분절과다증,오답,-,,1,[],stop
1b,antineutrophil cytoplasmic antibody,항호중구세포질항체,항중성구세포질항체,오답,-,,3,[],stop
1b,pubocapsular,치골관절낭의,두덩관절피막-,오답,-,,1,[],stop
1b,genu valgum,외반슬,외반슬,정답(대표),exact,M21.06,2,[],stop
1b,voluntomotory,수의운동의,수의운동-,정답(동의어),josa,,1,[],stop
1b,nummular dermatitis,화폐상 습진,동전모양피부염,오답,-,L30.0,2,[],stop
1b,blood fluke,혈흡충,주혈흡충,오답,-,,2,[],stop
1b,aerial infection,비말감염,흡입감염,오답,-,,2,[],stop
1b,oculovagal reflex,안미주신경반사,눈미주신경반사,오답,-,,2,[],stop
1b,cobblestone tongue,거상설,조약돌혀,오답,-,,2,[],stop
1b,simple dressing,단순 드레싱,단순 처치,오답,-,,2,[],stop
1b,prostate mri,전립선 자기공명영상,기본자기공명영상진단-복부-전립선-일반,오답,-,,2,[],stop
1b,labilizer,안정제,불안정제,오답,-,,1,[],stop
1b,cathemoglobin,카트헤모글로빈,카트헤모글로빈,정답(대표),exact,,1,[],stop
1b,absence of muscle,근육결손,근육의 결여,오답,-,Q79.8,3,[],stop
1b,nerve conduction study(head),신경전도검사(두부),신경전도검사(두부),정답(대표),exact,,3,['bad_chars'],stop
1b,self-care deficit,자가간호결손,자가간호결핍,오답,-,,2,[],stop
1b,throat pruritus,인두소양증,목구멍 가려움증,오답,-,,2,[],stop
1b,aspirations (psychology),열망 (심리학),흡인,오답,-,,2,['bad_chars'],stop
1b,medical genetics,의학유전학,의학유전학,정답(대표),exact,,2,[],stop
1b,coproporphyrinuria,코프로포르피린뇨,코프로포르피린뇨,정답(대표),exact,,1,[],stop
1b,ebonation,흑색화,뼈조각제거,오답,-,,1,[],stop
1b,sp crown setting,스프 크라운 장착,스테인레스금관 합착,오답,-,,3,[],stop
1b,hyalomere,투명부,투명부위,오답,-,,1,[],stop
1b,skull view,두부 촬영,두부촬영,정답(대표),nospace,,2,[],stop
1b,jisil,지실,지실(志室),오답,-,,1,[],stop
1b,retrouterine hematocele,자궁후혈종,자궁뒤혈액낭종,오답,-,,2,[],stop
1b,varicose vein stripping,정맥류 발거술,정맥류 제거,오답,-,,3,[],stop
1b,ardor,작열감,작열감,정답(대표),exact,,1,[],stop
1b,macrocephalus,거두증,큰머리증,오답,-,Q04.5,1,[],stop
1b,impulse conducting system,충격전도계,심장흥분전도계통,오답,-,,3,[],stop
1b,hyposthenuric urine,저비중뇨,저비중뇨,정답(대표),exact,,2,[],stop
1b,enema apparatus,관장기구,관장기,오답,-,,2,[],stop
1b,hereditary mutilating keratoma,유전성 질식성 각화종,유전절단각화종,오답,-,,3,[],stop
1b,peptonization,펩톤화,펩톤화,정답(대표),exact,,1,[],stop
1b,interarytenoid notch,피열연골간와,모뿔사이패임,오답,-,,2,[],stop
1b,apical surgery,근단수술,치근단 수술,오답,-,,2,[],stop
1b,combustion,연소,화상,오답,-,,1,[],stop
1b,blind fistula,맹루,막힌샛길,오답,-,,2,[],stop
1b,kakidrosis,취한증,땀악취증,정답(동의어),exact,L75.0,1,[],stop
1b,pharyngoparalysis,인두마비,인두마비,정답(대표),exact,,1,[],stop
1b,talipes calcaneus,족근골변형,발끝들린휜발증,오답,-,,2,[],stop
1b,neonatal oesophageal reflux,신생아 식도역류,신생아식도역류,정답(대표),nospace,P78.8,3,[],stop
1b,inverse-ratio ventilation,역비 환기,역비환기,정답(대표),nospace,,2,[],stop
1b,hodgkin disease,호지킨병,호지킨병,정답(대표),exact,,2,[],stop
1b,hypothalamic-pituitary-adrenal axis,시상하부-뇌하수체-부신 축,시상하부-뇌하수체-부신축,정답(대표),nospace,,2,[],stop
1b,total lipodystrophy,전신 지방이영양증,전체 지방영양장애,오답,-,,2,[],stop
1b,hill-sachs lesion,힐-삭스 병변,힐-샥스 병터,오답,-,,2,[],stop
1b,epidural nerve block,경막외 신경 차단술,경막외 신경차단술,정답(대표),nospace,,3,[],stop
1b,dermatitis verrucosa,유두상 피부염,사마귀피부염,오답,-,B43.0,2,[],stop
1b,cardiography,심장기록법,심장도검사,오답,-,,1,[],stop
1b,assess disimpaction,감압 평가,매복변제거 사정,오답,-,,2,[],stop
1b,medical indigent,의료 부조자,의료급여대상자,오답,-,,2,[],stop
1b,colon cecum mass,결장 맹장 종괴,막창자 종괴,오답,-,,3,[],stop
1b,virgin population,미감염 인구,무노출인구,오답,-,,2,[],stop
1b,fetal cotyledon,태아 융모엽,태아쪽태반엽,오답,-,,2,[],stop
1b,rhabdomyomyxoma,횡문근점액종,횡문근점액종,정답(대표),exact,,1,[],stop
1b,pupillary seclusion,동공 폐쇄,동공차단,오답,-,H21.4,2,[],stop
1b,cold sore,구순포진,입술헤르페스,오답,-,,2,[],stop
1b,marsupialization of cyst,낭포 유착술,낭종 주머니형성,오답,-,,3,[],stop
1b,chemohormonal,화학호르몬,화학호르몬-,오답,-,,1,[],stop
1b,infanthood,영아기,영아기,정답(대표),exact,,1,[],stop
1b,vertebro-basilar artery syndrome,추골기저동맥 증후군,척추-뇌기저동맥증후군,오답,-,G45.0,3,[],stop
1b,assessing waste service,폐기물 서비스 평가,쓰레기처리 능력 사정하기,오답,-,,3,[],stop
1b,lobectomy of lung,폐엽절제술,폐엽 절제,오답,-,,3,[],stop
1b,abortive prophage,불완전 프로파지,불완전프로파지,정답(대표),nospace,,2,[],stop
1b,genuine diabetes,진성 당뇨병,진성당뇨병,정답(대표),nospace,,2,[],stop
1b,lumbosacral enlargement,요천수 팽대,요천부팽대,오답,-,,2,[],stop
1b,hyperesophoria,상내사시,상내사위,오답,-,,1,[],stop
1b,proenzyme,전구효소,풋효소,오답,-,,1,[],stop
1b,conjoined,결합된,연합-,오답,-,,1,[],stop
1b,mitokinetic,세포분열운동성,유사운동-,오답,-,,1,[],stop
1b,carbamino reaction,카르바미노 반응,카르바미노반응,정답(대표),nospace,,2,[],stop
1b,premenopause,갱년기 전기,폐경전,오답,-,,1,[],stop
1b,deficient perineum,결손 회음부,회음결핍,오답,-,N81.8,2,[],stop
1b,hydrocyst,수낭,물낭,정답(동의어),exact,,1,[],stop
1b,cogan's disease,코간 병,코오간병,오답,-,H16.3,2,[],stop
1b,uncoupling,탈결합,결합저지,오답,-,,1,[],stop
1b,nephritic retinitis,신염성 망막염,콩팥염망막염,오답,-,,2,[],stop
1b,cholangioscopy,담관경검사,담관내시경(술),오답,-,,1,[],stop
1b,postprocedural hypothyroidism,시술 후 갑상선기능저하증,처치후 갑상선기능저하증,오답,-,E89.0,2,[],stop
1b,protein-losing enteropathy,단백질 소실 장병증,단백질소실장병(증),오답,-,,2,[],stop
1b,pseudoepicanthus,가성 내반자,거짓눈구석주름,오답,-,,1,[],stop
1b,comparator,비교기,비교측정기,오답,-,,1,[],stop
1b,forehead,이마,전두,오답,-,,1,[],stop
1b,periostitis,골막염,뼈막염,정답(동의어),exact,,1,[],stop
1b,failed forceps,실패한 겸자분만,집게 사용 실패,오답,-,,2,[],stop
1b,enteral tube irrigation,장관 튜브 세척,위장관세척,오답,-,,3,[],stop
1b,radionuclide angiocardiography,방사성핵종 혈관심장조영술,방사성핵종심(장)혈관조영(술),오답,-,,2,[],stop
1b,hippocampal sclerosis,해마 경화증,해마경화(증),오답,-,G37.9,2,[],stop
1b,pilar cyst,모낭종,모낭,오답,-,L72.1,2,[],stop
1b,anterior resection,전방 절제술,앞방향절제(술),오답,-,,2,[],stop
1b,chloropsia,녹시증,녹색시,오답,-,,1,[],stop
1b,radiostrontium,방사성 스트론튬,방사성스트론튬,정답(대표),nospace,,1,[],stop
1b,exteroceptive stimulus,외수용 자극,외수용자극,정답(대표),nospace,,2,[],stop
1b,interoceptive,내수용성,내수용-,오답,-,,1,[],stop
1b,plate,판,평판,정답(동의어),exact,,1,[],stop
1b,ionometer,이온측정기,이온화선량계,오답,-,,1,[],stop
1b,prolinase,프롤리나아제,프롤린효소,오답,-,,1,[],stop
1b,tangential section,접선단면,비스듬절단,오답,-,,2,[],stop
1b,chromophilic cell,호염기성세포,호색소세포,오답,-,,2,[],stop
1b,epidermolysis bullosa dystrophica,영양장애성 수포성 표피박리증,디스트로피성 수포성 표피박리증,오답,-,Q81.2,3,[],stop
1b,polychromatophilic erythrocyte,다염성 적혈구,다염적혈구,오답,-,,2,[],stop
1b,bladder neck contracture,방광경부 협착,방광목 위축,오답,-,N32.8,3,[],stop
1b,neurostearic acid,신경지방산,신경지방산,정답(대표),exact,,2,[],stop
1b,acropathy,말단병,말단병(증),오답,-,,1,[],stop
1b,growth fever,발육열,변증,오답,-,P81.9,2,[],stop
1b,crossbite (anterior)(posterior),교차교합(전방)(후방),맞물림이상(앞쪽)(뒤쪽),오답,-,K07.25,2,['bad_chars'],stop
1b,presbyophrenia,노인성 치매,노년치매,오답,-,,1,[],stop
1b,torr,토르,토르,정답(대표),exact,,1,[],stop
1b,gustatory hyperesthesia,미각과민,미각과민(증),정답(동의어),exact,,2,[],stop
1b,holoparasite,전기생물,완전기생체,오답,-,,1,[],stop
1b,retroactive inhibition,역행성 억제,역행기억억제,오답,-,,2,[],stop
1b,citrate,구연산염,구연산,정답(동의어),exact,,1,[],stop
1b,dilation of intestine,장관 확장,창자 확장,오답,-,,3,[],stop
1b,endothelium-derived relaxing factor,내피세포 유래 이완인자,내피유래이완인자,오답,-,,3,[],stop
1b,gangliectomy,신경절절제술,신경절절제(술),오답,-,,1,[],stop
1b,infraction,불완전골절,균열골절,오답,-,,1,[],stop
1b,tubal tonsil,인두파편도,귀인두관편도,오답,-,,2,[],stop
1b,myoalbumin,근알부민,근(육)알부민,오답,-,,1,[],stop
1b,buccal gland,협선,협선,정답(대표),exact,,2,[],stop
1b,dermoepidermal,진피표피의,진피표피-,오답,-,,1,[],stop
1b,anthracosis,탄분증,탄분증,정답(대표),exact,J60,1,[],stop
1b,chondrogen,연골형성원,연골원,오답,-,,1,[],stop
1b,normokalemic,정칼륨혈성,정상칼륨혈-,오답,-,,1,[],stop
1b,joint swelling non-inflammatory,비염증성 관절종창,비염증 관절 부기,오답,-,,3,[],stop
1b,isosorbide,이소소르비드,이소소르바이드,오답,-,,1,[],stop
1b,diverticulitis oesophageal,식도 게실염,식도 곁주머니염,오답,-,,2,[],stop
1b,incretology,인크레틴학,내분비학,오답,-,,1,[],stop
1b,standardized rate ratio,표준화율비,표준화비율비,오답,-,,3,[],stop
1b,menstrual irregularity,월경불순,월경불규칙,정답(동의어),exact,N92.6,2,[],stop
1b,hypotonus,긴장저하,근육긴장저하,오답,-,,1,[],stop
1b,first-pass cardiac scan(resting),초회통과 심장 스캔(안정시),일회통과심장스캔-안정상태,오답,-,,3,['bad_chars'],stop
1b,congruous field defect,일치성 시야결손,일치시야결손,오답,-,,3,[],stop
1b,multiple v-y plasties,다수 V-Y 성형술,V-Y 성형술,오답,-,,3,['bad_chars'],stop
1b,atrioventricular septal defect,방실판막 결손증,심방실중격결손,오답,-,Q21.2,3,[],stop
1b,framework try-in,프레임워크 시착,금속구조물 시적,오답,-,,2,[],stop
1b,organic writer's cramp,기질성 서경,기질성 서경,정답(대표),exact,G25.8,3,[],stop
1b,lochioschesis,악로체,산후질분비물정체,오답,-,,1,[],stop
1b,hydrorachis,척수수종,수척추증,오답,-,Q06.4,1,[],stop
1b,prescription group,처방군,처방묶음,오답,-,,2,[],stop
1b,cyematocardia,태아심음,태아심음,정답(대표),exact,,1,[],stop
1b,pneumonia in ornithosis,조류병 폐렴,비둘기병에서의 폐렴,오답,-,J17.8,3,[],stop
1b,supraduodenal artery,십이지장상동맥,샘창자위동맥,정답(동의어),exact,,2,[],stop
1b,endocervical hyperplasia,자궁경관 과형성,자궁목내막과다형성,오답,-,,2,[],stop
1b,endothelial adhesion molecule,내피세포 접착 분자,내피부착분자,오답,-,,3,[],stop
1b,medullary canal,골수강,골수공간,정답(동의어),exact,,2,[],stop
1b,aspergillus niger,흑색곰팡이,아스페르길루스니게르,오답,-,,2,[],stop
1b,hb-sc disease,헤모글로빈 SC병,헤모글로빈-SC병,오답,-,D57.2,2,['bad_chars'],stop
1b,subadventitial fibroplasia,외막하섬유증식,외막밑섬유증식,정답(동의어),exact,,2,[],stop
1b,pachyonychia congenita,선천성조갑비후증,선천손발톱비대증,오답,-,,2,[],stop
1b,carpometacarpal joint structure,수중수관절구조,손목손허리관절,오답,-,,3,[],stop
1b,noonan syndrome,누난증후군,누난 증후군,정답(동의어),exact,Q87.1,2,[],stop
1b,death,사망,사,오답,-,R99,1,[],stop
1b,microencephaly,소두증,작은뇌증,오답,-,,1,[],stop
1b,gwollyo,궤려,관료(顴髎),오답,-,,1,[],stop
1b,hippuric acid,마뇨산,마뇨산,정답(대표),exact,,2,[],stop
1b,ischial ramus,좌골지,궁둥뼈가지,정답(동의어),exact,,2,[],stop
1b,hairy-cell leukemia,유모세포백혈병,털세포백혈병,오답,-,C91.4,2,[],stop
1b,laparoscopic appendectomy,복강경충수돌기절제술,배안보개 이용 막창자꼬리 절제,오답,-,,2,[],stop
1b,acentric occlusion,편심교합,비중심교합,오답,-,,2,[],stop
1b,collagen fiber graft,콜라겐섬유이식,교원 섬유 이식술,오답,-,,3,[],stop
1b,corynebacterium pseudotuberculosis,의사결핵코리네박테리움,거짓결핵균,오답,-,,2,[],stop
1b,worm-eaten soles,충식족,벌레먹은 발바닥,오답,-,A66.3,2,[],stop
1b,root resection,근단절제술,치근 절제술,오답,-,,2,[],stop
1b,poor sucking reflex,빨기반사저하,빨기 반사 어려움,오답,-,,3,[],stop
1b,reverse mutation,역돌연변이,역돌연변이,정답(대표),exact,,2,[],stop
1b,coupling color,결합색,커플링염료,오답,-,,2,[],stop
1b,lead gown,납앞치마,납가운,오답,-,,2,[],stop
1b,transfusion tests,수혈검사,수혈혈액검사,오답,-,,2,[],stop
1b,impaired eating behaviour,섭식행동장애,손상된 식습관 행위,오답,-,,3,[],stop
1b,sialodochoplasty,타액관성형술,침샘관성형(술),오답,-,,1,[],stop
1b,familial polyposis,가족성용종증,가족성폴립증,오답,-,,2,[],stop
1b,glissade,활주,글리사드,오답,-,,1,[],stop
1b,cortisol-binding globulin,코르티솔결합글로불린,코티솔결합글로불린,오답,-,,2,[],stop
1b,endoenteritis,장내막염,창자점막염,오답,-,,1,[],stop
1b,nerve root injury,신경근손상,척추 신경뿌리의 손상,오답,-,T09.4,3,[],stop
1b,biopsy of adenoid,아데노이드생검,인두편도 생검,정답(동의어),nospace,,3,[],stop
1b,spinal injuries,척추손상,척수 손상,오답,-,,2,[],stop
1b,allocentric,타이중심적,타인중심-,오답,-,,1,[],stop
1b,neck righting reflex,경부정위반사,목바로잡기반사,오답,-,,3,[],stop
1b,osteoarthritis,골관절염,뼈관절염,정답(동의어),exact,,1,[],stop
1b,digit preference,숫자편향,끝수선호,오답,-,,2,[],stop
1b,myitis,근육염,근(육)염,오답,-,,1,[],stop
1b,progressive hemifacial atrophy,진행성반측안면위축증,진행성 반쪽얼굴 위축,오답,-,G51.8,3,[],stop
1b,nodular prurigo,결절양가려움증,결절가려움발진,오답,-,,2,[],stop
1b,antifibrinolysin,항섬유소용해효소,항섬유소용해소제,오답,-,,1,[],stop
1b,extroverted personality,외향성성격,외향인격,오답,-,,2,[],stop
1b,post-traumatic polyarthrosis,외상후다발성관절증,외상후 다발관절증,오답,-,M15.3,2,[],stop
1b,retention of urine,요저류,소변정체,정답(동의어),exact,R33,3,[],stop
1b,maxillomandibular disharmony,악관절부조화,위아래턱부조화,오답,-,,2,[],stop
1b,reverberating circuit,반향회로,반향회로,정답(대표),exact,,2,[],stop
1b,video-urodynamic study,비디오요동태검사,영상요역동학검사,오답,-,,2,[],stop
1b,horseshoe fistula,편자루공,말발굽샛길,오답,-,,2,[],stop
1b,polyneuralgia,다발신경통,다발신경통,정답(대표),exact,,1,[],stop
1b,entire finger,전체손가락,온손가락,오답,-,,2,[],stop
1b,presence of mei,미야자키증후군,인공중이삽입물의 존재,오답,-,Z96.28,3,[],stop
1b,vasa previa,전치혈관,전치 맥관,오답,-,P02.6,2,[],stop
1b,br. tx.,기관지확장증,브릿지 치료,오답,-,,2,[],stop
1b,neurofibromatosis of spine,척추신경섬유종증,척수 신경섬유종증,오답,-,,3,[],stop
1b,anesthesiologist,마취과전문의,마취과의사,오답,-,,1,[],stop
1b,endoscopic transmyocardial revascularization,내시경적 경심근혈관재형성술,내시경 이용 심근경유 혈관 재형성,오답,-,,3,[],stop
1b,arachnoid cyst,거미막낭종,거미막하 낭종,정답(동의어),nospace,G93.0,2,[],stop
1b,blood in stool,혈변,대변 속 혈액,정답(동의어),exact,,3,[],stop
1b,dyspnea disorder,호흡곤란장애,천증,오답,-,R06.0,2,[],stop
1b,nasalis muscle,비근,코근,정답(동의어),exact,,2,[],stop
1b,retrograde impulse,역행성충동,역방향흥분,오답,-,,2,[],stop
1b,oncogene,종양유전자,종양유전자,정답(대표),exact,,1,[],stop
1b,expectorant mixture,거담혼합제,복합거담제,오답,-,,2,[],stop
1b,arthroscopic menisectomy,관절경적반절제술,관절경 이용 초승달 절제,오답,-,,2,[],stop
1b,schistocephalus,두두조충,머리갈림태아,오답,-,,1,[],stop
1b,superexcitation,과흥분,과도흥분,오답,-,,1,[],stop
1b,cataract ou,양안백내장,두눈 백내장,오답,-,,2,[],stop
1b,halmatogenesis,할마토크리스마스,돌연세대변이,오답,-,,1,[],stop
1b,cap crown,캡크라운,금관,오답,-,,2,[],stop
1b,resecting fracture,절제골절,깍임골절,정답(동의어),exact,,2,[],stop
1b,preleukaemia (syndrome),전백혈병(증후군),전백혈병(증후군),정답(대표),exact,D46.9,2,['bad_chars'],stop
1b,total albinism,전신백반증,온백색증,오답,-,,2,[],stop
1b,square root sign,제곱근징후,제곱근모양징후,오답,-,,3,[],stop
1b,flushing,홍조,홍조,정답(대표),exact,R23.2,1,[],stop
1b,medical care division,의료부,의료급여구분,오답,-,,3,[],stop
1b,penicillar arteriole,솔동맥,붓털세동맥,오답,-,,2,[],stop
1b,recession operation,후퇴술,뒤옮김술,오답,-,,2,[],stop
1b,depigmenting cream,탈색크림,탈색크림,정답(대표),exact,,2,[],stop
1b,carpenter's syndrome,카펜터증후군,카펜터 증후군,정답(대표),nospace,Q87.0,2,[],stop
1b,plasmablastic lymphoma,형질아세포성림프종,형질모세포성 림프종,오답,-,C83.3,2,[],stop
1b,endorectal pull-through operation,경직장당겨내기술,직장내 풀-스루식 수술,오답,-,,3,[],stop
1b,appendix ultrasound,맹장초음파,맹장 초음파,정답(대표),nospace,,2,[],stop
1b,urethrocutaneous fistula,요도피부루,요도피부샛길,정답(동의어),nospace,N36.0,2,[],stop
1b,femur,대퇴골,넙다리뼈,정답(동의어),exact,,1,[],stop
1b,vetebra,척추골,척추,오답,-,,1,[],stop
1b,lipoid dermatoarthritis,지방성피부관절염,리포이드피부관절염,오답,-,M14.3,2,[],stop
1b,secretory cyst,분비낭,분비체류성낭,오답,-,,2,[],stop
1b,stage of life,생활사,생명단계,오답,-,,3,[],stop
1b,sacrococcygeal,천미골,엉치꼬리-,오답,-,,1,[],stop
1b,spleen qi deficiency,비기허,비기허,정답(대표),exact,U68.0,3,[],stop
1b,hepatogram,간사진,간실질상,오답,-,,1,[],stop
1b,parrot fever,앵무새열,앵무새열,정답(대표),exact,A70,2,[],stop
1b,thyroidea ima artery,최하갑상동맥,맨아래갑상동맥,오답,-,,3,[],stop
1b,induced malaria,인공말라리아,접종말라리아,오답,-,,2,[],stop
1b,phospholipidemia,인지질혈증,인지질혈증,정답(대표),exact,,1,[],stop
1b,anecdotal,일화적,증례서술적,정답(동의어),exact,,1,[],stop
1b,perseveration,지속어,고집증,오답,-,,1,[],stop
1b,uropoiesis,요형성,요생산,오답,-,,1,[],stop
1b,muscular artery,근육동맥,근육형동맥,오답,-,,2,[],stop
1b,ramus of pubis,치골가,두덩뼈가지,오답,-,,3,[],stop
1b,closed approach,폐쇄적 접근,폐쇄방법,오답,-,,2,[],stop
1b,ophthalmophacometer,안구굴절력계,수정체굴절력측정계,오답,-,,1,[],stop
1b,muscular atrophy,근위축,근위축,정답(대표),exact,M62.59,2,[],stop
1b,pa x-ray,pa 방사선 사진,치근단 방사선촬영,오답,-,,2,['bad_chars'],stop
1b,homogeneous,균질성,균일,오답,-,,1,[],stop
1b,needle electromyography,침 근전도 검사,바늘근전도검사(법),오답,-,,2,[],stop
1b,intermetatarsal joint structure,중족골간 관 구조,발허리간관절조직,오답,-,,3,[],stop
1b,retaining harness,고정 하네스,장치유지,오답,-,,2,[],stop
1b,hemianopsia,반맹,편측시야결손,정답(동의어),exact,,1,[],stop
1b,esterapenia,에스테라페니아,에스테라아제감소,오답,-,,1,[],stop
1b,scleral necrosis/melt,공막 괴사/용해,공막 괴사/ 융해,오답,-,,2,[],stop
1b,interim abutment,임시 지대치,임시 지대주,오답,-,,2,[],stop
1b,intracranial space-occupying lesion,두개강 내 점유 병변,두개내공간점유병변,오답,-,R90.0,3,[],stop
1b,retrocedent gout,후퇴성 통풍,내공성통풍,오답,-,,2,[],stop
1b,false neuroma,가성 신경종,가성신경종,정답(대표),nospace,,2,[],stop
1b,fecal concentration,분변 농축,대변농축(법),오답,-,,2,[],stop
1b,echo pulse,에코 펄스,초음파,오답,-,,2,[],stop
1b,papilloma of cerviv,자궁경부 유두종,자궁경부의 유두종,오답,-,D26.0,3,[],stop
1b,pulmonary atelectasis,폐 무기폐,무기폐,오답,-,J98.10,2,[],stop
1b,avulsion fracture,골단열 골절,찢김 골절,오답,-,,2,[],stop
1b,reciprocal shaker,상호 진동기,왕복진탕기,오답,-,,2,[],stop
1b,sequestrectomy of skull,두개골 사골 제거술,머리뼈 부골 절제,오답,-,,3,[],stop
1b,filarial chylocele,사충 유미종,사상충성 음낭암죽종,오답,-,B74,2,[],stop
1b,epidermolysis bullosa simplex,단순 포천성 표피박리증,단순 수포성 표피박리증,오답,-,Q81.0,3,[],stop
1b,primitive neuroectodermal tumor,원시 신경외배엽 종양,원시신경외배엽종양,정답(대표),nospace,C71.9,3,[],stop
1b,insular sclerosis,섬엽 경화증,섬경화증,오답,-,,2,[],stop
1b,preexcitation ecg,예흥분 심전도,조기흥분,오답,-,R93.1,2,[],stop
1b,bis in die,하루 2회,1일2회,오답,-,,3,[],stop
1b,tufting enteropathy,융모 장애,터프팅장증,오답,-,P78.3,2,[],stop
1b,relative scotoma,상대 암점,상대암점,정답(대표),nospace,,2,[],stop
1b,epidermophyton,표피균,표피사상균(속),오답,-,,1,[],stop
1b,periodic rhinitis,주기성 비염,주기코염,오답,-,,2,[],stop
1b,omsk haemorrhagic fever,옴스크 출혈열,옴스크출혈열,정답(대표),nospace,A98.1,3,[],stop
1b,paramyxoviridae infection,파라믹소바이러스과 감염,파라믹소바이러스 감염,오답,-,B33.8,2,[],stop
1b,leukotaxis,백혈구 주화성,백혈구쏠림성,정답(동의어),nospace,,1,[],stop
1b,dromotropic,박동전도성,전도영향성-,오답,-,,1,[],stop
1b,cimex lectularius,온열대침대벌레,빈대,오답,-,,2,[],stop
1b,purpura annularis telangiectodes,모세혈관확장성 고리자반,고리모세혈관확장자색반,오답,-,,3,[],stop
1b,antroscope,상악동경,위턱굴보개,정답(동의어),exact,,1,[],stop
1b,podiatrist,족부전문의,발전문가,오답,-,,1,[],stop
1b,binder,바인더,결합체,오답,-,,1,[],stop
1b,amphorophony,공동음,공동공명음,오답,-,,1,[],stop
1b,lyophobic,소수성,소액성,오답,-,,1,[],stop
1b,substantia nigra,흑질,흑(색)질,오답,-,,2,[],stop
1b,glucuronic acid,글루쿠론산,글루쿠론산,정답(대표),exact,,2,[],stop
1b,suture thread,봉합사,봉합사,정답(대표),exact,,2,[],stop
1b,flat position,앙위,앙와위,오답,-,,2,[],stop
1b,psoas shadow,요근 음영,허리근음영,정답(동의어),nospace,,2,[],stop
1b,organoid tumor,기관양종양,장기모양종양,오답,-,,2,[],stop
1b,double-barreled aorta,이중강 대동맥,이중관대동맥,오답,-,,2,[],stop
1b,breath holding spell,무호흡 발작,숨참기발작,오답,-,R06.8,3,[],stop
1b,ascending arm venography,상완 정맥조영술,상지-상행적상지정맥,오답,-,,3,[],stop
1b,rash purpuric,자반성 발진,자색반 발진,오답,-,,2,[],stop
1b,cervix dilatation,자궁경부 확장,자궁경부개대,오답,-,,2,[],stop
1b,vegetant intravascular hemangioendothelioma,증식성 혈관내 혈관내피종,증식혈관내혈관내피종,오답,-,,3,[],stop
1b,lambliasis,람블리아증,람블편모충증,오답,-,,1,[],stop
1b,hysterocystocleisis,자궁방광루 폐쇄술,자궁방광꿰맴(술),오답,-,,1,[],stop
1b,gorei-san,오령산,오령산,정답(대표),exact,,1,[],stop
1b,in situ hybridization,원위치 잡종형성,제자리부합법,오답,-,,3,[],stop
1b,video laryngoscopy,비디오 후두경 검사,비디오후두경검사(법),오답,-,,2,[],stop
1b,enteral feeding regime,경장 영양 요법,경장 섭취 요법,오답,-,,3,[],stop
1b,ramicotomy,가지신경절단술,신경분지절단(술),오답,-,,1,[],stop
1b,molding,성형,두개몰딩,오답,-,,1,[],stop
1b,complex echo pattern,복합 에코 양상,복잡메아리,오답,-,,3,[],stop
1b,late post-traumatic seizures,지연성 외상후 발작,외상후 지연 발작,오답,-,,3,[],stop
1b,reactive,반응성,반응성-,정답(동의어),exact,,1,[],stop
1b,incisor tooth,절치,절치,정답(대표),exact,,2,[],stop
1b,paraganglion,부신경절,곁신경절,정답(동의어),exact,,1,[],stop
1b,subspinous,극하,가시돌기밑-,오답,-,,1,[],stop
1b,uterine inversion,자궁 내반증,자궁뒤집힘,오답,-,,2,[],stop
1b,removal of restoration,수복물 제거,기존 보철물 제거,오답,-,,3,[],stop
1b,hemoclastic reaction,용혈 반응,혈구파괴반응,오답,-,,2,[],stop
1b,ulceroglandular tularaemia,궤양선형 투라레미아,궤양림프절야생토끼병,오답,-,A21.0,2,[],stop
1b,endoscopic revision dacryocystorhinostomy,내시경적 누낭비강문합술 재교정,내시경 이용 눈물주머니코안 연결 교정,오답,-,,3,[],stop
1b,stomatomy,구강 절개술,자궁구절개(술),오답,-,,1,[],stop
1b,post-term,과기,만삭후,오답,-,,1,[],stop
1b,corticobasal degeneration,대뇌피질기저핵 변성,겉질기저 변성,오답,-,,2,[],stop
1b,cyclamate,사이클라메이트,시클라메이트,오답,-,,1,[],stop
1b,puerility,소아기,소아기,정답(대표),exact,,1,[],stop
1b,fusiform layer,방추형 세포층,방추세포층,오답,-,,2,[],stop
1b,hyperreninemia,고레닌혈증,과레닌혈증,오답,-,,1,[],stop
1b,saliva viscosity test,타액 점도 검사,타액 점조도 검사,오답,-,,3,[],stop
1b,auriscope,이경,이경,정답(대표),exact,,1,[],stop
1b,metagonimus yokogawai,요코가와 흡충,요코가와흡충,정답(대표),nospace,,2,[],stop
1b,intraocular,안구내,안구내-,오답,-,,1,[],stop
1b,synclonus,동시성 간대경련,동조근간대,오답,-,,1,[],stop
1b,enteropathic arthritis,장병성 관절염,창자질환성 관절염,오답,-,,2,[],stop
1b,vesicorectal fistula,방광직장루,방광직장루,정답(대표),exact,N32.1,2,[],stop
1b,moniliform nucleus,염주상 핵,염주핵,오답,-,,2,[],stop
1b,foville syndrome,포빌 증후군,포비유 증후군,오답,-,G46.3,2,[],stop
1b,congenital leukonychia,선천성 백색조갑증,선천 손발톱백반,오답,-,Q84.4,2,[],stop
1b,pyelic,신우의,콩팥깔때기-,오답,-,,1,[],stop
1b,recurrent thyroid ca,재발성 갑상선암,재발성 갑상선암,정답(대표),exact,C73,3,[],stop
1b,personal identity disturbance,자아정체성 장애,자아정체성장애,정답(대표),nospace,,3,[],stop
1b,cryptogenic sepsis,원인불명 패혈증,특발성패혈증,오답,-,,2,[],stop
1b,dying process deteriorated,임종 과정 악화,임종과정 악화됨,오답,-,,3,[],stop
1b,paraspasm,연축,대칭성연축,오답,-,,1,[],stop
1b,onychopathy,조갑 질환,손발톱병(증),오답,-,,1,[],stop
1b,bone inlay,골 이식,골내재,오답,-,,2,[],stop
1b,modified norwood operation,변형 노우드 수술,수정된 노우드수술,오답,-,,3,[],stop
1b,hbab,혈색소,간염 B형 표면항체,오답,-,,1,[],stop
1b,macrostomia cribrosa,다공성 거구증,체반,오답,-,,2,[],stop
1b,gracilis muscle,박근,두덩정강근,정답(동의어),exact,,2,[],stop
1b,apneustic respiration,호흡정지호흡,지속흡입호흡,오답,-,,2,[],stop
1b,reconstruction of thumb,무지재건술,엄지 손가락 재건,오답,-,,3,[],stop
1b,fisher syndrome,피셔증후군,피셔증후군,정답(대표),exact,,2,[],stop
1b,double bladder,중복방광,중복방광,정답(대표),exact,,2,[],stop
1b,rotalix tube,로탈릭스관,회전양극관,오답,-,,2,[],stop
1b,platymorphia,편두개,편평안구,오답,-,,1,[],stop
1b,acne keloidalis,켈로이드성 여드름,흉터종여드름,오답,-,,2,[],stop
1b,cystathionine,시스타티오닌,시스타티오닌,정답(대표),exact,,1,[],stop
1b,distraction therapy,주의전환요법,골신장술,오답,-,,2,[],stop
1b,scintillating hemianopia,섬광성반맹,섬광반맹,오답,-,,2,[],stop
1b,eccrine poroma,외분비선공종,외분비 한공종,오답,-,D23.9,2,[],stop
1b,morbidity aspects,이환양상,질병 양상,오답,-,,2,[],stop
1b,deltoid flap,삼각근피판,어깨세모근피판,오답,-,,2,[],stop
1b,nodular fasciitis,결절성근막염,결절 근막염,오답,-,M72.4,2,[],stop
1b,basal seat,기저부,의치지지조직,오답,-,,2,[],stop
1b,physically handicapped,신체장애인,거동불편자,오답,-,,2,[],stop
1b,debanding,밴딩제거,밴드제거,오답,-,,1,[],stop
1b,water bath,수욕,욕조,오답,-,,2,[],stop
1b,ant. uveitis,전부포도막염,전방포도막염,오답,-,H20.9,2,[],stop
1b,onchocercoma,회선충종,회선사상충결절,오답,-,,1,[],stop
1b,iridocoloboma,홍채결손증,홍채결손,오답,-,,1,[],stop
1b,cervical vertigo,경추성현훈,경추성 현기증,오답,-,M54.22,2,[],stop
1b,pubovaginal,치골질식,두덩질-,오답,-,,1,[],stop
1b,gallium scan,갈륨스캔,갈리움 스캔,오답,-,,2,[],stop
1b,spot retinoscope,스폿검영경,점상망막검영기,오답,-,,2,[],stop
1b,laryngeal carcinoma,후두암,후두 암종,오답,-,,2,[],stop
1b,postoperative nasopharynx cancer,비인두암수술후,"비인두암, 수술후 상태",오답,-,C11.9,3,[],stop
1b,upper extremity,상지,위팔,정답(동의어),exact,,2,[],stop
1b,pungji,풍지,풍지(風池),오답,-,,1,[],stop
1b,rolling disease,구름병,회전병,오답,-,,2,[],stop
1b,gantry,간트리,갠트리,오답,-,,1,[],stop
1b,oath of hippocrates,히포크라테스선서,히포크라테스선서,정답(대표),exact,,3,[],stop
1b,transcervical thymectomy,경경부흉선절제술,자궁목 경유 가슴샘 절제,오답,-,,2,[],stop
1b,gonadoadvent,생식샘발생,생식기능출현기,오답,-,,1,[],stop
1b,apicoectomy,근관단절제술,치근첨절제(술),오답,-,,1,[],stop
1b,laparoscopic unilateral salpingo-oophorectomy,복강경편측난관난소절제술,배안보개 이용 한쪽 자궁관난소 적출,오답,-,,3,[],stop
1b,lenticonus,원추수정체,원뿔수정체,정답(동의어),exact,Q12.8,1,[],stop
1b,radiodermatitis,방사선피부염,방사선피부염,정답(대표),exact,L58,1,[],stop
1b,trypanocidal,트리파노소마구충,파동편모충박멸-,오답,-,,1,[],stop
1b,apneusis,호흡정지,지속들숨,오답,-,,1,[],stop
1b,cervico-occipital neuralgia,경후두신경통,목 뒤통수 신경통,오답,-,G52.9,2,[],stop
1b,idiopathic hemihypertrophy,특발성반비대,특발성 편측비대증,오답,-,Q68.8,2,[],stop
1b,ventricular asynergy,심실비동력,심실협동불능(증),오답,-,,2,[],stop
1b,angioma cavernosum,해면상혈관종,해면혈관종,오답,-,,2,[],stop
1b,defervescence,해열,해열,정답(대표),exact,,1,[],stop
1b,paraffinoma,파라핀종,파라핀종,정답(대표),exact,T88.8,1,[],stop
1b,metarubricyte,정적혈구,후적혈구,오답,-,,1,[],stop
1b,spondylopathy,,척추병(증),형식실패,-,M45-M49,1,['missing_row'],stop
1b,posterior thoracic fusion,후방 흉부 융합술,뒷쪽 가슴척추 유합,오답,-,,3,[],stop
1b,thymopoietin,티모포이에틴,티모포이에틴,정답(대표),exact,,1,[],stop
1b,triaging,분류,중증도 분류,오답,-,,1,[],stop
1b,manage immobilizer care,고정장치 관리,부동간호 관리,오답,-,,3,[],stop
1b,non-exudative,비삼출성,삼출되지않은,오답,-,,1,[],stop
1b,endemic disease,풍토병,풍토병,정답(대표),exact,,2,[],stop
1b,teach personal care,개인 위생 교육,개인간호 교육,오답,-,,3,[],stop
1b,aortic(valve) stenosis,대동맥(판막) 협착증,대동맥판협착,오답,-,I35.0,2,['bad_chars'],stop
1b,gastradenitis,위선염,위샘염,오답,-,,1,[],stop
1b,tumor-specific antigen,종양 특이 항원,종양특이항원,정답(대표),nospace,,2,[],stop
1b,inspirator,흡입기,흡입기,정답(대표),exact,,1,[],stop
1b,breathing bag reservoir,호흡백 저수조,호흡주머니,오답,-,,3,[],stop
1b,colonic serosa,결장 장막,잘록창자장막층,오답,-,,2,[],stop
1b,perform infection control,감염 관리 수행,감염통제 수행,오답,-,,3,[],stop
1b,orofaciodigital syndrome,구안지증후군,구안지 증후군,정답(대표),nospace,Q87.0,2,[],stop
1b,coffin-siris syndrome,코핀-시리스 증후군,코핀-시리스 증후군,정답(대표),exact,Q87.5,2,[],stop
1b,echinocyte,극적혈구,톱니적혈구,오답,-,,1,[],stop
1b,posterior cordectomy,후방 성대절제술,뒷쪽 성대 절제,오답,-,,2,[],stop
1b,pulex,벼룩,벼룩(속),오답,-,,1,[],stop
1b,vulvovaginal,외음질의,음문질-,오답,-,,1,[],stop
1b,arthroplasty of foot,족부 관절성형술,발의 관절 성형,오답,-,,3,[],stop
1b,motor fiber,운동 섬유,운동신경섬유,정답(동의어),nospace,,2,[],stop
1b,costal angle,늑골각,갈비뼈각,정답(동의어),exact,,2,[],stop
1b,cranial dermal sinus,두개 피부 동,뇌피부동,오답,-,L05.9,3,[],stop
1b,naevus portwine,포도주색 모반,포도주색 모반,정답(대표),exact,Q82.5,2,[],stop
1b,parovarian cystoma,난관旁 낭종,난소위체낭,오답,-,Q50.4,2,[],stop
1b,pressure suit,압력복,가압복,오답,-,,2,[],stop
1b,dural avf,경막 동정맥루,경막의 동정맥루,정답(동의어),nospace,I67.1,2,[],stop
1b,nonoperculated egg,비개폐란,무난개충란,오답,-,,2,[],stop
1b,pharynx,인두,인두,정답(대표),exact,,1,[],stop
1b,macrocytic anemia,대적혈구성 빈혈,큰적혈구빈혈,오답,-,D52.9,2,[],stop
1b,scorbutic ulcer,괴혈병성 궤양,괴혈병궤양,오답,-,,2,[],stop
1b,rodent ulcer,침식성 궤양,잠식궤양,오답,-,,2,[],stop
1b,pyrexia during labour,분만중 발열,출산중 발열,오답,-,O75.2,3,[],stop
1b,myoclonia fibrillaris multiplex,다발성 섬유성 근간대성 경련,다발잔떨림근대성대발작,오답,-,,3,[],stop
1b,epiduroscopic neuroplasty,경막외강 내시경 신경유리술,내시경적 경막외강 신경성형술,오답,-,,2,[],stop
1b,cold pack,냉습포,찬물 주머니,오답,-,,2,[],stop
1b,vibratory auscultation,진동 청진,진동청진,정답(대표),nospace,,2,[],stop
1b,long labor,지연 분만,지연 진통,오답,-,O63,2,[],stop
1b,bionator,바이오네이터,바이오네이터,정답(대표),exact,,1,[],stop
1b,assess hospice,호스피스 평가,호스피스 사정,오답,-,,2,[],stop
1b,hypofunction,기능 저하,기능저하,정답(대표),nospace,,1,[],stop
1b,microsomia,소체증,작은몸증,오답,-,,1,[],stop
1b,lymphopoiesis,림프구 생성,림프구형성,오답,-,,1,[],stop
1b,eurytrema pancreaticum,췌장흡충,췌질,오답,-,,2,[],stop
1b,arm-to-retina circulation time,상완-망막 순환시간,팔망막순환시간,오답,-,,3,[],stop
1b,laryngeal nodule,후두 결절,후두결절,정답(대표),nospace,J38.7,2,[],stop
1b,evacuation of empyema,농흉 배농술,축농 제거,오답,-,,3,[],stop
1b,toxic cardiopathy,독성 심질환,독성심장병(증),오답,-,,2,[],stop
1b,hyposegmentation,저분엽증,저분절증,오답,-,,1,[],stop
1b,cabot ring bodies,카보트환,카보트고리소체,오답,-,,3,[],stop
1b,pilomatrixoma,모기질종,털바탕질종,정답(동의어),exact,D23.9,1,[],stop
1b,micromanipulation,미세조작,미세조작(술),오답,-,,1,[],stop
1b,autonomic bladder,자율방광,자율방광,정답(대표),exact,,2,[],stop
1b,fistula of gallbladder,담낭루,담낭의 누공,오답,-,K82.3,3,[],stop
1b,direct coombs test,직접 쿰스시험,직접쿰즈검사,오답,-,,3,[],stop
1b,pit carries,와동 우식,오목부분 우식,오답,-,K02.8,2,[],stop
1b,sarcoma of lung,폐육종,폐 육종,정답(대표),nospace,C34.99,3,[],stop
1b,assess enema,관장 평가,관장 사정,오답,-,,2,[],stop
1b,dyslipoproteinemia,이상지단백혈증,이상지질단백혈증,오답,-,,1,[],stop
1b,interfascicular graft,속다발간 이식,다발사이이식,오답,-,,2,[],stop
1b,ossidesmosis,골성유착증,힘줄뼈되기,오답,-,,1,[],stop
1b,multidrug resistance,다제내성,다약제내성,오답,-,,2,[],stop
1b,dislocation of wrist,손목탈구,손목의 탈구,오답,-,S63.0,3,[],stop
1b,horopter,단일시,단일시궤도,오답,-,,1,[],stop
1b,enteral feeding,장관영양,위장관영양,오답,-,,2,[],stop
1b,fall risk deteriorated,낙상 위험 악화,낙상 위험성 악화됨,오답,-,,3,[],stop
1b,rothmund thomson syndrome,로트문트-톰슨 증후군,로트문드 톰슨 증후군,오답,-,Q82.8,3,[],stop
1b,amputation of cervix,자궁경부 절단술,자궁목 절단,오답,-,,3,[],stop
1b,extrachromosomal inheritance,염색체외 유전,염색체외유전,정답(대표),nospace,,2,[],stop
1b,sao paulo fever,상파울루 열,상파울로열,오답,-,A77.0,3,[],stop
1b,bubbling rale,수포음,끓는거품소리,오답,-,,2,[],stop
1b,alpha thalassemia,알파 지중해빈혈,알파 지중해빈혈,정답(대표),exact,D56.0,2,[],stop
1b,refractive accomodative esotropia,굴절성 조절내사시,굴절조절 내사시,오답,-,H50.0,3,[],stop
1b,oxidizing color,산화 색소,산화염료,오답,-,,2,[],stop
1b,stump hallucination,단지환각,절단끝환각,오답,-,,2,[],stop
1b,platelet,혈소판,혈소판,정답(대표),exact,,1,[],stop
1b,thyroid notch,갑상연절흔,방패패임,오답,-,,2,[],stop
1b,binaural,양이,양귀-,오답,-,,1,[],stop
1b,dermatopathic lymphadenopathy,피부병성 림프절병증,피부병림프절병(증),오답,-,,2,[],stop
1b,supporting spiritual rituals,영적 의식 지원,영적의식 지지하기,오답,-,,3,[],stop
1b,endovascular ultrasonography,혈관내 초음파검사,혈관내 초음파촬영,오답,-,,2,[],stop
1b,laceration of back,등열상,등 열상,정답(대표),nospace,S21.2,3,[],stop
1b,patent medicine,특허 의약품,특허약,오답,-,,2,[],stop
1b,fiberoptic endoscopic,섬유내시경,광섬유내시경,오답,-,,2,[],stop
1b,triketohydrindene hydrate test,닌히드린시험,닌히드린검사,오답,-,,3,[],stop
1b,odontoprisis,치아마모증,이갈기,오답,-,,1,[],stop
1b,suprapubic prostatectomy,치골상 전립선절제술,두덩뼈 위쪽 경유 전립샘 절제,오답,-,,2,[],stop
1b,functional enuresis,기능성 야뇨증,기능성 유뇨증,오답,-,F98.0,2,[],stop
1b,angiohyalinosis,혈관유리양변성,혈관유리질증,오답,-,,1,[],stop
1b,muscle flap,근육판,근(육)판,오답,-,,2,[],stop
1b,von hippel-lindau disease,폰 히펠-린다우병,폰히펠-린다우병,정답(대표),nospace,,3,[],stop
1b,bidiscoidal placenta,이원반태반,두원반태반,오답,-,,2,[],stop
1b,graves' ophthalmopathy,그레이브스 안병증,그레이브스 눈병증,오답,-,E05.0&H06.2,2,[],stop
1b,enterotoxin,장독소,창자독소,정답(동의어),exact,,1,[],stop
1b,di guglielmo's disease,디 구글리엘모병,디구글리엘모병,정답(대표),nospace,C94.0,3,[],stop
1b,deep mycosis,심부 진균증,심재성 진균증,오답,-,B48.8,2,[],stop
1b,micromovement,미세운동,미세운동,정답(대표),exact,,1,[],stop
1b,immunodiagnostic method,면역진단법,면역진단법,정답(대표),exact,,2,[],stop
1b,abdominal wall strained,,배벽 긴장,형식실패,-,,3,['missing_row'],stop
1b,operative cholangiography,,수술쓸개관조영(술),형식실패,-,,2,['missing_row'],stop
1b,analgesia dolorosa,,무감각부위통증,형식실패,-,,2,['missing_row'],stop
1b,non-infected,,감염되지않은,형식실패,-,,1,['missing_row'],stop
1b,transurethral intravesical electrotherapy,,요도경유방광속전기요법,형식실패,-,,3,['missing_row'],stop
1b,ineffective protection,,비효율적 방어능력,형식실패,-,,2,['missing_row'],stop
1b,lienorenal,,지라콩팥-,형식실패,-,,1,['missing_row'],stop
1b,biceps femoris muscle,,넙다리두갈래근,형식실패,-,,3,['missing_row'],stop
1b,mamillitis,,유두염,형식실패,-,,1,['missing_row'],stop
1b,colpocystocele,,질방광탈출(증),형식실패,-,,1,['missing_row'],stop
1b,unequal limb length,,사지길이부동증,형식실패,-,,3,['missing_row'],stop
1b,hemocytometry,,혈구계수(법),형식실패,-,,1,['missing_row'],stop
1b,annulospiral ending,,고리나선신경종말,형식실패,-,,2,['missing_row'],stop
1b,monopolar depression,,단극성 우울병,형식실패,-,F32.9,2,['missing_row'],stop
1b,closed reduction,,비개방정복(술),형식실패,-,,2,['missing_row'],stop
1b,tingling,,저림,형식실패,-,,1,['missing_row'],stop
1b,protrusive position,,전방위,형식실패,-,,2,['missing_row'],stop
1b,imitative attitude,,모방태도,형식실패,-,,2,['missing_row'],stop
1b,grain itch,,곡물 소양증,형식실패,-,B88.0,2,['missing_row'],stop
1b,puborectalis muscle,,두덩곧창자근,형식실패,-,,2,['missing_row'],stop
1b,ulcerlike nud,,궤양성 비궤양성 소화불량,형식실패,-,K30,2,['missing_row'],stop
1b,core decompression,,중핵감압,형식실패,-,,2,['missing_row'],stop
1b,diving reflex,,잠수반사,형식실패,-,,2,['missing_row'],stop
1b,operative ultrasound,,수술중초음파검사,형식실패,-,,2,['missing_row'],stop
1b,sign,,징후,형식실패,-,,1,['missing_row'],stop
1b,dopa-responsive dystonia,,도파-반응성 근긴장이상,형식실패,-,G24.8,2,['missing_row'],stop
1b,urethroscopic surgery,,요도경하 수술,형식실패,-,,2,['missing_row'],stop
1b,endometrial stromal sarcoma,,자궁내막버팀질육종,형식실패,-,,3,['missing_row'],stop
1b,polymyalgia rheumatica,,류마티스성 다발근통,형식실패,-,M35.3,2,['missing_row'],stop
1b,stenopeic,,가는틈-,형식실패,-,,1,['missing_row'],stop
1b,psychologist - rehabilitation,,심리학자-재활,형식실패,-,,3,['missing_row'],stop
1b,sideroblastic anaemia,,철적혈모구빈혈,형식실패,-,D64.0-D64.3,2,['missing_row'],stop
1b,facial nucleus,,얼굴신경핵,형식실패,-,,2,['missing_row'],stop
1b,buryu,,부류(復溜),형식실패,-,,1,['missing_row'],stop
1b,afterloading technique,,후장진법,형식실패,-,,2,['missing_row'],stop
1b,hepaticostomy,,간관루설치(술),형식실패,-,,1,['missing_row'],stop
1b,turbidometric technique,,혼탁도측정기법,형식실패,-,,2,['missing_row'],stop
1b,chest expiration,,가슴 날숨촬영,형식실패,-,,2,['missing_row'],stop
1b,ballism,,도리깨질(증),형식실패,-,,1,['missing_row'],stop
1b,radioimmunoelectrophoresis,,방사면역전기이동(법),형식실패,-,,1,['missing_row'],stop
1b,flax-dresser disease,,아마포착용자병,형식실패,-,J66.1,2,['missing_row'],stop
1b,ophthalmologic surgical procedures,,안과 수술방법,형식실패,-,,3,['missing_row'],stop
1b,muscle twitch,,근육 경련,형식실패,-,,2,['missing_row'],stop
1b,anaphylactoid crisis,,아나필락시스유사위기,형식실패,-,,2,['missing_row'],stop
1b,paraphilia,,성도착(증),형식실패,-,,1,['missing_row'],stop
1b,alcohol swab,,알코올솜,형식실패,-,,2,['missing_row'],stop
1b,cholelithiasis,,담석증,형식실패,-,K80,1,['missing_row'],stop
1b,activity grade,,활동정도,형식실패,-,,2,['missing_row'],stop
1b,suprameatal foveola,,바깥귀길위오목,형식실패,-,,2,['missing_row'],stop
1b,solenopsis invicta,,불개미,형식실패,-,,2,['missing_row'],stop
1b,petrooccipital fissure,바위후두열,바위뒤통수틈새,오답,-,,2,[],stop
1b,stratified randomization,층화무작위배정,층별무작위배정(법),오답,-,,2,[],stop
1b,factor viii,제8인자,제8인자,정답(대표),exact,,2,[],stop
1b,negative pressure,음압,음압,정답(대표),exact,,2,[],stop
1b,autonomic insufficiency,자율신경부전,자율신경부전,정답(대표),exact,,2,[],stop
1b,brachiocephalic trunk,상완두부동맥줄기,팔머리동맥,오답,-,,2,[],stop
1b,fenestrated capillary,창공모세혈관,창문모세혈관,오답,-,,2,[],stop
1b,antivitamin,항비타민,항비타민물질,오답,-,,1,[],stop
1b,x-ray illumination,엑스선 조사,X선필름판독대,오답,-,,2,[],stop
1b,calomel,감로,감홍,오답,-,,1,[],stop
1b,major amblyoscope,대형 약시경,대형 약시경,정답(대표),exact,,2,[],stop
1b,bilateral palatine tonsils,양측 구개편도,양측 목구멍 편도,오답,-,,3,[],stop
1b,thyroid nodule,갑상선결절,갑상선소결절,오답,-,,2,[],stop
1b,ancylostoma ceylanicum,실론구충,실론구충,정답(대표),exact,,2,[],stop
1b,ataxic hemiparesis,실조성반마비,실조성반부전마비,오답,-,,2,[],stop
1b,tubular maximum,세뇨관최대,요세관최대값,오답,-,,2,[],stop
1b,meckel's imaging,메켈영상,메켈스 스캔,오답,-,,2,[],stop
1b,pallister-killian syndrome,팔리스터-킬리안 증후군,팰리스터-킬리언 증후군,정답(동의어),exact,Q99.8,2,[],stop
1b,uncovertebral,후관절,갈고리돌기-,오답,-,,1,[],stop
1b,hyperlipidaemia,고지질혈증,고지혈증,오답,-,,1,[],stop
1b,nuclear polyhedrosis virus,핵다각체병 바이러스,핵다면체형성바이러스,오답,-,,3,[],stop
1b,transluminal coronary atherectomy,경관상동맥죽상반제거술,내강경유 심장혈관 죽종절제,오답,-,,3,[],stop
1b,epigastric artery,상복벽동맥,배벽동맥,오답,-,,2,[],stop
1b,frontal suture,전두봉합,이마봉합선,오답,-,,2,[],stop
1b,supernumeric impacted tooth,과잉 매복치,과잉매복치,정답(대표),nospace,K01.18,3,[],stop
1b,androgenic alopecia,남성형 탈모증,안드로젠탈모증,오답,-,L64,2,[],stop
1b,oil red,오일 레드,오일레드,정답(대표),nospace,,2,[],stop
1b,counterfeit disease,위조질환,꾀병,오답,-,,2,[],stop
1b,primary amnion,일차 양막,원시양막,오답,-,,2,[],stop
1b,entire nasal septum,전비중격,온코사이막,오답,-,,3,[],stop
1b,first filial generation,제1자손세대,일대잡종,오답,-,,3,[],stop
1b,pleurothecal anastomosis,흉막초문합,가슴막-척수막 연결,오답,-,,2,[],stop
1b,nodular sclerosis,결절성 경화증,결절경화,오답,-,,2,[],stop
1b,multicystic kidney disease,다낭성 신질환,다낭신장병,오답,-,Q61.4,3,[],stop
1b,qrs widened,QRS 확장,큐알에스(QRS) 넓힘,오답,-,,2,['bad_chars'],stop
1b,thymus,흉선,가슴샘,정답(동의어),exact,,1,[],stop
1b,blastomyces,블라스토미세스,분아진균(속),오답,-,,1,[],stop
1b,assess breastfeeding support,모유 수유 지원 평가,모유수유지지 사정,오답,-,,3,[],stop
1b,postpartum afibrinogenemia,산후 무섬유소원혈증,분만후 무피브리노젠혈증,오답,-,O72.3,2,[],stop
1b,plantar flexion,족저굴곡,발바닥쪽 굽힘,오답,-,,2,[],stop
1b,mediterranean tick fever,지중해진드기열,지중해진드기열,정답(대표),exact,A77.1,3,[],stop
1b,frolement,프롤르망,미세마찰음,오답,-,,1,[],stop
1b,septal angle,중격각,코중격각,오답,-,,2,[],stop
1b,hyperestrinism,고에스트로겐혈증,여성호르몬과다(증),정답(동의어),exact,,1,[],stop
1b,laryngopharyngitis,후두인두염,후두인두염,정답(대표),exact,,1,[],stop
1b,bacteriocin,박테리오신,박테리오신,정답(대표),exact,,1,[],stop
1b,intromission,삽입,삽입,정답(대표),exact,,1,[],stop
1b,drug-induced,약물유발성,약물유발-,오답,-,,1,[],stop
1b,semidirected lead,반유도성 유도,반직접유도,오답,-,,2,[],stop
1b,sirenomelia syndrome,인어증후군,인어다리 증후군,오답,-,Q87.2,2,[],stop
1b,delay procedure,시술 지연,지연처치,오답,-,,2,[],stop
1b,proacrosomal granule,전체두립과립,풋첨단체과립,오답,-,,2,[],stop
1b,intramuscular nerve stimulation,근육내 신경 자극,근육내신경자극치료,오답,-,,3,[],stop
1b,hyperthyroxinemia,고티록신혈증,고티록신혈증,정답(대표),exact,,1,[],stop
1b,subpapillary arterial network,유두하 동맥망,유두밑동맥그물,정답(동의어),nospace,,3,[],stop
1b,picture frustration test,도형 좌절 검사,그림좌절검사,오답,-,,3,[],stop
1b,transistor hearing aid,트랜지스터 보청기,트랜지스터보청기,정답(대표),nospace,,3,[],stop
1b,rodenticide,설치제,살서제,오답,-,,1,[],stop
1b,adjustable suture,조절 봉합,조정봉합,오답,-,,2,[],stop
1b,vaginography,질조영술,질조영(술),오답,-,,1,[],stop
1b,intermedia thalassaemia,중간형 지중해빈혈,중간형 지중해빈혈,정답(대표),exact,D56.1,2,[],stop
1b,window defect,창 결손,창문비침,오답,-,,2,[],stop
1b,dendritic spine,수상돌기 가시,수지상극,오답,-,,2,[],stop
1b,frontosphenoesthmoidectomy,전두접형사골절제술,이마나비사골동절제술,오답,-,,1,[],stop
1b,radiodigital,방사선 디지털,노손가락-,오답,-,,1,[],stop
1b,membranous endometritis,막성 자궁내막염,막자궁내막염,오답,-,,2,[],stop
1b,phosphene,인광,섬광시,오답,-,,1,[],stop
1b,status thymicus,흉선 상태,가슴샘체질,오답,-,,2,[],stop
1b,hot bag,온열 주머니,더운물 주머니,오답,-,,2,[],stop
1b,blood tinged sputum,혈성 객담,혈액흔적가래,오답,-,,3,[],stop
1b,atlas-axis spinal fusion,환축축추 척주 융합술,고리뼈-중쇠뼈 척추 유합,오답,-,,3,[],stop
1b,dorsal vein arterialization,등쪽 정맥 동맥화,배측 정맥 동맥혈화,오답,-,,3,[],stop
1b,auriculotemporal nerve,이두측두신경,귓바퀴관자신경,오답,-,,2,[],stop
1b,bilaminar vitelline placenta,이층 난황 태반,두겹난황태반,오답,-,,3,[],stop
1b,prostatodynia,전립통,전립샘통증,오답,-,N42.8,1,[],stop
1b,internal carotid angiography,내경동맥 조영술,두경부동맥조영-내경동맥,오답,-,,3,[],stop
1b,tense,긴장된,긴장-,오답,-,,1,[],stop
1b,venule,세정맥,세정맥,정답(대표),exact,,1,[],stop
1b,speech loss,언어 상실,언어 손실,오답,-,,2,[],stop
1b,sex cord-stromal tumor,성삭-기질 종양,성끈기질종양,오답,-,,3,[],stop
1b,hammerhead ribozyme,망치머리 리보자임,망치머리형리보자임,오답,-,,2,[],stop
1b,mucopurulent,점액농성,점액고름-,오답,-,,1,[],stop
1b,gastroenteritis paratyphosa,파라장티푸스 위장염,파라티푸스위창자염,오답,-,,2,[],stop
1b,instep island flap,족배도 피판,안쪽발바닥섬피판,오답,-,,3,[],stop
1b,tzanck smear test,징크 도말 검사,장크도말검사,오답,-,,3,[],stop
1b,periarthritis of wrist,손목 관절주위염,손목의 관절주위염,오답,-,M77.2,3,[],stop
1b,plain radiograph,단순 방사선 사진,단순방사선사진,정답(대표),nospace,,2,[],stop
1b,small-and light-for-dates,작고 가벼운 미숙아,과소 및 과소체중아,오답,-,P05.1,2,[],stop
1b,oncofetal,종류태아성,종양태아-,오답,-,,1,[],stop
1b,cardiac pet-ct,심장 PET-CT,심장 양전자방출단층촬영술,오답,-,,2,['bad_chars'],stop
1b,ureteropelvic junction,요관신우 접합부,요관깔때기이음부,오답,-,,2,[],stop
1b,kub left lateral,KUB 좌측면,"콩팥요관방광촬영, 왼쪽측방향",오답,-,,3,['bad_chars'],stop
1b,assess pulmonary care,폐 간호 평가,호흡기계간호 사정,오답,-,,3,[],stop
1b,continuous,지속적인,연속-,오답,-,,1,[],stop
1b,potential doubling time,잠재적 배가 시간,잠재배가시간,오답,-,,3,[],stop
1b,uremic convulsion,요독성 경련,요독경련,오답,-,,2,[],stop
1b,ulcerative gingivitis (chronic),궤양성 치은염(만성),궤양성 치은염(잇몸염)(만성),오답,-,,3,['bad_chars'],stop
1b,diffusing capacity,확산 능력,확산능,오답,-,,2,[],stop
1b,mutiple myeloma,다발성 골수종,다발성 골수종,정답(대표),exact,C90.0,2,[],stop
1b,diastasimetry,이완 측정법,녹말효소측정법,오답,-,,1,[],stop
1b,tuning fork,음차,소리굽쇠,정답(동의어),exact,,2,[],stop
1b,affectivity,감정성,정동성,오답,-,,1,[],stop
1b,guinea pig,기니피그,기니피그,정답(대표),exact,,2,[],stop
1b,ricinism,리신 중독,리신증,오답,-,,1,[],stop
1b,m line,M선,중간가로막,오답,-,,2,['bad_chars'],stop
1b,zoe filling,조이 충전,치아진정처치,오답,-,,2,[],stop
1b,monorchidism,단고환증,홑고환증,오답,-,Q55.0,1,[],stop
1b,elongation,신장,신장,정답(대표),exact,,1,[],stop
1b,chorea gravidarum,임신성 무도병,임신무도병,오답,-,,2,[],stop
1b,excitometabolic,흥분대사성,대사촉진-,오답,-,,1,[],stop
1b,deforming dorsopathies,변형성 등질환,변형성 등병증,오답,-,M40-M43,2,[],stop
1b,cirsophthalmia,안정맥류,결막정맥류,오답,-,,1,[],stop
1b,ladder splint,사다리 부목,사다리형덧대,오답,-,,2,[],stop
1b,paraduodenal fold,십이지장옆 주름,샘창자옆주름,오답,-,,2,[],stop
1b,ctha and ctap,CTHA 및 CTAP,컴퓨터 단층촬영 간 동맥조영술과 컴퓨터 단층촬영 문맥조영술,오답,-,,3,['bad_chars'],stop
1b,functional ileus,기능적 장폐색,기능창자막힘증,오답,-,,2,[],stop
1b,fundus photography,안저 사진,안저사진,정답(대표),nospace,,2,[],stop
1b,supraspinous,극상,가시끝-,오답,-,,1,[],stop
1b,absolute scotoma,절대 암점,절대암점,정답(대표),nospace,,2,[],stop
1b,bougienage of esophagus,식도 부지에술,식도 부우지법,오답,-,,3,[],stop
1b,heart excess patterns,심실증,심실증,정답(대표),exact,U67,3,[],stop
1b,schistasis,분열,갈림증,오답,-,,1,[],stop
1b,cardiodiaphragmatic angle,심장횡격막각,심장가로막각,정답(동의어),exact,,2,[],stop
1b,extra-abdominal,복부외,복부외-,오답,-,,1,[],stop
1b,single outlet heart,단일 유출로 심장,단일유출로심장,정답(대표),nospace,,3,[],stop
1b,trichroism,삼색성,삼색상,오답,-,,1,[],stop
1b,diabetic coma,당뇨병성 혼수,당뇨 혼수,오답,-,,2,[],stop
1b,hemopleuropneumonic syndrome,혈흉늑막폐렴 증후군,혈액가슴막폐렴증후군,오답,-,,2,[],stop
1b,vaccination against staphylococcus,포도상구극 예방접종,포도구균 예방접종,오답,-,,3,[],stop
1b,prootic,전이골의,귀앞-,오답,-,,1,[],stop
1b,linear craniectomy,선형 두개절제술,선상 머리뼈 절제,오답,-,,2,[],stop
1b,endoscopic retrograde pancreatography,내시경 역행성 췌장조영술,내시경역행이자관조영(술),오답,-,,3,[],stop
1b,idiotype-anti-idiotype network,이디오타입-항이디오타입 네트워크,개별특이형항체조절망,오답,-,,2,[],stop
1b,grafting,이식,이식,정답(대표),exact,,1,[],stop
1b,clostridium histolyticum,용해성 클로스트리듐,클로스트리듐히스톨리티쿰,오답,-,,2,[],stop
1b,revaccination,재접종,재접종,정답(대표),exact,,1,[],stop
1b,open-chain compound,개환 화합물,열린사슬화합물,오답,-,,2,[],stop
1b,tetrastichiasis,사열모증,네줄속눈썹(증),오답,-,,1,[],stop
1b,pseudomonas aeruginosa,녹농균,녹농균,정답(대표),exact,,2,[],stop
1b,supratentorial neoplasms,천막상 종양,천막위 신생물,오답,-,,2,[],stop
1b,root pain,근통,신경뿌리통증,오답,-,,2,[],stop
1b,volume elasticity coefficient,용적 탄성 계수,용적탄력률,오답,-,,3,[],stop
1b,vaginal discharge,질 분비물,대하,오답,-,N89.8,2,[],stop
1b,plating method,도금법,평판배양법,오답,-,,2,[],stop
1b,breast stereotactic biopsy,유방 정위 생검,유방 입체정위 생검술,오답,-,,3,[],stop
1b,revision septoplasty,교정 비중격성형술,교정 사이막성형술,오답,-,,2,[],stop
1b,medial nasal prominence,내비돌기,내측비융기,오답,-,,3,[],stop
1b,genital infection fungal,진균성 생식기 감염,생식 기관 곰팡이 감염,오답,-,,3,[],stop
1b,syncytial,융합체성,합포체-,오답,-,,1,[],stop
1b,arsenic mirror,비소 거울,코거울,오답,-,,2,[],stop
1b,milieu therapy,환경요법,환경 치료요법,오답,-,,2,[],stop
1b,palpating,촉진,촉진하기,오답,-,,1,[],stop
1b,bony excrescence,골성 돌기,뼈이상돌출,오답,-,,2,[],stop
1b,rosacea,주사,주사,정답(대표),exact,L71,1,[],stop
1b,general microbiology test,일반미생물검사,일반미생물 검사,정답(대표),nospace,,3,[],stop
1b,adenomatosis of colon,결장선종증,결장의 선종증,오답,-,D12.6,3,[],stop
1b,primary mover,주동근,주작용근,오답,-,,2,[],stop
1b,endolymphatic duct,내림프관,속림프관,정답(동의어),exact,,2,[],stop
1b,heteropolysaccharide,이종다당류,이종다당류,정답(대표),exact,,1,[],stop
1b,bird-shot chorioretinopathy,조류탄망맥락막병증,산탄맥락망막병(증),오답,-,,2,[],stop
1b,lipomelanotic reticulosis,지방흑색망상세포증,지방흑색증성 세망증,오답,-,I89.8,2,[],stop
1b,peritomy,각막연절제술,윤부결막절개(술),오답,-,,1,[],stop
1b,ocular prosthesis,안구의안,의안,오답,-,,2,[],stop
1b,hearing impairment,청각장애,청각 부전,정답(동의어),exact,H91.9,2,[],stop
1b,pseudoptosis,가성안검하수,거짓눈꺼풀처짐,정답(동의어),exact,H02.48,1,[],stop
1b,hemacytometry,혈구계산,혈구계수,오답,-,,1,[],stop
1b,dental granuloma,치아육아종,뿌리끝육아종,오답,-,,2,[],stop
1b,peritoneal cavity,복막강,배막안,오답,-,,2,[],stop
1b,dry weight,건조중량,투석목표체중,오답,-,,2,[],stop
1b,derangement of patella,슬개골장애,무릎뼈의 장애,오답,-,M22.0-M22.3,3,[],stop
1b,inhalator,흡입기,흡입기,정답(대표),exact,,1,[],stop
1b,mastadenitis,유선염,젖샘염,정답(동의어),exact,,1,[],stop
1b,positioned flap,위치피판,판막이동수술,오답,-,,2,[],stop
1b,naegleria fowleri,네이글레리아 파울레리,파울러자유아메바,오답,-,,2,[],stop
1b,head wind,맞바람,두풍 ; 뇌풍,오답,-,R51,2,[],stop
1b,ecdysis,탈피,허물벗기,정답(동의어),exact,,1,[],stop
1b,tuning curve,조정곡선,동조곡선,오답,-,,2,[],stop
1b,z-plasty,Z성형술,Z성형(술),오답,-,,1,['bad_chars'],stop
1b,melanidrosis,흑한증,흑색땀증,정답(동의어),exact,,1,[],stop
1b,rotational irradiation coach,회전방사조사 코치,회전방사선치료대,오답,-,,3,[],stop
1b,glycophorin,글리코포린,글리코포린,정답(대표),exact,,1,[],stop
1b,traveling clinic,이동진료,이동진료소,오답,-,,2,[],stop
1b,ischial tuberosity structure,좌골결절구조물,궁둥뼈결절,오답,-,,3,[],stop
1b,tubular reabsorption,세뇨관재흡수,요세관재흡수,오답,-,,2,[],stop
1b,suggillation,반상출혈,광범피부밑출혈,오답,-,,1,[],stop
1b,psoriatic spondylitis,건선성척추염,건선척추염,오답,-,M07.2,2,[],stop
1b,airborne infection,공기감염,공기매개감염,오답,-,,2,[],stop
1b,syphilogen,매독원충,매독원,오답,-,,1,[],stop
1b,deuterium,중수소,중수소,정답(대표),exact,,1,[],stop
1b,hyeopgye,협계,협계(俠谿),오답,-,,1,[],stop
1b,cystica ureteritis,낭성요관염,낭성 요관염,정답(대표),nospace,N28.8,2,[],stop
1b,vasectomy seekers,정관절제술수요자,정관절제술탐침,오답,-,,2,[],stop
1b,blood donation,헌혈,헌혈,정답(대표),exact,,2,[],stop
1b,splenectomy,비장절제술,비장절제,오답,-,,1,[],stop
1b,bryant's traction,브라이언트견인,브리언트 당김,오답,-,,2,[],stop
1b,cross-face,횡안면,교차얼굴,오답,-,,1,[],stop
1b,anisometropic amblyopia,부동시약시,굴절부등약시,오답,-,H53.01,2,[],stop
1b,mescaline,메스칼린,메스칼린,정답(대표),exact,,1,[],stop
1b,saphenous neuropathy,복재신경병증,복재신경병증,정답(대표),exact,G57.8,2,[],stop
1b,spireme,사상염색체,분산사구,오답,-,,1,[],stop
2A,root pain,신경근통,신경뿌리통증,오답,-,,2,[],stop
2A,plantar flexion,저측 굴곡,발바닥쪽 굽힘,오답,-,,2,[],stop
2A,metagonimus yokogawai,메타고니무스 요코가와이,요코가와흡충,오답,-,,2,[],stop
2A,speech loss,실어증,언어 손실,오답,-,,2,[],stop
2A,syncytial,융합체,합포체-,정답(동의어),exact,,1,[],stop
2A,small-and light-for-dates,태아발육부전아,과소 및 과소체중아,오답,-,P05.1,2,[],stop
2A,lobectomy of lung,폐엽절제술,폐엽 절제,오답,-,,3,[],stop
2A,suprameatal foveola,상이와와오목,바깥귀길위오목,오답,-,,2,[],stop
2A,phlebography,정맥조영술,정맥조영(술),오답,-,,1,[],stop
2A,third ventricle structure,제3뇌실 구조,제3뇌구조,오답,-,,3,[],stop
2A,bidiscoidal placenta,양반모반,두원반태반,오답,-,,2,[],stop
2A,centrolecithal,중심난황,중심난황-,오답,-,,1,[],stop
2A,auriscope,이경,이경,정답(대표),exact,,1,[],stop
2A,rhinoantritis,비강상악동염,코굴염,오답,-,,1,[],stop
2A,lochioschesis,恶露停滞,산후질분비물정체,오답,-,,1,[],stop
2A,cyematocardia,태아심음,태아심음,정답(대표),exact,,1,[],stop
2A,cardiography,심장도법,심장도검사,오답,-,,1,[],stop
2A,postprocedural hypothyroidism,시술 후 갑상선기능저하증,처치후 갑상선기능저하증,오답,-,E89.0,2,[],stop
2A,paramyxoviridae infection,파라믹소바이러스과 감염,파라믹소바이러스 감염,오답,-,B33.8,2,[],stop
2A,hepaticostomy,간관조루술,간관루설치(술),오답,-,,1,[],stop
2A,window defect,창결손,창문비침,오답,-,,2,[],stop
2A,vasa previa,전치혈관,전치 맥관,오답,-,P02.6,2,[],stop
2A,working length distance,근로길이,근관장측정검사,오답,-,,3,[],stop
2A,prolinase,프롤리나아제,프롤린효소,오답,-,,1,[],stop
2A,suture thread,봉합사,봉합사,정답(대표),exact,,2,[],stop
2A,urethrocutaneous fistula,요도피부루,요도피부샛길,정답(동의어),nospace,N36.0,2,[],stop
2A,sign,징후,징후,정답(대표),exact,,1,[],stop
2A,a/s posterior capsulo-labroplasty,후방 관절낭술파열성형술,관절경 후방 피막테두리성형술,오답,-,,3,[],stop
2A,periarthritis of wrist,손목주위염,손목의 관절주위염,오답,-,M77.2,3,[],stop
2A,metarubricyte,정적혈구,후적혈구,오답,-,,1,[],stop
2A,soryo,소료,소료(素髎),오답,-,,1,[],stop
2A,abrasion of flank,측복부 찰과상,옆구리 찰과상,오답,-,S30.8,3,[],stop
2A,scintillating hemianopia,섬광성 반맹,섬광반맹,오답,-,,2,[],stop
2A,chromophilic cell,호색세포,호색소세포,오답,-,,2,[],stop
2A,infantile automatism,영아 자동증,젖먹이자동증,오답,-,,2,[],stop
2A,oath of hippocrates,히포크라테스 선서,히포크라테스선서,정답(대표),nospace,,3,[],stop
2A,pubocapsular,치골관절낭,두덩관절피막-,오답,-,,1,[],stop
2A,hemopleuropneumonic syndrome,혈흉폐렴증후군,혈액가슴막폐렴증후군,오답,-,,2,[],stop
2A,rotational irradiation coach,회전조사 코치,회전방사선치료대,오답,-,,3,[],stop
2A,airborne infection,공기 감염,공기매개감염,오답,-,,2,[],stop
2A,fistula of gallbladder,담낭루,담낭의 누공,오답,-,K82.3,3,[],stop
2A,cardiac murmur,심장잡음,심잡음,오답,-,R01.1,2,[],stop
2A,laryngopharyngitis,후두인두염,후두인두염,정답(대표),exact,,1,[],stop
2A,gantry,개트리,갠트리,오답,-,,1,[],stop
2A,hyperesophoria,상위사시,상내사위,오답,-,,1,[],stop
2A,multicystic renal dysplasia,다낭성 신 이형성증,다낭성 신장의 형성이상,오답,-,Q61.4,3,[],stop
2A,conn adenoma,결절종,콘 샘종,오답,-,,2,[],stop
2A,tinea manuum,수부백선,손백선,오답,-,B35.2,2,[],stop
2A,functional enuresis,기능성 야뇨증,기능성 유뇨증,오답,-,F98.0,2,[],stop
2A,simple dressing,단순 드레싱,단순 처치,오답,-,,2,[],stop
2A,first responder,초기대응자,일차반응자,오답,-,,2,[],stop
2A,abdominal wall strained,복벽염좌,배벽 긴장,오답,-,,3,[],stop
2A,activity grade,활동도,활동정도,오답,-,,2,[],stop
2A,goitrogenic,갑상선종유발성,갑상샘종유발물질-,오답,-,,1,[],stop
2A,myelodysplastic syndromes,골수이형성증후군,골수형성이상증후군,오답,-,D46,2,[],stop
2A,gorei-san,오레이산,오령산,오답,-,,1,[],stop
2A,gallium scan,갈륨 스캔,갈리움 스캔,오답,-,,2,[],stop
2A,blind fistula,맹루,막힌샛길,오답,-,,2,[],stop
2A,radioimmunoelectrophoresis,방사면역전기영동,방사면역전기이동(법),오답,-,,1,[],stop
2A,dilation of rectum,직장확장,곧창자 확장,정답(동의어),nospace,,3,[],stop
2A,exteroceptive stimulus,외자극,외수용자극,오답,-,,2,[],stop
2A,atlas-axis spinal fusion,환축추 유합술,고리뼈-중쇠뼈 척추 유합,오답,-,,3,[],stop
2A,qrs widened,QRS 군 확장,큐알에스(QRS) 넓힘,오답,-,,2,['bad_chars'],stop
2A,esterapenia,에스테라페니아,에스테라아제감소,오답,-,,1,[],stop
2A,major calyx,신우대,큰콩팥잔,오답,-,,2,[],stop
2A,hodgkin disease,호지킨병,호지킨병,정답(대표),exact,,2,[],stop
2A,flushing,홍조,홍조,정답(대표),exact,R23.2,1,[],stop
2A,school childhood,학령기,학령기,정답(대표),exact,,2,[],stop
2A,abdominal palpable mass,복부 촉지종괴,복부 촉지성 종괴,오답,-,,3,[],stop
2A,di guglielmo's disease,디구글리엘모병,디구글리엘모병,정답(대표),exact,C94.0,3,[],stop
2A,jisil,지실,지실(志室),오답,-,,1,[],stop
2A,ascending arm venography,상완 정맥조영술,상지-상행적상지정맥,오답,-,,3,[],stop
2A,pa x-ray,흉부 X선,치근단 방사선촬영,오답,-,,2,['bad_chars'],stop
2A,developmental retardation child,발달지연아,발달 부진아,오답,-,,3,[],stop
2A,digit preference,숫자 선호,끝수선호,오답,-,,2,[],stop
2A,interferential action,간섭 작용,간섭작용,정답(대표),nospace,,2,[],stop
2A,vulvovaginal,외음질,음문질-,오답,-,,1,[],stop
2A,induced malaria,유발 말라리아,접종말라리아,오답,-,,2,[],stop
2A,interfascicular graft,다발 신경다발 이식,다발사이이식,오답,-,,2,[],stop
2A,oxyhydrocephalus,산수두증,뾰족물머리증,오답,-,,1,[],stop
2A,guinea pig,기니피그,기니피그,정답(대표),exact,,2,[],stop
2A,patent medicine,비약,특허약,오답,-,,2,[],stop
2A,congruous field defect,동질성 시야결손,일치시야결손,오답,-,,3,[],stop
2A,peritoneocentesis,복막천자,복막천자,정답(대표),exact,,1,[],stop
2A,self-care deficit,자가간호 결여,자가간호결핍,오답,-,,2,[],stop
2A,autonomic bladder,자율방광,자율방광,정답(대표),exact,,2,[],stop
2A,dry arthritis,건성 관절염,건성관절염,정답(대표),nospace,,2,[],stop
2A,pharynx,인두,인두,정답(대표),exact,,1,[],stop
2A,volume elasticity coefficient,용적탄성계수,용적탄력률,오답,-,,3,[],stop
2A,inverse-ratio ventilation,역비환기,역비환기,정답(대표),exact,,2,[],stop
2A,cystitomy,방광절개술,수정체낭절개(술),오답,-,,1,[],stop
2A,salicylamide,살리실아미드,살리실아마이드,오답,-,,1,[],stop
2A,hemoglobin c,헤모글로빈 C,헤모글로빈C,정답(대표),nospace,,2,['bad_chars'],stop
2A,z-plasty,Z-성형술,Z성형(술),오답,-,,1,['bad_chars'],stop
2A,rash purpuric,자반성 발진,자색반 발진,오답,-,,2,[],stop
2A,mamillitis,유두염,유두염,정답(대표),exact,,1,[],stop
2A,bird-shot chorioretinopathy,조망막병증,산탄맥락망막병(증),오답,-,,2,[],stop
2A,diabetic coma,당뇨병성 혼수,당뇨 혼수,오답,-,,2,[],stop
2A,condensed chromatin,농축 염색질,농축염색질,정답(대표),nospace,,2,[],stop
2A,genu valgum,슬관절 외반,외반슬,오답,-,M21.06,2,[],stop
2A,revision septoplasty,재비중격성형술,교정 사이막성형술,오답,-,,2,[],stop
2A,naevus portwine,포도주색 모반,포도주색 모반,정답(대표),exact,Q82.5,2,[],stop
2A,glissade,활주,글리사드,오답,-,,1,[],stop
2A,psoas shadow,포스근 음영,허리근음영,오답,-,,2,[],stop
2A,splenectomy,비장절제술,비장절제,오답,-,,1,[],stop
2A,antimicrobial eye drop,항균안과용액,항균안약,오답,-,,3,[],stop
2A,salpingography and plasty,난관조영술 및 성형술,난관조영촬영 및 개통술,오답,-,,3,[],stop
2A,clostridium histolyticum,클로스트리듐 히스톨리티쿰,클로스트리듐히스톨리티쿰,정답(대표),nospace,,2,[],stop
2A,anecdotal,일화적,증례서술적,정답(동의어),exact,,1,[],stop
2A,tumor-specific antigen,종양특이항원,종양특이항원,정답(대표),exact,,2,[],stop
2A,schistocephalus,열두절흡충,머리갈림태아,오답,-,,1,[],stop
2A,resecting fracture,절골 골절,깍임골절,오답,-,,2,[],stop
2A,epidermophyton,표피균,표피사상균(속),오답,-,,1,[],stop
2A,microlymphatic graft,미세림프이식편,미세림프절이식,오답,-,,2,[],stop
2A,cardiac pet-ct,심장 PET-CT,심장 양전자방출단층촬영술,오답,-,,2,['bad_chars'],stop
2A,multidrug resistance,다제내성,다약제내성,오답,-,,2,[],stop
2A,puerility,소아기,소아기,정답(대표),exact,,1,[],stop
2A,enteropathic arthritis,장병성 관절염,창자질환성 관절염,오답,-,,2,[],stop
2A,lobomycosis,로보미코시스,로보진균증,오답,-,B48.0,1,[],stop
2A,lamblial dysentery,람블편모충성 이질,람블편모충이질,오답,-,,2,[],stop
2A,ladder splint,사다리 부목,사다리형덧대,오답,-,,2,[],stop
2A,radiostrontium,방사성 스트론튬,방사성스트론튬,정답(대표),nospace,,1,[],stop
2A,deuterium,중수소,중수소,정답(대표),exact,,1,[],stop
2A,deforming dorsopathies,변형성 등골병증,변형성 등병증,오답,-,M40-M43,2,[],stop
2A,nonoperculated egg,비조작란,무난개충란,오답,-,,2,[],stop
2A,holy fire,성황열,에르고트중독증,오답,-,,2,[],stop
2A,sclerosing retroperitonitis,경화성 후복막염,경화뒤배막염,오답,-,,2,[],stop
2A,bilaminar vitelline placenta,이층 난황 태반,두겹난황태반,오답,-,,3,[],stop
2A,dyskeratosis congenita,선천성 각화부전증,선천 이상각화증,오답,-,Q82.8,2,[],stop
2A,flax-dresser disease,아마씨병,아마포착용자병,오답,-,J66.1,2,[],stop
2A,bryant's traction,브라이언트 견인,브리언트 당김,오답,-,,2,[],stop
2A,endemic disease,풍토병,풍토병,정답(대표),exact,,2,[],stop
2A,annular nucleus,고리핵,고리핵,정답(대표),exact,,2,[],stop
2A,pseudoptosis,가하수,거짓눈꺼풀처짐,오답,-,H02.48,1,[],stop
2A,throat pruritus,인두소양증,목구멍 가려움증,오답,-,,2,[],stop
2A,endoenteritis,장내염,창자점막염,오답,-,,1,[],stop
2A,deep mycosis,심부진균증,심재성 진균증,오답,-,B48.8,2,[],stop
2A,hydrometra,자궁수혈,물자궁증,오답,-,N85.8,1,[],stop
2A,osteochondroma,골연골종,뼈연골종,정답(동의어),exact,,1,[],stop
2A,stratified randomization,층화무작위배정,층별무작위배정(법),오답,-,,2,[],stop
2A,corticobasal degeneration,피질기저핵 변성,겉질기저 변성,오답,-,,2,[],stop
2A,heart rate variability,심박수 변동성,심박변이도,오답,-,,3,[],stop
2A,intromission,삽입,삽입,정답(대표),exact,,1,[],stop
2A,drug-induced,약물유발성,약물유발-,오답,-,,1,[],stop
2A,ossidesmosis,골유합,힘줄뼈되기,오답,-,,1,[],stop
2A,binaural,양이성,양귀-,오답,-,,1,[],stop
2A,extrachromosomal inheritance,염색체외 유전,염색체외유전,정답(대표),nospace,,2,[],stop
2A,onychopathy,조갑질환,손발톱병(증),오답,-,,1,[],stop
2A,ionometer,이온계,이온화선량계,오답,-,,1,[],stop
2A,double-barreled aorta,이중대동맥,이중관대동맥,오답,-,,2,[],stop
2A,lipomelanotic reticulosis,지방흑색망상증,지방흑색증성 세망증,오답,-,I89.8,2,[],stop
2A,muscle twitch,근육 수축,근육 경련,오답,-,,2,[],stop
2A,psychosocial development,심리사회적 발달,정신사회발달,오답,-,,2,[],stop
2A,ulcerlike nud,궤양성 결절,궤양성 비궤양성 소화불량,오답,-,K30,2,[],stop
2A,nodular fasciitis,결절성 근막염,결절 근막염,오답,-,M72.4,2,[],stop
2A,homogeneous,균질성,균일,오답,-,,1,[],stop
2A,altered uterine contractions,자궁수축이상,자궁수축 변화,오답,-,,3,[],stop
2A,pyrexia during labour,분만 중 발열,출산중 발열,오답,-,O75.2,3,[],stop
2A,a/s capsulectomy,전낭적출술,관절경적 피막절제술,오답,-,,2,[],stop
2A,superexcitation,과흥분,과도흥분,오답,-,,1,[],stop
2A,bony excrescence,골극,뼈이상돌출,오답,-,,2,[],stop
2A,coupling color,결합 색,커플링염료,오답,-,,2,[],stop
2A,phlebitis and thrombophlebitis,정맥염 및 혈전성 정맥염,정맥염 및 혈전정맥염,오답,-,I80,3,[],stop
2A,breath holding spell,호흡 정지 발작,숨참기발작,오답,-,R06.8,3,[],stop
2A,extroverted personality,외향적 성격,외향인격,오답,-,,2,[],stop
2A,enterotoxin,장독소,창자독소,정답(동의어),exact,,1,[],stop
2A,linear craniectomy,선형 두개절제술,선상 머리뼈 절제,오답,-,,2,[],stop
2A,diving reflex,잠수반사,잠수반사,정답(대표),exact,,2,[],stop
2A,thymus,흉선,가슴샘,정답(동의어),exact,,1,[],stop
2A,pseudoepicanthus,가성내안각피개,거짓눈구석주름,오답,-,,1,[],stop
2A,in utero,자궁 내,자궁내,정답(대표),nospace,,2,[],stop
2A,epidermolysis bullosa dystrophica,영양성 수포성 표피박리증,디스트로피성 수포성 표피박리증,오답,-,Q81.2,3,[],stop
2A,functional ileus,기능적 장폐색,기능창자막힘증,오답,-,,2,[],stop
2A,colonic serosa,결장장막,잘록창자장막층,오답,-,,2,[],stop
2A,sideroblastic anaemia,철아구성 빈혈,철적혈모구빈혈,오답,-,D64.0-D64.3,2,[],stop
2A,prandial,식사시,식사-,오답,-,,1,[],stop
2A,infanthood,영아기,영아기,정답(대표),exact,,1,[],stop
2A,rothmund thomson syndrome,로트문트-톰슨 증후군,로트문드 톰슨 증후군,오답,-,Q82.8,3,[],stop
2A,high quality-hcv ab,고품질-CVC 항체,정밀면역검사-C형간염항체,오답,-,,3,['bad_chars'],stop
2A,echo pulse,반향파,초음파,오답,-,,2,[],stop
2A,intramuscular nerve stimulation,근육내 신경자극,근육내신경자극치료,오답,-,,3,[],stop
2A,anisometropic amblyopia,부동시성 약시,굴절부등약시,오답,-,H53.01,2,[],stop
2A,traumatic sah,외상성 지주막하 출혈,외상성 지주막하출혈,정답(대표),nospace,S06.6,2,[],stop
2A,kakidrosis,한증,땀악취증,오답,-,L75.0,1,[],stop
2A,plate,판,평판,정답(동의어),exact,,1,[],stop
2A,paraspasm,발작성경련,대칭성연축,오답,-,,1,[],stop
2A,mescaline,메스칼린,메스칼린,정답(대표),exact,,1,[],stop
2A,gangliectomy,신경절절제술,신경절절제(술),오답,-,,1,[],stop
2A,carpometacarpal joint structure,수장관절 구조물,손목손허리관절,오답,-,,3,[],stop
2A,cystica ureteritis,요관낭종,낭성 요관염,오답,-,N28.8,2,[],stop
2A,chemohormonal,화학호르몬,화학호르몬-,오답,-,,1,[],stop
2A,ancylostoma ceylanicum,세란카구충,실론구충,오답,-,,2,[],stop
2A,milieu therapy,환경요법,환경 치료요법,오답,-,,2,[],stop
2A,evacuation of empyema,농흉 배액,축농 제거,오답,-,,3,[],stop
2A,triketohydrindene hydrate test,닌히드린 반응,닌히드린검사,오답,-,,3,[],stop
2A,conglutinogen activating factor,콩글루티노겐 활성화 인자,교착원활성인자,오답,-,,3,[],stop
2A,dislocation of wrist,손목 탈구,손목의 탈구,오답,-,S63.0,3,[],stop
2A,triple test,삼중검사,삼중검사,정답(대표),exact,,2,[],stop
2A,cogan's disease,코간병,코오간병,오답,-,H16.3,2,[],stop
2A,double bladder,중복방광,중복방광,정답(대표),exact,,2,[],stop
2A,derangement of patella,슬개골 장애,무릎뼈의 장애,오답,-,M22.0-M22.3,3,[],stop
2A,debanding,밴드 제거,밴드제거,정답(대표),nospace,,1,[],stop
2A,interarytenoid notch,후방피열간切痕,모뿔사이패임,오답,-,,2,[],stop
2A,lymphopoiesis,림프조혈,림프구형성,오답,-,,1,[],stop
2A,masticatory dysfunction,저작기능장애,씹기 기능장애,오답,-,,2,[],stop
2A,suturing of wound,창상봉합술,창상봉합술,정답(대표),exact,,3,[],stop
2A,retaining harness,고정대,장치유지,오답,-,,2,[],stop
2A,omsk haemorrhagic fever,옴스크 출혈열,옴스크출혈열,정답(대표),nospace,A98.1,3,[],stop
2A,dural avf,경막동정맥루,경막의 동정맥루,정답(동의어),exact,I67.1,2,[],stop
2A,hepatogram,간기능검사,간실질상,오답,-,,1,[],stop
2A,sacrococcygeal,천미골,엉치꼬리-,오답,-,,1,[],stop
2A,cercosporomycosis,세르코스포로미코증,세르코스포라진균증,오답,-,,1,[],stop
2A,lipoid dermatoarthritis,지방성 피부관절염,리포이드피부관절염,오답,-,M14.3,2,[],stop
2A,instep island flap,족배동맥 섬피판,안쪽발바닥섬피판,오답,-,,3,[],stop
2A,assessing waste service,폐기물 서비스 평가,쓰레기처리 능력 사정하기,오답,-,,3,[],stop
2A,affectivity,정동,정동성,오답,-,,1,[],stop
2A,dry weight,건조체중,투석목표체중,오답,-,,2,[],stop
2A,spinal injuries,척추 손상,척수 손상,오답,-,,2,[],stop
2A,crossbite (anterior)(posterior),교차교합,맞물림이상(앞쪽)(뒤쪽),정답(동의어),exact,K07.25,2,[],stop
2A,neuraxis,신경축,신경축,정답(대표),exact,,1,[],stop
2A,spleen qi deficiency,비기허,비기허,정답(대표),exact,U68.0,3,[],stop
2A,manage immobilizer care,고정 장치 간호 관리,부동간호 관리,오답,-,,3,[],stop
2A,cervix dilatation,자궁경관개대,자궁경부개대,오답,-,,2,[],stop
2A,poor sucking reflex,빠는 반사 소실,빨기 반사 어려움,오답,-,,3,[],stop
2A,high-tension pulse,경수맥,고긴장맥박,오답,-,,2,[],stop
2A,sp crown setting,SP 크라운 장착,스테인레스금관 합착,오답,-,,3,['bad_chars'],stop
2A,epiduroscopic neuroplasty,경막외내시경신경성형술,내시경적 경막외강 신경성형술,오답,-,,2,[],stop
2A,bilharzial dysentery,비하르지아 이질,방광주혈흡충이질,오답,-,,2,[],stop
2A,iodinated,요오드화,요오드표지-,오답,-,,1,[],stop
2A,bilateral palatine tonsils,양측 구개편도,양측 목구멍 편도,오답,-,,3,[],stop
2A,subpapillary arterial network,아래유두동맥망,유두밑동맥그물,오답,-,,3,[],stop
2A,entire trapezius muscle,전체 승모근,온등세모근,오답,-,,3,[],stop
2A,collagen fiber graft,콜라겐 섬유 이식편,교원 섬유 이식술,오답,-,,3,[],stop
2A,polymerism,중합체증,분절과다증,오답,-,,1,[],stop
2A,labilizer,안정화 장치,불안정제,오답,-,,1,[],stop
2A,hypotonus,저긴장증,근육긴장저하,오답,-,,1,[],stop
2A,melanidrosis,흑한증,흑색땀증,정답(동의어),exact,,1,[],stop
2A,allergenic serum,알레르겐 혈청,알레르기혈청,오답,-,,2,[],stop
2A,micromanipulation,미세조작,미세조작(술),오답,-,,1,[],stop
2A,endometrial stromal sarcoma,자궁내막 간질 육종,자궁내막버팀질육종,정답(동의어),nospace,,3,[],stop
2A,cobblestone tongue,거석설,조약돌혀,오답,-,,2,[],stop
2A,peritoneal cavity,복막강,배막안,오답,-,,2,[],stop
2A,chorea gravidarum,임신성 무도병,임신무도병,오답,-,,2,[],stop
2A,acrotrophodynia,말초혈관통증,말단영양통증,오답,-,,1,[],stop
2A,spondylopathy,척추병,척추병(증),오답,-,M45-M49,1,[],stop
2A,macrocephalus,거대두개,큰머리증,오답,-,Q04.5,1,[],stop
2A,saliva viscosity test,타액 점도 검사,타액 점조도 검사,오답,-,,3,[],stop
2A,revaccination,재접종,재접종,정답(대표),exact,,1,[],stop
2A,solenopsis invicta,붉은불개미,불개미,오답,-,,2,[],stop
2A,perfluorocarbon,퍼플루오로카르본,과불화탄소,오답,-,,1,[],stop
2A,ardor,발열,작열감,오답,-,,1,[],stop
2A,transluminal coronary atherectomy,경관내 관상동맥 죽상반 제거술,내강경유 심장혈관 죽종절제,오답,-,,3,[],stop
2A,hemocytometry,혈구계산,혈구계수(법),오답,-,,1,[],stop
2A,membranous endometritis,막성 자궁내막염,막자궁내막염,오답,-,,2,[],stop
2A,juvenile chronic iridocyclitis,소아 만성 홍채모양체염,연소성 만성 홍채섬모체염,오답,-,H20.1,3,[],stop
2A,tufting enteropathy,장융모병증,터프팅장증,오답,-,P78.3,2,[],stop
2A,cross-face,횡안면,교차얼굴,오답,-,,1,[],stop
2A,diverticulitis oesophageal,식도게실염,식도 곁주머니염,오답,-,,2,[],stop
2A,medical care division,진료과,의료급여구분,오답,-,,3,[],stop
2A,muscle flap,근피판,근(육)판,오답,-,,2,[],stop
2A,distraction therapy,주의전환요법,골신장술,오답,-,,2,[],stop
2A,associated disorder,관련 질환,수반장애,오답,-,,2,[],stop
2A,gitelman syndrome,지텔만 증후군,지텔만 증후군,정답(대표),exact,N15.8,2,[],stop
2A,positioned flap,위치판막,판막이동수술,오답,-,,2,[],stop
2A,esthiomene,서혜부림프육아종,만성 외음궤양,오답,-,A55,1,[],stop
2A,lcp disease,레그-칼베-페르테스병,넙다리뼈머리뼈끝뼈연골증,오답,-,,2,[],stop
2A,papilloma of cerviv,자궁경부 유두종,자궁경부의 유두종,오답,-,D26.0,3,[],stop
2A,steatocystoma,지방낭종,피지낭종,오답,-,,1,[],stop
2A,sialodochoplasty,관조성형술,침샘관성형(술),오답,-,,1,[],stop
2A,alert,명료,명료함,오답,-,,1,[],stop
2A,glucuronic acid,글루쿠론산,글루쿠론산,정답(대표),exact,,2,[],stop
2A,first-pass cardiac scan(resting),초회 심장 스캔(정지),일회통과심장스캔-안정상태,오답,-,,3,['bad_chars'],stop
2A,arthroplasty of foot,발 관절 성형술,발의 관절 성형,오답,-,,3,[],stop
2A,dromotropic,주행성,전도영향성-,오답,-,,1,[],stop
2A,tibia vara,경골내반,내반경골,오답,-,M92.5,2,[],stop
2A,assessing grief,애도 평가,슬픔 사정하기,오답,-,,2,[],stop
2A,staphylococcus epidermidis,포도구균,표피포도알균,오답,-,,2,[],stop
2A,proenzyme,효소원,풋효소,오답,-,,1,[],stop
2A,diffusing capacity,확산능,확산능,정답(대표),exact,,2,[],stop
2A,motor fiber,운동 섬유,운동신경섬유,정답(동의어),nospace,,2,[],stop
2A,parovarian cystoma,난관관계 낭종,난소위체낭,오답,-,Q50.4,2,[],stop
2A,nerve conduction study(head),신경전도검사(두부),신경전도검사(두부),정답(대표),exact,,3,['bad_chars'],stop
2A,inappropriate self disclosure,부적절한 자기노출,부적절한 자기 노출,정답(대표),nospace,,3,[],stop
2A,catatonic shizophrenia,긴장형 조현병,긴장형 정신분열병,정답(동의어),exact,F20.2,2,[],stop
2A,epilemmal termination,상피 종결,신경속막종말,오답,-,,2,[],stop
2A,dilation of intestine,장확장,창자 확장,오답,-,,3,[],stop
2A,sarcoma of lung,폐육종,폐 육종,정답(대표),nospace,C34.99,3,[],stop
2A,binder,복대,결합체,오답,-,,1,[],stop
2A,ramicotomy,흉부교감신경절제술,신경분지절단(술),오답,-,,1,[],stop
2A,fetal cotyledon,태아 소엽,태아쪽태반엽,오답,-,,2,[],stop
2A,multiple v-y plasties,다수 V-Y 성형술,V-Y 성형술,오답,-,,3,['bad_chars'],stop
2A,psychologist - rehabilitation,재활심리학자,심리학자-재활,오답,-,,3,[],stop
2A,hemeralopia,주맹,주간맹,오답,-,H53.1,1,[],stop
2A,cortisol-binding globulin,코르티솔 결합 글로불린,코티솔결합글로불린,오답,-,,2,[],stop
2A,pyelic,신우의,콩팥깔때기-,오답,-,,1,[],stop
2A,facial nucleus,안면신경핵,얼굴신경핵,오답,-,,2,[],stop
2A,myitis,근염,근(육)염,오답,-,,1,[],stop
2A,synclonus,동성클로누스,동조근간대,오답,-,,1,[],stop
2A,graves' ophthalmopathy,그레이브스 안병증,그레이브스 눈병증,오답,-,E05.0&H06.2,2,[],stop
2A,talipes calcaneus,종근병,발끝들린휜발증,오답,-,,2,[],stop
2A,false neuroma,가신경종,가성신경종,오답,-,,2,[],stop
2A,hyperaldosteronism,알도스테론증,고알도스테론증,오답,-,E26,1,[],stop
2A,blood tinged sputum,혈성 객담,혈액흔적가래,오답,-,,3,[],stop
2A,cold pack,냉습포,찬물 주머니,오답,-,,2,[],stop
2A,cecocentral scotoma,맹중심암점,주시점맹점암점,오답,-,,2,[],stop
2A,comparator,비교자,비교측정기,오답,-,,1,[],stop
2A,cirsophthalmia,해마초,결막정맥류,오답,-,,1,[],stop
2A,scleral necrosis/melt,공막괴사/용해,공막 괴사/ 융해,오답,-,,2,[],stop
2A,deficient perineum,결손 회음,회음결핍,오답,-,N81.8,2,[],stop
2A,aqueous fluid,수액,방수,오답,-,,2,[],stop
2A,intestinal polypectomy,장용종절제술,장 폴립 절제,오답,-,,2,[],stop
2A,prostatodynia,전립통,전립샘통증,오답,-,N42.8,1,[],stop
2A,pungji,풍지,풍지(風池),오답,-,,1,[],stop
2A,vibratory auscultation,타진,진동청진,오답,-,,2,[],stop
2A,retrocedent gout,회귀성 통풍,내공성통풍,오답,-,,2,[],stop
2A,mastadenitis,유선염,젖샘염,정답(동의어),exact,,1,[],stop
2A,bladder neck contracture,방광경부 협착,방광목 위축,오답,-,N32.8,3,[],stop
2A,organoid tumor,종양체,장기모양종양,오답,-,,2,[],stop
2A,oil red,오일 레드,오일레드,정답(대표),nospace,,2,[],stop
2A,t-colectomy,전결장절제술,횡행결장절제술,오답,-,,1,[],stop
2A,ear probe,이경 검사기,귀꽂이,오답,-,,2,[],stop
2A,hereditary mutilating keratoma,유전성 파괴성 각화종,유전절단각화종,오답,-,,3,[],stop
2A,plasmablastic lymphoma,형질모세포 림프종,형질모세포성 림프종,오답,-,C83.3,2,[],stop
2A,grain itch,곡물증양,곡물 소양증,오답,-,B88.0,2,[],stop
2A,video laryngoscopy,비디오 후두경검사,비디오후두경검사(법),오답,-,,2,[],stop
2A,intermetatarsal joint structure,중족골간 관절 구조물,발허리간관절조직,오답,-,,3,[],stop
2A,deceleration,감속,감속,정답(대표),exact,,1,[],stop
2A,alcohol swab,알코올 솜,알코올솜,정답(대표),nospace,,2,[],stop
2A,trichroism,삼색성,삼색상,오답,-,,1,[],stop
2A,thoracalgia,흉통,흉통,정답(대표),exact,,1,[],stop
2A,entire finger,전체 손가락,온손가락,오답,-,,2,[],stop
2A,tricephalus,두두기형,세머리태아,오답,-,,1,[],stop
2A,ant. uveitis,전방포도막염,전방포도막염,정답(대표),exact,H20.9,2,[],stop
2A,antivitamin,항비타민제,항비타민물질,오답,-,,1,[],stop
2A,parathyroid tetany,부갑상선 파탄,부갑상선테타니,오답,-,E20.9,2,[],stop
2A,outbreed,이종교배,무작위교배계,오답,-,,1,[],stop
2A,biopsy of adenoid,아데노이드 생검,인두편도 생검,정답(동의어),exact,,3,[],stop
2A,lichen planus tropicus,열대성 편평태선,열대성 편평태선,정답(대표),exact,L43.3,3,[],stop
2A,hb-sc disease,헤모글로빈 SC병,헤모글로빈-SC병,오답,-,D57.2,2,['bad_chars'],stop
2A,vertebro-basilar artery syndrome,추골기저동맥증후군,척추-뇌기저동맥증후군,오답,-,G45.0,3,[],stop
2A,impulse conducting system,충동전도계,심장흥분전도계통,오답,-,,3,[],stop
2A,oncogene,발암유전자,종양유전자,오답,-,,1,[],stop
2A,cholelithiasis,담석증,담석증,정답(대표),exact,K80,1,[],stop
2A,odontoprisis,마모증,이갈기,오답,-,,1,[],stop
2A,moniliform nucleus,유주핵,염주핵,오답,-,,2,[],stop
2A,medical genetics,의학유전학,의학유전학,정답(대표),exact,,2,[],stop
2A,meckel's imaging,메켈 영상,메켈스 스캔,오답,-,,2,[],stop
2A,koop's modified pylomyotomy,쿠스 변형 유문근절개술,쿱의 수정 유문근층 절개,오답,-,,3,[],stop
2A,endovascular ultrasonography,혈관내 초음파검사,혈관내 초음파촬영,오답,-,,2,[],stop
2A,uterine arteriography,자궁동맥조영술,복부및골반동맥조영-자궁동맥,오답,-,,2,[],stop
2A,absolute scotoma,절대 암점,절대암점,정답(대표),nospace,,2,[],stop
2A,meshwork,망상구조,섬유주,오답,-,,1,[],stop
2A,myotonic disorders,근긴장이상증,근긴장장애,오답,-,G71.1,2,[],stop
2A,hyperthyroxinemia,갑상선호르몬혈증,고티록신혈증,오답,-,,1,[],stop
2A,hyeopgye,협계,협계(俠谿),오답,-,,1,[],stop
2A,video-urodynamic study,비디오요역동태검사,영상요역동학검사,오답,-,,2,[],stop
2A,gastroenteritis paratyphosa,파라장티푸스,파라티푸스위창자염,오답,-,,2,[],stop
2A,coffin-siris syndrome,코핀-시리스 증후군,코핀-시리스 증후군,정답(대표),exact,Q87.5,2,[],stop
2A,proacrosomal granule,전체과립,풋첨단체과립,오답,-,,2,[],stop
2A,intermedia thalassaemia,중간형 지중해빈혈,중간형 지중해빈혈,정답(대표),exact,D56.1,2,[],stop
2A,joint swelling non-inflammatory,비염증성 관절 종창,비염증 관절 부기,오답,-,,3,[],stop
2A,death,사망,사,오답,-,R99,1,[],stop
2A,assess enema,관장 평가,관장 사정,오답,-,,2,[],stop
2A,autonomic insufficiency,자율신경부전증,자율신경부전,오답,-,,2,[],stop
2A,assess hospice,호스피스 평가,호스피스 사정,오답,-,,2,[],stop
2A,multiple adenomatous polyps,다발성 선종성 폴립,다발성 샘종성 폴립,정답(동의어),exact,,3,[],stop
2A,immature proglottid,미성숙절편,미성숙편절,오답,-,,2,[],stop
2A,peptonization,펩톤화,펩톤화,정답(대표),exact,,1,[],stop
2A,rectal,직장의,곧창자-,오답,-,,1,[],stop
2A,transurethral intravesical electrotherapy,경요도 방광내 전기요법,요도경유방광속전기요법,정답(동의어),nospace,,3,[],stop
2A,hyposegmentation,과분엽 감소증,저분절증,오답,-,,1,[],stop
2A,sirenomelia syndrome,인어증후군,인어다리 증후군,오답,-,Q87.2,2,[],stop
2A,paraphilia,성도착증,성도착(증),오답,-,,1,[],stop
2A,vaccination against staphylococcus,포도알균 예방접종,포도구균 예방접종,오답,-,,3,[],stop
2A,isosorbide,이소소르비드,이소소르바이드,오답,-,,1,[],stop
2A,psoriatic spondylitis,건선성 척추염,건선척추염,오답,-,M07.2,2,[],stop
2A,bone inlay,골삽입술,골내재,오답,-,,2,[],stop
2A,podiatrist,족부의사,발전문가,오답,-,,1,[],stop
2A,perform infection control,감염관리 수행,감염통제 수행,오답,-,,3,[],stop
2A,square root sign,제곱근 기호,제곱근모양징후,오답,-,,3,[],stop
2A,cromolyn,크로몰린,크로몰린,정답(대표),exact,,1,[],stop
2A,macrocytic anemia,거대적혈구빈혈,큰적혈구빈혈,오답,-,D52.9,2,[],stop
2A,hyperlipidaemia,고지혈증,고지혈증,정답(대표),exact,,1,[],stop
2A,immunoglobulin class,면역글로불린 클래스,면역글로불린계,오답,-,,2,[],stop
2A,subadventitial fibroplasia,아외막하 섬유증식증,외막밑섬유증식,오답,-,,2,[],stop
2A,supraclavicular approach,쇄골상 접근법,빗장위접근법,정답(동의어),nospace,,2,[],stop
2A,post-traumatic polyarthrosis,외상후 다발성 관절증,외상후 다발관절증,오답,-,M15.3,2,[],stop
2A,hemacytometry,혈구계수,혈구계수,정답(대표),exact,,1,[],stop
2A,single-step growth curve,1단계 성장 곡선,일회증식곡선,오답,-,,3,[],stop
2A,fusiform layer,방추층,방추세포층,오답,-,,2,[],stop
2A,apneusis,무호흡증,지속들숨,오답,-,,1,[],stop
2A,pupillary seclusion,동공폐쇄,동공차단,오답,-,H21.4,2,[],stop
2A,nodular sclerosis,결절성 경화증,결절경화,오답,-,,2,[],stop
2A,semidirected lead,반향성 유도,반직접유도,오답,-,,2,[],stop
2A,closed reduction,폐쇄적 정복,비개방정복(술),오답,-,,2,[],stop
2A,subspinous,극하돌기,가시돌기밑-,오답,-,,1,[],stop
2A,anterior resection,전방 절제술,앞방향절제(술),오답,-,,2,[],stop
2A,closed approach,폐쇄적 접근법,폐쇄방법,오답,-,,2,[],stop
2A,general microbiology test,일반미생물학검사,일반미생물 검사,오답,-,,3,[],stop
2A,dopa-responsive dystonia,도파 반응성 이상운동증,도파-반응성 근긴장이상,오답,-,G24.8,2,[],stop
2A,ramus of pubis,치골가지,두덩뼈가지,오답,-,,3,[],stop
2A,postpartum afibrinogenemia,산후 무섬유소원혈증,분만후 무피브리노젠혈증,오답,-,O72.3,2,[],stop
2A,tubal tonsil,난관편도,귀인두관편도,오답,-,,2,[],stop
2A,posterior thoracic fusion,후방 흉추 융합술,뒷쪽 가슴척추 유합,오답,-,,3,[],stop
2A,premenopause,갱년기전기,폐경전,오답,-,,1,[],stop
2A,myoclonia fibrillaris multiplex,다발성 섬유성 근간대경련,다발잔떨림근대성대발작,오답,-,,3,[],stop
2A,hemoclastic reaction,혈구붕괴반응,혈구파괴반응,오답,-,,2,[],stop
2A,phospholipidemia,인지질혈증,인지질혈증,정답(대표),exact,,1,[],stop
2A,cardiocele,심장탈장,심장류,오답,-,,1,[],stop
2A,polygraph,다핵그래프,다원기록기,오답,-,,1,[],stop
2A,fourth heart sound,제4심음,제4심(장)음,오답,-,,3,[],stop
2A,sex cord-stromal tumor,성삭기질종양,성끈기질종양,정답(동의어),exact,,3,[],stop
2A,cardiodiaphragmatic angle,심장횡격막각,심장가로막각,정답(동의어),exact,,2,[],stop
2A,avulsion fracture,골단 분리,찢김 골절,오답,-,,2,[],stop
2A,atrioventricular septal defect,방실판막 결손증,심방실중격결손,오답,-,Q21.2,3,[],stop
2A,cryptogenic sepsis,원인불명 패혈증,특발성패혈증,오답,-,,2,[],stop
2A,primary syphilis,제1기 매독,1기매독,오답,-,,2,[],stop
2A,dyslipoproteinemia,이상지질단백혈증,이상지질단백혈증,정답(대표),exact,,1,[],stop
2A,insular sclerosis,섬경화,섬경화증,오답,-,,2,[],stop
2A,nasalis muscle,비근육,코근,오답,-,,2,[],stop
2A,pubovaginal,치질질정맥,두덩질-,오답,-,,1,[],stop
2A,triaging,분류,중증도 분류,오답,-,,1,[],stop
2A,opium plaster,아편 고약,아편고약,정답(대표),nospace,,2,[],stop
2A,curvature of spine,척추만곡,척주굽이,오답,-,,3,[],stop
2A,chloropsia,녹시증,녹색시,오답,-,,1,[],stop
2A,arsenic mirror,비소경,코거울,오답,-,,2,[],stop
2A,ulceroglandular tularaemia,궤양선형 투라레미아,궤양림프절야생토끼병,오답,-,A21.0,2,[],stop
2A,aerial infection,공기 감염,흡입감염,오답,-,,2,[],stop
2A,phosphene,인광,섬광시,오답,-,,1,[],stop
2A,hill-sachs lesion,힐삭스 병변,힐-샥스 병터,오답,-,,2,[],stop
2A,modified norwood operation,변형 노우드 수술,수정된 노우드수술,오답,-,,3,[],stop
2A,prootic,전고리뼈,귀앞-,오답,-,,1,[],stop
2A,lenticonus,렌티코누스,원뿔수정체,오답,-,Q12.8,1,[],stop
2A,dense deposit disease,조밀침착병,고밀도침착병,오답,-,,3,[],stop
2A,muscular atrophy,근위축,근위축,정답(대표),exact,M62.59,2,[],stop
2A,hyperestrinism,고에스트로겐혈증,여성호르몬과다(증),정답(동의어),exact,,1,[],stop
2A,old tuberculin,구결핵균소독,재래식투베르쿨린,오답,-,,2,[],stop
2A,adenomatosis of colon,결장 선종증,결장의 선종증,오답,-,D12.6,3,[],stop
2A,running nose,비루,코감기,오답,-,,2,[],stop
2A,deshielded proton,비차폐 양성자,미차폐양성자,오답,-,,2,[],stop
2A,stage of life,생애주기,생명단계,오답,-,,3,[],stop
2A,endoscopic revision dacryocystorhinostomy,내시경적 교정 누낭비문합술,내시경 이용 눈물주머니코안 연결 교정,오답,-,,3,[],stop
2A,idiotype-anti-idiotype network,고유형-항고유형 네트워크,개별특이형항체조절망,오답,-,,2,[],stop
2A,total albinism,전신 백반증,온백색증,오답,-,,2,[],stop
2A,dermoepidermal,진피표피,진피표피-,오답,-,,1,[],stop
2A,blastomyces,블라스토미세스,분아진균(속),오답,-,,1,[],stop
2A,pulex,벼룩,벼룩(속),오답,-,,1,[],stop
2A,sucking disc,흡반,흉반,정답(동의어),exact,,2,[],stop
2A,medial nasal prominence,내비골돌기,내측비융기,오답,-,,3,[],stop
2A,melanoacanthoma,흑색극세포종,멜라닌가시세포종,오답,-,,1,[],stop
2A,shifting reaction,이동 반응,편위반응,오답,-,,2,[],stop
2A,primary amnion,양막,원시양막,오답,-,,2,[],stop
2A,hyperreninemia,고레닌혈증,과레닌혈증,오답,-,,1,[],stop
2A,periostitis,골막염,뼈막염,정답(동의어),exact,,1,[],stop
2A,uterine inversion,자궁내막증,자궁뒤집힘,오답,-,,2,[],stop
2A,neonatal oesophageal reflux,신생아 식도역류,신생아식도역류,정답(대표),nospace,P78.8,3,[],stop
2A,cervical vertigo,경추성 어지럼증,경추성 현기증,오답,-,M54.22,2,[],stop
2A,negative pressure,음압,음압,정답(대표),exact,,2,[],stop
2A,naegleria fowleri,네글레리아 파울레리,파울러자유아메바,오답,-,,2,[],stop
2A,fisher syndrome,밀러 피셔 증후군,피셔증후군,오답,-,,2,[],stop
2A,br. tx.,유방암,브릿지 치료,오답,-,,2,[],stop
2A,glaucomatous cataract,녹내장성 백내장,녹내장성백내장,정답(대표),nospace,,2,[],stop
2A,hippuric acid,히푸르산,마뇨산,정답(동의어),exact,,2,[],stop
2A,maxillomandibular disharmony,악골 부조화,위아래턱부조화,오답,-,,2,[],stop
2A,supernumeric impacted tooth,과잉 매복치,과잉매복치,정답(대표),nospace,K01.18,3,[],stop
2A,calcification of bursa,점액낭 석회화,윤활낭(의) 석회화,오답,-,M71.4,3,[],stop
2A,isomaltase,이소말타아제,이소말타아제,정답(대표),exact,,1,[],stop
2A,hay asthma,건초천식,건초천식,정답(대표),exact,,2,[],stop
2A,lambliasis,람블리아증,람블편모충증,오답,-,,1,[],stop
2A,vaginography,질조영술,질조영(술),오답,-,,1,[],stop
2A,hbab,혈색소,간염 B형 표면항체,오답,-,,1,[],stop
2A,calomel,염화제1수은,감홍,오답,-,,1,[],stop
2A,ricinism,리신 중독,리신증,오답,-,,1,[],stop
2A,first filial generation,제1자교잡세대,일대잡종,오답,-,,3,[],stop
2A,vague symptom,비특이적 증상,분명치않는증상,오답,-,,2,[],stop
2A,depigmenting cream,탈색소 크림,탈색크림,오답,-,,2,[],stop
2A,afterloading technique,후장전 기법,후장진법,오답,-,,2,[],stop
2A,intracranial space-occupying lesion,두개강내 점유 병변,두개내공간점유병변,오답,-,R90.0,3,[],stop
2A,enema apparatus,관장기,관장기,정답(대표),exact,,2,[],stop
2A,core decompression,핵심 감압술,중핵감압,오답,-,,2,[],stop
2A,opsin,옵신,옵신,정답(대표),exact,,1,[],stop
2A,retrouterine hematocele,자궁후혈종,자궁뒤혈액낭종,오답,-,,2,[],stop
2A,picture frustration test,도형 좌절 검사,그림좌절검사,오답,-,,3,[],stop
2A,nephritic retinitis,신염성 망막염,콩팥염망막염,오답,-,,2,[],stop
2A,buccal gland,협선(頰腺),협선,오답,-,,2,['bad_chars'],stop
2A,rodenticide,살서제,살서제,정답(대표),exact,,1,[],stop
2A,epididymal duct,부고환관,부고환관,정답(대표),exact,,2,[],stop
2A,parrot fever,앵무병,앵무새열,오답,-,A70,2,[],stop
2A,halmatogenesis,할마토제네시스,돌연세대변이,오답,-,,1,[],stop
2A,ventriculopleural anastomosis,뇌실흉막문합술,뇌실가슴막 연결,오답,-,,2,[],stop
2A,heart excess patterns,심실증,심실증,정답(대표),exact,U67,3,[],stop
2A,angiohyalinosis,혈관유리화,혈관유리질증,오답,-,,1,[],stop
2A,mucopurulent,점액농성,점액고름-,오답,-,,1,[],stop
2A,semiadjustable articulator,반조절성 교합기,반적응교합기,오답,-,,2,[],stop
2A,tubular maximum,세뇨관 최대치,요세관최대값,오답,-,,2,[],stop
2A,protein-losing enteropathy,단백소실장병증,단백질소실장병(증),오답,-,,2,[],stop
2A,pharyngoparalysis,인두마비,인두마비,정답(대표),exact,,1,[],stop
2A,aortic(valve) stenosis,대동맥판막협착증,대동맥판협착,오답,-,I35.0,2,[],stop
2A,cyclamate,시클라메이트,시클라메이트,정답(대표),exact,,1,[],stop
2A,mr mapping,자기공명영상 조영증강,자기공명지도화,오답,-,,2,[],stop
2A,gwollyo,관료,관료(顴髎),오답,-,,1,[],stop
2A,neoadjuvant chemotherapy,선행화학요법,신보강화학요법,오답,-,,2,[],stop
2A,nuclear polyhedrosis virus,핵다각체병 바이러스,핵다면체형성바이러스,오답,-,,3,[],stop
2A,microsomia,소형증,작은몸증,오답,-,,1,[],stop
2A,toxic cardiopathy,독성 심근증,독성심장병(증),오답,-,,2,[],stop
2A,precipitate labor,급산,급속 분만,오답,-,O62.3,2,[],stop
2A,biceps femoris muscle,대퇴이두근,넙다리두갈래근,정답(동의어),exact,,3,[],stop
2A,frontosphenoesthmoidectomy,전두접형사골절제술,이마나비사골동절제술,오답,-,,1,[],stop
2A,gustatory hyperesthesia,미각과민,미각과민(증),정답(동의어),exact,,2,[],stop
2A,hyposthenuric urine,저비중뇨,저비중뇨,정답(대표),exact,,2,[],stop
2A,non-exudative,비삼출성,삼출되지않은,오답,-,,1,[],stop
2A,laryngotracheal stenosis,후두기관협착증,후두기관협착(증),오답,-,J39.8,2,[],stop
2A,frontal suture,관상봉합,이마봉합선,오답,-,,2,[],stop
2A,colon cecum mass,맹장 종괴,막창자 종괴,오답,-,,3,[],stop
2A,needle electromyography,침근전도검사,바늘근전도검사(법),오답,-,,2,[],stop
2A,dendritic spine,수상돌기,수지상극,오답,-,,2,[],stop
2A,auriculopalpebral reflex,이개안검반사,이개안검반사,정답(대표),exact,,2,[],stop
2A,laryngeal carcinoma,후두암,후두 암종,오답,-,,2,[],stop
2A,assess pulmonary care,폐 간호 평가,호흡기계간호 사정,오답,-,,3,[],stop
2A,muscular dystrophy carrier,근이영양증 보인자,근퇴행위축 보균자,오답,-,G71.0,3,[],stop
2A,acentric occlusion,비정중 교합,비중심교합,오답,-,,2,[],stop
2A,micromovement,미세운동,미세운동,정답(대표),exact,,1,[],stop
2A,descriptive epidemiology,기술역학,기술역학,정답(대표),exact,,2,[],stop
2A,heteromorphism,이형증,이형,오답,-,,1,[],stop
2A,hydrorachis,수척수,수척추증,오답,-,Q06.4,1,[],stop
2A,tingling,저림,저림,정답(대표),exact,,1,[],stop
2A,torr,토프,토르,오답,-,,1,[],stop
2A,penicillar arteriole,세동맥,붓털세동맥,오답,-,,2,[],stop
2A,ovarian cystectomy,난소낭종적출술,난소 낭종 적출술,정답(대표),nospace,,2,[],stop
2A,hyperosmolar nonketotic coma,고삼투압성 비케톤성 혼수,고삼투압성비케토산성혼수,오답,-,,3,[],stop
2A,chondrogen,연골형성인자,연골원,오답,-,,1,[],stop
2A,apraxia of speech,구어실조증,언어의 실행증,오답,-,R48.2,3,[],stop
2A,deltoid flap,삼각근 피판,어깨세모근피판,오답,-,,2,[],stop
2A,platelet,혈소판,혈소판,정답(대표),exact,,1,[],stop
2A,acropathy,지단증,말단병(증),오답,-,,1,[],stop
2A,normokalemic,정칼륨혈증,정상칼륨혈-,오답,-,,1,[],stop
2A,traveling clinic,이동진료,이동진료소,오답,-,,2,[],stop
2A,vibriocide,비브리오살균제,비브리오살균제,정답(대표),exact,,1,[],stop
2A,absence of muscle,근육결손,근육의 결여,오답,-,Q79.8,3,[],stop
2A,clean bench,클린벤치,무균실험대,오답,-,,2,[],stop
2A,pneumonia in ornithosis,조증 폐렴,비둘기병에서의 폐렴,오답,-,J17.8,3,[],stop
2A,pulmonary atelectasis,무기폐,무기폐,정답(대표),exact,J98.10,2,[],stop
2A,hysterocystocleisis,자궁방광폐쇄술,자궁방광꿰맴(술),오답,-,,1,[],stop
2A,mediterranean tick fever,지중해열,지중해진드기열,오답,-,A77.1,3,[],stop
2A,recurrent thyroid ca,재발 갑상선암,재발성 갑상선암,오답,-,C73,3,[],stop
2A,capillaria hepatica,간모세선충,간모세선충,정답(대표),exact,,2,[],stop
2A,pallister-killian syndrome,팔리스터-킬리안 증후군,팰리스터-킬리언 증후군,정답(동의어),exact,Q99.8,2,[],stop
2A,genital infection fungal,생식기 진균 감염,생식 기관 곰팡이 감염,오답,-,,3,[],stop
2A,nodular prurigo,결절성 가려움증,결절가려움발진,오답,-,,2,[],stop
2A,tangential section,접선단면,비스듬절단,오답,-,,2,[],stop
2A,heteropolysaccharide,헤테로다당류,이종다당류,오답,-,,1,[],stop
2A,dry socket recurettage,건성 치조와 재소파술,발치와골염 재소파술,오답,-,,3,[],stop
2A,endothelium-derived relaxing factor,내피유래 이완인자,내피유래이완인자,정답(대표),nospace,,3,[],stop
2A,puboprostatic,치골전립선의,두덩전립샘-,오답,-,,1,[],stop
2A,filarial chylocele,filaria성 유미종체,사상충성 음낭암죽종,오답,-,B74,2,['bad_chars'],stop
2A,high-grade lymphoma,고등급 림프종,심한 림프종,정답(동의어),exact,C85.9,2,[],stop
2A,paraffinoma,파라핀종,파라핀종,정답(대표),exact,T88.8,1,[],stop
2A,technetium uptake test,테크네튬 섭취 검사,Tc섭취율,오답,-,,3,[],stop
2A,androgenic alopecia,남성형 탈모증,안드로젠탈모증,오답,-,L64,2,[],stop
2A,videolaseroscopy,비디오레이저복강경,비디오레이저검사,오답,-,,1,[],stop
2A,uncovertebral,설상돌기,갈고리돌기-,오답,-,,1,[],stop
2A,apoplectic coma,뇌졸중 혼수,중풍혼수,오답,-,,2,[],stop
2A,enteral feeding,장관영양,위장관영양,오답,-,,2,[],stop
2A,spot retinoscope,점상망막검안경,점상망막검영기,오답,-,,2,[],stop
2A,ophthalmologic surgical procedures,안과적 수술적 처치,안과 수술방법,오답,-,,3,[],stop
2A,monorchidism,단고환증,홑고환증,오답,-,Q55.0,1,[],stop
2A,laryngeal nodule,성문결절,후두결절,오답,-,J38.7,2,[],stop
2A,reducing artifact,감소 인공물,감소인공물,정답(대표),nospace,,2,[],stop
2A,combustion,연소,화상,오답,-,,1,[],stop
2A,echinocyte,극세포,톱니적혈구,오답,-,,1,[],stop
2A,gastradenitis,위선염,위샘염,오답,-,,1,[],stop
2A,coproporphyrinuria,코르포포르피린뇨증,코프로포르피린뇨,오답,-,,1,[],stop
2A,scorbutic ulcer,괴혈병성 궤양,괴혈병궤양,오답,-,,2,[],stop
2A,sheathed artery,초막동맥,집형성동맥,오답,-,,2,[],stop
2A,brachiocephalic trunk,두완동맥줄기,팔머리동맥,오답,-,,2,[],stop
2A,elongation,연장,신장,오답,-,,1,[],stop
2A,third ventricle,제3뇌실,셋째뇌실,정답(동의어),exact,,2,[],stop
2A,ionophore antibiotic,이온포어 항생제,이온투과차단항생제,오답,-,,2,[],stop
2A,zoe filling,조충전,치아진정처치,오답,-,,2,[],stop
2A,undercorrection,교정부족,부족교정,오답,-,,1,[],stop
2A,vaginal discharge,질분비물,대하,오답,-,N89.8,2,[],stop
2A,reverberating circuit,반향 회로,반향회로,정답(대표),nospace,,2,[],stop
2A,x-ray illumination,방사선 조사,X선필름판독대,오답,-,,2,[],stop
2A,post-term,과기임신,만삭후,오답,-,,1,[],stop
2A,rodent ulcer,설치성 궤양,잠식궤양,오답,-,,2,[],stop
2A,menometrorrhagia,월경과다 및 부정출혈,불규칙과다월경,오답,-,N92.1,1,[],stop
2A,transistor hearing aid,트랜지스터 보청기,트랜지스터보청기,정답(대표),nospace,,3,[],stop
2A,teat,젖꼭지,젖꼭지,정답(대표),exact,,1,[],stop
2A,imitative attitude,모방 태도,모방태도,정답(대표),nospace,,2,[],stop
2A,orofaciodigital syndrome,구안면지증후군,구안지 증후군,오답,-,Q87.0,2,[],stop
2A,bacteriocin,박테리오신,박테리오신,정답(대표),exact,,1,[],stop
2A,costal angle,늑골각,갈비뼈각,정답(동의어),exact,,2,[],stop
2A,lyophobic,소수성,소액성,오답,-,,1,[],stop
2A,primitive neuroectodermal tumor,원시신경외배엽종양,원시신경외배엽종양,정답(대표),exact,C71.9,3,[],stop
2A,marsupialization of cyst,낭종 유낭화술,낭종 주머니형성,오답,-,,3,[],stop
2A,pseudomonas aeruginosa,녹농균,녹농균,정답(대표),exact,,2,[],stop
2A,smith's fracture,스미스 골절,스미드골절,정답(동의어),exact,S52.53,2,[],stop
2A,monopolar depression,조울증,단극성 우울병,오답,-,F32.9,2,[],stop
2A,mutiple myeloma,다발골수종,다발성 골수종,정답(동의어),exact,C90.0,2,[],stop
2A,fenestrated capillary,창모세관,창문모세혈관,오답,-,,2,[],stop
2A,aspergillus niger,흑색곰팡이,아스페르길루스니게르,오답,-,,2,[],stop
2A,eccrine poroma,에크린 포로마,외분비 한공종,오답,-,D23.9,2,[],stop
2A,blood donation,헌혈,헌혈,정답(대표),exact,,2,[],stop
2A,annulospiral ending,핵사슬말단,고리나선신경종말,오답,-,,2,[],stop
2A,sao paulo fever,상파울루열,상파울로열,오답,-,A77.0,3,[],stop
2A,adjustable suture,조절봉합,조정봉합,오답,-,,2,[],stop
2A,antigenic reversion,항원역전,항원복귀,오답,-,,2,[],stop
2A,meckel's diverticulectomy,메켈 게실절제술,멕켈 게실절제술,오답,-,,2,[],stop
2A,suggillation,피하출혈반,광범피부밑출혈,오답,-,,1,[],stop
2A,m line,M선,중간가로막,오답,-,,2,['bad_chars'],stop
2A,stenoxenous parasite,협숙기생충,협숙주기생충,오답,-,,2,[],stop
2A,punctal ectropion,누점 외반,눈물점겉말림,정답(동의어),nospace,H02.18,2,[],stop
2A,presbyophrenia,노인성 치매,노년치매,오답,-,,1,[],stop
2A,cholangioscopy,담도경검사,담관내시경(술),오답,-,,1,[],stop
2A,balloon kyphoplasty,풍선 척추성형술,풍선 척추성형,오답,-,,2,[],stop
2A,root resection,치근절제술,치근 절제술,정답(동의어),exact,,2,[],stop
2A,horopter,시운동평면,단일시궤도,오답,-,,1,[],stop
2A,classic abdominoplasty,복벽성형술,전형적 복부성형술,오답,-,,2,[],stop
2A,rheumatoid vasculitis,류마티스 혈관염,류마티스혈관염,정답(대표),nospace,M05.2,2,[],stop
2A,ocular fundus,안저,안저,정답(대표),exact,,2,[],stop
2A,thyroid nodule,갑상선 결절,갑상선소결절,오답,-,,2,[],stop
2A,hypofunction,기능저하,기능저하,정답(대표),exact,,1,[],stop
2A,postoperative nasopharynx cancer,비인두암 수술 후,"비인두암, 수술후 상태",오답,-,C11.9,3,[],stop
2A,hearing impairment,난청,청각 부전,정답(동의어),exact,H91.9,2,[],stop
2A,continuous,지속성,연속-,오답,-,,1,[],stop
2A,uncoupling,비연결,결합저지,오답,-,,1,[],stop
2A,subretinal,망막하,망막밑-,오답,-,,1,[],stop
2A,venule,세정맥,세정맥,정답(대표),exact,,1,[],stop
2A,ceruminous gland,이선腺,귀지샘,오답,-,,2,[],stop
2A,nitrogen dioxide,이산화질소,이산화질소,정답(대표),exact,,2,[],stop
2A,reverse mutation,복귀 돌연변이,역돌연변이,정답(동의어),nospace,,2,[],stop
2A,familial polyposis,가족성 용종증,가족성폴립증,오답,-,,2,[],stop
2A,blood fluke,주혈흡충,주혈흡충,정답(대표),exact,,2,[],stop
2A,delay procedure,지연 시술,지연처치,오답,-,,2,[],stop
2A,eurytrema pancreaticum,췌장흡충,췌질,오답,-,,2,[],stop
2A,intermittent explosive disorder,간헐적 폭발 장애,간헐폭발병,오답,-,F63.8,3,[],stop
2A,interoceptive,내장수용성,내수용-,오답,-,,1,[],stop
2A,onchocercoma,회충종,회선사상충결절,오답,-,,1,[],stop
2A,endoscopic transmyocardial revascularization,내시경적 경심근 혈관재생술,내시경 이용 심근경유 혈관 재형성,오답,-,,3,[],stop
2A,ctha and ctap,CTHA 및 CTAP,컴퓨터 단층촬영 간 동맥조영술과 컴퓨터 단층촬영 문맥조영술,오답,-,,3,['bad_chars'],stop
2A,transcervical thymectomy,경경부 흉선절제술,자궁목 경유 가슴샘 절제,오답,-,,2,[],stop
2A,assess disimpaction,정체 평가,매복변제거 사정,오답,-,,2,[],stop
2A,pachyonychia congenita,선천성 조갑비후증,선천손발톱비대증,오답,-,,2,[],stop
2A,retrograde impulse,역행성 임펄스,역방향흥분,오답,-,,2,[],stop
2A,reactive,반응성,반응성-,정답(동의어),exact,,1,[],stop
2A,posttransplant lymphoproliferative disease,이식후 림프증식성 질환,이식후림프세포증식병,오답,-,,3,[],stop
2A,bionator,바이오네이터,바이오네이터,정답(대표),exact,,1,[],stop
2A,interim abutment,임시 지대주,임시 지대주,정답(대표),exact,,2,[],stop
2A,tubular reabsorption,세뇨관 재흡수,요세관재흡수,오답,-,,2,[],stop
2A,ineffective protection,비효율적 보호,비효율적 방어능력,오답,-,,2,[],stop
2A,antroscope,상악동경,위턱굴보개,정답(동의어),exact,,1,[],stop
2A,angioma cavernosum,해면혈관종,해면혈관종,정답(대표),exact,,2,[],stop
2A,carbamino reaction,카르바미노반응,카르바미노반응,정답(대표),exact,,2,[],stop
2A,secretory cyst,분비성 낭종,분비체류성낭,오답,-,,2,[],stop
2A,primary mover,주동근,주작용근,오답,-,,2,[],stop
2A,laparoscopic appendectomy,복강경 충수돌기절제술,배안보개 이용 막창자꼬리 절제,오답,-,,2,[],stop
2A,columella lengthening,소주 연장,코기둥연장(술),오답,-,,2,[],stop
2A,epidural nerve block,경막외신경차단술,경막외 신경차단술,정답(대표),nospace,,3,[],stop
2A,paraduodenal fold,십이지장곁주름,샘창자옆주름,오답,-,,2,[],stop
2A,arm-to-retina circulation time,상완-망막 순환시간,팔망막순환시간,오답,-,,3,[],stop
2A,dental granuloma,치육아종,뿌리끝육아종,오답,-,,2,[],stop
2A,infraction,경색,균열골절,오답,-,,1,[],stop
2A,rickets of prematurity,미숙아 구루병,미숙아의 구루병,오답,-,E55.0,3,[],stop
2A,personal identity disturbance,정체성 장애,자아정체성장애,오답,-,,3,[],stop
2A,acclimation fever,순치열,순화열,오답,-,,2,[],stop
2A,fasciola hepatica,간흡충,간질,오답,-,,2,[],stop
2A,egg yolk medium,난황 배지,달걀노른자배지,오답,-,,3,[],stop
2A,enteral tube irrigation,장관 튜브 세척,위장관세척,오답,-,,3,[],stop
2A,dorsal vein arterialization,음경해면체동맥화술,배측 정맥 동맥혈화,오답,-,,3,[],stop
2A,pilar cyst,모낭종,모낭,오답,-,L72.1,2,[],stop
2A,vasectomy seekers,정관수술 희망자,정관절제술탐침,오답,-,,2,[],stop
2A,metathalamus,후시상,시상후부,오답,-,,1,[],stop
2A,ocular prosthesis,안구의첨물,의안,오답,-,,2,[],stop
2A,noonan syndrome,누난 증후군,누난 증후군,정답(대표),exact,Q87.1,2,[],stop
2A,petrooccipital fissure,바위뒤통수틈새,바위뒤통수틈새,정답(대표),exact,,2,[],stop
2A,analgesia dolorosa,통각결핍통,무감각부위통증,오답,-,,2,[],stop
2A,surgical staging,수술적 병기결정,외과적시기결정,오답,-,,2,[],stop
2A,ear drum,고막,고막,정답(대표),exact,,2,[],stop
2A,retroactive inhibition,역행 억제,역행기억억제,오답,-,,2,[],stop
2A,parasympathetic nervous system,부교감신경계,부교감신경계통,정답(동의어),exact,,3,[],stop
2A,leukokeratosis nicotina palati,구개백색각화증,구개 니코틴성 백색각화증,오답,-,K13.2,3,[],stop
2A,radiodigital,방사선손가락,노손가락-,오답,-,,1,[],stop
2A,worm-eaten soles,충식족,벌레먹은 발바닥,오답,-,A66.3,2,[],stop
2A,substantia nigra,흑질,흑(색)질,오답,-,,2,[],stop
2A,ureteroscopic,요관내시경적,요도경검사에 의한,오답,-,,1,[],stop
2A,preexcitation ecg,조기흥분 심전도,조기흥분,오답,-,R93.1,2,[],stop
2A,long labor,난산,지연 진통,오답,-,O63,2,[],stop
2A,status thymicus,흉선 상태,가슴샘체질,오답,-,,2,[],stop
2A,convalescence following chemotherapy,항암화학요법 후 회복기,화학요법후 회복기,오답,-,Z54.2,3,[],stop
2A,hereditary amyloid nephropathy,유전성 아밀로이드신증,유전성 아밀로이드 신장병증,오답,-,E85.0,3,[],stop
2A,thymopoietin,티모포이에틴,티모포이에틴,정답(대표),exact,,1,[],stop
2A,uropoiesis,요형성,요생산,오답,-,,1,[],stop
2A,ileal neoplasms,회장 종양,돌창자 신생물,오답,-,,2,[],stop
2A,cap crown,캡관,금관,오답,-,,2,[],stop
2A,aspirations (psychology),희망,흡인,오답,-,,2,[],stop
2A,cervico-occipital neuralgia,후경부 신경통,목 뒤통수 신경통,오답,-,G52.9,2,[],stop
2A,orthognathic surgery,악교정술,악교정수술,오답,-,,2,[],stop
2A,polyneuralgia,다발신경통,다발신경통,정답(대표),exact,,1,[],stop
2A,open-chain compound,개사슬 화합물,열린사슬화합물,오답,-,,2,[],stop
2A,glycophorin,글리코포린,글리코포린,정답(대표),exact,,1,[],stop
2A,laparoscopic unilateral salpingo-oophorectomy,복강경 편측 난관난소절제술,배안보개 이용 한쪽 자궁관난소 적출,오답,-,,3,[],stop
2A,puborectalis muscle,치골직장근,두덩곧창자근,정답(동의어),exact,,2,[],stop
2A,dyspnea disorder,호흡곤란장애,천증,오답,-,R06.0,2,[],stop
2A,ureteropelvic junction,신우요관이행부,요관깔때기이음부,오답,-,,2,[],stop
2A,eosinophilic non-allergic rhinitis,호산구성 비알레르기성 비염,호산성 비알레르기성 비염,오답,-,,3,[],stop
2A,fixator muscle,고정근,고정근육,오답,-,,2,[],stop
2A,endosome,엔도좀,엔도솜,오답,-,,1,[],stop
2A,stenopeic,핀홀,가는틈-,오답,-,,1,[],stop
2A,femur,대퇴골,넙다리뼈,정답(동의어),exact,,1,[],stop
2A,autoeroticism,자체애,자기성애,오답,-,,1,[],stop
2A,immunodiagnostic method,면역진단법,면역진단법,정답(대표),exact,,2,[],stop
2A,eye swelling,안부종,안구 부기,오답,-,,2,[],stop
2A,potential doubling time,잠재적 배가시간,잠재배가시간,오답,-,,3,[],stop
2A,factor viii,제8인자,제8인자,정답(대표),exact,,2,[],stop
2A,tzanck smear test,짜크 도말 검사,장크도말검사,오답,-,,3,[],stop
2A,genuine diabetes,진성당뇨병,진성당뇨병,정답(대표),exact,,2,[],stop
2A,prostate mri,전립선 자기공명영상,기본자기공명영상진단-복부-전립선-일반,오답,-,,2,[],stop
2A,incretology,인크레틴학,내분비학,오답,-,,1,[],stop
2A,tracheobronchial,기관지,기관기관지-,오답,-,,1,[],stop
2A,dysostosis multiplex group,다발성 골형성부전군,다발 집단 뼈발생이상,오답,-,,3,[],stop
2A,macrostomia cribrosa,구멍난 거구증,체반,오답,-,,2,[],stop
2A,spireme,사상체질의학,분산사구,오답,-,,1,[],stop
2A,enteral feeding regime,장관영양요법,경장 섭취 요법,오답,-,,3,[],stop
2A,posterior cordectomy,후부성대절제술,뒷쪽 성대 절제,오답,-,,2,[],stop
2A,assess circulatory care,순환 간호 평가하기,순환계간호 사정,오답,-,,3,[],stop
2A,radionuclide angiocardiography,방사성핵종 심혈관조영술,방사성핵종심(장)혈관조영(술),오답,-,,2,[],stop
2A,blood in stool,혈변,대변 속 혈액,정답(동의어),exact,,3,[],stop
2A,inhalator,흡입기,흡입기,정답(대표),exact,,1,[],stop
2A,counterfeit disease,위증병,꾀병,오답,-,,2,[],stop
2A,supratentorial neoplasms,텐토상부 종양,천막위 신생물,오답,-,,2,[],stop
2A,entire nasal septum,비중격 전체,온코사이막,오답,-,,3,[],stop
2A,hairy-cell leukemia,모세포백혈병,털세포백혈병,오답,-,C91.4,2,[],stop
2A,nonalcoholic steaohepatitis,비알코올성 지방간염,비알코올성 지방간염,정답(대표),exact,K75.8,2,[],stop
2A,conjoined,결합된,연합-,오답,-,,1,[],stop
2A,cyst of prostate,전립선낭,전립샘 낭,정답(동의어),nospace,N42.8,3,[],stop
2A,fiberoptic endoscopic,섬유내시경,광섬유내시경,오답,-,,2,[],stop
2A,anaphylactoid crisis,아나필락토이드 반응,아나필락시스유사위기,오답,-,,2,[],stop
2A,holoparasite,반기생물,완전기생체,오답,-,,1,[],stop
2A,cataract ou,양안 백내장,두눈 백내장,오답,-,,2,[],stop
2A,hydropneumothorax,수기흉,물공기가슴증,정답(동의어),exact,J94.8,1,[],stop
2A,myotonia,근강직,근긴장증,오답,-,M62.6,1,[],stop
2A,pericanalicular,관주위,소관주위-,오답,-,,1,[],stop
2A,carpenter's syndrome,카펜터 증후군,카펜터 증후군,정답(대표),exact,Q87.0,2,[],stop
2A,intermenstruum,월경간기,월경간기,정답(대표),exact,,1,[],stop
2A,cabot ring bodies,카보 환상체,카보트고리소체,오답,-,,3,[],stop
2A,organic writer's cramp,기질적 서경경련,기질성 서경,오답,-,G25.8,3,[],stop
2A,perform diversional care,전환요법 간호,전환간호 수행,오답,-,,3,[],stop
2A,postmenopausal bleeding,폐경 후 출혈,폐경기후 출혈,오답,-,N95.0,2,[],stop
2A,pit carries,구덩이증후군,오목부분 우식,오답,-,K02.8,2,[],stop
2A,ulcerative gingivitis (chronic),만성 궤양성 치은염,궤양성 치은염(잇몸염)(만성),오답,-,,3,[],stop
2A,plating method,고정술,평판배양법,오답,-,,2,[],stop
2A,macular holes,황반원공,황반 원공,정답(대표),nospace,,2,[],stop
2A,dying process deteriorated,사경 과정 악화,임종과정 악화됨,오답,-,,3,[],stop
2A,mediastinotomy,종격동절개술,세로칸절개(술),오답,-,,1,[],stop
2A,vegetant intravascular hemangioendothelioma,식물성 혈관내 혈관내피종,증식혈관내혈관내피종,오답,-,,3,[],stop
2A,skull view,두개골 관상골 전면 투사,두부촬영,오답,-,,2,[],stop
2A,nerve root injury,신경근 손상,척추 신경뿌리의 손상,오답,-,T09.4,3,[],stop
2A,clay stool,점토변,회색변,오답,-,,2,[],stop
2A,von hippel-lindau disease,폰 히펠-린다우병,폰히펠-린다우병,정답(대표),nospace,,3,[],stop
2A,arthroscopic menisectomy,관절경적 반절제술,관절경 이용 초승달 절제,오답,-,,2,[],stop
2A,anthracosis,탄분증,탄분증,정답(대표),exact,J60,1,[],stop
2A,endocervical hyperplasia,경부관 내막 증식증,자궁목내막과다형성,오답,-,,2,[],stop
2A,apicoectomy,근첨절제술,치근첨절제(술),정답(동의어),exact,,1,[],stop
2A,palpating,촉진,촉진하기,오답,-,,1,[],stop
2A,anesthesiologist,마취통증의학과 전문의,마취과의사,오답,-,,1,[],stop
2A,operative cholangiography,수술담관조영술,수술쓸개관조영(술),오답,-,,2,[],stop
2A,pilomatrixoma,모낭기질종,털바탕질종,오답,-,D23.9,1,[],stop
2A,foville syndrome,포빌 증후군,포비유 증후군,오답,-,G46.3,2,[],stop
2A,ischial tuberosity structure,좌골결절 구조물,궁둥뼈결절,오답,-,,3,[],stop
2A,frolement,비유동법,미세마찰음,오답,-,,1,[],stop
2A,neurodeatrophia,신경위축,망막위축,오답,-,,1,[],stop
2A,cold sore,구순포진,입술헤르페스,오답,-,,2,[],stop
2A,assess breastfeeding support,모유수유 지원 평가,모유수유지지 사정,오답,-,,3,[],stop
2A,iridocoloboma,홍채결손증,홍채결손,오답,-,,1,[],stop
2A,basal seat,기대의석,의치지지조직,오답,-,,2,[],stop
2A,senile(atrophic) vaginitis,위축성 질염,노년(위축) 질염,오답,-,N95.2,2,[],stop
2A,biopsy of cul-de-sac,자궁직장와 생검,막힌주머니 생검,오답,-,,3,[],stop
2A,medullary canal,골수강,골수공간,정답(동의어),exact,,2,[],stop
2A,cathemoglobin,카트헤모글로빈,카트헤모글로빈,정답(대표),exact,,1,[],stop
2A,intrahepatic,간내,간내-,오답,-,,1,[],stop
2A,multicystic kidney disease,다낭성 신질환,다낭신장병,오답,-,Q61.4,3,[],stop
2A,wrist joint,손목관절,요골수근관절,오답,-,,2,[],stop
2A,reciprocal shaker,상호 흔들기,왕복진탕기,오답,-,,2,[],stop
2A,apical surgery,근첨수술,치근단 수술,오답,-,,2,[],stop
2A,erythema migrans,이행성 홍반,이동성 홍반,오답,-,A26.0,2,[],stop
2A,microencephaly,소두증,작은뇌증,오답,-,,1,[],stop
2A,antifibrinolysin,항섬유소용해소,항섬유소용해소제,오답,-,,1,[],stop
2A,alpha thalassemia,알파 지중해빈혈,알파 지중해빈혈,정답(대표),exact,D56.0,2,[],stop
2A,nonvascularized bone graft,비혈관화 골 이식,비혈관뼈이식,오답,-,,3,[],stop
2A,in situ hybridization,생체내 잡종형성,제자리부합법,오답,-,,3,[],stop
2A,wry neck,사경,기운목,정답(동의어),exact,M43.6,2,[],stop
2A,single outlet heart,단일구심실 심장,단일유출로심장,오답,-,,3,[],stop
2A,lienorenal,비장신장,지라콩팥-,오답,-,,1,[],stop
2A,defervescence,해열,해열,정답(대표),exact,,1,[],stop
2A,cheondol,천돌,천돌(天突),오답,-,,1,[],stop
2A,retrognathism,후방악증,하악후퇴,오답,-,,1,[],stop
2A,antineutrophil cytoplasmic antibody,항호중구세포질항체,항중성구세포질항체,오답,-,,3,[],stop
2A,myelalgia,골수통,척수통증,오답,-,,1,[],stop
2A,rolling disease,구름병,회전병,오답,-,,2,[],stop
2A,lumbosacral enlargement,요천비대,요천부팽대,오답,-,,2,[],stop
2A,atriocarotid interval,심방경동맥간격,심방목동맥간격,오답,-,,2,[],stop
2A,septal angle,중격각,코중격각,오답,-,,2,[],stop
2A,transfusion tests,수혈검사,수혈혈액검사,오답,-,,2,[],stop
2A,impaired eating behaviour,섭식장애,손상된 식습관 행위,오답,-,,3,[],stop
2A,thyroid notch,갑상연골절흔,방패패임,오답,-,,2,[],stop
2A,presence of mei,위의 존재,인공중이삽입물의 존재,오답,-,Z96.28,3,[],stop
2A,fall risk deteriorated,낙상 위험 악화,낙상 위험성 악화됨,오답,-,,3,[],stop
2A,breast stereotactic biopsy,유방 정위 생검,유방 입체정위 생검술,오답,-,,3,[],stop
2A,refractive accomodative esotropia,굴절성 조절성 내사시,굴절조절 내사시,오답,-,H50.0,3,[],stop
2A,medical indigent,의료보장소자,의료급여대상자,오답,-,,2,[],stop
2A,buryu,부류,부류(復溜),오답,-,,1,[],stop
2A,dermatopathic lymphadenopathy,피부병성 림프절증,피부병림프절병(증),오답,-,,2,[],stop
2A,bis in die,매일 2회,1일2회,오답,-,,3,[],stop
2A,allocentric,타자중심적,타인중심-,오답,-,,1,[],stop
2A,internal carotid angiography,내경동맥조영술,두경부동맥조영-내경동맥,오답,-,,3,[],stop
2A,epidermolysis bullosa simplex,단순 수포성 표피박리증,단순 수포성 표피박리증,정답(대표),exact,Q81.0,3,[],stop
2A,ventricular asynergy,심실운동부전,심실협동불능(증),오답,-,,2,[],stop
2A,upper extremity,상지,위팔,정답(동의어),exact,,2,[],stop
2A,perianal haematoma,항문주위 혈종,항문주위혈종,정답(대표),nospace,K64.5,2,[],stop
2A,diastasimetry,이완측정,녹말효소측정법,오답,-,,1,[],stop
2A,waveform,파형,파형,정답(대표),exact,,1,[],stop
2A,framework try-in,프레임워크 시험 장착,금속구조물 시적,오답,-,,2,[],stop
2A,cystathionine,시스타티오닌,시스타티오닌,정답(대표),exact,,1,[],stop
2A,major amblyoscope,대동시계,대형 약시경,오답,-,,2,[],stop
2A,radiodermatitis,방사선피부염,방사선피부염,정답(대표),exact,L58,1,[],stop
2A,turbidometric technique,비탁법,혼탁도측정기법,오답,-,,2,[],stop
2A,tuning curve,조율 곡선,동조곡선,오답,-,,2,[],stop
2A,benign familial hematuria,양성 가족성 혈뇨,양성 가족성 혈뇨,정답(대표),exact,N02.9,3,[],stop
2A,complex echo pattern,복합 에코 양상,복잡메아리,오답,-,,3,[],stop
2A,preleukaemia (syndrome),전백혈병 (증후군),전백혈병(증후군),정답(대표),nospace,D46.9,2,['bad_chars'],stop
2A,prolonged latent phase,잠복기 연장,지연된 잠복기,오답,-,O63.9,3,[],stop
2A,corynebacterium pseudotuberculosis,코리네박테리움 파성결핵균,거짓결핵균,오답,-,,2,[],stop
2A,gonadoadvent,고나도아드벤트,생식기능출현기,오답,-,,1,[],stop
2A,neck righting reflex,목 정위 반사,목바로잡기반사,오답,-,,3,[],stop
2A,peritomy,각막윤부절제술,윤부결막절개(술),오답,-,,1,[],stop
2A,haematosalpinx,혈관난관,혈난관,오답,-,N83.6,1,[],stop
2A,stomatomy,구강장액술,자궁구절개(술),오답,-,,1,[],stop
2A,oncofetal,종양태아성,종양태아-,오답,-,,1,[],stop
2A,removal of restoration,수복물 제거,기존 보철물 제거,오답,-,,3,[],stop
2A,hypothalamic-pituitary-adrenal axis,시상하부-뇌하수체-부신 축,시상하부-뇌하수체-부신축,정답(대표),nospace,,2,[],stop
2A,late post-traumatic seizures,외상 후 지연성 발작,외상후 지연 발작,오답,-,,3,[],stop
2A,acne keloidalis,좌창성 반흔종,흉터종여드름,오답,-,,2,[],stop
2A,direct coombs test,직접 쿰스 시험,직접쿰즈검사,오답,-,,3,[],stop
2A,sequestrectomy of skull,두개골 괴사골 제거술,머리뼈 부골 절제,오답,-,,3,[],stop
2A,periodic rhinitis,주기성 비염,주기코염,오답,-,,2,[],stop
2A,vesicorectal fistula,방광직장루,방광직장루,정답(대표),exact,N32.1,2,[],stop
2A,schistasis,열개(裂開),갈림증,오답,-,,1,['bad_chars'],stop
2A,oxidizing color,산화염색,산화염료,오답,-,,2,[],stop
2A,microincision,미세절개,미세절개,정답(대표),exact,,1,[],stop
2A,rosacea,주사,주사,정답(대표),exact,L71,1,[],stop
2A,coalescent mastoiditis,융합성 유양돌기염,융합꼭지돌기염,오답,-,H70.8,2,[],stop
2A,intraocular,안구내,안구내-,오답,-,,1,[],stop
2A,laceration of back,등열상,등 열상,정답(대표),nospace,S21.2,3,[],stop
2A,colpocystocele,질방광탈출증,질방광탈출(증),오답,-,,1,[],stop
2A,protrusive position,전방위치,전방위,오답,-,,2,[],stop
2A,grafting,이식,이식,정답(대표),exact,,1,[],stop
2A,dislocation of midcarpal(joint),중수근관절 탈구,중간수근골(관절)의 탈구,오답,-,S63.02,3,[],stop
2A,fecal concentration,분변 농축,대변농축(법),오답,-,,2,[],stop
2A,recession operation,후퇴수술,뒤옮김술,오답,-,,2,[],stop
2A,ebonation,상아질 제거술,뼈조각제거,오답,-,,1,[],stop
2A,zosteriform lentiginous nevus,대상모양 검버섯모반,띠모양흑(색)점모반,오답,-,,3,[],stop
2A,supraduodenal artery,십이지장상동맥,샘창자위동맥,정답(동의어),exact,,2,[],stop
2A,thyroidea ima artery,하갑상동맥,맨아래갑상동맥,오답,-,,3,[],stop
2A,cryptococcal meningocerebritis,크립토코커스 뇌막뇌염,크립토콕쿠스수막대뇌염,오답,-,B45.1,2,[],stop
2A,endothelial adhesion molecule,내피 부착 분자,내피부착분자,정답(대표),nospace,,3,[],stop
2A,pleurothecal anastomosis,흉막막문합,가슴막-척수막 연결,오답,-,,2,[],stop
2A,polymyalgia rheumatica,류마티성 다발근통,류마티스성 다발근통,오답,-,M35.3,2,[],stop
2A,voluntomotory,수의운동,수의운동-,정답(동의어),exact,,1,[],stop
2A,retention of urine,요폐,소변정체,정답(동의어),exact,R33,3,[],stop
2A,supporting spiritual rituals,정신적 의식 지지,영적의식 지지하기,오답,-,,3,[],stop
2A,epigastric artery,상복벽동맥,배벽동맥,오답,-,,2,[],stop
2A,source qi,원기,원기,정답(대표),exact,,2,[],stop
2A,polychromatophilic erythrocyte,다염성적혈구,다염적혈구,오답,-,,2,[],stop
2A,endorectal pull-through operation,직장내 항문당겨내기술,직장내 풀-스루식 수술,오답,-,,3,[],stop
2A,defective interfering particle,결함 간섭 입자,결손간섭입자,오답,-,,3,[],stop
2A,physics depth sensitivity,물리적 심도 민감도,물리적깊이민감도,오답,-,,3,[],stop
2A,dialysis adequacy,투석 적격성,투석충분도,오답,-,,2,[],stop
2A,apneustic respiration,무호흡호흡,지속흡입호흡,오답,-,,2,[],stop
2A,citrate,구연산염,구연산,정답(동의어),exact,,1,[],stop
2A,forehead,이마,전두,오답,-,,1,[],stop
2A,extracoronal,관외,치관외-,오답,-,,1,[],stop
2A,mongoloid slant,몽고인斜視,몽골인 모양 눈,오답,-,,2,[],stop
2A,altimeter sickness,고산병,고산병,정답(대표),exact,T70.2,2,[],stop
2A,failed forceps,회전 겸자 분만 실패,집게 사용 실패,오답,-,,2,[],stop
2A,trypanocidal,트리파노소마충구제,파동편모충박멸-,오답,-,,1,[],stop
2A,amphorophony,공동음,공동공명음,오답,-,,1,[],stop
2A,pyroglyphidae,잘라진진드기과,집먼지진드기(과),오답,-,,1,[],stop
2A,rhabdomyomyxoma,횡문근점액종,횡문근점액종,정답(대표),exact,,1,[],stop
2A,cranial dermal sinus,두피강,뇌피부동,오답,-,L05.9,3,[],stop
2A,suprapubic prostatectomy,치골상 전립선 절제술,두덩뼈 위쪽 경유 전립샘 절제,오답,-,,2,[],stop
2A,platymorphia,편평체형,편평안구,오답,-,,1,[],stop
2A,cimex lectularius,온새코리아,빈대,오답,-,,2,[],stop
2A,salbutamol,살부타몰,살부타몰,정답(대표),exact,,1,[],stop
2A,tuning fork,진동자,소리굽쇠,오답,-,,2,[],stop
2A,chest expiration,흉부 호기,가슴 날숨촬영,오답,-,,2,[],stop
2A,syphilogen,매독원인체,매독원,오답,-,,1,[],stop
2A,ischial ramus,좌골지,궁둥뼈가지,정답(동의어),exact,,2,[],stop
2A,supraspinous,극상,가시끝-,오답,-,,1,[],stop
2A,intranasal ethmoidectomy,비내강내 접형동절제술,사골동염근치술; 비내 접근법,오답,-,,2,[],stop
2A,breathing bag reservoir,호흡백 저수지,호흡주머니,오답,-,,3,[],stop
2A,growth fever,장열,변증,오답,-,P81.9,2,[],stop
2A,neurostearic acid,뉴로스테아르산,신경지방산,오답,-,,2,[],stop
2A,operative ultrasound,수술中超음파,수술중초음파검사,오답,-,,2,[],stop
2A,abortive prophage,유도저지형 파지,불완전프로파지,오답,-,,2,[],stop
2A,vetebra,척추골,척추,오답,-,,1,[],stop
2A,incisor tooth,절치,절치,정답(대표),exact,,2,[],stop
2A,stump hallucination,절단지 환각,절단끝환각,오답,-,,2,[],stop
2A,hyalomere,투명부,투명부위,오답,-,,1,[],stop
2A,inspirator,흡인기,흡입기,오답,-,,1,[],stop
2A,tense,긴장,긴장-,오답,-,,1,[],stop
2A,fluoridation,불소화,불소화,정답(대표),exact,,1,[],stop
2A,varicose vein stripping,정맥류 박리술,정맥류 제거,오답,-,,3,[],stop
2A,urethrotomy,요도절개술,요도 절개,오답,-,,1,[],stop
2A,virgin population,미경험군,무노출인구,오답,-,,2,[],stop
2A,gracilis muscle,박근육,두덩정강근,오답,-,,2,[],stop
2A,paraganglion,부신경절,곁신경절,정답(동의어),exact,,1,[],stop
2A,hemianopsia,반맹,편측시야결손,정답(동의어),exact,,1,[],stop
2A,relative scotoma,상대성 암점,상대암점,오답,-,,2,[],stop
2A,ballism,발리즘,도리깨질(증),오답,-,,1,[],stop
2A,tuberculosis of oesophagus,식결핵,식도의 결핵,오답,-,A18.82,3,[],stop
2A,appendix ultrasound,충수초음파,맹장 초음파,오답,-,,2,[],stop
2A,kub left lateral,복부 단순 촬영 좌측위,"콩팥요관방광촬영, 왼쪽측방향",오답,-,,3,[],stop
2A,menstrual irregularity,월경불순,월경불규칙,정답(동의어),exact,N92.6,2,[],stop
2A,pressure suit,압력복,가압복,오답,-,,2,[],stop
2A,postprocedural subglottic stenosis,시술 후 성문하 협착증,처치후 성문하협착,오답,-,J95.5,3,[],stop
2A,puerperium,산욕기,산후기,오답,-,,1,[],stop
2A,non-infected,비감염성,감염되지않은,오답,-,,1,[],stop
2A,overdetermined idea,과대결정 관념,과잉결정관념,오답,-,,2,[],stop
2A,agenesis of lung,폐 무발생증,폐의 무발생,오답,-,Q33.3,3,[],stop
2A,toilet,변기,세척,오답,-,,1,[],stop
2A,coxalgic pelvis,고관절통성 골반,엉덩관절병골반,오답,-,,2,[],stop
2A,clasp repair,의치 유지장치 수리,클라스프 수리,오답,-,,2,[],stop
2A,horseshoe fistula,편마자형 누공,말발굽샛길,오답,-,,2,[],stop
2A,taenia solium,유두염충,유구조충,오답,-,,2,[],stop
2A,dermatitis verrucosa,유두상 피부염,사마귀피부염,오답,-,B43.0,2,[],stop
2A,expectorant mixture,거담 혼합제,복합거담제,오답,-,,2,[],stop
2A,prescription group,처방군,처방묶음,오답,-,,2,[],stop
2A,progressive hemifacial atrophy,진행성 반측안면위축,진행성 반쪽얼굴 위축,오답,-,G51.8,3,[],stop
2A,plain radiograph,단순방사선사진,단순방사선사진,정답(대표),exact,,2,[],stop
2A,iridocyclitis in tuberculosis,결핵성 홍채모양체염,결핵에서의 홍채섬모체염,오답,-,A18.5,3,[],stop
2A,uremic convulsion,요독성 경련,요독경련,오답,-,,2,[],stop
2A,ophthalmophacometer,안구굴절력계,수정체굴절력측정계,오답,-,,1,[],stop
2A,reconstruction of thumb,무지 재건술,엄지 손가락 재건,오답,-,,3,[],stop
2A,tetrastichiasis,사행안모증,네줄속눈썹(증),오답,-,,1,[],stop
2A,fundus photography,안저사진,안저사진,정답(대표),exact,,2,[],stop
2A,rotalix tube,로탈릭 튜브,회전양극관,오답,-,,2,[],stop
2A,invasive mole,침윤성 포도기태,침윤기태,오답,-,,2,[],stop
2A,ulcerated external hemorrhoids,궤양성 외치핵,궤양성 외치핵,정답(대표),exact,K64.8,3,[],stop
2A,standardized rate ratio,표준화비,표준화비율비,오답,-,,3,[],stop
2A,encephalopathy toxic,독성 뇌병증,독성 뇌병증,정답(대표),exact,,2,[],stop
2A,teach personal care,일상생활동작 훈련,개인간호 교육,오답,-,,3,[],stop
2A,hydrocyst,수포(낭),물낭,오답,-,,1,['bad_chars'],stop
2A,muscular artery,근육동맥,근육형동맥,오답,-,,2,[],stop
2A,ataxic hemiparesis,운동실조성 편마비,실조성반부전마비,오답,-,,2,[],stop
2A,mitokinetic,유사분열촉진성,유사운동-,오답,-,,1,[],stop
2A,dementia in hypercalcaemia,고칼슘혈증성 치매,과칼슘혈증에서의 치매,오답,-,F02.8,3,[],stop
2A,neurofibromatosis of spine,척추 신경섬유종증,척수 신경섬유종증,오답,-,,3,[],stop
2A,amputation of cervix,자궁경부절제술,자궁목 절단,오답,-,,3,[],stop
2A,osteoarthritis,골관절염,뼈관절염,정답(동의어),exact,,1,[],stop
2A,head wind,두풍,두풍 ; 뇌풍,오답,-,R51,2,[],stop
2A,bovine granulomatous mastitis,소 육아종성 유선염,소육아종 유방염,오답,-,,3,[],stop
2A,hand,수부,수,오답,-,,1,[],stop
2A,idiopathic hemihypertrophy,특발성 반비대,특발성 편측비대증,오답,-,Q68.8,2,[],stop
2A,ileocolic artery,회결장동맥,돌잘룩창자동맥,오답,-,,2,[],stop
2A,nummular dermatitis,화폐상 습진,동전모양피부염,오답,-,L30.0,2,[],stop
2A,ecdysis,탈피,허물벗기,정답(동의어),exact,,1,[],stop
2A,congenital leukonychia,선천성 백색조갑증,선천 손발톱백반,오답,-,Q84.4,2,[],stop
2A,total lipodystrophy,전신 지방이영양증,전체 지방영양장애,오답,-,,2,[],stop
2A,near field potential,근접장 전위,근접부위전위,오답,-,,3,[],stop
2A,unequal limb length,하지부등장,사지길이부동증,오답,-,,3,[],stop
2A,drug induce pruritus,약물 유발 소양증,약물 유발성 가려움,오답,-,L29.8,3,[],stop
2A,saphenous neuropathy,잠신경병증,복재신경병증,오답,-,G57.8,2,[],stop
2A,extra-abdominal,복부외,복부외-,오답,-,,1,[],stop
2A,endolymphatic duct,내림프관,속림프관,정답(동의어),exact,,2,[],stop
2A,intra-operative neurophysiologic testing,수술 중 신경생리검사,수술중 신경생리학적 검사,오답,-,,3,[],stop
2A,hammerhead ribozyme,해머헤드 리보자임,망치머리형리보자임,오답,-,,2,[],stop
2A,photogene,광발생원,잔상,오답,-,,1,[],stop
2A,hot bag,온열주머니,더운물 주머니,오답,-,,2,[],stop
2A,bougienage of esophagus,식도 부지에지,식도 부우지법,오답,-,,3,[],stop
2A,oculovagal reflex,안구미주신경반사,눈미주신경반사,오답,-,,2,[],stop
2A,physically handicapped,신체장애인,거동불편자,오답,-,,2,[],stop
2A,morbidity aspects,이환 양상,질병 양상,오답,-,,2,[],stop
2A,auriculotemporal nerve,귓바퀴관자신경,귓바퀴관자신경,정답(대표),exact,,2,[],stop
2A,perseveration,지속증,고집증,오답,-,,1,[],stop
2A,purpura annularis telangiectodes,모세혈관확장성 고리자반,고리모세혈관확장자색반,오답,-,,3,[],stop
2A,endoscopic retrograde pancreatography,내시경역행췌장조영술,내시경역행이자관조영(술),오답,-,,3,[],stop
2A,leukotaxis,백혈구 주화성,백혈구쏠림성,정답(동의어),nospace,,1,[],stop
2A,myoalbumin,미오알부민,근(육)알부민,오답,-,,1,[],stop
2A,urethroscopic surgery,요도경 수술,요도경하 수술,오답,-,,2,[],stop
2A,hippocampal sclerosis,해마 경화증,해마경화(증),오답,-,G37.9,2,[],stop
2A,excitometabolic,흥분대사성,대사촉진-,오답,-,,1,[],stop
2A,bronchus t-tube insertion,기관지 T-관 삽입술,기관지 T-삽관,오답,-,,3,['bad_chars'],stop
2A,lead gown,납앞치마,납가운,오답,-,,2,[],stop
2A,flat position,앙와위,앙와위,정답(대표),exact,,2,[],stop
2A,bubbling rale,수포음,끓는거품소리,오답,-,,2,[],stop
2A,acanthamoeba keratitis,아칸타메바 각막염,가시아메바각막염,오답,-,,2,[],stop
2A,arachnoid cyst,거미막낭종,거미막하 낭종,정답(동의어),nospace,G93.0,2,[],stop
2A,clubbing of nails,곤봉지( clubbing),손톱의 곤봉화,오답,-,R68.3,3,['bad_chars'],stop
2A,water bath,수욕,욕조,오답,-,,2,[],stop
2A,molding,아두분만,두개몰딩,오답,-,,1,[],stop
2C,root pain,신경뿌리통증,신경뿌리통증,정답(대표),exact,,2,[],stop
2C,plantar flexion,발바닥쪽 굽힘,발바닥쪽 굽힘,정답(대표),exact,,2,[],stop
2C,metagonimus yokogawai,요코가와흡충,요코가와흡충,정답(대표),exact,,2,[],stop
2C,speech loss,언어 손실,언어 손실,정답(대표),exact,,2,[],stop
2C,syncytial,합포체-,합포체-,정답(대표),exact,,1,[],stop
2C,small-and light-for-dates,과소 및 과소체중아,과소 및 과소체중아,정답(대표),exact,P05.1,2,[],stop
2C,lobectomy of lung,폐엽 절제,폐엽 절제,정답(대표),exact,,3,[],stop
2C,suprameatal foveola,바깥귀길위오목,바깥귀길위오목,정답(대표),exact,,2,[],stop
2C,phlebography,정맥조영(술),정맥조영(술),정답(대표),exact,,1,['bad_chars'],stop
2C,third ventricle structure,제3뇌구조,제3뇌구조,정답(대표),exact,,3,[],stop
2C,bidiscoidal placenta,두원반태반,두원반태반,정답(대표),exact,,2,[],stop
2C,centrolecithal,중심난황-,중심난황-,정답(대표),exact,,1,[],stop
2C,auriscope,이경,이경,정답(대표),exact,,1,[],stop
2C,rhinoantritis,코굴염,코굴염,정답(대표),exact,,1,[],stop
2C,lochioschesis,산후질분비물정체,산후질분비물정체,정답(대표),exact,,1,[],stop
2C,cyematocardia,태아심음,태아심음,정답(대표),exact,,1,[],stop
2C,cardiography,심장도검사,심장도검사,정답(대표),exact,,1,[],stop
2C,postprocedural hypothyroidism,처치후 갑상선기능저하증,처치후 갑상선기능저하증,정답(대표),exact,E89.0,2,[],stop
2C,paramyxoviridae infection,파라믹소바이러스 감염,파라믹소바이러스 감염,정답(대표),exact,B33.8,2,[],stop
2C,hepaticostomy,간관루설치(술),간관루설치(술),정답(대표),exact,,1,['bad_chars'],stop
2C,window defect,창문비침,창문비침,정답(대표),exact,,2,[],stop
2C,vasa previa,전치 맥관,전치 맥관,정답(대표),exact,P02.6,2,[],stop
2C,working length distance,근관장측정검사,근관장측정검사,정답(대표),exact,,3,[],stop
2C,prolinase,프롤린효소,프롤린효소,정답(대표),exact,,1,[],stop
2C,suture thread,봉합사,봉합사,정답(대표),exact,,2,[],stop
2C,urethrocutaneous fistula,요도피부샛길,요도피부샛길,정답(대표),exact,N36.0,2,[],stop
2C,sign,징후,징후,정답(대표),exact,,1,[],stop
2C,a/s posterior capsulo-labroplasty,관절경 후방 피막테두리성형술,관절경 후방 피막테두리성형술,정답(대표),exact,,3,[],stop
2C,periarthritis of wrist,손목의 관절주위염,손목의 관절주위염,정답(대표),exact,M77.2,3,[],stop
2C,metarubricyte,후적혈구,후적혈구,정답(대표),exact,,1,[],stop
2C,soryo,소료(素髎),소료(素髎),정답(대표),exact,,1,['bad_chars'],stop
2C,abrasion of flank,옆구리 찰과상,옆구리 찰과상,정답(대표),exact,S30.8,3,[],stop
2C,scintillating hemianopia,섬광반맹,섬광반맹,정답(대표),exact,,2,[],stop
2C,chromophilic cell,호색소세포,호색소세포,정답(대표),exact,,2,[],stop
2C,infantile automatism,젖먹이자동증,젖먹이자동증,정답(대표),exact,,2,[],stop
2C,oath of hippocrates,히포크라테스선서,히포크라테스선서,정답(대표),exact,,3,[],stop
2C,pubocapsular,두덩관절피막-,두덩관절피막-,정답(대표),exact,,1,[],stop
2C,hemopleuropneumonic syndrome,혈액가슴막폐렴증후군,혈액가슴막폐렴증후군,정답(대표),exact,,2,[],stop
2C,rotational irradiation coach,회전방사선치료대,회전방사선치료대,정답(대표),exact,,3,[],stop
2C,airborne infection,공기매개감염,공기매개감염,정답(대표),exact,,2,[],stop
2C,fistula of gallbladder,담낭의 누공,담낭의 누공,정답(대표),exact,K82.3,3,[],stop
2C,cardiac murmur,심잡음,심잡음,정답(대표),exact,R01.1,2,[],stop
2C,laryngopharyngitis,후두인두염,후두인두염,정답(대표),exact,,1,[],stop
2C,gantry,갠트리,갠트리,정답(대표),exact,,1,[],stop
2C,hyperesophoria,상내사위,상내사위,정답(대표),exact,,1,[],stop
2C,multicystic renal dysplasia,다낭성 신장의 형성이상,다낭성 신장의 형성이상,정답(대표),exact,Q61.4,3,[],stop
2C,conn adenoma,콘 샘종,콘 샘종,정답(대표),exact,,2,[],stop
2C,tinea manuum,손백선,손백선,정답(대표),exact,B35.2,2,[],stop
2C,functional enuresis,기능성 유뇨증,기능성 유뇨증,정답(대표),exact,F98.0,2,[],stop
2C,simple dressing,단순 처치,단순 처치,정답(대표),exact,,2,[],stop
2C,first responder,일차반응자,일차반응자,정답(대표),exact,,2,[],stop
2C,abdominal wall strained,배벽 긴장,배벽 긴장,정답(대표),exact,,3,[],stop
2C,activity grade,활동정도,활동정도,정답(대표),exact,,2,[],stop
2C,goitrogenic,갑상샘종유발물질-,갑상샘종유발물질-,정답(대표),exact,,1,[],stop
2C,myelodysplastic syndromes,골수형성이상증후군,골수형성이상증후군,정답(대표),exact,D46,2,[],stop
2C,gorei-san,오령산,오령산,정답(대표),exact,,1,[],stop
2C,gallium scan,갈리움 스캔,갈리움 스캔,정답(대표),exact,,2,[],stop
2C,blind fistula,막힌샛길,막힌샛길,정답(대표),exact,,2,[],stop
2C,radioimmunoelectrophoresis,방사면역전기이동(법),방사면역전기이동(법),정답(대표),exact,,1,['bad_chars'],stop
2C,dilation of rectum,곧창자 확장,곧창자 확장,정답(대표),exact,,3,[],stop
2C,exteroceptive stimulus,외수용자극,외수용자극,정답(대표),exact,,2,[],stop
2C,atlas-axis spinal fusion,고리뼈-중쇠뼈 척추 유합,고리뼈-중쇠뼈 척추 유합,정답(대표),exact,,3,[],stop
2C,qrs widened,큐알에스(QRS) 넓힘,큐알에스(QRS) 넓힘,정답(대표),exact,,2,['bad_chars'],stop
2C,esterapenia,에스테라아제감소,에스테라아제감소,정답(대표),exact,,1,[],stop
2C,major calyx,큰콩팥잔,큰콩팥잔,정답(대표),exact,,2,[],stop
2C,hodgkin disease,호지킨병,호지킨병,정답(대표),exact,,2,[],stop
2C,flushing,홍조,홍조,정답(대표),exact,R23.2,1,[],stop
2C,school childhood,학령기,학령기,정답(대표),exact,,2,[],stop
2C,abdominal palpable mass,복부 촉지성 종괴,복부 촉지성 종괴,정답(대표),exact,,3,[],stop
2C,di guglielmo's disease,디구글리엘모병,디구글리엘모병,정답(대표),exact,C94.0,3,[],stop
2C,jisil,지실(志室),지실(志室),정답(대표),exact,,1,['bad_chars'],stop
2C,ascending arm venography,상지-상행적상지정맥,상지-상행적상지정맥,정답(대표),exact,,3,[],stop
2C,pa x-ray,치근단 방사선촬영,치근단 방사선촬영,정답(대표),exact,,2,[],stop
2C,developmental retardation child,발달 부진아,발달 부진아,정답(대표),exact,,3,[],stop
2C,digit preference,끝수선호,끝수선호,정답(대표),exact,,2,[],stop
2C,interferential action,간섭작용,간섭작용,정답(대표),exact,,2,[],stop
2C,vulvovaginal,음문질-,음문질-,정답(대표),exact,,1,[],stop
2C,induced malaria,접종말라리아,접종말라리아,정답(대표),exact,,2,[],stop
2C,interfascicular graft,다발사이이식,다발사이이식,정답(대표),exact,,2,[],stop
2C,oxyhydrocephalus,뾰족물머리증,뾰족물머리증,정답(대표),exact,,1,[],stop
2C,guinea pig,기니피그,기니피그,정답(대표),exact,,2,[],stop
2C,patent medicine,특허약,특허약,정답(대표),exact,,2,[],stop
2C,congruous field defect,일치시야결손,일치시야결손,정답(대표),exact,,3,[],stop
2C,peritoneocentesis,복막천자,복막천자,정답(대표),exact,,1,[],stop
2C,self-care deficit,자가간호결핍,자가간호결핍,정답(대표),exact,,2,[],stop
2C,autonomic bladder,자율방광,자율방광,정답(대표),exact,,2,[],stop
2C,dry arthritis,건성관절염,건성관절염,정답(대표),exact,,2,[],stop
2C,pharynx,인두,인두,정답(대표),exact,,1,[],stop
2C,volume elasticity coefficient,용적탄력률,용적탄력률,정답(대표),exact,,3,[],stop
2C,inverse-ratio ventilation,역비환기,역비환기,정답(대표),exact,,2,[],stop
2C,cystitomy,수정체낭절개(술),수정체낭절개(술),정답(대표),exact,,1,['bad_chars'],stop
2C,salicylamide,살리실아마이드,살리실아마이드,정답(대표),exact,,1,[],stop
2C,hemoglobin c,헤모글로빈C,헤모글로빈C,정답(대표),exact,,2,['bad_chars'],stop
2C,z-plasty,Z성형(술),Z성형(술),정답(대표),exact,,1,['bad_chars'],stop
2C,rash purpuric,자색반 발진,자색반 발진,정답(대표),exact,,2,[],stop
2C,mamillitis,유두염,유두염,정답(대표),exact,,1,[],stop
2C,bird-shot chorioretinopathy,산탄맥락망막병(증),산탄맥락망막병(증),정답(대표),exact,,2,['bad_chars'],stop
2C,diabetic coma,당뇨 혼수,당뇨 혼수,정답(대표),exact,,2,[],stop
2C,condensed chromatin,농축염색질,농축염색질,정답(대표),exact,,2,[],stop
2C,genu valgum,외반슬,외반슬,정답(대표),exact,M21.06,2,[],stop
2C,revision septoplasty,교정 사이막성형술,교정 사이막성형술,정답(대표),exact,,2,[],stop
2C,naevus portwine,포도주색 모반,포도주색 모반,정답(대표),exact,Q82.5,2,[],stop
2C,glissade,글리사드,글리사드,정답(대표),exact,,1,[],stop
2C,psoas shadow,허리근음영,허리근음영,정답(대표),exact,,2,[],stop
2C,splenectomy,비장절제,비장절제,정답(대표),exact,,1,[],stop
2C,antimicrobial eye drop,항균안약,항균안약,정답(대표),exact,,3,[],stop
2C,salpingography and plasty,난관조영촬영 및 개통술,난관조영촬영 및 개통술,정답(대표),exact,,3,[],stop
2C,clostridium histolyticum,클로스트리듐히스톨리티쿰,클로스트리듐히스톨리티쿰,정답(대표),exact,,2,[],stop
2C,anecdotal,증례서술적,증례서술적,정답(대표),exact,,1,[],stop
2C,tumor-specific antigen,종양특이항원,종양특이항원,정답(대표),exact,,2,[],stop
2C,schistocephalus,협숙주기생충,머리갈림태아,오답,-,,1,[],stop
2C,resecting fracture,깍임골절,깍임골절,정답(대표),exact,,2,[],stop
2C,epidermophyton,표피사상균(속),표피사상균(속),정답(대표),exact,,1,['bad_chars'],stop
2C,microlymphatic graft,미세림프절이식,미세림프절이식,정답(대표),exact,,2,[],stop
2C,cardiac pet-ct,심장 양전자방출단층촬영술,심장 양전자방출단층촬영술,정답(대표),exact,,2,[],stop
2C,multidrug resistance,다약제내성,다약제내성,정답(대표),exact,,2,[],stop
2C,puerility,소아기,소아기,정답(대표),exact,,1,[],stop
2C,enteropathic arthritis,창자질환성 관절염,창자질환성 관절염,정답(대표),exact,,2,[],stop
2C,lobomycosis,로보진균증,로보진균증,정답(대표),exact,B48.0,1,[],stop
2C,lamblial dysentery,람블편모충이질,람블편모충이질,정답(대표),exact,,2,[],stop
2C,ladder splint,사다리형덧대,사다리형덧대,정답(대표),exact,,2,[],stop
2C,radiostrontium,방사성스트론튬,방사성스트론튬,정답(대표),exact,,1,[],stop
2C,deuterium,중수소,중수소,정답(대표),exact,,1,[],stop
2C,deforming dorsopathies,변형성 등병증,변형성 등병증,정답(대표),exact,M40-M43,2,[],stop
2C,nonoperculated egg,무난개충란,무난개충란,정답(대표),exact,,2,[],stop
2C,holy fire,에르고트중독증,에르고트중독증,정답(대표),exact,,2,[],stop
2C,sclerosing retroperitonitis,경화뒤배막염,경화뒤배막염,정답(대표),exact,,2,[],stop
2C,bilaminar vitelline placenta,두겹난황태반,두겹난황태반,정답(대표),exact,,3,[],stop
2C,dyskeratosis congenita,선천 이상각화증,선천 이상각화증,정답(대표),exact,Q82.8,2,[],stop
2C,flax-dresser disease,아마포착용자병,아마포착용자병,정답(대표),exact,J66.1,2,[],stop
2C,bryant's traction,브리언트 당김,브리언트 당김,정답(대표),exact,,2,[],stop
2C,endemic disease,풍토병,풍토병,정답(대표),exact,,2,[],stop
2C,annular nucleus,고리핵,고리핵,정답(대표),exact,,2,[],stop
2C,pseudoptosis,거짓눈꺼풀처짐,거짓눈꺼풀처짐,정답(대표),exact,H02.48,1,[],stop
2C,throat pruritus,목구멍 가려움증,목구멍 가려움증,정답(대표),exact,,2,[],stop
2C,endoenteritis,창자점막염,창자점막염,정답(대표),exact,,1,[],stop
2C,deep mycosis,심재성 진균증,심재성 진균증,정답(대표),exact,B48.8,2,[],stop
2C,hydrometra,물자궁증,물자궁증,정답(대표),exact,N85.8,1,[],stop
2C,osteochondroma,뼈연골종,뼈연골종,정답(대표),exact,,1,[],stop
2C,stratified randomization,층별무작위배정(법),층별무작위배정(법),정답(대표),exact,,2,['bad_chars'],stop
2C,corticobasal degeneration,겉질기저 변성,겉질기저 변성,정답(대표),exact,,2,[],stop
2C,heart rate variability,심박변이도,심박변이도,정답(대표),exact,,3,[],stop
2C,intromission,삽입,삽입,정답(대표),exact,,1,[],stop
2C,drug-induced,약물유발-,약물유발-,정답(대표),exact,,1,[],stop
2C,ossidesmosis,힘줄뼈되기,힘줄뼈되기,정답(대표),exact,,1,[],stop
2C,binaural,양귀-,양귀-,정답(대표),exact,,1,[],stop
2C,extrachromosomal inheritance,염색체외유전,염색체외유전,정답(대표),exact,,2,[],stop
2C,onychopathy,손발톱병(증),손발톱병(증),정답(대표),exact,,1,['bad_chars'],stop
2C,ionometer,이온화선량계,이온화선량계,정답(대표),exact,,1,[],stop
2C,double-barreled aorta,이중관대동맥,이중관대동맥,정답(대표),exact,,2,[],stop
2C,lipomelanotic reticulosis,지방흑색증성 세망증,지방흑색증성 세망증,정답(대표),exact,I89.8,2,[],stop
2C,muscle twitch,근육 경련,근육 경련,정답(대표),exact,,2,[],stop
2C,psychosocial development,정신사회발달,정신사회발달,정답(대표),exact,,2,[],stop
2C,ulcerlike nud,궤양성 비궤양성 소화불량,궤양성 비궤양성 소화불량,정답(대표),exact,K30,2,[],stop
2C,nodular fasciitis,결절 근막염,결절 근막염,정답(대표),exact,M72.4,2,[],stop
2C,homogeneous,균일,균일,정답(대표),exact,,1,[],stop
2C,altered uterine contractions,자궁수축 변화,자궁수축 변화,정답(대표),exact,,3,[],stop
2C,pyrexia during labour,출산중 발열,출산중 발열,정답(대표),exact,O75.2,3,[],stop
2C,a/s capsulectomy,관절경적 피막절제술,관절경적 피막절제술,정답(대표),exact,,2,[],stop
2C,superexcitation,과도흥분,과도흥분,정답(대표),exact,,1,[],stop
2C,bony excrescence,뼈이상돌출,뼈이상돌출,정답(대표),exact,,2,[],stop
2C,coupling color,커플링염료,커플링염료,정답(대표),exact,,2,[],stop
2C,phlebitis and thrombophlebitis,정맥염 및 혈전정맥염,정맥염 및 혈전정맥염,정답(대표),exact,I80,3,[],stop
2C,breath holding spell,숨참기발작,숨참기발작,정답(대표),exact,R06.8,3,[],stop
2C,extroverted personality,외향인격,외향인격,정답(대표),exact,,2,[],stop
2C,enterotoxin,창자독소,창자독소,정답(대표),exact,,1,[],stop
2C,linear craniectomy,선상 머리뼈 절제,선상 머리뼈 절제,정답(대표),exact,,2,[],stop
2C,diving reflex,잠수반사,잠수반사,정답(대표),exact,,2,[],stop
2C,thymus,가슴샘,가슴샘,정답(대표),exact,,1,[],stop
2C,pseudoepicanthus,거짓눈구석주름,거짓눈구석주름,정답(대표),exact,,1,[],stop
2C,in utero,자궁내,자궁내,정답(대표),exact,,2,[],stop
2C,epidermolysis bullosa dystrophica,디스트로피성 수포성 표피박리증,디스트로피성 수포성 표피박리증,정답(대표),exact,Q81.2,3,[],stop
2C,functional ileus,기능창자막힘증,기능창자막힘증,정답(대표),exact,,2,[],stop
2C,colonic serosa,잘록창자장막층,잘록창자장막층,정답(대표),exact,,2,[],stop
2C,sideroblastic anaemia,철적혈모구빈혈,철적혈모구빈혈,정답(대표),exact,D64.0-D64.3,2,[],stop
2C,prandial,식사-,식사-,정답(대표),exact,,1,[],stop
2C,infanthood,영아기,영아기,정답(대표),exact,,1,[],stop
2C,rothmund thomson syndrome,로트문드 톰슨 증후군,로트문드 톰슨 증후군,정답(대표),exact,Q82.8,3,[],stop
2C,high quality-hcv ab,정밀면역검사-C형간염항체,정밀면역검사-C형간염항체,정답(대표),exact,,3,['bad_chars'],stop
2C,echo pulse,초음파,초음파,정답(대표),exact,,2,[],stop
2C,intramuscular nerve stimulation,근육내신경자극치료,근육내신경자극치료,정답(대표),exact,,3,[],stop
2C,anisometropic amblyopia,굴절부등약시,굴절부등약시,정답(대표),exact,H53.01,2,[],stop
2C,traumatic sah,외상성 지주막하출혈,외상성 지주막하출혈,정답(대표),exact,S06.6,2,[],stop
2C,kakidrosis,땀악취증,땀악취증,정답(대표),exact,L75.0,1,[],stop
2C,plate,평판,평판,정답(대표),exact,,1,[],stop
2C,paraspasm,대칭성연축,대칭성연축,정답(대표),exact,,1,[],stop
2C,mescaline,메스칼린,메스칼린,정답(대표),exact,,1,[],stop
2C,gangliectomy,신경절절제(술),신경절절제(술),정답(대표),exact,,1,['bad_chars'],stop
2C,carpometacarpal joint structure,손목손허리관절,손목손허리관절,정답(대표),exact,,3,[],stop
2C,cystica ureteritis,낭성 요관염,낭성 요관염,정답(대표),exact,N28.8,2,[],stop
2C,chemohormonal,화학호르몬-,화학호르몬-,정답(대표),exact,,1,[],stop
2C,ancylostoma ceylanicum,실론구충,실론구충,정답(대표),exact,,2,[],stop
2C,milieu therapy,환경 치료요법,환경 치료요법,정답(대표),exact,,2,[],stop
2C,evacuation of empyema,축농 제거,축농 제거,정답(대표),exact,,3,[],stop
2C,triketohydrindene hydrate test,닌히드린검사,닌히드린검사,정답(대표),exact,,3,[],stop
2C,conglutinogen activating factor,교착원활성인자,교착원활성인자,정답(대표),exact,,3,[],stop
2C,dislocation of wrist,손목의 탈구,손목의 탈구,정답(대표),exact,S63.0,3,[],stop
2C,triple test,삼중검사,삼중검사,정답(대표),exact,,2,[],stop
2C,cogan's disease,코오간병,코오간병,정답(대표),exact,H16.3,2,[],stop
2C,double bladder,중복방광,중복방광,정답(대표),exact,,2,[],stop
2C,derangement of patella,무릎뼈의 장애,무릎뼈의 장애,정답(대표),exact,M22.0-M22.3,3,[],stop
2C,debanding,밴드제거,밴드제거,정답(대표),exact,,1,[],stop
2C,interarytenoid notch,모뿔사이패임,모뿔사이패임,정답(대표),exact,,2,[],stop
2C,lymphopoiesis,림프구형성,림프구형성,정답(대표),exact,,1,[],stop
2C,masticatory dysfunction,씹기 기능장애,씹기 기능장애,정답(대표),exact,,2,[],stop
2C,suturing of wound,창상봉합술,창상봉합술,정답(대표),exact,,3,[],stop
2C,retaining harness,장치유지,장치유지,정답(대표),exact,,2,[],stop
2C,omsk haemorrhagic fever,옴스크출혈열,옴스크출혈열,정답(대표),exact,A98.1,3,[],stop
2C,dural avf,경막의 동정맥루,경막의 동정맥루,정답(대표),exact,I67.1,2,[],stop
2C,hepatogram,간실질상,간실질상,정답(대표),exact,,1,[],stop
2C,sacrococcygeal,엉치꼬리-,엉치꼬리-,정답(대표),exact,,1,[],stop
2C,cercosporomycosis,세르코스포라진균증,세르코스포라진균증,정답(대표),exact,,1,[],stop
2C,lipoid dermatoarthritis,리포이드피부관절염,리포이드피부관절염,정답(대표),exact,M14.3,2,[],stop
2C,instep island flap,안쪽발바닥섬피판,안쪽발바닥섬피판,정답(대표),exact,,3,[],stop
2C,assessing waste service,쓰레기처리 능력 사정하기,쓰레기처리 능력 사정하기,정답(대표),exact,,3,[],stop
2C,affectivity,정동성,정동성,정답(대표),exact,,1,[],stop
2C,dry weight,투석목표체중,투석목표체중,정답(대표),exact,,2,[],stop
2C,spinal injuries,척수 손상,척수 손상,정답(대표),exact,,2,[],stop
2C,crossbite (anterior)(posterior),맞물림이상(앞쪽)(뒤쪽),맞물림이상(앞쪽)(뒤쪽),정답(대표),exact,K07.25,2,['bad_chars'],stop
2C,neuraxis,신경축,신경축,정답(대표),exact,,1,[],stop
2C,spleen qi deficiency,비기허,비기허,정답(대표),exact,U68.0,3,[],stop
2C,manage immobilizer care,부동간호 관리,부동간호 관리,정답(대표),exact,,3,[],stop
2C,cervix dilatation,자궁경부개대,자궁경부개대,정답(대표),exact,,2,[],stop
2C,poor sucking reflex,빨기 반사 어려움,빨기 반사 어려움,정답(대표),exact,,3,[],stop
2C,high-tension pulse,고긴장맥박,고긴장맥박,정답(대표),exact,,2,[],stop
2C,sp crown setting,스테인레스금관 합착,스테인레스금관 합착,정답(대표),exact,,3,[],stop
2C,epiduroscopic neuroplasty,내시경적 경막외강 신경성형술,내시경적 경막외강 신경성형술,정답(대표),exact,,2,[],stop
2C,bilharzial dysentery,방광주혈흡충이질,방광주혈흡충이질,정답(대표),exact,,2,[],stop
2C,iodinated,요오드표지-,요오드표지-,정답(대표),exact,,1,[],stop
2C,bilateral palatine tonsils,양측 목구멍 편도,양측 목구멍 편도,정답(대표),exact,,3,[],stop
2C,subpapillary arterial network,유두밑동맥그물,유두밑동맥그물,정답(대표),exact,,3,[],stop
2C,entire trapezius muscle,온등세모근,온등세모근,정답(대표),exact,,3,[],stop
2C,collagen fiber graft,교원 섬유 이식술,교원 섬유 이식술,정답(대표),exact,,3,[],stop
2C,polymerism,분절과다증,분절과다증,정답(대표),exact,,1,[],stop
2C,labilizer,불안정제,불안정제,정답(대표),exact,,1,[],stop
2C,hypotonus,근육긴장저하,근육긴장저하,정답(대표),exact,,1,[],stop
2C,melanidrosis,흑색땀증,흑색땀증,정답(대표),exact,,1,[],stop
2C,allergenic serum,알레르기혈청,알레르기혈청,정답(대표),exact,,2,[],stop
2C,micromanipulation,미세조작(술),미세조작(술),정답(대표),exact,,1,['bad_chars'],stop
2C,endometrial stromal sarcoma,자궁내막버팀질육종,자궁내막버팀질육종,정답(대표),exact,,3,[],stop
2C,cobblestone tongue,조약돌혀,조약돌혀,정답(대표),exact,,2,[],stop
2C,peritoneal cavity,배막안,배막안,정답(대표),exact,,2,[],stop
2C,chorea gravidarum,임신무도병,임신무도병,정답(대표),exact,,2,[],stop
2C,acrotrophodynia,말단영양통증,말단영양통증,정답(대표),exact,,1,[],stop
2C,spondylopathy,척추병(증),척추병(증),정답(대표),exact,M45-M49,1,['bad_chars'],stop
2C,macrocephalus,큰머리증,큰머리증,정답(대표),exact,Q04.5,1,[],stop
2C,saliva viscosity test,타액 점조도 검사,타액 점조도 검사,정답(대표),exact,,3,[],stop
2C,revaccination,재접종,재접종,정답(대표),exact,,1,[],stop
2C,solenopsis invicta,불개미,불개미,정답(대표),exact,,2,[],stop
2C,perfluorocarbon,과불화탄소,과불화탄소,정답(대표),exact,,1,[],stop
2C,ardor,작열감,작열감,정답(대표),exact,,1,[],stop
2C,transluminal coronary atherectomy,내강경유 심장혈관 죽종절제,내강경유 심장혈관 죽종절제,정답(대표),exact,,3,[],stop
2C,hemocytometry,혈구계수(법),혈구계수(법),정답(대표),exact,,1,['bad_chars'],stop
2C,membranous endometritis,막자궁내막염,막자궁내막염,정답(대표),exact,,2,[],stop
2C,juvenile chronic iridocyclitis,연소성 만성 홍채섬모체염,연소성 만성 홍채섬모체염,정답(대표),exact,H20.1,3,[],stop
2C,tufting enteropathy,터프팅장증,터프팅장증,정답(대표),exact,P78.3,2,[],stop
2C,cross-face,교차얼굴,교차얼굴,정답(대표),exact,,1,[],stop
2C,diverticulitis oesophageal,식도 곁주머니염,식도 곁주머니염,정답(대표),exact,,2,[],stop
2C,medical care division,의료급여구분,의료급여구분,정답(대표),exact,,3,[],stop
2C,muscle flap,근(육)판,근(육)판,정답(대표),exact,,2,['bad_chars'],stop
2C,distraction therapy,골신장술,골신장술,정답(대표),exact,,2,[],stop
2C,associated disorder,수반장애,수반장애,정답(대표),exact,,2,[],stop
2C,gitelman syndrome,지텔만 증후군,지텔만 증후군,정답(대표),exact,N15.8,2,[],stop
2C,positioned flap,판막이동수술,판막이동수술,정답(대표),exact,,2,[],stop
2C,esthiomene,만성 외음궤양,만성 외음궤양,정답(대표),exact,A55,1,[],stop
2C,lcp disease,넙다리뼈머리뼈끝뼈연골증,넙다리뼈머리뼈끝뼈연골증,정답(대표),exact,,2,[],stop
2C,papilloma of cerviv,자궁경부의 유두종,자궁경부의 유두종,정답(대표),exact,D26.0,3,[],stop
2C,steatocystoma,피지낭종,피지낭종,정답(대표),exact,,1,[],stop
2C,sialodochoplasty,침샘관성형(술),침샘관성형(술),정답(대표),exact,,1,['bad_chars'],stop
2C,alert,명료함,명료함,정답(대표),exact,,1,[],stop
2C,glucuronic acid,글루쿠론산,글루쿠론산,정답(대표),exact,,2,[],stop
2C,first-pass cardiac scan(resting),일회통과심장스캔-안정상태,일회통과심장스캔-안정상태,정답(대표),exact,,3,[],stop
2C,arthroplasty of foot,발의 관절 성형,발의 관절 성형,정답(대표),exact,,3,[],stop
2C,dromotropic,전도영향성-,전도영향성-,정답(대표),exact,,1,[],stop
2C,tibia vara,내반경골,내반경골,정답(대표),exact,M92.5,2,[],stop
2C,assessing grief,슬픔 사정하기,슬픔 사정하기,정답(대표),exact,,2,[],stop
2C,staphylococcus epidermidis,표피포도알균,표피포도알균,정답(대표),exact,,2,[],stop
2C,proenzyme,풋효소,풋효소,정답(대표),exact,,1,[],stop
2C,diffusing capacity,확산능,확산능,정답(대표),exact,,2,[],stop
2C,motor fiber,운동신경섬유,운동신경섬유,정답(대표),exact,,2,[],stop
2C,parovarian cystoma,난소위체낭,난소위체낭,정답(대표),exact,Q50.4,2,[],stop
2C,nerve conduction study(head),신경전도검사(두부),신경전도검사(두부),정답(대표),exact,,3,['bad_chars'],stop
2C,inappropriate self disclosure,부적절한 자기 노출,부적절한 자기 노출,정답(대표),exact,,3,[],stop
2C,catatonic shizophrenia,긴장형 정신분열병,긴장형 정신분열병,정답(대표),exact,F20.2,2,[],stop
2C,epilemmal termination,신경속막종말,신경속막종말,정답(대표),exact,,2,[],stop
2C,dilation of intestine,창자 확장,창자 확장,정답(대표),exact,,3,[],stop
2C,sarcoma of lung,폐 육종,폐 육종,정답(대표),exact,C34.99,3,[],stop
2C,binder,결합체,결합체,정답(대표),exact,,1,[],stop
2C,ramicotomy,신경분지절단(술),신경분지절단(술),정답(대표),exact,,1,['bad_chars'],stop
2C,fetal cotyledon,태아쪽태반엽,태아쪽태반엽,정답(대표),exact,,2,[],stop
2C,multiple v-y plasties,V-Y 성형술,V-Y 성형술,정답(대표),exact,,3,['bad_chars'],stop
2C,psychologist - rehabilitation,심리학자-재활,심리학자-재활,정답(대표),exact,,3,[],stop
2C,hemeralopia,주간맹,주간맹,정답(대표),exact,H53.1,1,[],stop
2C,cortisol-binding globulin,코티솔결합글로불린,코티솔결합글로불린,정답(대표),exact,,2,[],stop
2C,pyelic,콩팥깔때기-,콩팥깔때기-,정답(대표),exact,,1,[],stop
2C,facial nucleus,얼굴신경핵,얼굴신경핵,정답(대표),exact,,2,[],stop
2C,myitis,근(육)염,근(육)염,정답(대표),exact,,1,['bad_chars'],stop
2C,synclonus,동조근간대,동조근간대,정답(대표),exact,,1,[],stop
2C,graves' ophthalmopathy,그레이브스 눈병증,그레이브스 눈병증,정답(대표),exact,E05.0&H06.2,2,[],stop
2C,talipes calcaneus,발끝들린휜발증,발끝들린휜발증,정답(대표),exact,,2,[],stop
2C,false neuroma,가성신경종,가성신경종,정답(대표),exact,,2,[],stop
2C,hyperaldosteronism,고알도스테론증,고알도스테론증,정답(대표),exact,E26,1,[],stop
2C,blood tinged sputum,혈액흔적가래,혈액흔적가래,정답(대표),exact,,3,[],stop
2C,cold pack,찬물 주머니,찬물 주머니,정답(대표),exact,,2,[],stop
2C,cecocentral scotoma,주시점맹점암점,주시점맹점암점,정답(대표),exact,,2,[],stop
2C,comparator,비교측정기,비교측정기,정답(대표),exact,,1,[],stop
2C,cirsophthalmia,결막정맥류,결막정맥류,정답(대표),exact,,1,[],stop
2C,scleral necrosis/melt,공막 괴사/ 융해,공막 괴사/ 융해,정답(대표),exact,,2,[],stop
2C,deficient perineum,회음결핍,회음결핍,정답(대표),exact,N81.8,2,[],stop
2C,aqueous fluid,방수,방수,정답(대표),exact,,2,[],stop
2C,intestinal polypectomy,장 폴립 절제,장 폴립 절제,정답(대표),exact,,2,[],stop
2C,prostatodynia,전립샘통증,전립샘통증,정답(대표),exact,N42.8,1,[],stop
2C,pungji,풍지(風池),풍지(風池),정답(대표),exact,,1,['bad_chars'],stop
2C,vibratory auscultation,진동청진,진동청진,정답(대표),exact,,2,[],stop
2C,retrocedent gout,내공성통풍,내공성통풍,정답(대표),exact,,2,[],stop
2C,mastadenitis,젖샘염,젖샘염,정답(대표),exact,,1,[],stop
2C,bladder neck contracture,방광목 위축,방광목 위축,정답(대표),exact,N32.8,3,[],stop
2C,organoid tumor,장기모양종양,장기모양종양,정답(대표),exact,,2,[],stop
2C,oil red,오일레드,오일레드,정답(대표),exact,,2,[],stop
2C,t-colectomy,횡행결장절제술,횡행결장절제술,정답(대표),exact,,1,[],stop
2C,ear probe,귀꽂이,귀꽂이,정답(대표),exact,,2,[],stop
2C,hereditary mutilating keratoma,유전절단각화종,유전절단각화종,정답(대표),exact,,3,[],stop
2C,plasmablastic lymphoma,형질모세포성 림프종,형질모세포성 림프종,정답(대표),exact,C83.3,2,[],stop
2C,grain itch,곡물 소양증,곡물 소양증,정답(대표),exact,B88.0,2,[],stop
2C,video laryngoscopy,비디오후두경검사(법),비디오후두경검사(법),정답(대표),exact,,2,['bad_chars'],stop
2C,intermetatarsal joint structure,발허리간관절조직,발허리간관절조직,정답(대표),exact,,3,[],stop
2C,deceleration,감속,감속,정답(대표),exact,,1,[],stop
2C,alcohol swab,알코올솜,알코올솜,정답(대표),exact,,2,[],stop
2C,trichroism,삼색상,삼색상,정답(대표),exact,,1,[],stop
2C,thoracalgia,흉통,흉통,정답(대표),exact,,1,[],stop
2C,entire finger,온손가락,온손가락,정답(대표),exact,,2,[],stop
2C,tricephalus,세머리태아,세머리태아,정답(대표),exact,,1,[],stop
2C,ant. uveitis,전방포도막염,전방포도막염,정답(대표),exact,H20.9,2,[],stop
2C,antivitamin,항비타민물질,항비타민물질,정답(대표),exact,,1,[],stop
2C,parathyroid tetany,부갑상선테타니,부갑상선테타니,정답(대표),exact,E20.9,2,[],stop
2C,outbreed,무작위교배계,무작위교배계,정답(대표),exact,,1,[],stop
2C,biopsy of adenoid,인두편도 생검,인두편도 생검,정답(대표),exact,,3,[],stop
2C,lichen planus tropicus,열대성 편평태선,열대성 편평태선,정답(대표),exact,L43.3,3,[],stop
2C,hb-sc disease,헤모글로빈-SC병,헤모글로빈-SC병,정답(대표),exact,D57.2,2,['bad_chars'],stop
2C,vertebro-basilar artery syndrome,척추-뇌기저동맥증후군,척추-뇌기저동맥증후군,정답(대표),exact,G45.0,3,[],stop
2C,impulse conducting system,심장흥분전도계통,심장흥분전도계통,정답(대표),exact,,3,[],stop
2C,oncogene,종양유전자,종양유전자,정답(대표),exact,,1,[],stop
2C,cholelithiasis,담석증,담석증,정답(대표),exact,K80,1,[],stop
2C,odontoprisis,이갈기,이갈기,정답(대표),exact,,1,[],stop
2C,moniliform nucleus,염주핵,염주핵,정답(대표),exact,,2,[],stop
2C,medical genetics,의학유전학,의학유전학,정답(대표),exact,,2,[],stop
2C,meckel's imaging,메켈스 스캔,메켈스 스캔,정답(대표),exact,,2,[],stop
2C,koop's modified pylomyotomy,쿱의 수정 유문근층 절개,쿱의 수정 유문근층 절개,정답(대표),exact,,3,[],stop
2C,endovascular ultrasonography,혈관내 초음파촬영,혈관내 초음파촬영,정답(대표),exact,,2,[],stop
2C,uterine arteriography,복부및골반동맥조영-자궁동맥,복부및골반동맥조영-자궁동맥,정답(대표),exact,,2,[],stop
2C,absolute scotoma,절대암점,절대암점,정답(대표),exact,,2,[],stop
2C,meshwork,섬유주,섬유주,정답(대표),exact,,1,[],stop
2C,myotonic disorders,근긴장장애,근긴장장애,정답(대표),exact,G71.1,2,[],stop
2C,hyperthyroxinemia,고티록신혈증,고티록신혈증,정답(대표),exact,,1,[],stop
2C,hyeopgye,협계(俠谿),협계(俠谿),정답(대표),exact,,1,['bad_chars'],stop
2C,video-urodynamic study,영상요역동학검사,영상요역동학검사,정답(대표),exact,,2,[],stop
2C,gastroenteritis paratyphosa,파라티푸스위창자염,파라티푸스위창자염,정답(대표),exact,,2,[],stop
2C,coffin-siris syndrome,코핀-시리스 증후군,코핀-시리스 증후군,정답(대표),exact,Q87.5,2,[],stop
2C,proacrosomal granule,풋첨단체과립,풋첨단체과립,정답(대표),exact,,2,[],stop
2C,intermedia thalassaemia,중간형 지중해빈혈,중간형 지중해빈혈,정답(대표),exact,D56.1,2,[],stop
2C,joint swelling non-inflammatory,비염증 관절 부기,비염증 관절 부기,정답(대표),exact,,3,[],stop
2C,death,사,사,정답(대표),exact,R99,1,[],stop
2C,assess enema,관장 사정,관장 사정,정답(대표),exact,,2,[],stop
2C,autonomic insufficiency,자율신경부전,자율신경부전,정답(대표),exact,,2,[],stop
2C,assess hospice,호스피스 사정,호스피스 사정,정답(대표),exact,,2,[],stop
2C,multiple adenomatous polyps,다발성 샘종성 폴립,다발성 샘종성 폴립,정답(대표),exact,,3,[],stop
2C,immature proglottid,미성숙편절,미성숙편절,정답(대표),exact,,2,[],stop
2C,peptonization,펩톤화,펩톤화,정답(대표),exact,,1,[],stop
2C,rectal,곧창자-,곧창자-,정답(대표),exact,,1,[],stop
2C,transurethral intravesical electrotherapy,요도경유방광속전기요법,요도경유방광속전기요법,정답(대표),exact,,3,[],stop
2C,hyposegmentation,저분절증,저분절증,정답(대표),exact,,1,[],stop
2C,sirenomelia syndrome,인어다리 증후군,인어다리 증후군,정답(대표),exact,Q87.2,2,[],stop
2C,paraphilia,성도착(증),성도착(증),정답(대표),exact,,1,['bad_chars'],stop
2C,vaccination against staphylococcus,포도구균 예방접종,포도구균 예방접종,정답(대표),exact,,3,[],stop
2C,isosorbide,이소소르바이드,이소소르바이드,정답(대표),exact,,1,[],stop
2C,psoriatic spondylitis,건선척추염,건선척추염,정답(대표),exact,M07.2,2,[],stop
2C,bone inlay,골내재,골내재,정답(대표),exact,,2,[],stop
2C,podiatrist,발전문가,발전문가,정답(대표),exact,,1,[],stop
2C,perform infection control,감염통제 수행,감염통제 수행,정답(대표),exact,,3,[],stop
2C,square root sign,제곱근모양징후,제곱근모양징후,정답(대표),exact,,3,[],stop
2C,cromolyn,크로몰린,크로몰린,정답(대표),exact,,1,[],stop
2C,macrocytic anemia,큰적혈구빈혈,큰적혈구빈혈,정답(대표),exact,D52.9,2,[],stop
2C,hyperlipidaemia,고지혈증,고지혈증,정답(대표),exact,,1,[],stop
2C,immunoglobulin class,면역글로불린계,면역글로불린계,정답(대표),exact,,2,[],stop
2C,subadventitial fibroplasia,외막밑섬유증식,외막밑섬유증식,정답(대표),exact,,2,[],stop
2C,supraclavicular approach,빗장위접근법,빗장위접근법,정답(대표),exact,,2,[],stop
2C,post-traumatic polyarthrosis,외상후 다발관절증,외상후 다발관절증,정답(대표),exact,M15.3,2,[],stop
2C,hemacytometry,혈구계수,혈구계수,정답(대표),exact,,1,[],stop
2C,single-step growth curve,일회증식곡선,일회증식곡선,정답(대표),exact,,3,[],stop
2C,fusiform layer,방추세포층,방추세포층,정답(대표),exact,,2,[],stop
2C,apneusis,지속들숨,지속들숨,정답(대표),exact,,1,[],stop
2C,pupillary seclusion,동공차단,동공차단,정답(대표),exact,H21.4,2,[],stop
2C,nodular sclerosis,결절경화,결절경화,정답(대표),exact,,2,[],stop
2C,semidirected lead,반직접유도,반직접유도,정답(대표),exact,,2,[],stop
2C,closed reduction,비개방정복(술),비개방정복(술),정답(대표),exact,,2,['bad_chars'],stop
2C,subspinous,가시돌기밑-,가시돌기밑-,정답(대표),exact,,1,[],stop
2C,anterior resection,앞방향절제(술),앞방향절제(술),정답(대표),exact,,2,['bad_chars'],stop
2C,closed approach,폐쇄방법,폐쇄방법,정답(대표),exact,,2,[],stop
2C,general microbiology test,일반미생물 검사,일반미생물 검사,정답(대표),exact,,3,[],stop
2C,dopa-responsive dystonia,도파-반응성 근긴장이상,도파-반응성 근긴장이상,정답(대표),exact,G24.8,2,[],stop
2C,ramus of pubis,두덩뼈가지,두덩뼈가지,정답(대표),exact,,3,[],stop
2C,postpartum afibrinogenemia,분만후 무피브리노젠혈증,분만후 무피브리노젠혈증,정답(대표),exact,O72.3,2,[],stop
2C,tubal tonsil,귀인두관편도,귀인두관편도,정답(대표),exact,,2,[],stop
2C,posterior thoracic fusion,뒷쪽 가슴척추 유합,뒷쪽 가슴척추 유합,정답(대표),exact,,3,[],stop
2C,premenopause,폐경전,폐경전,정답(대표),exact,,1,[],stop
2C,myoclonia fibrillaris multiplex,다발잔떨림근대성대발작,다발잔떨림근대성대발작,정답(대표),exact,,3,[],stop
2C,hemoclastic reaction,혈구파괴반응,혈구파괴반응,정답(대표),exact,,2,[],stop
2C,phospholipidemia,인지질혈증,인지질혈증,정답(대표),exact,,1,[],stop
2C,cardiocele,심장류,심장류,정답(대표),exact,,1,[],stop
2C,polygraph,다원기록기,다원기록기,정답(대표),exact,,1,[],stop
2C,fourth heart sound,제4심(장)음,제4심(장)음,정답(대표),exact,,3,['bad_chars'],stop
2C,sex cord-stromal tumor,성끈기질종양,성끈기질종양,정답(대표),exact,,3,[],stop
2C,cardiodiaphragmatic angle,심장가로막각,심장가로막각,정답(대표),exact,,2,[],stop
2C,avulsion fracture,찢김 골절,찢김 골절,정답(대표),exact,,2,[],stop
2C,atrioventricular septal defect,심방실중격결손,심방실중격결손,정답(대표),exact,Q21.2,3,[],stop
2C,cryptogenic sepsis,특발성패혈증,특발성패혈증,정답(대표),exact,,2,[],stop
2C,primary syphilis,1기매독,1기매독,정답(대표),exact,,2,[],stop
2C,dyslipoproteinemia,이상지질단백혈증,이상지질단백혈증,정답(대표),exact,,1,[],stop
2C,insular sclerosis,섬경화증,섬경화증,정답(대표),exact,,2,[],stop
2C,nasalis muscle,코근,코근,정답(대표),exact,,2,[],stop
2C,pubovaginal,두덩질-,두덩질-,정답(대표),exact,,1,[],stop
2C,triaging,중증도 분류,중증도 분류,정답(대표),exact,,1,[],stop
2C,opium plaster,아편고약,아편고약,정답(대표),exact,,2,[],stop
2C,curvature of spine,척주굽이,척주굽이,정답(대표),exact,,3,[],stop
2C,chloropsia,녹색시,녹색시,정답(대표),exact,,1,[],stop
2C,arsenic mirror,코거울,코거울,정답(대표),exact,,2,[],stop
2C,ulceroglandular tularaemia,궤양림프절야생토끼병,궤양림프절야생토끼병,정답(대표),exact,A21.0,2,[],stop
2C,aerial infection,흡입감염,흡입감염,정답(대표),exact,,2,[],stop
2C,phosphene,섬광시,섬광시,정답(대표),exact,,1,[],stop
2C,hill-sachs lesion,힐-샥스 병터,힐-샥스 병터,정답(대표),exact,,2,[],stop
2C,modified norwood operation,수정된 노우드수술,수정된 노우드수술,정답(대표),exact,,3,[],stop
2C,prootic,귀앞-,귀앞-,정답(대표),exact,,1,[],stop
2C,lenticonus,원뿔수정체,원뿔수정체,정답(대표),exact,Q12.8,1,[],stop
2C,dense deposit disease,고밀도침착병,고밀도침착병,정답(대표),exact,,3,[],stop
2C,muscular atrophy,근위축,근위축,정답(대표),exact,M62.59,2,[],stop
2C,hyperestrinism,여성호르몬과다(증),여성호르몬과다(증),정답(대표),exact,,1,['bad_chars'],stop
2C,old tuberculin,재래식투베르쿨린,재래식투베르쿨린,정답(대표),exact,,2,[],stop
2C,adenomatosis of colon,결장의 선종증,결장의 선종증,정답(대표),exact,D12.6,3,[],stop
2C,running nose,코감기,코감기,정답(대표),exact,,2,[],stop
2C,deshielded proton,미차폐양성자,미차폐양성자,정답(대표),exact,,2,[],stop
2C,stage of life,생명단계,생명단계,정답(대표),exact,,3,[],stop
2C,endoscopic revision dacryocystorhinostomy,내시경 이용 눈물주머니코안 연결 교정,내시경 이용 눈물주머니코안 연결 교정,정답(대표),exact,,3,[],stop
2C,idiotype-anti-idiotype network,개별특이형항체조절망,개별특이형항체조절망,정답(대표),exact,,2,[],stop
2C,total albinism,온백색증,온백색증,정답(대표),exact,,2,[],stop
2C,dermoepidermal,진피표피-,진피표피-,정답(대표),exact,,1,[],stop
2C,blastomyces,분아진균(속),분아진균(속),정답(대표),exact,,1,['bad_chars'],stop
2C,pulex,벼룩(속),벼룩(속),정답(대표),exact,,1,['bad_chars'],stop
2C,sucking disc,흉반,흉반,정답(대표),exact,,2,[],stop
2C,medial nasal prominence,내측비융기,내측비융기,정답(대표),exact,,3,[],stop
2C,melanoacanthoma,멜라닌가시세포종,멜라닌가시세포종,정답(대표),exact,,1,[],stop
2C,shifting reaction,편위반응,편위반응,정답(대표),exact,,2,[],stop
2C,primary amnion,원시양막,원시양막,정답(대표),exact,,2,[],stop
2C,hyperreninemia,과레닌혈증,과레닌혈증,정답(대표),exact,,1,[],stop
2C,periostitis,뼈막염,뼈막염,정답(대표),exact,,1,[],stop
2C,uterine inversion,자궁뒤집힘,자궁뒤집힘,정답(대표),exact,,2,[],stop
2C,neonatal oesophageal reflux,신생아식도역류,신생아식도역류,정답(대표),exact,P78.8,3,[],stop
2C,cervical vertigo,경추성 현기증,경추성 현기증,정답(대표),exact,M54.22,2,[],stop
2C,negative pressure,음압,음압,정답(대표),exact,,2,[],stop
2C,naegleria fowleri,파울러자유아메바,파울러자유아메바,정답(대표),exact,,2,[],stop
2C,fisher syndrome,피셔증후군,피셔증후군,정답(대표),exact,,2,[],stop
2C,br. tx.,브릿지 치료,브릿지 치료,정답(대표),exact,,2,[],stop
2C,glaucomatous cataract,녹내장성백내장,녹내장성백내장,정답(대표),exact,,2,[],stop
2C,hippuric acid,마뇨산,마뇨산,정답(대표),exact,,2,[],stop
2C,maxillomandibular disharmony,위아래턱부조화,위아래턱부조화,정답(대표),exact,,2,[],stop
2C,supernumeric impacted tooth,과잉매복치,과잉매복치,정답(대표),exact,K01.18,3,[],stop
2C,calcification of bursa,윤활낭(의) 석회화,윤활낭(의) 석회화,정답(대표),exact,M71.4,3,['bad_chars'],stop
2C,isomaltase,이소말타아제,이소말타아제,정답(대표),exact,,1,[],stop
2C,hay asthma,건초천식,건초천식,정답(대표),exact,,2,[],stop
2C,lambliasis,람블편모충증,람블편모충증,정답(대표),exact,,1,[],stop
2C,vaginography,질조영(술),질조영(술),정답(대표),exact,,1,['bad_chars'],stop
2C,hbab,간염 B형 표면항체,간염 B형 표면항체,정답(대표),exact,,1,['bad_chars'],stop
2C,calomel,감홍,감홍,정답(대표),exact,,1,[],stop
2C,ricinism,리신증,리신증,정답(대표),exact,,1,[],stop
2C,first filial generation,일대잡종,일대잡종,정답(대표),exact,,3,[],stop
2C,vague symptom,분명치않는증상,분명치않는증상,정답(대표),exact,,2,[],stop
2C,depigmenting cream,탈색크림,탈색크림,정답(대표),exact,,2,[],stop
2C,afterloading technique,후장진법,후장진법,정답(대표),exact,,2,[],stop
2C,intracranial space-occupying lesion,두개내공간점유병변,두개내공간점유병변,정답(대표),exact,R90.0,3,[],stop
2C,enema apparatus,관장기,관장기,정답(대표),exact,,2,[],stop
2C,core decompression,중핵감압,중핵감압,정답(대표),exact,,2,[],stop
2C,opsin,옵신,옵신,정답(대표),exact,,1,[],stop
2C,retrouterine hematocele,자궁뒤혈액낭종,자궁뒤혈액낭종,정답(대표),exact,,2,[],stop
2C,picture frustration test,그림좌절검사,그림좌절검사,정답(대표),exact,,3,[],stop
2C,nephritic retinitis,콩팥염망막염,콩팥염망막염,정답(대표),exact,,2,[],stop
2C,buccal gland,협선,협선,정답(대표),exact,,2,[],stop
2C,rodenticide,살서제,살서제,정답(대표),exact,,1,[],stop
2C,epididymal duct,부고환관,부고환관,정답(대표),exact,,2,[],stop
2C,parrot fever,앵무새열,앵무새열,정답(대표),exact,A70,2,[],stop
2C,halmatogenesis,돌연세대변이,돌연세대변이,정답(대표),exact,,1,[],stop
2C,ventriculopleural anastomosis,뇌실가슴막 연결,뇌실가슴막 연결,정답(대표),exact,,2,[],stop
2C,heart excess patterns,심실증,심실증,정답(대표),exact,U67,3,[],stop
2C,angiohyalinosis,혈관유리질증,혈관유리질증,정답(대표),exact,,1,[],stop
2C,mucopurulent,점액고름-,점액고름-,정답(대표),exact,,1,[],stop
2C,semiadjustable articulator,반적응교합기,반적응교합기,정답(대표),exact,,2,[],stop
2C,tubular maximum,요세관최대값,요세관최대값,정답(대표),exact,,2,[],stop
2C,protein-losing enteropathy,단백질소실장병(증),단백질소실장병(증),정답(대표),exact,,2,['bad_chars'],stop
2C,pharyngoparalysis,인두마비,인두마비,정답(대표),exact,,1,[],stop
2C,aortic(valve) stenosis,대동맥판협착,대동맥판협착,정답(대표),exact,I35.0,2,[],stop
2C,cyclamate,시클라메이트,시클라메이트,정답(대표),exact,,1,[],stop
2C,mr mapping,자기공명지도화,자기공명지도화,정답(대표),exact,,2,[],stop
2C,gwollyo,관료(顴髎),관료(顴髎),정답(대표),exact,,1,['bad_chars'],stop
2C,neoadjuvant chemotherapy,신보강화학요법,신보강화학요법,정답(대표),exact,,2,[],stop
2C,nuclear polyhedrosis virus,핵다면체형성바이러스,핵다면체형성바이러스,정답(대표),exact,,3,[],stop
2C,microsomia,작은몸증,작은몸증,정답(대표),exact,,1,[],stop
2C,toxic cardiopathy,독성심장병(증),독성심장병(증),정답(대표),exact,,2,['bad_chars'],stop
2C,precipitate labor,급속 분만,급속 분만,정답(대표),exact,O62.3,2,[],stop
2C,biceps femoris muscle,넙다리두갈래근,넙다리두갈래근,정답(대표),exact,,3,[],stop
2C,frontosphenoesthmoidectomy,이마나비사골동절제술,이마나비사골동절제술,정답(대표),exact,,1,[],stop
2C,gustatory hyperesthesia,미각과민(증),미각과민(증),정답(대표),exact,,2,['bad_chars'],stop
2C,hyposthenuric urine,저비중뇨,저비중뇨,정답(대표),exact,,2,[],stop
2C,non-exudative,삼출되지않은,삼출되지않은,정답(대표),exact,,1,[],stop
2C,laryngotracheal stenosis,후두기관협착(증),후두기관협착(증),정답(대표),exact,J39.8,2,['bad_chars'],stop
2C,frontal suture,이마봉합선,이마봉합선,정답(대표),exact,,2,[],stop
2C,colon cecum mass,막창자 종괴,막창자 종괴,정답(대표),exact,,3,[],stop
2C,needle electromyography,바늘근전도검사(법),바늘근전도검사(법),정답(대표),exact,,2,['bad_chars'],stop
2C,dendritic spine,수지상극,수지상극,정답(대표),exact,,2,[],stop
2C,auriculopalpebral reflex,이개안검반사,이개안검반사,정답(대표),exact,,2,[],stop
2C,laryngeal carcinoma,후두 암종,후두 암종,정답(대표),exact,,2,[],stop
2C,assess pulmonary care,호흡기계간호 사정,호흡기계간호 사정,정답(대표),exact,,3,[],stop
2C,muscular dystrophy carrier,근퇴행위축 보균자,근퇴행위축 보균자,정답(대표),exact,G71.0,3,[],stop
2C,acentric occlusion,비중심교합,비중심교합,정답(대표),exact,,2,[],stop
2C,micromovement,미세운동,미세운동,정답(대표),exact,,1,[],stop
2C,descriptive epidemiology,기술역학,기술역학,정답(대표),exact,,2,[],stop
2C,heteromorphism,이형,이형,정답(대표),exact,,1,[],stop
2C,hydrorachis,수척추증,수척추증,정답(대표),exact,Q06.4,1,[],stop
2C,tingling,저림,저림,정답(대표),exact,,1,[],stop
2C,torr,토르,토르,정답(대표),exact,,1,[],stop
2C,penicillar arteriole,붓털세동맥,붓털세동맥,정답(대표),exact,,2,[],stop
2C,ovarian cystectomy,난소 낭종 적출술,난소 낭종 적출술,정답(대표),exact,,2,[],stop
2C,hyperosmolar nonketotic coma,고삼투압성비케토산성혼수,고삼투압성비케토산성혼수,정답(대표),exact,,3,[],stop
2C,chondrogen,연골원,연골원,정답(대표),exact,,1,[],stop
2C,apraxia of speech,언어의 실행증,언어의 실행증,정답(대표),exact,R48.2,3,[],stop
2C,deltoid flap,어깨세모근피판,어깨세모근피판,정답(대표),exact,,2,[],stop
2C,platelet,혈소판,혈소판,정답(대표),exact,,1,[],stop
2C,acropathy,말단병(증),말단병(증),정답(대표),exact,,1,['bad_chars'],stop
2C,normokalemic,정상칼륨혈-,정상칼륨혈-,정답(대표),exact,,1,[],stop
2C,traveling clinic,이동진료소,이동진료소,정답(대표),exact,,2,[],stop
2C,vibriocide,비브리오살균제,비브리오살균제,정답(대표),exact,,1,[],stop
2C,absence of muscle,근육의 결여,근육의 결여,정답(대표),exact,Q79.8,3,[],stop
2C,clean bench,무균실험대,무균실험대,정답(대표),exact,,2,[],stop
2C,pneumonia in ornithosis,비둘기병에서의 폐렴,비둘기병에서의 폐렴,정답(대표),exact,J17.8,3,[],stop
2C,pulmonary atelectasis,무기폐,무기폐,정답(대표),exact,J98.10,2,[],stop
2C,hysterocystocleisis,자궁방광꿰맴(술),자궁방광꿰맴(술),정답(대표),exact,,1,['bad_chars'],stop
2C,mediterranean tick fever,지중해진드기열,지중해진드기열,정답(대표),exact,A77.1,3,[],stop
2C,recurrent thyroid ca,재발성 갑상선암,재발성 갑상선암,정답(대표),exact,C73,3,[],stop
2C,capillaria hepatica,간모세선충,간모세선충,정답(대표),exact,,2,[],stop
2C,pallister-killian syndrome,팰리스터-킬리언 증후군,팰리스터-킬리언 증후군,정답(대표),exact,Q99.8,2,[],stop
2C,genital infection fungal,생식 기관 곰팡이 감염,생식 기관 곰팡이 감염,정답(대표),exact,,3,[],stop
2C,nodular prurigo,결절가려움발진,결절가려움발진,정답(대표),exact,,2,[],stop
2C,tangential section,비스듬절단,비스듬절단,정답(대표),exact,,2,[],stop
2C,heteropolysaccharide,이종다당류,이종다당류,정답(대표),exact,,1,[],stop
2C,dry socket recurettage,발치와골염 재소파술,발치와골염 재소파술,정답(대표),exact,,3,[],stop
2C,endothelium-derived relaxing factor,내피유래이완인자,내피유래이완인자,정답(대표),exact,,3,[],stop
2C,puboprostatic,두덩전립샘-,두덩전립샘-,정답(대표),exact,,1,[],stop
2C,filarial chylocele,사상충성 음낭암죽종,사상충성 음낭암죽종,정답(대표),exact,B74,2,[],stop
2C,high-grade lymphoma,심한 림프종,심한 림프종,정답(대표),exact,C85.9,2,[],stop
2C,paraffinoma,파라핀종,파라핀종,정답(대표),exact,T88.8,1,[],stop
2C,technetium uptake test,Tc섭취율,Tc섭취율,정답(대표),exact,,3,['bad_chars'],stop
2C,androgenic alopecia,안드로젠탈모증,안드로젠탈모증,정답(대표),exact,L64,2,[],stop
2C,videolaseroscopy,비디오레이저검사,비디오레이저검사,정답(대표),exact,,1,[],stop
2C,uncovertebral,갈고리돌기-,갈고리돌기-,정답(대표),exact,,1,[],stop
2C,apoplectic coma,중풍혼수,중풍혼수,정답(대표),exact,,2,[],stop
2C,enteral feeding,위장관영양,위장관영양,정답(대표),exact,,2,[],stop
2C,spot retinoscope,점상망막검영기,점상망막검영기,정답(대표),exact,,2,[],stop
2C,ophthalmologic surgical procedures,안과 수술방법,안과 수술방법,정답(대표),exact,,3,[],stop
2C,monorchidism,홑고환증,홑고환증,정답(대표),exact,Q55.0,1,[],stop
2C,laryngeal nodule,후두결절,후두결절,정답(대표),exact,J38.7,2,[],stop
2C,reducing artifact,감소인공물,감소인공물,정답(대표),exact,,2,[],stop
2C,combustion,화상,화상,정답(대표),exact,,1,[],stop
2C,echinocyte,톱니적혈구,톱니적혈구,정답(대표),exact,,1,[],stop
2C,gastradenitis,위샘염,위샘염,정답(대표),exact,,1,[],stop
2C,coproporphyrinuria,코프로포르피린뇨,코프로포르피린뇨,정답(대표),exact,,1,[],stop
2C,scorbutic ulcer,괴혈병궤양,괴혈병궤양,정답(대표),exact,,2,[],stop
2C,sheathed artery,집형성동맥,집형성동맥,정답(대표),exact,,2,[],stop
2C,brachiocephalic trunk,팔머리동맥,팔머리동맥,정답(대표),exact,,2,[],stop
2C,elongation,신장,신장,정답(대표),exact,,1,[],stop
2C,third ventricle,셋째뇌실,셋째뇌실,정답(대표),exact,,2,[],stop
2C,ionophore antibiotic,이온투과차단항생제,이온투과차단항생제,정답(대표),exact,,2,[],stop
2C,zoe filling,치아진정처치,치아진정처치,정답(대표),exact,,2,[],stop
2C,undercorrection,부족교정,부족교정,정답(대표),exact,,1,[],stop
2C,vaginal discharge,대하,대하,정답(대표),exact,N89.8,2,[],stop
2C,reverberating circuit,반향회로,반향회로,정답(대표),exact,,2,[],stop
2C,x-ray illumination,X선필름판독대,X선필름판독대,정답(대표),exact,,2,['bad_chars'],stop
2C,post-term,만삭후,만삭후,정답(대표),exact,,1,[],stop
2C,rodent ulcer,잠식궤양,잠식궤양,정답(대표),exact,,2,[],stop
2C,menometrorrhagia,불규칙과다월경,불규칙과다월경,정답(대표),exact,N92.1,1,[],stop
2C,transistor hearing aid,트랜지스터보청기,트랜지스터보청기,정답(대표),exact,,3,[],stop
2C,teat,젖꼭지,젖꼭지,정답(대표),exact,,1,[],stop
2C,imitative attitude,모방태도,모방태도,정답(대표),exact,,2,[],stop
2C,orofaciodigital syndrome,구안지 증후군,구안지 증후군,정답(대표),exact,Q87.0,2,[],stop
2C,bacteriocin,박테리오신,박테리오신,정답(대표),exact,,1,[],stop
2C,costal angle,갈비뼈각,갈비뼈각,정답(대표),exact,,2,[],stop
2C,lyophobic,소액성,소액성,정답(대표),exact,,1,[],stop
2C,primitive neuroectodermal tumor,원시신경외배엽종양,원시신경외배엽종양,정답(대표),exact,C71.9,3,[],stop
2C,marsupialization of cyst,낭종 주머니형성,낭종 주머니형성,정답(대표),exact,,3,[],stop
2C,pseudomonas aeruginosa,녹농균,녹농균,정답(대표),exact,,2,[],stop
2C,smith's fracture,스미드골절,스미드골절,정답(대표),exact,S52.53,2,[],stop
2C,monopolar depression,단극성 우울병,단극성 우울병,정답(대표),exact,F32.9,2,[],stop
2C,mutiple myeloma,다발성 골수종,다발성 골수종,정답(대표),exact,C90.0,2,[],stop
2C,fenestrated capillary,창문모세혈관,창문모세혈관,정답(대표),exact,,2,[],stop
2C,aspergillus niger,아스페르길루스니게르,아스페르길루스니게르,정답(대표),exact,,2,[],stop
2C,eccrine poroma,외분비 한공종,외분비 한공종,정답(대표),exact,D23.9,2,[],stop
2C,blood donation,헌혈,헌혈,정답(대표),exact,,2,[],stop
2C,annulospiral ending,고리나선신경종말,고리나선신경종말,정답(대표),exact,,2,[],stop
2C,sao paulo fever,상파울로열,상파울로열,정답(대표),exact,A77.0,3,[],stop
2C,adjustable suture,조정봉합,조정봉합,정답(대표),exact,,2,[],stop
2C,antigenic reversion,항원복귀,항원복귀,정답(대표),exact,,2,[],stop
2C,meckel's diverticulectomy,멕켈 게실절제술,멕켈 게실절제술,정답(대표),exact,,2,[],stop
2C,suggillation,광범피부밑출혈,광범피부밑출혈,정답(대표),exact,,1,[],stop
2C,m line,중간가로막,중간가로막,정답(대표),exact,,2,[],stop
2C,stenoxenous parasite,협숙주기생충,협숙주기생충,정답(대표),exact,,2,[],stop
2C,punctal ectropion,눈물점겉말림,눈물점겉말림,정답(대표),exact,H02.18,2,[],stop
2C,presbyophrenia,노년치매,노년치매,정답(대표),exact,,1,[],stop
2C,cholangioscopy,담관내시경(술),담관내시경(술),정답(대표),exact,,1,['bad_chars'],stop
2C,balloon kyphoplasty,풍선 척추성형,풍선 척추성형,정답(대표),exact,,2,[],stop
2C,root resection,치근 절제술,치근 절제술,정답(대표),exact,,2,[],stop
2C,horopter,단일시궤도,단일시궤도,정답(대표),exact,,1,[],stop
2C,classic abdominoplasty,전형적 복부성형술,전형적 복부성형술,정답(대표),exact,,2,[],stop
2C,rheumatoid vasculitis,류마티스혈관염,류마티스혈관염,정답(대표),exact,M05.2,2,[],stop
2C,ocular fundus,안저,안저,정답(대표),exact,,2,[],stop
2C,thyroid nodule,갑상선소결절,갑상선소결절,정답(대표),exact,,2,[],stop
2C,hypofunction,기능저하,기능저하,정답(대표),exact,,1,[],stop
2C,postoperative nasopharynx cancer,"비인두암, 수술후 상태","비인두암, 수술후 상태",정답(대표),exact,C11.9,3,[],stop
2C,hearing impairment,청각 부전,청각 부전,정답(대표),exact,H91.9,2,[],stop
2C,continuous,연속-,연속-,정답(대표),exact,,1,[],stop
2C,uncoupling,결합저지,결합저지,정답(대표),exact,,1,[],stop
2C,subretinal,망막밑-,망막밑-,정답(대표),exact,,1,[],stop
2C,venule,세정맥,세정맥,정답(대표),exact,,1,[],stop
2C,ceruminous gland,귀지샘,귀지샘,정답(대표),exact,,2,[],stop
2C,nitrogen dioxide,이산화질소,이산화질소,정답(대표),exact,,2,[],stop
2C,reverse mutation,역돌연변이,역돌연변이,정답(대표),exact,,2,[],stop
2C,familial polyposis,가족성폴립증,가족성폴립증,정답(대표),exact,,2,[],stop
2C,blood fluke,주혈흡충,주혈흡충,정답(대표),exact,,2,[],stop
2C,delay procedure,지연처치,지연처치,정답(대표),exact,,2,[],stop
2C,eurytrema pancreaticum,췌질,췌질,정답(대표),exact,,2,[],stop
2C,intermittent explosive disorder,간헐폭발병,간헐폭발병,정답(대표),exact,F63.8,3,[],stop
2C,interoceptive,내수용-,내수용-,정답(대표),exact,,1,[],stop
2C,onchocercoma,회선사상충결절,회선사상충결절,정답(대표),exact,,1,[],stop
2C,endoscopic transmyocardial revascularization,내시경 이용 심근경유 혈관 재형성,내시경 이용 심근경유 혈관 재형성,정답(대표),exact,,3,[],stop
2C,ctha and ctap,컴퓨터 단층촬영 간 동맥조영술과 컴퓨터 단층촬영 문맥조영술,컴퓨터 단층촬영 간 동맥조영술과 컴퓨터 단층촬영 문맥조영술,정답(대표),exact,,3,[],stop
2C,transcervical thymectomy,자궁목 경유 가슴샘 절제,자궁목 경유 가슴샘 절제,정답(대표),exact,,2,[],stop
2C,assess disimpaction,매복변제거 사정,매복변제거 사정,정답(대표),exact,,2,[],stop
2C,pachyonychia congenita,선천손발톱비대증,선천손발톱비대증,정답(대표),exact,,2,[],stop
2C,retrograde impulse,역방향흥분,역방향흥분,정답(대표),exact,,2,[],stop
2C,reactive,반응성-,반응성-,정답(대표),exact,,1,[],stop
2C,posttransplant lymphoproliferative disease,이식후림프세포증식병,이식후림프세포증식병,정답(대표),exact,,3,[],stop
2C,bionator,바이오네이터,바이오네이터,정답(대표),exact,,1,[],stop
2C,interim abutment,임시 지대주,임시 지대주,정답(대표),exact,,2,[],stop
2C,tubular reabsorption,요세관재흡수,요세관재흡수,정답(대표),exact,,2,[],stop
2C,ineffective protection,비효율적 방어능력,비효율적 방어능력,정답(대표),exact,,2,[],stop
2C,antroscope,위턱굴보개,위턱굴보개,정답(대표),exact,,1,[],stop
2C,angioma cavernosum,해면혈관종,해면혈관종,정답(대표),exact,,2,[],stop
2C,carbamino reaction,카르바미노반응,카르바미노반응,정답(대표),exact,,2,[],stop
2C,secretory cyst,분비체류성낭,분비체류성낭,정답(대표),exact,,2,[],stop
2C,primary mover,주작용근,주작용근,정답(대표),exact,,2,[],stop
2C,laparoscopic appendectomy,배안보개 이용 막창자꼬리 절제,배안보개 이용 막창자꼬리 절제,정답(대표),exact,,2,[],stop
2C,columella lengthening,코기둥연장(술),코기둥연장(술),정답(대표),exact,,2,['bad_chars'],stop
2C,epidural nerve block,경막외 신경차단술,경막외 신경차단술,정답(대표),exact,,3,[],stop
2C,paraduodenal fold,샘창자옆주름,샘창자옆주름,정답(대표),exact,,2,[],stop
2C,arm-to-retina circulation time,팔망막순환시간,팔망막순환시간,정답(대표),exact,,3,[],stop
2C,dental granuloma,뿌리끝육아종,뿌리끝육아종,정답(대표),exact,,2,[],stop
2C,infraction,균열골절,균열골절,정답(대표),exact,,1,[],stop
2C,rickets of prematurity,미숙아의 구루병,미숙아의 구루병,정답(대표),exact,E55.0,3,[],stop
2C,personal identity disturbance,자아정체성장애,자아정체성장애,정답(대표),exact,,3,[],stop
2C,acclimation fever,순화열,순화열,정답(대표),exact,,2,[],stop
2C,fasciola hepatica,간질,간질,정답(대표),exact,,2,[],stop
2C,egg yolk medium,달걀노른자배지,달걀노른자배지,정답(대표),exact,,3,[],stop
2C,enteral tube irrigation,위장관세척,위장관세척,정답(대표),exact,,3,[],stop
2C,dorsal vein arterialization,배측 정맥 동맥혈화,배측 정맥 동맥혈화,정답(대표),exact,,3,[],stop
2C,pilar cyst,모낭,모낭,정답(대표),exact,L72.1,2,[],stop
2C,vasectomy seekers,정관절제술탐침,정관절제술탐침,정답(대표),exact,,2,[],stop
2C,metathalamus,시상후부,시상후부,정답(대표),exact,,1,[],stop
2C,ocular prosthesis,의안,의안,정답(대표),exact,,2,[],stop
2C,noonan syndrome,누난 증후군,누난 증후군,정답(대표),exact,Q87.1,2,[],stop
2C,petrooccipital fissure,바위뒤통수틈새,바위뒤통수틈새,정답(대표),exact,,2,[],stop
2C,analgesia dolorosa,무감각부위통증,무감각부위통증,정답(대표),exact,,2,[],stop
2C,surgical staging,외과적시기결정,외과적시기결정,정답(대표),exact,,2,[],stop
2C,ear drum,고막,고막,정답(대표),exact,,2,[],stop
2C,retroactive inhibition,역행기억억제,역행기억억제,정답(대표),exact,,2,[],stop
2C,parasympathetic nervous system,부교감신경계통,부교감신경계통,정답(대표),exact,,3,[],stop
2C,leukokeratosis nicotina palati,구개 니코틴성 백색각화증,구개 니코틴성 백색각화증,정답(대표),exact,K13.2,3,[],stop
2C,radiodigital,노손가락-,노손가락-,정답(대표),exact,,1,[],stop
2C,worm-eaten soles,벌레먹은 발바닥,벌레먹은 발바닥,정답(대표),exact,A66.3,2,[],stop
2C,substantia nigra,흑(색)질,흑(색)질,정답(대표),exact,,2,['bad_chars'],stop
2C,ureteroscopic,요도경검사에 의한,요도경검사에 의한,정답(대표),exact,,1,[],stop
2C,preexcitation ecg,조기흥분,조기흥분,정답(대표),exact,R93.1,2,[],stop
2C,long labor,지연 진통,지연 진통,정답(대표),exact,O63,2,[],stop
2C,status thymicus,가슴샘체질,가슴샘체질,정답(대표),exact,,2,[],stop
2C,convalescence following chemotherapy,화학요법후 회복기,화학요법후 회복기,정답(대표),exact,Z54.2,3,[],stop
2C,hereditary amyloid nephropathy,유전성 아밀로이드 신장병증,유전성 아밀로이드 신장병증,정답(대표),exact,E85.0,3,[],stop
2C,thymopoietin,티모포이에틴,티모포이에틴,정답(대표),exact,,1,[],stop
2C,uropoiesis,요생산,요생산,정답(대표),exact,,1,[],stop
2C,ileal neoplasms,돌창자 신생물,돌창자 신생물,정답(대표),exact,,2,[],stop
2C,cap crown,금관,금관,정답(대표),exact,,2,[],stop
2C,aspirations (psychology),흡인,흡인,정답(대표),exact,,2,[],stop
2C,cervico-occipital neuralgia,목 뒤통수 신경통,목 뒤통수 신경통,정답(대표),exact,G52.9,2,[],stop
2C,orthognathic surgery,악교정수술,악교정수술,정답(대표),exact,,2,[],stop
2C,polyneuralgia,다발신경통,다발신경통,정답(대표),exact,,1,[],stop
2C,open-chain compound,열린사슬화합물,열린사슬화합물,정답(대표),exact,,2,[],stop
2C,glycophorin,글리코포린,글리코포린,정답(대표),exact,,1,[],stop
2C,laparoscopic unilateral salpingo-oophorectomy,배안보개 이용 한쪽 자궁관난소 적출,배안보개 이용 한쪽 자궁관난소 적출,정답(대표),exact,,3,[],stop
2C,puborectalis muscle,두덩곧창자근,두덩곧창자근,정답(대표),exact,,2,[],stop
2C,dyspnea disorder,천증,천증,정답(대표),exact,R06.0,2,[],stop
2C,ureteropelvic junction,요관깔때기이음부,요관깔때기이음부,정답(대표),exact,,2,[],stop
2C,eosinophilic non-allergic rhinitis,호산성 비알레르기성 비염,호산성 비알레르기성 비염,정답(대표),exact,,3,[],stop
2C,fixator muscle,고정근육,고정근육,정답(대표),exact,,2,[],stop
2C,endosome,엔도솜,엔도솜,정답(대표),exact,,1,[],stop
2C,stenopeic,가는틈-,가는틈-,정답(대표),exact,,1,[],stop
2C,femur,넙다리뼈,넙다리뼈,정답(대표),exact,,1,[],stop
2C,autoeroticism,자기성애,자기성애,정답(대표),exact,,1,[],stop
2C,immunodiagnostic method,면역진단법,면역진단법,정답(대표),exact,,2,[],stop
2C,eye swelling,안구 부기,안구 부기,정답(대표),exact,,2,[],stop
2C,potential doubling time,잠재배가시간,잠재배가시간,정답(대표),exact,,3,[],stop
2C,factor viii,제8인자,제8인자,정답(대표),exact,,2,[],stop
2C,tzanck smear test,장크도말검사,장크도말검사,정답(대표),exact,,3,[],stop
2C,genuine diabetes,진성당뇨병,진성당뇨병,정답(대표),exact,,2,[],stop
2C,prostate mri,기본자기공명영상진단-복부-전립선-일반,기본자기공명영상진단-복부-전립선-일반,정답(대표),exact,,2,[],stop
2C,incretology,내분비학,내분비학,정답(대표),exact,,1,[],stop
2C,tracheobronchial,기관기관지-,기관기관지-,정답(대표),exact,,1,[],stop
2C,dysostosis multiplex group,다발 집단 뼈발생이상,다발 집단 뼈발생이상,정답(대표),exact,,3,[],stop
2C,macrostomia cribrosa,가압복,체반,오답,-,,2,[],stop
2C,spireme,분산사구,분산사구,정답(대표),exact,,1,[],stop
2C,enteral feeding regime,경장 섭취 요법,경장 섭취 요법,정답(대표),exact,,3,[],stop
2C,posterior cordectomy,뒷쪽 성대 절제,뒷쪽 성대 절제,정답(대표),exact,,2,[],stop
2C,assess circulatory care,순환계간호 사정,순환계간호 사정,정답(대표),exact,,3,[],stop
2C,radionuclide angiocardiography,방사성핵종심(장)혈관조영(술),방사성핵종심(장)혈관조영(술),정답(대표),exact,,2,['bad_chars'],stop
2C,blood in stool,대변 속 혈액,대변 속 혈액,정답(대표),exact,,3,[],stop
2C,inhalator,흡입기,흡입기,정답(대표),exact,,1,[],stop
2C,counterfeit disease,꾀병,꾀병,정답(대표),exact,,2,[],stop
2C,supratentorial neoplasms,천막위 신생물,천막위 신생물,정답(대표),exact,,2,[],stop
2C,entire nasal septum,비중격 전체,온코사이막,오답,-,,3,['off_list'],stop
2C,hairy-cell leukemia,털세포백혈병,털세포백혈병,정답(대표),exact,C91.4,2,[],stop
2C,nonalcoholic steaohepatitis,비알코올성 지방간염,비알코올성 지방간염,정답(대표),exact,K75.8,2,[],stop
2C,conjoined,연합-,연합-,정답(대표),exact,,1,[],stop
2C,cyst of prostate,전립샘 낭,전립샘 낭,정답(대표),exact,N42.8,3,[],stop
2C,fiberoptic endoscopic,광섬유내시경,광섬유내시경,정답(대표),exact,,2,[],stop
2C,anaphylactoid crisis,아나필락시스유사위기,아나필락시스유사위기,정답(대표),exact,,2,[],stop
2C,holoparasite,완전기생체,완전기생체,정답(대표),exact,,1,[],stop
2C,cataract ou,두눈 백내장,두눈 백내장,정답(대표),exact,,2,[],stop
2C,hydropneumothorax,물공기가슴증,물공기가슴증,정답(대표),exact,J94.8,1,[],stop
2C,myotonia,근긴장증,근긴장증,정답(대표),exact,M62.6,1,[],stop
2C,pericanalicular,소관주위-,소관주위-,정답(대표),exact,,1,[],stop
2C,carpenter's syndrome,카펜터 증후군,카펜터 증후군,정답(대표),exact,Q87.0,2,[],stop
2C,intermenstruum,월경간기,월경간기,정답(대표),exact,,1,[],stop
2C,cabot ring bodies,카보트고리소체,카보트고리소체,정답(대표),exact,,3,[],stop
2C,organic writer's cramp,기질성 서경,기질성 서경,정답(대표),exact,G25.8,3,[],stop
2C,perform diversional care,전환간호 수행,전환간호 수행,정답(대표),exact,,3,[],stop
2C,postmenopausal bleeding,폐경기후 출혈,폐경기후 출혈,정답(대표),exact,N95.0,2,[],stop
2C,pit carries,오목부분 우식,오목부분 우식,정답(대표),exact,K02.8,2,[],stop
2C,ulcerative gingivitis (chronic),궤양성 치은염(잇몸염)(만성),궤양성 치은염(잇몸염)(만성),정답(대표),exact,,3,['bad_chars'],stop
2C,plating method,평판배양법,평판배양법,정답(대표),exact,,2,[],stop
2C,macular holes,황반 원공,황반 원공,정답(대표),exact,,2,[],stop
2C,dying process deteriorated,임종과정 악화됨,임종과정 악화됨,정답(대표),exact,,3,[],stop
2C,mediastinotomy,세로칸절개(술),세로칸절개(술),정답(대표),exact,,1,['bad_chars'],stop
2C,vegetant intravascular hemangioendothelioma,증식혈관내혈관내피종,증식혈관내혈관내피종,정답(대표),exact,,3,[],stop
2C,skull view,두부촬영,두부촬영,정답(대표),exact,,2,[],stop
2C,nerve root injury,척추 신경뿌리의 손상,척추 신경뿌리의 손상,정답(대표),exact,T09.4,3,[],stop
2C,clay stool,회색변,회색변,정답(대표),exact,,2,[],stop
2C,von hippel-lindau disease,폰히펠-린다우병,폰히펠-린다우병,정답(대표),exact,,3,[],stop
2C,arthroscopic menisectomy,관절경 이용 초승달 절제,관절경 이용 초승달 절제,정답(대표),exact,,2,[],stop
2C,anthracosis,탄분증,탄분증,정답(대표),exact,J60,1,[],stop
2C,endocervical hyperplasia,자궁목내막과다형성,자궁목내막과다형성,정답(대표),exact,,2,[],stop
2C,apicoectomy,치근첨절제(술),치근첨절제(술),정답(대표),exact,,1,['bad_chars'],stop
2C,palpating,촉진하기,촉진하기,정답(대표),exact,,1,[],stop
2C,anesthesiologist,마취과의사,마취과의사,정답(대표),exact,,1,[],stop
2C,operative cholangiography,수술쓸개관조영(술),수술쓸개관조영(술),정답(대표),exact,,2,['bad_chars'],stop
2C,pilomatrixoma,털바탕질종,털바탕질종,정답(대표),exact,D23.9,1,[],stop
2C,foville syndrome,포비유 증후군,포비유 증후군,정답(대표),exact,G46.3,2,[],stop
2C,ischial tuberosity structure,궁둥뼈결절,궁둥뼈결절,정답(대표),exact,,3,[],stop
2C,frolement,미세마찰음,미세마찰음,정답(대표),exact,,1,[],stop
2C,neurodeatrophia,망막위축,망막위축,정답(대표),exact,,1,[],stop
2C,cold sore,입술헤르페스,입술헤르페스,정답(대표),exact,,2,[],stop
2C,assess breastfeeding support,모유수유지지 사정,모유수유지지 사정,정답(대표),exact,,3,[],stop
2C,iridocoloboma,홍채결손,홍채결손,정답(대표),exact,,1,[],stop
2C,basal seat,의치지지조직,의치지지조직,정답(대표),exact,,2,[],stop
2C,senile(atrophic) vaginitis,노년(위축) 질염,노년(위축) 질염,정답(대표),exact,N95.2,2,['bad_chars'],stop
2C,biopsy of cul-de-sac,막힌주머니 생검,막힌주머니 생검,정답(대표),exact,,3,[],stop
2C,medullary canal,골수공간,골수공간,정답(대표),exact,,2,[],stop
2C,cathemoglobin,카트헤모글로빈,카트헤모글로빈,정답(대표),exact,,1,[],stop
2C,intrahepatic,간내-,간내-,정답(대표),exact,,1,[],stop
2C,multicystic kidney disease,다낭신장병,다낭신장병,정답(대표),exact,Q61.4,3,[],stop
2C,wrist joint,요골수근관절,요골수근관절,정답(대표),exact,,2,[],stop
2C,reciprocal shaker,왕복진탕기,왕복진탕기,정답(대표),exact,,2,[],stop
2C,apical surgery,치근단 수술,치근단 수술,정답(대표),exact,,2,[],stop
2C,erythema migrans,이동성 홍반,이동성 홍반,정답(대표),exact,A26.0,2,[],stop
2C,microencephaly,작은뇌증,작은뇌증,정답(대표),exact,,1,[],stop
2C,antifibrinolysin,항섬유소용해소제,항섬유소용해소제,정답(대표),exact,,1,[],stop
2C,alpha thalassemia,알파 지중해빈혈,알파 지중해빈혈,정답(대표),exact,D56.0,2,[],stop
2C,nonvascularized bone graft,비혈관뼈이식,비혈관뼈이식,정답(대표),exact,,3,[],stop
2C,in situ hybridization,제자리부합법,제자리부합법,정답(대표),exact,,3,[],stop
2C,wry neck,기운목,기운목,정답(대표),exact,M43.6,2,[],stop
2C,single outlet heart,단일유출로심장,단일유출로심장,정답(대표),exact,,3,[],stop
2C,lienorenal,지라콩팥-,지라콩팥-,정답(대표),exact,,1,[],stop
2C,defervescence,해열,해열,정답(대표),exact,,1,[],stop
2C,cheondol,천돌(天突),천돌(天突),정답(대표),exact,,1,['bad_chars'],stop
2C,retrognathism,하악후퇴,하악후퇴,정답(대표),exact,,1,[],stop
2C,antineutrophil cytoplasmic antibody,항중성구세포질항체,항중성구세포질항체,정답(대표),exact,,3,[],stop
2C,myelalgia,척수통증,척수통증,정답(대표),exact,,1,[],stop
2C,rolling disease,회전병,회전병,정답(대표),exact,,2,[],stop
2C,lumbosacral enlargement,요천부팽대,요천부팽대,정답(대표),exact,,2,[],stop
2C,atriocarotid interval,심방목동맥간격,심방목동맥간격,정답(대표),exact,,2,[],stop
2C,septal angle,코중격각,코중격각,정답(대표),exact,,2,[],stop
2C,transfusion tests,수혈혈액검사,수혈혈액검사,정답(대표),exact,,2,[],stop
2C,impaired eating behaviour,손상된 식습관 행위,손상된 식습관 행위,정답(대표),exact,,3,[],stop
2C,thyroid notch,방패패임,방패패임,정답(대표),exact,,2,[],stop
2C,presence of mei,인공중이삽입물의 존재,인공중이삽입물의 존재,정답(대표),exact,Z96.28,3,[],stop
2C,fall risk deteriorated,낙상 위험성 악화됨,낙상 위험성 악화됨,정답(대표),exact,,3,[],stop
2C,breast stereotactic biopsy,유방 입체정위 생검술,유방 입체정위 생검술,정답(대표),exact,,3,[],stop
2C,refractive accomodative esotropia,굴절조절 내사시,굴절조절 내사시,정답(대표),exact,H50.0,3,[],stop
2C,medical indigent,의료급여대상자,의료급여대상자,정답(대표),exact,,2,[],stop
2C,buryu,부류(復溜),부류(復溜),정답(대표),exact,,1,['bad_chars'],stop
2C,dermatopathic lymphadenopathy,피부병림프절병(증),피부병림프절병(증),정답(대표),exact,,2,['bad_chars'],stop
2C,bis in die,1일2회,1일2회,정답(대표),exact,,3,[],stop
2C,allocentric,타인중심-,타인중심-,정답(대표),exact,,1,[],stop
2C,internal carotid angiography,두경부동맥조영-내경동맥,두경부동맥조영-내경동맥,정답(대표),exact,,3,[],stop
2C,epidermolysis bullosa simplex,단순 수포성 표피박리증,단순 수포성 표피박리증,정답(대표),exact,Q81.0,3,[],stop
2C,ventricular asynergy,심실협동불능(증),심실협동불능(증),정답(대표),exact,,2,['bad_chars'],stop
2C,upper extremity,위팔,위팔,정답(대표),exact,,2,[],stop
2C,perianal haematoma,항문주위혈종,항문주위혈종,정답(대표),exact,K64.5,2,[],stop
2C,diastasimetry,녹말효소측정법,녹말효소측정법,정답(대표),exact,,1,[],stop
2C,waveform,파형,파형,정답(대표),exact,,1,[],stop
2C,framework try-in,금속구조물 시적,금속구조물 시적,정답(대표),exact,,2,[],stop
2C,cystathionine,시스타티오닌,시스타티오닌,정답(대표),exact,,1,[],stop
2C,major amblyoscope,대형 약시경,대형 약시경,정답(대표),exact,,2,[],stop
2C,radiodermatitis,방사선피부염,방사선피부염,정답(대표),exact,L58,1,[],stop
2C,turbidometric technique,혼탁도측정기법,혼탁도측정기법,정답(대표),exact,,2,[],stop
2C,tuning curve,동조곡선,동조곡선,정답(대표),exact,,2,[],stop
2C,benign familial hematuria,양성 가족성 혈뇨,양성 가족성 혈뇨,정답(대표),exact,N02.9,3,[],stop
2C,complex echo pattern,복잡메아리,복잡메아리,정답(대표),exact,,3,[],stop
2C,preleukaemia (syndrome),전백혈병(증후군),전백혈병(증후군),정답(대표),exact,D46.9,2,['bad_chars'],stop
2C,prolonged latent phase,지연된 잠복기,지연된 잠복기,정답(대표),exact,O63.9,3,[],stop
2C,corynebacterium pseudotuberculosis,거짓결핵균,거짓결핵균,정답(대표),exact,,2,[],stop
2C,gonadoadvent,생식기능출현기,생식기능출현기,정답(대표),exact,,1,[],stop
2C,neck righting reflex,목바로잡기반사,목바로잡기반사,정답(대표),exact,,3,[],stop
2C,peritomy,윤부결막절개(술),윤부결막절개(술),정답(대표),exact,,1,['bad_chars'],stop
2C,haematosalpinx,혈난관,혈난관,정답(대표),exact,N83.6,1,[],stop
2C,stomatomy,자궁구절개(술),자궁구절개(술),정답(대표),exact,,1,['bad_chars'],stop
2C,oncofetal,종양태아-,종양태아-,정답(대표),exact,,1,[],stop
2C,removal of restoration,기존 보철물 제거,기존 보철물 제거,정답(대표),exact,,3,[],stop
2C,hypothalamic-pituitary-adrenal axis,시상하부-뇌하수체-부신축,시상하부-뇌하수체-부신축,정답(대표),exact,,2,[],stop
2C,late post-traumatic seizures,외상후 지연 발작,외상후 지연 발작,정답(대표),exact,,3,[],stop
2C,acne keloidalis,흉터종여드름,흉터종여드름,정답(대표),exact,,2,[],stop
2C,direct coombs test,직접쿰즈검사,직접쿰즈검사,정답(대표),exact,,3,[],stop
2C,sequestrectomy of skull,머리뼈 부골 절제,머리뼈 부골 절제,정답(대표),exact,,3,[],stop
2C,periodic rhinitis,주기코염,주기코염,정답(대표),exact,,2,[],stop
2C,vesicorectal fistula,방광직장루,방광직장루,정답(대표),exact,N32.1,2,[],stop
2C,schistasis,갈림증,갈림증,정답(대표),exact,,1,[],stop
2C,oxidizing color,산화염료,산화염료,정답(대표),exact,,2,[],stop
2C,microincision,미세절개,미세절개,정답(대표),exact,,1,[],stop
2C,rosacea,주사,주사,정답(대표),exact,L71,1,[],stop
2C,coalescent mastoiditis,융합꼭지돌기염,융합꼭지돌기염,정답(대표),exact,H70.8,2,[],stop
2C,intraocular,안구내-,안구내-,정답(대표),exact,,1,[],stop
2C,laceration of back,등 열상,등 열상,정답(대표),exact,S21.2,3,[],stop
2C,colpocystocele,질방광탈출(증),질방광탈출(증),정답(대표),exact,,1,['bad_chars'],stop
2C,protrusive position,전방위,전방위,정답(대표),exact,,2,[],stop
2C,grafting,이식,이식,정답(대표),exact,,1,[],stop
2C,dislocation of midcarpal(joint),중간수근골(관절)의 탈구,중간수근골(관절)의 탈구,정답(대표),exact,S63.02,3,['bad_chars'],stop
2C,fecal concentration,대변농축(법),대변농축(법),정답(대표),exact,,2,['bad_chars'],stop
2C,recession operation,뒤옮김술,뒤옮김술,정답(대표),exact,,2,[],stop
2C,ebonation,뼈조각제거,뼈조각제거,정답(대표),exact,,1,[],stop
2C,zosteriform lentiginous nevus,띠모양흑(색)점모반,띠모양흑(색)점모반,정답(대표),exact,,3,['bad_chars'],stop
2C,supraduodenal artery,샘창자위동맥,샘창자위동맥,정답(대표),exact,,2,[],stop
2C,thyroidea ima artery,맨아래갑상동맥,맨아래갑상동맥,정답(대표),exact,,3,[],stop
2C,cryptococcal meningocerebritis,크립토콕쿠스수막대뇌염,크립토콕쿠스수막대뇌염,정답(대표),exact,B45.1,2,[],stop
2C,endothelial adhesion molecule,내피부착분자,내피부착분자,정답(대표),exact,,3,[],stop
2C,pleurothecal anastomosis,가슴막-척수막 연결,가슴막-척수막 연결,정답(대표),exact,,2,[],stop
2C,polymyalgia rheumatica,류마티스성 다발근통,류마티스성 다발근통,정답(대표),exact,M35.3,2,[],stop
2C,voluntomotory,수의운동-,수의운동-,정답(대표),exact,,1,[],stop
2C,retention of urine,소변정체,소변정체,정답(대표),exact,R33,3,[],stop
2C,supporting spiritual rituals,영적의식 지지하기,영적의식 지지하기,정답(대표),exact,,3,[],stop
2C,epigastric artery,배벽동맥,배벽동맥,정답(대표),exact,,2,[],stop
2C,source qi,원기,원기,정답(대표),exact,,2,[],stop
2C,polychromatophilic erythrocyte,다염적혈구,다염적혈구,정답(대표),exact,,2,[],stop
2C,endorectal pull-through operation,직장내 풀-스루식 수술,직장내 풀-스루식 수술,정답(대표),exact,,3,[],stop
2C,defective interfering particle,결손간섭입자,결손간섭입자,정답(대표),exact,,3,[],stop
2C,physics depth sensitivity,물리적깊이민감도,물리적깊이민감도,정답(대표),exact,,3,[],stop
2C,dialysis adequacy,투석충분도,투석충분도,정답(대표),exact,,2,[],stop
2C,apneustic respiration,지속흡입호흡,지속흡입호흡,정답(대표),exact,,2,[],stop
2C,citrate,구연산,구연산,정답(대표),exact,,1,[],stop
2C,forehead,전두,전두,정답(대표),exact,,1,[],stop
2C,extracoronal,치관외-,치관외-,정답(대표),exact,,1,[],stop
2C,mongoloid slant,몽골인 모양 눈,몽골인 모양 눈,정답(대표),exact,,2,[],stop
2C,altimeter sickness,고산병,고산병,정답(대표),exact,T70.2,2,[],stop
2C,failed forceps,집게 사용 실패,집게 사용 실패,정답(대표),exact,,2,[],stop
2C,trypanocidal,파동편모충박멸-,파동편모충박멸-,정답(대표),exact,,1,[],stop
2C,amphorophony,공동공명음,공동공명음,정답(대표),exact,,1,[],stop
2C,pyroglyphidae,집먼지진드기(과),집먼지진드기(과),정답(대표),exact,,1,['bad_chars'],stop
2C,rhabdomyomyxoma,횡문근점액종,횡문근점액종,정답(대표),exact,,1,[],stop
2C,cranial dermal sinus,뇌피부동,뇌피부동,정답(대표),exact,L05.9,3,[],stop
2C,suprapubic prostatectomy,두덩뼈 위쪽 경유 전립샘 절제,두덩뼈 위쪽 경유 전립샘 절제,정답(대표),exact,,2,[],stop
2C,platymorphia,편평안구,편평안구,정답(대표),exact,,1,[],stop
2C,cimex lectularius,빈대,빈대,정답(대표),exact,,2,[],stop
2C,salbutamol,살부타몰,살부타몰,정답(대표),exact,,1,[],stop
2C,tuning fork,소리굽쇠,소리굽쇠,정답(대표),exact,,2,[],stop
2C,chest expiration,가슴 날숨촬영,가슴 날숨촬영,정답(대표),exact,,2,[],stop
2C,syphilogen,매독원,매독원,정답(대표),exact,,1,[],stop
2C,ischial ramus,궁둥뼈가지,궁둥뼈가지,정답(대표),exact,,2,[],stop
2C,supraspinous,가시끝-,가시끝-,정답(대표),exact,,1,[],stop
2C,intranasal ethmoidectomy,비내 접근법,사골동염근치술; 비내 접근법,오답,-,,2,['off_list'],stop
2C,breathing bag reservoir,호흡주머니,호흡주머니,정답(대표),exact,,3,[],stop
2C,growth fever,발육열,변증,오답,-,P81.9,2,['off_list'],stop
2C,neurostearic acid,신경지방산,신경지방산,정답(대표),exact,,2,[],stop
2C,operative ultrasound,수술중초음파검사,수술중초음파검사,정답(대표),exact,,2,[],stop
2C,abortive prophage,불완전프로파지,불완전프로파지,정답(대표),exact,,2,[],stop
2C,vetebra,척추,척추,정답(대표),exact,,1,[],stop
2C,incisor tooth,절치,절치,정답(대표),exact,,2,[],stop
2C,stump hallucination,절단끝환각,절단끝환각,정답(대표),exact,,2,[],stop
2C,hyalomere,투명부위,투명부위,정답(대표),exact,,1,[],stop
2C,inspirator,흡입기,흡입기,정답(대표),exact,,1,[],stop
2C,tense,긴장-,긴장-,정답(대표),exact,,1,[],stop
2C,fluoridation,불소화,불소화,정답(대표),exact,,1,[],stop
2C,varicose vein stripping,정맥류 제거,정맥류 제거,정답(대표),exact,,3,[],stop
2C,urethrotomy,요도 절개,요도 절개,정답(대표),exact,,1,[],stop
2C,virgin population,무노출인구,무노출인구,정답(대표),exact,,2,[],stop
2C,gracilis muscle,두덩정강근,두덩정강근,정답(대표),exact,,2,[],stop
2C,paraganglion,곁신경절,곁신경절,정답(대표),exact,,1,[],stop
2C,hemianopsia,편측시야결손,편측시야결손,정답(대표),exact,,1,[],stop
2C,relative scotoma,상대암점,상대암점,정답(대표),exact,,2,[],stop
2C,ballism,도리깨질(증),도리깨질(증),정답(대표),exact,,1,['bad_chars'],stop
2C,tuberculosis of oesophagus,식도의 결핵,식도의 결핵,정답(대표),exact,A18.82,3,[],stop
2C,appendix ultrasound,맹장 초음파,맹장 초음파,정답(대표),exact,,2,[],stop
2C,kub left lateral,"콩팥요관방광촬영, 왼쪽측방향","콩팥요관방광촬영, 왼쪽측방향",정답(대표),exact,,3,[],stop
2C,menstrual irregularity,월경불규칙,월경불규칙,정답(대표),exact,N92.6,2,[],stop
2C,pressure suit,가압복,가압복,정답(대표),exact,,2,[],stop
2C,postprocedural subglottic stenosis,처치후 성문하협착,처치후 성문하협착,정답(대표),exact,J95.5,3,[],stop
2C,puerperium,산후기,산후기,정답(대표),exact,,1,[],stop
2C,non-infected,감염되지않은,감염되지않은,정답(대표),exact,,1,[],stop
2C,overdetermined idea,과잉결정관념,과잉결정관념,정답(대표),exact,,2,[],stop
2C,agenesis of lung,폐의 무발생,폐의 무발생,정답(대표),exact,Q33.3,3,[],stop
2C,toilet,세척,세척,정답(대표),exact,,1,[],stop
2C,coxalgic pelvis,엉덩관절병골반,엉덩관절병골반,정답(대표),exact,,2,[],stop
2C,clasp repair,클라스프 수리,클라스프 수리,정답(대표),exact,,2,[],stop
2C,horseshoe fistula,말발굽샛길,말발굽샛길,정답(대표),exact,,2,[],stop
2C,taenia solium,유구조충,유구조충,정답(대표),exact,,2,[],stop
2C,dermatitis verrucosa,사마귀피부염,사마귀피부염,정답(대표),exact,B43.0,2,[],stop
2C,expectorant mixture,복합거담제,복합거담제,정답(대표),exact,,2,[],stop
2C,prescription group,처방묶음,처방묶음,정답(대표),exact,,2,[],stop
2C,progressive hemifacial atrophy,진행성 반쪽얼굴 위축,진행성 반쪽얼굴 위축,정답(대표),exact,G51.8,3,[],stop
2C,plain radiograph,단순방사선사진,단순방사선사진,정답(대표),exact,,2,[],stop
2C,iridocyclitis in tuberculosis,결핵에서의 홍채섬모체염,결핵에서의 홍채섬모체염,정답(대표),exact,A18.5,3,[],stop
2C,uremic convulsion,요독경련,요독경련,정답(대표),exact,,2,[],stop
2C,ophthalmophacometer,수정체굴절력측정계,수정체굴절력측정계,정답(대표),exact,,1,[],stop
2C,reconstruction of thumb,엄지 손가락 재건,엄지 손가락 재건,정답(대표),exact,,3,[],stop
2C,tetrastichiasis,네줄속눈썹(증),네줄속눈썹(증),정답(대표),exact,,1,['bad_chars'],stop
2C,fundus photography,안저사진,안저사진,정답(대표),exact,,2,[],stop
2C,rotalix tube,회전양극관,회전양극관,정답(대표),exact,,2,[],stop
2C,invasive mole,침윤기태,침윤기태,정답(대표),exact,,2,[],stop
2C,ulcerated external hemorrhoids,궤양성 외치핵,궤양성 외치핵,정답(대표),exact,K64.8,3,[],stop
2C,standardized rate ratio,표준화비율비,표준화비율비,정답(대표),exact,,3,[],stop
2C,encephalopathy toxic,독성 뇌병증,독성 뇌병증,정답(대표),exact,,2,[],stop
2C,teach personal care,개인간호 교육,개인간호 교육,정답(대표),exact,,3,[],stop
2C,hydrocyst,물낭,물낭,정답(대표),exact,,1,[],stop
2C,muscular artery,근육형동맥,근육형동맥,정답(대표),exact,,2,[],stop
2C,ataxic hemiparesis,실조성반부전마비,실조성반부전마비,정답(대표),exact,,2,[],stop
2C,mitokinetic,유사운동-,유사운동-,정답(대표),exact,,1,[],stop
2C,dementia in hypercalcaemia,과칼슘혈증에서의 치매,과칼슘혈증에서의 치매,정답(대표),exact,F02.8,3,[],stop
2C,neurofibromatosis of spine,척수 신경섬유종증,척수 신경섬유종증,정답(대표),exact,,3,[],stop
2C,amputation of cervix,자궁목 절단,자궁목 절단,정답(대표),exact,,3,[],stop
2C,osteoarthritis,뼈관절염,뼈관절염,정답(대표),exact,,1,[],stop
2C,head wind,두풍 ; 뇌풍,두풍 ; 뇌풍,정답(대표),exact,R51,2,[],stop
2C,bovine granulomatous mastitis,소육아종 유방염,소육아종 유방염,정답(대표),exact,,3,[],stop
2C,hand,수,수,정답(대표),exact,,1,[],stop
2C,idiopathic hemihypertrophy,특발성 편측비대증,특발성 편측비대증,정답(대표),exact,Q68.8,2,[],stop
2C,ileocolic artery,돌잘룩창자동맥,돌잘룩창자동맥,정답(대표),exact,,2,[],stop
2C,nummular dermatitis,동전모양피부염,동전모양피부염,정답(대표),exact,L30.0,2,[],stop
2C,ecdysis,허물벗기,허물벗기,정답(대표),exact,,1,[],stop
2C,congenital leukonychia,선천 손발톱백반,선천 손발톱백반,정답(대표),exact,Q84.4,2,[],stop
2C,total lipodystrophy,전체 지방영양장애,전체 지방영양장애,정답(대표),exact,,2,[],stop
2C,near field potential,근접부위전위,근접부위전위,정답(대표),exact,,3,[],stop
2C,unequal limb length,사지길이부동증,사지길이부동증,정답(대표),exact,,3,[],stop
2C,drug induce pruritus,약물 유발성 가려움,약물 유발성 가려움,정답(대표),exact,L29.8,3,[],stop
2C,saphenous neuropathy,복재신경병증,복재신경병증,정답(대표),exact,G57.8,2,[],stop
2C,extra-abdominal,복부외-,복부외-,정답(대표),exact,,1,[],stop
2C,endolymphatic duct,속림프관,속림프관,정답(대표),exact,,2,[],stop
2C,intra-operative neurophysiologic testing,수술중 신경생리학적 검사,수술중 신경생리학적 검사,정답(대표),exact,,3,[],stop
2C,hammerhead ribozyme,망치머리형리보자임,망치머리형리보자임,정답(대표),exact,,2,[],stop
2C,photogene,잔상,잔상,정답(대표),exact,,1,[],stop
2C,hot bag,더운물 주머니,더운물 주머니,정답(대표),exact,,2,[],stop
2C,bougienage of esophagus,식도 부우지법,식도 부우지법,정답(대표),exact,,3,[],stop
2C,oculovagal reflex,눈미주신경반사,눈미주신경반사,정답(대표),exact,,2,[],stop
2C,physically handicapped,거동불편자,거동불편자,정답(대표),exact,,2,[],stop
2C,morbidity aspects,질병 양상,질병 양상,정답(대표),exact,,2,[],stop
2C,auriculotemporal nerve,귓바퀴관자신경,귓바퀴관자신경,정답(대표),exact,,2,[],stop
2C,perseveration,고집증,고집증,정답(대표),exact,,1,[],stop
2C,purpura annularis telangiectodes,고리모세혈관확장자색반,고리모세혈관확장자색반,정답(대표),exact,,3,[],stop
2C,endoscopic retrograde pancreatography,내시경역행이자관조영(술),내시경역행이자관조영(술),정답(대표),exact,,3,['bad_chars'],stop
2C,leukotaxis,백혈구쏠림성,백혈구쏠림성,정답(대표),exact,,1,[],stop
2C,myoalbumin,근(육)알부민,근(육)알부민,정답(대표),exact,,1,['bad_chars'],stop
2C,urethroscopic surgery,요도경하 수술,요도경하 수술,정답(대표),exact,,2,[],stop
2C,hippocampal sclerosis,해마경화(증),해마경화(증),정답(대표),exact,G37.9,2,['bad_chars'],stop
2C,excitometabolic,대사촉진-,대사촉진-,정답(대표),exact,,1,[],stop
2C,bronchus t-tube insertion,기관지 T-삽관,기관지 T-삽관,정답(대표),exact,,3,['bad_chars'],stop
2C,lead gown,납가운,납가운,정답(대표),exact,,2,[],stop
2C,flat position,앙와위,앙와위,정답(대표),exact,,2,[],stop
2C,bubbling rale,끓는거품소리,끓는거품소리,정답(대표),exact,,2,[],stop
2C,acanthamoeba keratitis,가시아메바각막염,가시아메바각막염,정답(대표),exact,,2,[],stop
2C,arachnoid cyst,거미막하 낭종,거미막하 낭종,정답(대표),exact,G93.0,2,[],stop
2C,clubbing of nails,손톱의 곤봉화,손톱의 곤봉화,정답(대표),exact,R68.3,3,[],stop
2C,water bath,욕조,욕조,정답(대표),exact,,2,[],stop
2C,molding,두개몰딩,두개몰딩,정답(대표),exact,,1,[],stop
