mode,en,rep,term,ko,grade,level,followed_decoy,decoy,issues,finish,sentence
none,root pain,신경뿌리통증,근통,의사의 문서에 근통이 언급되었다.,오답,-,,,[],stop,The doctor's document mentioned root pain.
none,plantar flexion,발바닥쪽 굽힘,저측 굴곡,의사의 문서에 저측 굴곡이 언급되었습니다.,오답,-,,,[],stop,The doctor's document mentioned plantar flexion.
none,metagonimus yokogawai,요코가와흡충,메타고니무스 요코가와이,의사의 문서에 메타고니무스 요코가와이가 언급되었습니다.,오답,-,,,[],stop,The doctor's document mentioned metagonimus yokogawai.
none,speech loss,언어 손실,언어 상실,의사의 문서에 언어 상실이 언급되었습니다.,오답,-,,,[],stop,The doctor's document mentioned speech loss.
none,syncytial,합포체-,융합체,의사의 문서에 융합체가 언급되었습니다.,정답(동의어),exact,,,[],stop,The doctor's document mentioned syncytial.
none,small-and light-for-dates,과소 및 과소체중아,소형 및 경량 출생아,보고서는 이 환자에서 소형 및 경량 출생아를 기록했습니다.,오답,-,,,[],stop,The report documented small-and light-for-dates in this patient.
none,lobectomy of lung,폐엽 절제,폐엽절제술,이 환자에서 폐엽절제술을 기록했다.,오답,-,,,[],stop,The report documented lobectomy of lung in this patient.
none,suprameatal foveola,바깥귀길위오목,상이개와(superameatal foveola),의사의 문서에 상이개와(superameatal foveola)가 언급되어 있었다.,오답,-,,,['bad_chars'],stop,The doctor's document mentioned suprameatal foveola.
none,phlebography,정맥조영(술),정맥조영술,이 환자에서 정맥조영술을 기록한 보고서가 있었다.,오답,-,,,[],stop,The report documented phlebography in this patient.
none,third ventricle structure,제3뇌구조,제3뇌실 구조,의사의 문서에 제3뇌실 구조가 언급되었습니다.,오답,-,,,[],stop,The doctor's document mentioned third ventricle structure.
none,bidiscoidal placenta,두원반태반,양반원형 태반,의사의 문서에 양반원형 태반이 언급되었다.,오답,-,,,[],stop,The doctor's document mentioned bidiscoidal placenta.
none,centrolecithal,중심난황-,중심난황,의사의 문서는 중심난황을 언급했다.,오답,-,,,[],stop,The doctor's document mentioned centrolecithal.
none,auriscope,이경,이경,의사의 문서에 이경이 언급되었다.,정답(대표),exact,,,[],stop,The doctor's document mentioned auriscope.
none,rhinoantritis,코굴염,비강염,의사의 문서에 비강염이 언급되었습니다.,오답,-,,,[],stop,The doctor's document mentioned rhinoantritis.
none,lochioschesis,산후질분비물정체,오로 정체,의사의 문서에 오로 정체가 언급되었습니다.,오답,-,,,[],stop,The doctor's document mentioned lochioschesis.
none,cyematocardia,태아심음,자궁심장증,의사의 문서에 자궁심장증이 언급되었습니다.,오답,-,,,[],stop,The doctor's document mentioned cyematocardia.
none,cardiography,심장도검사,심전도 검사,의사의 문서가 심전도 검사를 언급했다.,오답,-,,,[],stop,The doctor's document mentioned cardiography.
none,postprocedural hypothyroidism,처치후 갑상선기능저하증,시술 후 갑상선기능저하증,보고서는 이 환자에게 시술 후 갑상선기능저하증을 기록했습니다.,오답,-,,,[],stop,The report documented postprocedural hypothyroidism in this patient.
none,paramyxoviridae infection,파라믹소바이러스 감염,파라믹소바이러스과 감염,이 보고서는 이 환자에서 파라믹소바이러스과 감염을 기록했습니다.,오답,-,,,[],stop,The report documented paramyxoviridae infection in this patient.
none,hepaticostomy,간관루설치(술),간담루,의사의 문서에 간담루가 언급되었다.,오답,-,,,[],stop,The doctor's document mentioned hepaticostomy.
none,window defect,창문비침,창문 결함,의사의 문서에 창문 결함이 언급되었습니다.,오답,-,,,[],stop,The doctor's document mentioned window defect.
none,vasa previa,전치 맥관,전치혈관,이 환자의 보고서에는 전치혈관이 기재되어 있습니다.,오답,-,,,[],stop,The report documented vasa previa in this patient.
none,working length distance,근관장측정검사,근무 길이 거리,의사의 문서에 근무 길이 거리가 언급되었습니다.,오답,-,,,[],stop,The doctor's document mentioned working length distance.
none,prolinase,프롤린효소,프롤리나제,의사의 문서에 프롤리나제가 언급되었습니다.,오답,-,,,[],stop,The doctor's document mentioned prolinase.
none,suture thread,봉합사,봉합사,의사의 문서에 봉합사가 언급되었습니다.,정답(대표),exact,,,[],stop,The doctor's document mentioned suture thread.
none,urethrocutaneous fistula,요도피부샛길,요도피부루,이 환자의 요도피부루를 보고서에 기록했다.,정답(동의어),nospace,,,[],stop,The report documented urethrocutaneous fistula in this patient.
none,sign,징후,징후,의사의 문서에 징후가 언급되었습니다.,정답(대표),exact,,,[],stop,The doctor's document mentioned sign.
none,a/s posterior capsulo-labroplasty,관절경 후방 피막테두리성형술,전방/후방 후방 관절낭-순성형술,보고서는 이 환자에서 전방/후방 후방 관절낭-순성형술을 문서화했습니다.,오답,-,,,[],stop,The report documented a/s posterior capsulo-labroplasty in this patient.
none,periarthritis of wrist,손목의 관절주위염,손목 주위염,보고서는 이 환자의 손목 주위염을 문서화했습니다.,오답,-,,,[],stop,The report documented periarthritis of wrist in this patient.
none,metarubricyte,후적혈구,후적혈구,의사의 문서는 후적혈구를 언급했다.,정답(대표),exact,,,[],stop,The doctor's document mentioned metarubricyte.
none,soryo,소료(素髎),소료,의사의 문서에 소료가 언급되었습니다.,오답,-,,,[],stop,The doctor's document mentioned soryo.
none,abrasion of flank,옆구리 찰과상,측복부 찰과상,보고서는 이 환자의 측복부 찰과상을 기록했다.,오답,-,,,[],stop,The report documented abrasion of flank in this patient.
none,scintillating hemianopia,섬광반맹,섬광성 반맹증,의사의 문서에는 섬광성 반맹증이 언급되어 있었다.,오답,-,,,[],stop,The doctor's document mentioned scintillating hemianopia.
none,chromophilic cell,호색소세포,호염색성 세포,의사의 문서는 호염색성 세포를 언급했다.,오답,-,,,[],stop,The doctor's document mentioned chromophilic cell.
none,infantile automatism,젖먹이자동증,유아적 자동증,의사의 문서는 유아적 자동증을 언급했다.,오답,-,,,[],stop,The doctor's document mentioned infantile automatism.
none,oath of hippocrates,히포크라테스선서,히포크라테스 선서,의사의 문서는 히포크라테스 선서를 언급했다.,정답(대표),nospace,,,[],stop,The doctor's document mentioned oath of hippocrates.
none,pubocapsular,두덩관절피막-,치골관절낭,의사의 문서에 치골관절낭이 언급되었다.,오답,-,,,[],stop,The doctor's document mentioned pubocapsular.
none,hemopleuropneumonic syndrome,혈액가슴막폐렴증후군,혈흉기흉폐렴 증후군,의사의 문서는 혈흉기흉폐렴 증후군을 언급했습니다.,오답,-,,,[],stop,The doctor's document mentioned hemopleuropneumonic syndrome.
none,rotational irradiation coach,회전방사선치료대,회전 조사 코치,의사의 문서에 회전 조사 코치가 언급되었습니다.,오답,-,,,[],stop,The doctor's document mentioned rotational irradiation coach.
none,airborne infection,공기매개감염,공기 감염,의사의 문서는 공기 감염을 언급했습니다.,오답,-,,,[],stop,The doctor's document mentioned airborne infection.
none,fistula of gallbladder,담낭의 누공,담낭루,이 보고서는 이 환자에서 담낭루를 기록했습니다.,오답,-,,,[],stop,The report documented fistula of gallbladder in this patient.
none,cardiac murmur,심잡음,심장 잡음,이 환자에게서 심장 잡음이 보고되었다.,오답,-,,,[],stop,The report documented cardiac murmur in this patient.
none,laryngopharyngitis,후두인두염,후두인두염,의사의 문서에 후두인두염이 언급되었습니다.,정답(대표),exact,,,[],stop,The doctor's document mentioned laryngopharyngitis.
none,gantry,갠트리,갠트리,의사의 문서에 갠트리가 언급되었습니다.,정답(대표),exact,,,[],stop,The doctor's document mentioned gantry.
none,hyperesophoria,상내사위,상사시,의사의 문서는 상사시를 언급했습니다.,오답,-,,,[],stop,The doctor's document mentioned hyperesophoria.
none,multicystic renal dysplasia,다낭성 신장의 형성이상,다낭성 신 이형성증,이 환자에서 다낭성 신 이형성증이 보고서에 문서화되었다.,오답,-,,,[],stop,The report documented multicystic renal dysplasia in this patient.
none,conn adenoma,콘 샘종,콘 선종,의사의 문서에 콘 선종이 언급되었습니다.,오답,-,,,[],stop,The doctor's document mentioned conn adenoma.
none,tinea manuum,손백선,수부백선,이 보고서는 이 환자에게 수부백선을 기록했습니다.,오답,-,,,[],stop,The report documented tinea manuum in this patient.
none,functional enuresis,기능성 유뇨증,기능성 야뇨증,이 보고서는 이 환자에게서 기능성 야뇨증을 문서화했습니다.,오답,-,,,[],stop,The report documented functional enuresis in this patient.
none,simple dressing,단순 처치,단순 드레싱,이 보고서는 이 환자의 단순 드레싱을 기록했습니다.,오답,-,,,[],stop,The report documented simple dressing in this patient.
none,first responder,일차반응자,최초 대응자,의사의 문서에 최초 대응자가 언급되었다.,오답,-,,,[],stop,The doctor's document mentioned first responder.
none,abdominal wall strained,배벽 긴장,복벽 긴장,의사의 문서에 복벽 긴장이 언급되었습니다.,오답,-,,,[],stop,The doctor's document mentioned abdominal wall strained.
none,activity grade,활동정도,활동 등급,의사의 문서에 활동 등급이 언급되었습니다.,오답,-,,,[],stop,The doctor's document mentioned activity grade.
none,goitrogenic,갑상샘종유발물질-,갑상선종 유발 물질,의사의 문서에 갑상선종 유발 물질이 언급되었습니다.,오답,-,,,[],stop,The doctor's document mentioned goitrogenic.
none,myelodysplastic syndromes,골수형성이상증후군,골수이형성증후군,보고서는 이 환자에게서 골수이형성증후군을 기록했습니다.,오답,-,,,[],stop,The report documented myelodysplastic syndromes in this patient.
none,gorei-san,오령산,고레이산,의사의 문서에 고레이산이 언급되어 있었다.,오답,-,,,[],stop,The doctor's document mentioned gorei-san.
none,gallium scan,갈리움 스캔,갈륨 스캔,의사의 문서에 갈륨 스캔이 언급되었습니다.,오답,-,,,[],stop,The doctor's document mentioned gallium scan.
none,blind fistula,막힌샛길,맹루,의사의 문서에 맹루가 언급되었습니다.,오답,-,,,[],stop,The doctor's document mentioned blind fistula.
none,radioimmunoelectrophoresis,방사면역전기이동(법),방사면역전기영동법,의사의 문서에서 방사면역전기영동법이 언급되었습니다.,오답,-,,,[],stop,The doctor's document mentioned radioimmunoelectrophoresis.
none,dilation of rectum,곧창자 확장,직장의 확장,보고서는 이 환자에서 직장의 확장을 문서화했습니다.,오답,-,,,[],stop,The report documented dilation of rectum in this patient.
none,exteroceptive stimulus,외수용자극,외부 자극,의사의 문서는 외부 자극을 언급했다.,오답,-,,,[],stop,The doctor's document mentioned exteroceptive stimulus.
none,atlas-axis spinal fusion,고리뼈-중쇠뼈 척추 유합,환축-축추 척추 융합,이 환자에서 환축-축추 척추 융합이 보고되었습니다.,오답,-,,,[],stop,The report documented atlas-axis spinal fusion in this patient.
none,qrs widened,큐알에스(QRS) 넓힘,qrs가 넓어졌다,의사의 문서에 qrs가 넓어졌다고 언급되어 있었습니다.,오답,-,,,['bad_chars'],stop,The doctor's document mentioned qrs widened.
none,esterapenia,에스테라아제감소,에스테라페니아,의사의 문서에 에스테라페니아가 언급되었다.,오답,-,,,[],stop,The doctor's document mentioned esterapenia.
none,major calyx,큰콩팥잔,대신(大腎盞),의사의 문서에 대신(大腎盞)이 언급되었다.,오답,-,,,['bad_chars'],stop,The doctor's document mentioned major calyx.
none,hodgkin disease,호지킨병,호지킨병,의사의 문서에 호지킨병이 언급되었습니다.,정답(대표),exact,,,[],stop,The doctor's document mentioned hodgkin disease.
none,flushing,홍조,플러싱,이 환자에게서 플러싱이 보고되었습니다.,오답,-,,,[],stop,The report documented flushing in this patient.
none,school childhood,학령기,학교 시절,의사의 서류에서는 학교 시절이 언급되었습니다.,오답,-,,,[],stop,The doctor's document mentioned school childhood.
none,abdominal palpable mass,복부 촉지성 종괴,복부 촉지 종괴,의사의 문서에 복부 촉지 종괴가 언급되었습니다.,오답,-,,,[],stop,The doctor's document mentioned abdominal palpable mass.
none,di guglielmo's disease,디구글리엘모병,디 구글리엘모병,이 보고서는 이 환자에서 디 구글리엘모병을 기록했습니다.,정답(대표),nospace,,,[],stop,The report documented di guglielmo's disease in this patient.
none,jisil,지실(志室),지실,의사의 문서에 지실이 언급되었습니다.,오답,-,,,[],stop,The doctor's document mentioned jisil.
none,ascending arm venography,상지-상행적상지정맥,상행성 팔 정맥조영술,이 환자에게 상행성 팔 정맥조영술이 시행되었습니다.,오답,-,,,[],stop,ascending arm venography was performed on this patient.
none,pa x-ray,치근단 방사선촬영,pa 엑스레이,의사의 문서에 pa 엑스레이가 언급되었습니다.,오답,-,,,['bad_chars'],stop,The doctor's document mentioned pa x-ray.
none,developmental retardation child,발달 부진아,발달 지연 아동,의사의 서류에서 발달 지연 아동이 언급되었습니다.,오답,-,,,[],stop,The doctor's document mentioned developmental retardation child.
none,digit preference,끝수선호,숫자 기호,의사의 문서에 숫자 기호가 언급되었습니다.,오답,-,,,[],stop,The doctor's document mentioned digit preference.
none,interferential action,간섭작용,간섭 작용,의사의 문서에 간섭 작용이 언급되었습니다.,정답(대표),nospace,,,[],stop,The doctor's document mentioned interferential action.
none,vulvovaginal,음문질-,외음질,의사의 문서에 외음질이 언급되었습니다.,오답,-,,,[],stop,The doctor's document mentioned vulvovaginal.
none,induced malaria,접종말라리아,유도성 말라리아,의사의 문서가 유도성 말라리아를 언급했습니다.,오답,-,,,[],stop,The doctor's document mentioned induced malaria.
none,interfascicular graft,다발사이이식,束間移植,의사의 문서에束間移植이 언급되었습니다.,오답,-,,,[],stop,The doctor's document mentioned interfascicular graft.
none,oxyhydrocephalus,뾰족물머리증,수두증,의사의 문서에 수두증이 언급되었습니다.,오답,-,,,[],stop,The doctor's document mentioned oxyhydrocephalus.
none,guinea pig,기니피그,기니피그,의사의 문서에 기니피그가 언급되었습니다.,정답(대표),exact,,,[],stop,The doctor's document mentioned guinea pig.
none,patent medicine,특허약,약,의사의 문서는 약을 언급했다.,오답,-,,,[],stop,The doctor's document mentioned patent medicine.
none,congruous field defect,일치시야결손,일치된 시야 결손,의사의 문서에 일치된 시야 결손이 언급되었습니다.,오답,-,,,[],stop,The doctor's document mentioned congruous field defect.
none,peritoneocentesis,복막천자,복막천자,의사의 문서에 복막천자가 언급되었다.,정답(대표),exact,,,[],stop,The doctor's document mentioned peritoneocentesis.
none,self-care deficit,자가간호결핍,자가간호 결핍,의사의 문서에 자가간호 결핍이 언급되었습니다.,정답(대표),nospace,,,[],stop,The doctor's document mentioned self-care deficit.
none,autonomic bladder,자율방광,자율 방광,의사의 문서에 자율 방광이 언급되었습니다.,정답(대표),nospace,,,[],stop,The doctor's document mentioned autonomic bladder.
none,dry arthritis,건성관절염,건성 관절염,의사의 문서에 건성 관절염이 언급되었습니다.,정답(대표),nospace,,,[],stop,The doctor's document mentioned dry arthritis.
none,pharynx,인두,인두,의사의 문서에 인두가 언급되었습니다.,정답(대표),exact,,,[],stop,The doctor's document mentioned pharynx.
none,volume elasticity coefficient,용적탄력률,체적 탄성 계수,의사의 문서에 체적 탄성 계수가 언급되었습니다.,오답,-,,,[],stop,The doctor's document mentioned volume elasticity coefficient.
none,inverse-ratio ventilation,역비환기,역비율 환기,의사의 문서에 역비율 환기가 언급되어 있었다.,오답,-,,,[],stop,The doctor's document mentioned inverse-ratio ventilation.
none,cystitomy,수정체낭절개(술),방광절개술,의사의 문서에 방광절개술이 언급되었다.,오답,-,,,[],stop,The doctor's document mentioned cystitomy.
none,salicylamide,살리실아마이드,살리실아미드,의사의 문서에 살리실아미드가 언급되었다.,오답,-,,,[],stop,The doctor's document mentioned salicylamide.
none,hemoglobin c,헤모글로빈C,헤모글로빈 C,의사의 문서는 헤모글로빈 C를 언급했습니다.,정답(대표),nospace,,,['bad_chars'],stop,The doctor's document mentioned hemoglobin c.
none,z-plasty,Z성형(술),Z-성형술,이 환자에서 Z-성형술을 기록한 보고서가 있다.,오답,-,,,['bad_chars'],stop,The report documented z-plasty in this patient.
none,rash purpuric,자색반 발진,자반성 발진,의사의 문서에 자반성 발진이 언급되었습니다.,오답,-,,,[],stop,The doctor's document mentioned rash purpuric.
none,mamillitis,유두염,유두염,의사의 문서에 유두염이 언급되어 있었다.,정답(대표),exact,,,[],stop,The doctor's document mentioned mamillitis.
none,bird-shot chorioretinopathy,산탄맥락망막병(증),새알무늬 맥락망막병증,의사의 문서에 새알무늬 맥락망막병증이 언급되어 있었다.,오답,-,,,[],stop,The doctor's document mentioned bird-shot chorioretinopathy.
none,diabetic coma,당뇨 혼수,당뇨병성 혼수,의사의 문서에 당뇨병성 혼수가 언급되어 있었다.,오답,-,,,[],stop,The doctor's document mentioned diabetic coma.
none,condensed chromatin,농축염색질,응축 염색질,의사의 문서에 응축 염색질이 언급되었다.,오답,-,,,[],stop,The doctor's document mentioned condensed chromatin.
none,genu valgum,외반슬,슬개골 외반,보고서는 이 환자의 슬개골 외반을 기록했다.,오답,-,,,[],stop,The report documented genu valgum in this patient.
none,revision septoplasty,교정 사이막성형술,재교정 비중격성형술,이 환자에서 재교정 비중격성형술이 보고되었습니다.,오답,-,,,[],stop,The report documented revision septoplasty in this patient.
none,naevus portwine,포도주색 모반,포트와인 모반,이 환자에게 포트와인 모반이 있다는 내용이 보고서에 기록되어 있었다.,오답,-,,,[],stop,The report documented naevus portwine in this patient.
none,glissade,글리사드,글리사드,의사의 문서에 글리사드가 언급되었다.,정답(대표),exact,,,[],stop,The doctor's document mentioned glissade.
none,psoas shadow,허리근음영,포소스 음영,의사의 문서에 포소스 음영이 언급되었다.,오답,-,,,[],stop,The doctor's document mentioned psoas shadow.
none,splenectomy,비장절제,비장절제술을,보고서는 이 환자에서 비장절제술을 기록했습니다.,오답,-,,,[],stop,The report documented splenectomy in this patient.
none,antimicrobial eye drop,항균안약,항균성 안약,의사의 문서에 항균성 안약이 언급되었습니다.,오답,-,,,[],stop,The doctor's document mentioned antimicrobial eye drop.
none,salpingography and plasty,난관조영촬영 및 개통술,난관조영술 및 성형술,이 환자에게 난관조영술 및 성형술이 시행되었습니다.,오답,-,,,[],stop,salpingography and plasty was performed on this patient.
none,clostridium histolyticum,클로스트리듐히스톨리티쿰,클로스트리듐 히스톨리티쿰,의사의 문서에 클로스트리듐 히스톨리티쿰이 언급되었습니다.,정답(대표),nospace,,,[],stop,The doctor's document mentioned clostridium histolyticum.
none,anecdotal,증례서술적,일화적인 증거가,의사의 문서에 일화적인 증거가 언급되었다.,오답,-,,,[],stop,The doctor's document mentioned anecdotal.
none,tumor-specific antigen,종양특이항원,종양 특이 항원,의사의 문서에 종양 특이 항원이 언급되었습니다.,정답(대표),nospace,,,[],stop,The doctor's document mentioned tumor-specific antigen.
none,schistocephalus,머리갈림태아,쉬스토케팔루스,의사의 문서에 쉬스토케팔루스가 언급되었습니다.,오답,-,,,[],stop,The doctor's document mentioned schistocephalus.
none,resecting fracture,깍임골절,골절 절제,의사의 문서는 골절 절제를 언급했다.,오답,-,,,[],stop,The doctor's document mentioned resecting fracture.
none,epidermophyton,표피사상균(속),에피더모피톤,의사의 문서에 에피더모피톤이 언급되었다.,오답,-,,,[],stop,The doctor's document mentioned epidermophyton.
none,microlymphatic graft,미세림프절이식,미세림프이식,의사의 문서에는 미세림프이식이 언급되어 있었다.,오답,-,,,[],stop,The doctor's document mentioned microlymphatic graft.
none,cardiac pet-ct,심장 양전자방출단층촬영술,심장 pet-ct,보고서는 이 환자에서 심장 pet-ct를 기록했습니다.,오답,-,,,['bad_chars'],stop,The report documented cardiac pet-ct in this patient.
none,multidrug resistance,다약제내성,다약제 내성,의사의 문서에 다약제 내성이 언급되었습니다.,정답(대표),nospace,,,[],stop,The doctor's document mentioned multidrug resistance.
none,puerility,소아기,유치함,의사의 문서는 유치함을 언급했다.,오답,-,,,[],stop,The doctor's document mentioned puerility.
none,enteropathic arthritis,창자질환성 관절염,장관절병,의사의 문서에 장관절병이 언급되었습니다.,오답,-,,,[],stop,The doctor's document mentioned enteropathic arthritis.
none,lobomycosis,로보진균증,로보미코증,보고서는 이 환자에게 로보미코증을 기록했다.,오답,-,,,[],stop,The report documented lobomycosis in this patient.
none,lamblial dysentery,람블편모충이질,람블리아 이질,의사의 문서에 람블리아 이질이 언급되어 있었다.,오답,-,,,[],stop,The doctor's document mentioned lamblial dysentery.
none,ladder splint,사다리형덧대,사다리 부목,의사의 문서에 사다리 부목이 언급되었습니다.,오답,-,,,[],stop,The doctor's document mentioned ladder splint.
none,radiostrontium,방사성스트론튬,방사성 스트론튬,의사의 문서는 방사성 스트론튬을 언급했다.,정답(대표),nospace,,,[],stop,The doctor's document mentioned radiostrontium.
none,deuterium,중수소,중수소,의사의 문서에 중수소가 언급되었다.,정답(대표),exact,,,[],stop,The doctor's document mentioned deuterium.
none,deforming dorsopathies,변형성 등병증,변형성 등병증,보고서는 이 환자의 변형성 등병증을 기록했습니다.,정답(대표),exact,,,[],stop,The report documented deforming dorsopathies in this patient.
none,nonoperculated egg,무난개충란,비개란,의사의 문서에 비개란이 언급되었습니다.,오답,-,,,[],stop,The doctor's document mentioned nonoperculated egg.
none,holy fire,에르고트중독증,성스러운 불,의사의 문서에는 성스러운 불이 언급되어 있었다.,오답,-,,,[],stop,The doctor's document mentioned holy fire.
none,sclerosing retroperitonitis,경화뒤배막염,경화성 후복막염,의사의 문서에 경화성 후복막염이 언급되었습니다.,오답,-,,,[],stop,The doctor's document mentioned sclerosing retroperitonitis.
none,bilaminar vitelline placenta,두겹난황태반,이층 황반 태반,의사의 문서에는 이층 황반 태반이 언급되어 있었다.,오답,-,,,[],stop,The doctor's document mentioned bilaminar vitelline placenta.
none,dyskeratosis congenita,선천 이상각화증,선천성 이각화증,보고서는 이 환자에서 선천성 이각화증을 문서화했습니다.,오답,-,,,[],stop,The report documented dyskeratosis congenita in this patient.
none,flax-dresser disease,아마포착용자병,아마 삼질병,이 보고서는 이 환자의 아마 삼질병을 문서화했습니다.,오답,-,,,[],stop,The report documented flax-dresser disease in this patient.
none,bryant's traction,브리언트 당김,브라이언트 견인,보고서는 이 환자에서 브라이언트 견인을 문서화했다.,오답,-,,,[],stop,The report documented bryant's traction in this patient.
none,endemic disease,풍토병,풍토병,의사의 문서는 풍토병을 언급했다.,정답(대표),exact,,,[],stop,The doctor's document mentioned endemic disease.
none,annular nucleus,고리핵,고리핵,의사의 문서에 고리핵이 언급되어 있었다.,정답(대표),exact,,,[],stop,The doctor's document mentioned annular nucleus.
none,pseudoptosis,거짓눈꺼풀처짐,가성하수,이 보고서는 이 환자의 가성하수를 기록했다.,오답,-,,,[],stop,The report documented pseudoptosis in this patient.
none,throat pruritus,목구멍 가려움증,인두소양증,의사의 문서에 인두소양증이 언급되었다.,오답,-,,,[],stop,The doctor's document mentioned throat pruritus.
none,endoenteritis,창자점막염,내장염,의사의 문서에 내장염이 언급되었습니다.,오답,-,,,[],stop,The doctor's document mentioned endoenteritis.
none,deep mycosis,심재성 진균증,심부 진균증,보고서는 이 환자에서 심부 진균증을 기록했습니다.,오답,-,,,[],stop,The report documented deep mycosis in this patient.
none,hydrometra,물자궁증,수자궁,이 환자의 수자궁이 보고서에 기록되었다.,오답,-,,,[],stop,The report documented hydrometra in this patient.
none,osteochondroma,뼈연골종,골연골종,의사의 문서에 골연골종이 언급되었습니다.,정답(동의어),exact,,,[],stop,The doctor's document mentioned osteochondroma.
none,stratified randomization,층별무작위배정(법),층화 무작위 배정,의사의 문서에 층화 무작위 배정이 언급되었다.,오답,-,,,[],stop,The doctor's document mentioned stratified randomization.
none,corticobasal degeneration,겉질기저 변성,피질기저핵 변성,의사의 문서에서 피질기저핵 변성이 언급되었습니다.,오답,-,,,[],stop,The doctor's document mentioned corticobasal degeneration.
none,heart rate variability,심박변이도,심박수 변이도,의사의 문서에 심박수 변이도가 언급되었습니다.,오답,-,,,[],stop,The doctor's document mentioned heart rate variability.
none,intromission,삽입,삽입,의사의 문서에 삽입이 언급되었습니다.,정답(대표),exact,,,[],stop,The doctor's document mentioned intromission.
none,drug-induced,약물유발-,약물 유발성,의사의 문서에는 약물 유발성이 언급되어 있었다.,오답,-,,,[],stop,The doctor's document mentioned drug-induced.
none,ossidesmosis,힘줄뼈되기,골유합,의사의 문서에 골유합이 언급되었습니다.,오답,-,,,[],stop,The doctor's document mentioned ossidesmosis.
none,binaural,양귀-,양이,의사의 문서에 양이가 언급되었습니다.,오답,-,,,[],stop,The doctor's document mentioned binaural.
none,extrachromosomal inheritance,염색체외유전,염색체 외 유전,의사의 문서는 염색체 외 유전을 언급했습니다.,정답(대표),nospace,,,[],stop,The doctor's document mentioned extrachromosomal inheritance.
none,onychopathy,손발톱병(증),조갑질환,의사의 문서에 조갑질환이 언급되었다.,오답,-,,,[],stop,The doctor's document mentioned onychopathy.
none,ionometer,이온화선량계,이온계,의사의 문서에 이온계가 언급되었다.,오답,-,,,[],stop,The doctor's document mentioned ionometer.
none,double-barreled aorta,이중관대동맥,이중강대동맥,의사의 문서에 이중강대동맥이 언급되었습니다.,오답,-,,,[],stop,The doctor's document mentioned double-barreled aorta.
none,lipomelanotic reticulosis,지방흑색증성 세망증,지방흑색망상세포증,이 보고서는 이 환자에서 지방흑색망상세포증을 기록했습니다.,오답,-,,,[],stop,The report documented lipomelanotic reticulosis in this patient.
none,muscle twitch,근육 경련,근육 경련,의사의 문서에 근육 경련이 언급되었습니다.,정답(대표),exact,,,[],stop,The doctor's document mentioned muscle twitch.
none,psychosocial development,정신사회발달,심리사회적 발달,의사의 문서에 심리사회적 발달이 언급되었습니다.,오답,-,,,[],stop,The doctor's document mentioned psychosocial development.
none,ulcerlike nud,궤양성 비궤양성 소화불량,궤양양 결절,보고서는 이 환자에서 궤양양 결절을 기록했다.,오답,-,,,[],stop,The report documented ulcerlike nud in this patient.
none,nodular fasciitis,결절 근막염,결절성 근막염,보고서는 이 환자에서 결절성 근막염을 기록했습니다.,오답,-,,,[],stop,The report documented nodular fasciitis in this patient.
none,homogeneous,균일,균질,의사의 문서는 균질을 언급했다.,오답,-,,,[],stop,The doctor's document mentioned homogeneous.
none,altered uterine contractions,자궁수축 변화,자궁 수축의 변화,의사의 문서에 자궁 수축의 변화가 언급되었습니다.,오답,-,,,[],stop,The doctor's document mentioned altered uterine contractions.
none,pyrexia during labour,출산중 발열,분만 중 발열,이 환자의 분만 중 발열을 보고서에 기록하였다.,오답,-,,,[],stop,The report documented pyrexia during labour in this patient.
none,a/s capsulectomy,관절경적 피막절제술,a/s 피막절제술,이 보고서는 이 환자에서 a/s 피막절제술을 기록했습니다.,오답,-,,,['bad_chars'],stop,The report documented a/s capsulectomy in this patient.
none,superexcitation,과도흥분,초흥분,의사의 문서에는 초흥분이 언급되어 있었다.,오답,-,,,[],stop,The doctor's document mentioned superexcitation.
none,bony excrescence,뼈이상돌출,골성 돌기,의사의 문서에 골성 돌기가 언급되어 있었다.,오답,-,,,[],stop,The doctor's document mentioned bony excrescence.
none,coupling color,커플링염료,결합 색상,의사의 문서에 결합 색상이 언급되었습니다.,오답,-,,,[],stop,The doctor's document mentioned coupling color.
none,phlebitis and thrombophlebitis,정맥염 및 혈전정맥염,정맥염 및 혈전성 정맥염,보고서는 이 환자에서 정맥염 및 혈전성 정맥염을 문서화했습니다.,오답,-,,,[],stop,The report documented phlebitis and thrombophlebitis in this patient.
none,breath holding spell,숨참기발작,호흡 정지 발작,이 환자에서 호흡 정지 발작이 문서화되었다.,오답,-,,,[],stop,The report documented breath holding spell in this patient.
none,extroverted personality,외향인격,외향적 성격,의사의 서류에서 외향적 성격을 언급했다.,오답,-,,,[],stop,The doctor's document mentioned extroverted personality.
none,enterotoxin,창자독소,장독소,의사의 문서에 장독소가 언급되었습니다.,정답(동의어),exact,,,[],stop,The doctor's document mentioned enterotoxin.
none,linear craniectomy,선상 머리뼈 절제,선형 두개절제술,이 환자에게 선형 두개절제술이 시행된 것으로 보고서에 기록되었다.,오답,-,,,[],stop,The report documented linear craniectomy in this patient.
none,diving reflex,잠수반사,잠수 반사,의사의 문서에 잠수 반사가 언급되었습니다.,정답(대표),nospace,,,[],stop,The doctor's document mentioned diving reflex.
none,thymus,가슴샘,흉선,의사의 문서에 흉선이 언급되었다.,정답(동의어),exact,,,[],stop,The doctor's document mentioned thymus.
none,pseudoepicanthus,거짓눈구석주름,가짜몽고주름,의사의 문서에 가짜몽고주름이 언급되었습니다.,오답,-,,,[],stop,The doctor's document mentioned pseudoepicanthus.
none,in utero,자궁내,자궁 내,의사의 문서에 자궁 내가 언급되었다.,정답(대표),nospace,,,[],stop,The doctor's document mentioned in utero.
none,epidermolysis bullosa dystrophica,디스트로피성 수포성 표피박리증,이영양성 수포성 표피박리증,이 보고서는 이 환자에서 이영양성 수포성 표피박리증을 기록했습니다.,오답,-,,,[],stop,The report documented epidermolysis bullosa dystrophica in this patient.
none,functional ileus,기능창자막힘증,기능성 장폐색,의사의 문서에 기능성 장폐색이 언급되었습니다.,오답,-,,,[],stop,The doctor's document mentioned functional ileus.
none,colonic serosa,잘록창자장막층,결장 장막,의사의 문서에 결장 장막이 언급되었습니다.,오답,-,,,[],stop,The doctor's document mentioned colonic serosa.
none,sideroblastic anaemia,철적혈모구빈혈,철아구성 빈혈,이 환자에게서 철아구성 빈혈이 보고되었습니다.,오답,-,,,[],stop,The report documented sideroblastic anaemia in this patient.
none,prandial,식사-,식사 시의,의사의 문서에 식사 시의가 언급되었다.,오답,-,,,[],stop,The doctor's document mentioned prandial.
none,infanthood,영아기,유아기,의사의 문서가 유아기를 언급했다.,오답,-,,,[],stop,The doctor's document mentioned infanthood.
none,rothmund thomson syndrome,로트문드 톰슨 증후군,로트문트-톰슨 증후군,보고서는 이 환자에서 로트문트-톰슨 증후군을 문서화했습니다.,오답,-,,,[],stop,The report documented rothmund thomson syndrome in this patient.
none,high quality-hcv ab,정밀면역검사-C형간염항체,고품질-hcv ab,이 환자에게 고품질-hcv ab가 시행되었습니다.,오답,-,,,['bad_chars'],stop,high quality-hcv ab was performed on this patient.
none,echo pulse,초음파,에코 펄스,의사의 문서에 에코 펄스가 언급되었습니다.,오답,-,,,[],stop,The doctor's document mentioned echo pulse.
none,intramuscular nerve stimulation,근육내신경자극치료,근육내 신경 자극,의사의 문서는 근육내 신경 자극을 언급했다.,오답,-,,,[],stop,The doctor's document mentioned intramuscular nerve stimulation.
none,anisometropic amblyopia,굴절부등약시,부동시 약시,이 보고서는 이 환자에서 부동시 약시를 기록했습니다.,오답,-,,,[],stop,The report documented anisometropic amblyopia in this patient.
none,traumatic sah,외상성 지주막하출혈,외상성 뇌지주막하출혈,보고서는 이 환자에서 외상성 뇌지주막하출혈을 기록했습니다.,오답,-,,,[],stop,The report documented traumatic sah in this patient.
none,kakidrosis,땀악취증,액취증,보고서는 이 환자에서 액취증을 문서화했다.,오답,-,,,[],stop,The report documented kakidrosis in this patient.
none,plate,평판,플레이트,의사의 문서에 플레이트가 언급되었습니다.,오답,-,,,[],stop,The doctor's document mentioned plate.
none,paraspasm,대칭성연축,파라스파즘,의사의 문서에는 파라스파즘이 언급되어 있었다.,오답,-,,,[],stop,The doctor's document mentioned paraspasm.
none,mescaline,메스칼린,메스칼린,의사의 문서에 메스칼린이 언급되었다.,정답(대표),exact,,,[],stop,The doctor's document mentioned mescaline.
none,gangliectomy,신경절절제(술),신경절절제술,의사의 문서에 신경절절제술이 언급되었다.,오답,-,,,[],stop,The doctor's document mentioned gangliectomy.
none,carpometacarpal joint structure,손목손허리관절,수근중수관절 구조,의사의 문서는 수근중수관절 구조를 언급했습니다.,오답,-,,,[],stop,The doctor's document mentioned carpometacarpal joint structure.
none,cystica ureteritis,낭성 요관염,요관낭종,보고서에는 이 환자에게 요관낭종이 있다고 기록되어 있다.,오답,-,,,[],stop,The report documented cystica ureteritis in this patient.
none,chemohormonal,화학호르몬-,화학호르몬,의사의 문서에 화학호르몬이 언급되었습니다.,오답,-,,,[],stop,The doctor's document mentioned chemohormonal.
none,ancylostoma ceylanicum,실론구충,ancylostoma ceylanicum,의사의 문서에 ancylostoma ceylanicum이 언급되었습니다.,오답,-,,,['bad_chars'],stop,The doctor's document mentioned ancylostoma ceylanicum.
none,milieu therapy,환경 치료요법,밀리외 요법,의사의 문서에 밀리외 요법이 언급되었다.,오답,-,,,[],stop,The doctor's document mentioned milieu therapy.
none,evacuation of empyema,축농 제거,농흉 배액,이 환자에서 농흉 배액이 문서화되었다.,오답,-,,,[],stop,The report documented evacuation of empyema in this patient.
none,triketohydrindene hydrate test,닌히드린검사,닌히드린 반응,의사의 문서에는 닌히드린 반응이 언급되어 있었다.,오답,-,,,[],stop,The doctor's document mentioned triketohydrindene hydrate test.
none,conglutinogen activating factor,교착원활성인자,콩글루티노겐 활성화 인자,의사의 문서에 콩글루티노겐 활성화 인자가 언급되었습니다.,오답,-,,,[],stop,The doctor's document mentioned conglutinogen activating factor.
none,dislocation of wrist,손목의 탈구,손목 탈구,이 보고서는 이 환자의 손목 탈구를 기록했습니다.,오답,-,,,[],stop,The report documented dislocation of wrist in this patient.
none,triple test,삼중검사,삼중 검사,의사의 문서에서 삼중 검사가 언급되었습니다.,정답(대표),nospace,,,[],stop,The doctor's document mentioned triple test.
none,cogan's disease,코오간병,코건 질환,보고서는 이 환자에서 코건 질환을 기록했습니다.,오답,-,,,[],stop,The report documented cogan's disease in this patient.
none,double bladder,중복방광,이중 방광,의사의 문서에 이중 방광이 언급되었다.,오답,-,,,[],stop,The doctor's document mentioned double bladder.
none,derangement of patella,무릎뼈의 장애,슬개골의 장애,이 환자의 보고서는 슬개골의 장애를 기록했습니다.,오답,-,,,[],stop,The report documented derangement of patella in this patient.
none,debanding,밴드제거,밴드 제거,의사의 문서에 밴드 제거가 언급되었습니다.,정답(대표),nospace,,,[],stop,The doctor's document mentioned debanding.
none,interarytenoid notch,모뿔사이패임,후두개주름,의사의 문서에 후두개주름이 언급되었습니다.,오답,-,,,[],stop,The doctor's document mentioned interarytenoid notch.
none,lymphopoiesis,림프구형성,림프구 생성,의사의 문서에 림프구 생성이 언급되었습니다.,오답,-,,,[],stop,The doctor's document mentioned lymphopoiesis.
none,masticatory dysfunction,씹기 기능장애,저작 기능 장애,의사의 문서에 저작 기능 장애가 언급되었습니다.,오답,-,,,[],stop,The doctor's document mentioned masticatory dysfunction.
none,suturing of wound,창상봉합술,상처 봉합,이 환자에서 상처 봉합을 문서화했다.,오답,-,,,[],stop,The report documented suturing of wound in this patient.
none,retaining harness,장치유지,리테이닝 하네스,의사의 서류에 리테이닝 하네스가 언급되어 있었다.,오답,-,,,[],stop,The doctor's document mentioned retaining harness.
none,omsk haemorrhagic fever,옴스크출혈열,오므스크 출혈열,이 보고서는 이 환자에서 오므스크 출혈열을 문서화했습니다.,오답,-,,,[],stop,The report documented omsk haemorrhagic fever in this patient.
none,dural avf,경막의 동정맥루,경막 동정맥루,이 환자의 경막 동정맥루를 보고서에 기록하였다.,정답(동의어),nospace,,,[],stop,The report documented dural avf in this patient.
none,hepatogram,간실질상,간기능검사,의사의 문서에 간기능검사가 언급되었습니다.,오답,-,,,[],stop,The doctor's document mentioned hepatogram.
none,sacrococcygeal,엉치꼬리-,천골미골,의사의 문서에 천골미골이 언급되었다.,오답,-,,,[],stop,The doctor's document mentioned sacrococcygeal.
none,cercosporomycosis,세르코스포라진균증,세르코스포로미코시스,의사의 문서에 세르코스포로미코시스가 언급되었습니다.,오답,-,,,[],stop,The doctor's document mentioned cercosporomycosis.
none,lipoid dermatoarthritis,리포이드피부관절염,지방성 피부관절염,보고서는 이 환자의 지방성 피부관절염을 기록했다.,오답,-,,,[],stop,The report documented lipoid dermatoarthritis in this patient.
none,instep island flap,안쪽발바닥섬피판,족배 섬피판,의사의 문서에는 족배 섬피판이 언급되어 있었다.,오답,-,,,[],stop,The doctor's document mentioned instep island flap.
none,assessing waste service,쓰레기처리 능력 사정하기,폐기물 서비스 평가,의사의 서류는 폐기물 서비스 평가를 언급했다.,오답,-,,,[],stop,The doctor's document mentioned assessing waste service.
none,affectivity,정동성,감정성,의사의 문서에 감정성이 언급되었습니다.,오답,-,,,[],stop,The doctor's document mentioned affectivity.
none,dry weight,투석목표체중,건조 중량,의사의 문서에 건조 중량이 언급되었다.,오답,-,,,[],stop,The doctor's document mentioned dry weight.
none,spinal injuries,척수 손상,척추 부상,의사의 문서에 척추 부상이 언급되었습니다.,오답,-,,,[],stop,The doctor's document mentioned spinal injuries.
none,crossbite (anterior)(posterior),맞물림이상(앞쪽)(뒤쪽),전방 및 후방 교차교합,보고서는 이 환자에서 전방 및 후방 교차교합을 기록했습니다.,오답,-,,,[],stop,The report documented crossbite (anterior)(posterior) in this patient.
none,neuraxis,신경축,신경축,의사의 문서에 신경축이 언급되었다.,정답(대표),exact,,,[],stop,The doctor's document mentioned neuraxis.
none,spleen qi deficiency,비기허,비기허,이 보고서는 이 환자에게 비기허를 기록했습니다.,정답(대표),exact,,,[],stop,The report documented spleen qi deficiency in this patient.
none,manage immobilizer care,부동간호 관리,고정 장치 관리,의사의 문서에 고정 장치 관리가 언급되었습니다.,오답,-,,,[],stop,The doctor's document mentioned manage immobilizer care.
none,cervix dilatation,자궁경부개대,자궁경부 개대,의사의 문서에 자궁경부 개대가 언급되었습니다.,정답(대표),nospace,,,[],stop,The doctor's document mentioned cervix dilatation.
none,poor sucking reflex,빨기 반사 어려움,빈약한 빨기 반사,의사의 문서에 빈약한 빨기 반사가 언급되었습니다.,오답,-,,,[],stop,The doctor's document mentioned poor sucking reflex.
none,high-tension pulse,고긴장맥박,고장력 맥박,의사의 문서에 고장력 맥박이 언급되었다.,오답,-,,,[],stop,The doctor's document mentioned high-tension pulse.
none,sp crown setting,스테인레스금관 합착,sp 크라운 세팅,의사의 문서에 sp 크라운 세팅이 언급되었습니다.,오답,-,,,['bad_chars'],stop,The doctor's document mentioned sp crown setting.
none,epiduroscopic neuroplasty,내시경적 경막외강 신경성형술,경막외강내시경 신경성형술,이 보고서는 이 환자에서 경막외강내시경 신경성형술을 기록하였다.,오답,-,,,[],stop,The report documented epiduroscopic neuroplasty in this patient.
none,bilharzial dysentery,방광주혈흡충이질,주혈흡충성 이질,의사의 문서에는 주혈흡충성 이질이 언급되어 있었다.,오답,-,,,[],stop,The doctor's document mentioned bilharzial dysentery.
none,iodinated,요오드표지-,요오드화,의사의 문서에 요오드화가 언급되었습니다.,오답,-,,,[],stop,The doctor's document mentioned iodinated.
none,bilateral palatine tonsils,양측 목구멍 편도,양쪽 구개편도,의사의 문서에 양쪽 구개편도가 언급되어 있었습니다.,오답,-,,,[],stop,The doctor's document mentioned bilateral palatine tonsils.
none,subpapillary arterial network,유두밑동맥그물,유두하 동맥망,의사의 문서에 유두하 동맥망이 언급되었습니다.,정답(동의어),nospace,,,[],stop,The doctor's document mentioned subpapillary arterial network.
none,entire trapezius muscle,온등세모근,전체 승모근,의사의 서류에서 전체 승모근을 언급했습니다.,오답,-,,,[],stop,The doctor's document mentioned entire trapezius muscle.
none,collagen fiber graft,교원 섬유 이식술,콜라겐 섬유 이식,이 보고서는 이 환자에서 콜라겐 섬유 이식을 문서화했다.,오답,-,,,[],stop,The report documented collagen fiber graft in this patient.
none,polymerism,분절과다증,중합,의사의 문서에 중합이 언급되었다.,오답,-,,,[],stop,The doctor's document mentioned polymerism.
none,labilizer,불안정제,라빌라이저,의사의 문서에 라빌라이저가 언급되었습니다.,오답,-,,,[],stop,The doctor's document mentioned labilizer.
none,hypotonus,근육긴장저하,근긴장저하,의사의 문서는 근긴장저하를 언급했다.,정답(동의어),exact,,,[],stop,The doctor's document mentioned hypotonus.
none,melanidrosis,흑색땀증,흑색한증,의사의 문서에 흑색한증이 언급되었습니다.,오답,-,,,[],stop,The doctor's document mentioned melanidrosis.
none,allergenic serum,알레르기혈청,알레르기 유발 혈청,의사의 문서에 알레르기 유발 혈청이 언급되었습니다.,오답,-,,,[],stop,The doctor's document mentioned allergenic serum.
none,micromanipulation,미세조작(술),현미조작,의사의 문서에 현미조작이 언급되었다.,오답,-,,,[],stop,The doctor's document mentioned micromanipulation.
none,endometrial stromal sarcoma,자궁내막버팀질육종,자궁내막 기질 육종,의사의 문서에 자궁내막 기질 육종이 언급되었습니다.,오답,-,,,[],stop,The doctor's document mentioned endometrial stromal sarcoma.
none,cobblestone tongue,조약돌혀,구숭 혀,의사의 문서에 구숭 혀가 언급되어 있었다.,오답,-,,,[],stop,The doctor's document mentioned cobblestone tongue.
none,peritoneal cavity,배막안,복막강,의사의 문서에 복막강이 언급되었다.,오답,-,,,[],stop,The doctor's document mentioned peritoneal cavity.
none,chorea gravidarum,임신무도병,임신성 무도병,의사의 서류에 임신성 무도병이 언급되어 있었다.,오답,-,,,[],stop,The doctor's document mentioned chorea gravidarum.
none,acrotrophodynia,말단영양통증,말초영양장애,의사의 문서에 말초영양장애가 언급되었다.,오답,-,,,[],stop,The doctor's document mentioned acrotrophodynia.
none,spondylopathy,척추병(증),척추병증,이 보고서는 이 환자에게 척추병증을 기록했습니다.,오답,-,,,[],stop,The report documented spondylopathy in this patient.
none,macrocephalus,큰머리증,대두증,이 환자에게서 대두증이 보고서에 문서화되었다.,정답(동의어),exact,,,[],stop,The report documented macrocephalus in this patient.
none,saliva viscosity test,타액 점조도 검사,타액 점도 검사,이 환자의 타액 점도 검사가 보고서에 기록되었다.,오답,-,,,[],stop,The report documented saliva viscosity test in this patient.
none,revaccination,재접종,재접종,의사의 문서에 재접종이 언급되었습니다.,정답(대표),exact,,,[],stop,The doctor's document mentioned revaccination.
none,solenopsis invicta,불개미,솔레노프시스 인빅타,의사의 문서에 솔레노프시스 인빅타가 언급되었습니다.,오답,-,,,[],stop,The doctor's document mentioned solenopsis invicta.
none,perfluorocarbon,과불화탄소,퍼플루오로카본,의사의 문서에 퍼플루오로카본이 언급되었다.,오답,-,,,[],stop,The doctor's document mentioned perfluorocarbon.
none,ardor,작열감,열의,의사의 문서에 열의가 언급되었다.,오답,-,,,[],stop,The doctor's document mentioned ardor.
none,transluminal coronary atherectomy,내강경유 심장혈관 죽종절제,경관상 관상동맥 죽상반절제술,이 환자에서 경관상 관상동맥 죽상반절제술을 시행한 것으로 보고서에 기록되었습니다.,오답,-,,,[],stop,The report documented transluminal coronary atherectomy in this patient.
none,hemocytometry,혈구계수(법),혈구계산법,의사의 문서에 혈구계산법이 언급되었습니다.,오답,-,,,[],stop,The doctor's document mentioned hemocytometry.
none,membranous endometritis,막자궁내막염,막성 자궁내막염,의사의 문서에 막성 자궁내막염이 언급되었다.,오답,-,,,[],stop,The doctor's document mentioned membranous endometritis.
none,juvenile chronic iridocyclitis,연소성 만성 홍채섬모체염,소아 만성 홍채모양체염,보고서는 이 환자에게 소아 만성 홍채모양체염이 있음을 문서화했습니다.,오답,-,,,[],stop,The report documented juvenile chronic iridocyclitis in this patient.
none,tufting enteropathy,터프팅장증,터프팅 장병증,이 보고서는 이 환자에서 터프팅 장병증을 기록했습니다.,오답,-,,,[],stop,The report documented tufting enteropathy in this patient.
none,cross-face,교차얼굴,크로스 페이스,의사의 문서에 크로스 페이스가 언급되었다.,오답,-,,,[],stop,The doctor's document mentioned cross-face.
none,diverticulitis oesophageal,식도 곁주머니염,식도 게실염,의사의 문서에서 식도 게실염이 언급되었습니다.,오답,-,,,[],stop,The doctor's document mentioned diverticulitis oesophageal.
none,medical care division,의료급여구분,의료 부서,의사의 문서는 의료 부서를 언급했다.,오답,-,,,[],stop,The doctor's document mentioned medical care division.
none,muscle flap,근(육)판,근육 피판,이 환자에서 근육 피판을 기록했다.,오답,-,,,[],stop,The report documented muscle flap in this patient.
none,distraction therapy,골신장술,주의 분산 요법,의사의 문서에 주의 분산 요법이 언급되었습니다.,오답,-,,,[],stop,The doctor's document mentioned distraction therapy.
none,associated disorder,수반장애,연관된 질환,의사의 서류에 연관된 질환이 언급되었다.,오답,-,,,[],stop,The doctor's document mentioned associated disorder.
none,gitelman syndrome,지텔만 증후군,지텔만 증후군,보고서는 이 환자에서 지텔만 증후군을 기록했습니다.,정답(대표),exact,,,[],stop,The report documented gitelman syndrome in this patient.
none,positioned flap,판막이동수술,위치된 플랩,의사의 문서에 위치된 플랩이 언급되었습니다.,오답,-,,,[],stop,The doctor's document mentioned positioned flap.
none,esthiomene,만성 외음궤양,에스티오멘,보고서는 이 환자에서 에스티오멘을 문서화했습니다.,오답,-,,,[],stop,The report documented esthiomene in this patient.
none,lcp disease,넙다리뼈머리뼈끝뼈연골증,lcp 질환,의사의 서류에 lcp 질환이 언급되었습니다.,오답,-,,,['bad_chars'],stop,The doctor's document mentioned lcp disease.
none,papilloma of cerviv,자궁경부의 유두종,자궁경부 유두종,보고서는 이 환자에서 자궁경부 유두종을 기록했습니다.,오답,-,,,[],stop,The report documented papilloma of cerviv in this patient.
none,steatocystoma,피지낭종,피지낭종,의사의 문서에 피지낭종이 언급되었다.,정답(대표),exact,,,[],stop,The doctor's document mentioned steatocystoma.
none,sialodochoplasty,침샘관성형(술),타액관성형술,의사의 문서에 타액관성형술이 언급되었습니다.,오답,-,,,[],stop,The doctor's document mentioned sialodochoplasty.
none,alert,명료함,alert,의사의 문서에 alert가 언급되었습니다.,오답,-,,,['bad_chars'],stop,The doctor's document mentioned alert.
none,glucuronic acid,글루쿠론산,글루쿠론산,의사의 문서에 글루쿠론산이 언급되었습니다.,정답(대표),exact,,,[],stop,The doctor's document mentioned glucuronic acid.
none,first-pass cardiac scan(resting),일회통과심장스캔-안정상태,휴식기 심장 초통과 스캔,이 환자에서 휴식기 심장 초통과 스캔이 수행되었습니다.,오답,-,,,[],stop,first-pass cardiac scan(resting) was performed on this patient.
none,arthroplasty of foot,발의 관절 성형,발 관절성형술,보고서는 이 환자에서 발 관절성형술을 문서화했습니다.,오답,-,,,[],stop,The report documented arthroplasty of foot in this patient.
none,dromotropic,전도영향성-,드로모트로픽,의사의 문서에 드로모트로픽이 언급되었다.,오답,-,,,[],stop,The doctor's document mentioned dromotropic.
none,tibia vara,내반경골,경골 내측 만곡증,보고서는 이 환자에게 경골 내측 만곡증이 있음을 문서화했습니다.,오답,-,,,[],stop,The report documented tibia vara in this patient.
none,assessing grief,슬픔 사정하기,슬픔을 평가하는 것,의사의 문서에 슬픔을 평가하는 것이 언급되었습니다.,오답,-,,,[],stop,The doctor's document mentioned assessing grief.
none,staphylococcus epidermidis,표피포도알균,포도상구균,의사의 문서에 포도상구균이 언급되었습니다.,오답,-,,,[],stop,The doctor's document mentioned staphylococcus epidermidis.
none,proenzyme,풋효소,프로효소,의사의 문서에는 프로효소가 언급되었습니다.,오답,-,,,[],stop,The doctor's document mentioned proenzyme.
none,diffusing capacity,확산능,확산 능력,의사의 문서는 확산 능력을 언급했다.,오답,-,,,[],stop,The doctor's document mentioned diffusing capacity.
none,motor fiber,운동신경섬유,운동 섬유,의사의 문서에 운동 섬유가 언급되었다.,정답(동의어),nospace,,,[],stop,The doctor's document mentioned motor fiber.
none,parovarian cystoma,난소위체낭,난소옆 낭종,보고서는 이 환자에서 난소옆 낭종을 기록했습니다.,오답,-,,,[],stop,The report documented parovarian cystoma in this patient.
none,nerve conduction study(head),신경전도검사(두부),신경전도검사(머리),이 환자에게 신경전도검사(머리)가 시행되었습니다.,오답,-,,,['bad_chars'],stop,nerve conduction study(head) was performed on this patient.
none,inappropriate self disclosure,부적절한 자기 노출,부적절한 자기 공개,의사의 문서는 부적절한 자기 공개를 언급했다.,오답,-,,,[],stop,The doctor's document mentioned inappropriate self disclosure.
none,catatonic shizophrenia,긴장형 정신분열병,긴장형 조현병,이 보고서는 이 환자에서 긴장형 조현병을 기록했습니다.,정답(동의어),exact,,,[],stop,The report documented catatonic shizophrenia in this patient.
none,epilemmal termination,신경속막종말,상피 종결,의사의 문서에는 상피 종결이 언급되었습니다.,오답,-,,,[],stop,The doctor's document mentioned epilemmal termination.
none,dilation of intestine,창자 확장,장확장,이 보고서는 이 환자에서 장확장을 기록했다.,오답,-,,,[],stop,The report documented dilation of intestine in this patient.
none,sarcoma of lung,폐 육종,폐 육종,보고서는 이 환자의 폐 육종을 기록했습니다.,정답(대표),exact,,,[],stop,The report documented sarcoma of lung in this patient.
none,binder,결합체,바인더,의사의 문서에 바인더가 언급되었다.,오답,-,,,[],stop,The doctor's document mentioned binder.
none,ramicotomy,신경분지절단(술),라미코토미,의사의 문서에 라미코토미가 언급되었다.,오답,-,,,[],stop,The doctor's document mentioned ramicotomy.
none,fetal cotyledon,태아쪽태반엽,태아 태반엽,의사의 문서에 태아 태반엽이 언급되었다.,오답,-,,,[],stop,The doctor's document mentioned fetal cotyledon.
none,multiple v-y plasties,V-Y 성형술,다중 V-Y 성형술,의사의 문서에는 다중 V-Y 성형술이 언급되어 있었다.,오답,-,,,['bad_chars'],stop,The doctor's document mentioned multiple v-y plasties.
none,psychologist - rehabilitation,심리학자-재활,재활 심리학자,의사의 문서에 재활 심리학자가 언급되었습니다.,오답,-,,,[],stop,The doctor's document mentioned psychologist - rehabilitation.
none,hemeralopia,주간맹,주맹,이 보고서는 이 환자에게서 주맹을 문서화했다.,오답,-,,,[],stop,The report documented hemeralopia in this patient.
none,cortisol-binding globulin,코티솔결합글로불린,코르티솔 결합 글로불린,의사의 문서에 코르티솔 결합 글로불린이 언급되었다.,오답,-,,,[],stop,The doctor's document mentioned cortisol-binding globulin.
none,pyelic,콩팥깔때기-,신우의,의사의 문서에는 신우의가 언급되어 있었습니다.,오답,-,,,[],stop,The doctor's document mentioned pyelic.
none,facial nucleus,얼굴신경핵,안면신경핵,의사의 문서에 안면신경핵이 언급되었다.,오답,-,,,[],stop,The doctor's document mentioned facial nucleus.
none,myitis,근(육)염,근염,의사의 문서에 근염이 언급되었습니다.,오답,-,,,[],stop,The doctor's document mentioned myitis.
none,synclonus,동조근간대,동시수축,의사의 문서에 동시수축이 언급되었습니다.,오답,-,,,[],stop,The doctor's document mentioned synclonus.
none,graves' ophthalmopathy,그레이브스 눈병증,그레이브스 안병증,보고서는 이 환자에서 그레이브스 안병증을 문서화했습니다.,오답,-,,,[],stop,The report documented graves' ophthalmopathy in this patient.
none,talipes calcaneus,발끝들린휜발증,calcaneus 변형 선천성 Clubfoot,의사의 문서에calcaneus 변형 선천성 Clubfoot이 언급되었습니다.,오답,-,,,['bad_chars'],stop,The doctor's document mentioned talipes calcaneus.
none,false neuroma,가성신경종,가짜 신경종,의사의 문서에 가짜 신경종이 언급되었습니다.,오답,-,,,[],stop,The doctor's document mentioned false neuroma.
none,hyperaldosteronism,고알도스테론증,원발성 알도스테론증,보고서는 이 환자에서 원발성 알도스테론증을 기록했습니다.,오답,-,,,[],stop,The report documented hyperaldosteronism in this patient.
none,blood tinged sputum,혈액흔적가래,혈담,의사의 문서에는 혈담이 언급되어 있었다.,정답(동의어),exact,,,[],stop,The doctor's document mentioned blood tinged sputum.
none,cold pack,찬물 주머니,냉찜질,의사의 서류에 냉찜질이 언급되어 있었다.,오답,-,,,[],stop,The doctor's document mentioned cold pack.
none,cecocentral scotoma,주시점맹점암점,맹점중심 암점,의사의 문서에 맹점중심 암점이 언급되었습니다.,정답(동의어),nospace,,,[],stop,The doctor's document mentioned cecocentral scotoma.
none,comparator,비교측정기,비교자,의사의 문서에 비교자가 언급되었다.,오답,-,,,[],stop,The doctor's document mentioned comparator.
none,cirsophthalmia,결막정맥류,정맥류성 안질환,의사의 문서에 정맥류성 안질환이 언급되었습니다.,오답,-,,,[],stop,The doctor's document mentioned cirsophthalmia.
none,scleral necrosis/melt,공막 괴사/ 융해,공막 괴사/융해,의사의 문서에 공막 괴사/융해가 언급되었습니다.,정답(대표),nospace,,,[],stop,The doctor's document mentioned scleral necrosis/melt.
none,deficient perineum,회음결핍,회음부 결손,보고서는 이 환자에서 회음부 결손을 기록했습니다.,오답,-,,,[],stop,The report documented deficient perineum in this patient.
none,aqueous fluid,방수,수양액,의사의 문서는 수양액을 언급했다.,오답,-,,,[],stop,The doctor's document mentioned aqueous fluid.
none,intestinal polypectomy,장 폴립 절제,장용종절제술,이 환자에서 장용종절제술이 보고되었습니다.,오답,-,,,[],stop,The report documented intestinal polypectomy in this patient.
none,prostatodynia,전립샘통증,전립선통,이 환자의 전립선통이 보고서에 기록되었습니다.,오답,-,,,[],stop,The report documented prostatodynia in this patient.
none,pungji,풍지(風池),풍지,의사의 문서에 풍지가 언급되었다.,오답,-,,,[],stop,The doctor's document mentioned pungji.
none,vibratory auscultation,진동청진,진동 청진,의사의 문서에 진동 청진이 언급되었습니다.,정답(대표),nospace,,,[],stop,The doctor's document mentioned vibratory auscultation.
none,retrocedent gout,내공성통풍,역류성 통풍,의사의 문서에 역류성 통풍이 언급되었습니다.,오답,-,,,[],stop,The doctor's document mentioned retrocedent gout.
none,mastadenitis,젖샘염,유선염,의사의 문서에 유선염이 언급되었습니다.,정답(동의어),exact,,,[],stop,The doctor's document mentioned mastadenitis.
none,bladder neck contracture,방광목 위축,방광경부 협착,보고서는 이 환자에서 방광경부 협착을 기록했습니다.,오답,-,,,[],stop,The report documented bladder neck contracture in this patient.
none,organoid tumor,장기모양종양,오가노이드 종양,의사의 문서는 오가노이드 종양을 언급했습니다.,오답,-,,,[],stop,The doctor's document mentioned organoid tumor.
none,oil red,오일레드,오일 레드,의사의 문서에 오일 레드가 언급되었다.,정답(대표),nospace,,,[],stop,The doctor's document mentioned oil red.
none,t-colectomy,횡행결장절제술,t-결장절제술,보고서는 이 환자에서 t-결장절제술을 문서화했다.,오답,-,,,['bad_chars'],stop,The report documented t-colectomy in this patient.
none,ear probe,귀꽂이,이어 프로브,의사의 문서에 이어 프로브가 언급되었습니다.,오답,-,,,[],stop,The doctor's document mentioned ear probe.
none,hereditary mutilating keratoma,유전절단각화종,유전성 절단성 각질종,의사의 문서에는 유전성 절단성 각질종이 언급되어 있었다.,오답,-,,,[],stop,The doctor's document mentioned hereditary mutilating keratoma.
none,plasmablastic lymphoma,형질모세포성 림프종,형질모세포 림프종,보고서는 이 환자에게 형질모세포 림프종을 기록했다.,오답,-,,,[],stop,The report documented plasmablastic lymphoma in this patient.
none,grain itch,곡물 소양증,곡물 가려움증,보고서는 이 환자의 곡물 가려움증을 문서화했습니다.,오답,-,,,[],stop,The report documented grain itch in this patient.
none,video laryngoscopy,비디오후두경검사(법),비디오 후두경 검사,의사의 문서에 비디오 후두경 검사가 언급되었습니다.,오답,-,,,[],stop,The doctor's document mentioned video laryngoscopy.
none,intermetatarsal joint structure,발허리간관절조직,중족골간 관절 구조,의사의 문서에 중족골간 관절 구조가 언급되었습니다.,오답,-,,,[],stop,The doctor's document mentioned intermetatarsal joint structure.
none,deceleration,감속,감속,의사의 문서에 감속이 언급되었다.,정답(대표),exact,,,[],stop,The doctor's document mentioned deceleration.
none,alcohol swab,알코올솜,알코올 스왑,의사의 문서에 알코올 스왑이 언급되었습니다.,오답,-,,,[],stop,The doctor's document mentioned alcohol swab.
none,trichroism,삼색상,삼색성,의사의 문서에 삼색성이 언급되었다.,오답,-,,,[],stop,The doctor's document mentioned trichroism.
none,thoracalgia,흉통,흉통,의사의 문서에 흉통이 언급되었습니다.,정답(대표),exact,,,[],stop,The doctor's document mentioned thoracalgia.
none,entire finger,온손가락,손가락 전체,의사의 문서에 손가락 전체가 언급되었습니다.,오답,-,,,[],stop,The doctor's document mentioned entire finger.
none,tricephalus,세머리태아,세두증,의사의 문서에 세두증이 언급되었다.,오답,-,,,[],stop,The doctor's document mentioned tricephalus.
none,ant. uveitis,전방포도막염,전방 포도막염,보고서에는 이 환자에서 전방 포도막염이 기록되어 있다.,정답(대표),nospace,,,[],stop,The report documented ant. uveitis in this patient.
none,antivitamin,항비타민물질,항비타민,의사의 문서에 항비타민이 언급되었다.,오답,-,,,[],stop,The doctor's document mentioned antivitamin.
none,parathyroid tetany,부갑상선테타니,부갑상선 강직,보고서는 이 환자에게 부갑상선 강직이 있음을 문서화했다.,오답,-,,,[],stop,The report documented parathyroid tetany in this patient.
none,outbreed,무작위교배계,이종 교배,의사의 문서에 이종 교배가 언급되었습니다.,오답,-,,,[],stop,The doctor's document mentioned outbreed.
none,biopsy of adenoid,인두편도 생검,아데노이드 생검,보고서는 이 환자에서 아데노이드 생검을 기록했습니다.,정답(동의어),exact,,,[],stop,The report documented biopsy of adenoid in this patient.
none,lichen planus tropicus,열대성 편평태선,열대성 편평 태선,이 보고서는 이 환자에서 열대성 편평 태선을 기록했습니다.,정답(대표),nospace,,,[],stop,The report documented lichen planus tropicus in this patient.
none,hb-sc disease,헤모글로빈-SC병,hb-sc 질환,이 보고서는 이 환자에서 hb-sc 질환을 문서화했습니다.,오답,-,,,['bad_chars'],stop,The report documented hb-sc disease in this patient.
none,vertebro-basilar artery syndrome,척추-뇌기저동맥증후군,추골-기저동맥 증후군,이 보고서는 이 환자에게서 추골-기저동맥 증후군을 기록했습니다.,오답,-,,,[],stop,The report documented vertebro-basilar artery syndrome in this patient.
none,impulse conducting system,심장흥분전도계통,충동 전도계,의사의 문서에 충동 전도계가 언급되었습니다.,오답,-,,,[],stop,The doctor's document mentioned impulse conducting system.
none,oncogene,종양유전자,발암유전자,의사의 문서에 발암유전자가 언급되었습니다.,오답,-,,,[],stop,The doctor's document mentioned oncogene.
none,cholelithiasis,담석증,담석증,보고서는 이 환자에게 담석증을 기록했습니다.,정답(대표),exact,,,[],stop,The report documented cholelithiasis in this patient.
none,odontoprisis,이갈기,치아 갈기기,의사의 문서에 치아 갈기기가 언급되었습니다.,오답,-,,,[],stop,The doctor's document mentioned odontoprisis.
none,moniliform nucleus,염주핵,염주핵,의사의 문서에 염주핵이 언급되어 있었다.,정답(대표),exact,,,[],stop,The doctor's document mentioned moniliform nucleus.
none,medical genetics,의학유전학,의학 유전학,의사의 문서는 의학 유전학을 언급했다.,정답(대표),nospace,,,[],stop,The doctor's document mentioned medical genetics.
none,meckel's imaging,메켈스 스캔,메켈 영상,이 환자의 메켈 영상이 보고서에 기록되었다.,오답,-,,,[],stop,The report documented meckel's imaging in this patient.
none,koop's modified pylomyotomy,쿱의 수정 유문근층 절개,쿱의 변형 유문근절개술,이 환자의 기록문에는 쿱의 변형 유문근절개술이 기재되어 있다.,오답,-,,,[],stop,The report documented koop's modified pylomyotomy in this patient.
none,endovascular ultrasonography,혈관내 초음파촬영,혈관내 초음파검사,보고서는 이 환자에서 혈관내 초음파검사를 기록했다.,오답,-,,,[],stop,The report documented endovascular ultrasonography in this patient.
none,uterine arteriography,복부및골반동맥조영-자궁동맥,자궁동맥조영술,이 환자에게 자궁동맥조영술이 시행되었다.,오답,-,,,[],stop,uterine arteriography was performed on this patient.
none,absolute scotoma,절대암점,절대 암점,의사의 문서에 절대 암점이 언급되었다.,정답(대표),nospace,,,[],stop,The doctor's document mentioned absolute scotoma.
none,meshwork,섬유주,그물망,의사의 문서는 그물망을 언급했다.,오답,-,,,[],stop,The doctor's document mentioned meshwork.
none,myotonic disorders,근긴장장애,근긴장성 질환,보고서는 이 환자의 근긴장성 질환을 기록했습니다.,오답,-,,,[],stop,The report documented myotonic disorders in this patient.
none,hyperthyroxinemia,고티록신혈증,갑상선호르몬혈증,의사의 문서에 갑상선호르몬혈증이 언급되었습니다.,오답,-,,,[],stop,The doctor's document mentioned hyperthyroxinemia.
none,hyeopgye,협계(俠谿),협계,의사의 문서에 협계가 언급되었다.,오답,-,,,[],stop,The doctor's document mentioned hyeopgye.
none,video-urodynamic study,영상요역동학검사,비디오요역동학 검사,의사의 문서에 비디오요역동학 검사가 언급되었습니다.,오답,-,,,[],stop,The doctor's document mentioned video-urodynamic study.
none,gastroenteritis paratyphosa,파라티푸스위창자염,파라장티푸스성 위장염,의사의 문서에 파라장티푸스성 위장염이 언급되어 있었습니다.,오답,-,,,[],stop,The doctor's document mentioned gastroenteritis paratyphosa.
none,coffin-siris syndrome,코핀-시리스 증후군,코핀-시리스 증후군,보고서는 이 환자에서 코핀-시리스 증후군을 문서화했다.,정답(대표),exact,,,[],stop,The report documented coffin-siris syndrome in this patient.
none,proacrosomal granule,풋첨단체과립,전체두립 과립,의사의 문서는 전체두립 과립을 언급했다.,오답,-,,,[],stop,The doctor's document mentioned proacrosomal granule.
none,intermedia thalassaemia,중간형 지중해빈혈,중간형 지중해빈혈,이 보고서는 이 환자에게 중간형 지중해빈혈이 있음을 문서화했습니다.,정답(대표),exact,,,[],stop,The report documented intermedia thalassaemia in this patient.
none,joint swelling non-inflammatory,비염증 관절 부기,비염증성 관절 부종,의사의 문서에는 비염증성 관절 부종이 언급되어 있었습니다.,오답,-,,,[],stop,The doctor's document mentioned joint swelling non-inflammatory.
none,death,사,사망,보고서는 이 환자의 사망을 기록했다.,오답,-,,,[],stop,The report documented death in this patient.
none,assess enema,관장 사정,관장 평가,의사의 문서에 관장 평가가 언급되었습니다.,오답,-,,,[],stop,The doctor's document mentioned assess enema.
none,autonomic insufficiency,자율신경부전,자율신경계 부전,의사의 서류에서 자율신경계 부전이 언급되었습니다.,오답,-,,,[],stop,The doctor's document mentioned autonomic insufficiency.
none,assess hospice,호스피스 사정,호스피스 평가,의사의 문서에 호스피스 평가가 언급되었습니다.,오답,-,,,[],stop,The doctor's document mentioned assess hospice.
none,multiple adenomatous polyps,다발성 샘종성 폴립,다발성 선종성 폴립,의사의 문서에 다발성 선종성 폴립이 언급되었다.,정답(동의어),exact,,,[],stop,The doctor's document mentioned multiple adenomatous polyps.
none,immature proglottid,미성숙편절,미성숙 체절,의사의 문서에 미성숙 체절이 언급되었다.,오답,-,,,[],stop,The doctor's document mentioned immature proglottid.
none,peptonization,펩톤화,펩톤화,의사의 문서에 펩톤화가 언급되었다.,정답(대표),exact,,,[],stop,The doctor's document mentioned peptonization.
none,rectal,곧창자-,직장,의사의 문서에 직장이 언급되었다.,오답,-,,,[],stop,The doctor's document mentioned rectal.
none,transurethral intravesical electrotherapy,요도경유방광속전기요법,경요도 방광내 전기요법,의사의 문서에 경요도 방광내 전기요법이 언급되었습니다.,정답(동의어),nospace,,,[],stop,The doctor's document mentioned transurethral intravesical electrotherapy.
none,hyposegmentation,저분절증,저분절,의사의 문서에 저분절이 언급되었습니다.,오답,-,,,[],stop,The doctor's document mentioned hyposegmentation.
none,sirenomelia syndrome,인어다리 증후군,시레노멜리아 증후군,이 환자에서 시레노멜리아 증후군을 문서화했다.,오답,-,,,[],stop,The report documented sirenomelia syndrome in this patient.
none,paraphilia,성도착(증),성도착증,의사의 문서에서 성도착증이 언급되었습니다.,오답,-,,,[],stop,The doctor's document mentioned paraphilia.
none,vaccination against staphylococcus,포도구균 예방접종,포도상구균에 대한 백신 접종,이 보고서는 이 환자에서 포도상구균에 대한 백신 접종을 기록했습니다.,오답,-,,,[],stop,The report documented vaccination against staphylococcus in this patient.
none,isosorbide,이소소르바이드,이소소르비드,의사의 문서에 이소소르비드가 언급되었습니다.,오답,-,,,[],stop,The doctor's document mentioned isosorbide.
none,psoriatic spondylitis,건선척추염,건선성 척추염,보고서는 이 환자에게 건선성 척추염이 있음을 기록했다.,오답,-,,,[],stop,The report documented psoriatic spondylitis in this patient.
none,bone inlay,골내재,뼈 상감,의사의 문서에 뼈 상감이 언급되었다.,오답,-,,,[],stop,The doctor's document mentioned bone inlay.
none,podiatrist,발전문가,족부전문의,의사의 서류에서 족부전문의가 언급되었습니다.,오답,-,,,[],stop,The doctor's document mentioned podiatrist.
none,perform infection control,감염통제 수행,감염 관리 수행,의사의 문서에 감염 관리 수행이 언급되었습니다.,오답,-,,,[],stop,The doctor's document mentioned perform infection control.
none,square root sign,제곱근모양징후,제곱근 기호,의사의 서류에 제곱근 기호가 언급되었습니다.,오답,-,,,[],stop,The doctor's document mentioned square root sign.
none,cromolyn,크로몰린,크로몰린,의사의 문서에 크로몰린이 언급되었다.,정답(대표),exact,,,[],stop,The doctor's document mentioned cromolyn.
none,macrocytic anemia,큰적혈구빈혈,거대적혈구 빈혈,보고서는 이 환자에서 거대적혈구 빈혈을 기록했습니다.,오답,-,,,[],stop,The report documented macrocytic anemia in this patient.
none,hyperlipidaemia,고지혈증,고지혈증,의사의 서류에 고지혈증이 언급되어 있었다.,정답(대표),exact,,,[],stop,The doctor's document mentioned hyperlipidaemia.
none,immunoglobulin class,면역글로불린계,면역글로불린 클래스,의사의 문서에 면역글로불린 클래스가 언급되었습니다.,오답,-,,,[],stop,The doctor's document mentioned immunoglobulin class.
none,subadventitial fibroplasia,외막밑섬유증식,외막하 섬유증식,의사의 문서에는 외막하 섬유증식이 언급되어 있었다.,정답(동의어),nospace,,,[],stop,The doctor's document mentioned subadventitial fibroplasia.
none,supraclavicular approach,빗장위접근법,쇄골상 접근법,의사의 문서에 쇄골상 접근법이 언급되었습니다.,정답(동의어),nospace,,,[],stop,The doctor's document mentioned supraclavicular approach.
none,post-traumatic polyarthrosis,외상후 다발관절증,외상 후 다발성 관절증,보고서는 이 환자에게서 외상 후 다발성 관절증을 기록했습니다.,오답,-,,,[],stop,The report documented post-traumatic polyarthrosis in this patient.
none,hemacytometry,혈구계수,혈구계수법,의사의 문서에 혈구계수법이 언급되었다.,오답,-,,,[],stop,The doctor's document mentioned hemacytometry.
none,single-step growth curve,일회증식곡선,일단계 성장 곡선,의사의 문서에는 일단계 성장 곡선이 언급되어 있었다.,오답,-,,,[],stop,The doctor's document mentioned single-step growth curve.
none,fusiform layer,방추세포층,방추형층,의사의 문서에 방추형층이 언급되어 있었다.,오답,-,,,[],stop,The doctor's document mentioned fusiform layer.
none,apneusis,지속들숨,무호흡,의사의 문서에 무호흡이 언급되었다.,오답,-,,,[],stop,The doctor's document mentioned apneusis.
none,pupillary seclusion,동공차단,동공 폐쇄,이 환자의 동공 폐쇄를 보고서에 기록했다.,오답,-,,,[],stop,The report documented pupillary seclusion in this patient.
none,nodular sclerosis,결절경화,결절성 경화증,의사의 문서에 결절성 경화증이 언급되었습니다.,오답,-,,,[],stop,The doctor's document mentioned nodular sclerosis.
none,semidirected lead,반직접유도,반지향성 도선,의사의 문서에 반지향성 도선이 언급되었다.,오답,-,,,[],stop,The doctor's document mentioned semidirected lead.
none,closed reduction,비개방정복(술),도수 정복,보고서는 이 환자에서 도수 정복을 기록했다.,오답,-,,,[],stop,The report documented closed reduction in this patient.
none,subspinous,가시돌기밑-,척추극하,의사의 문서에 척추극하이 언급되어 있었다.,오답,-,,,[],stop,The doctor's document mentioned subspinous.
none,anterior resection,앞방향절제(술),전방 절제술,의사의 문서에 전방 절제술이 언급되었습니다.,오답,-,,,[],stop,The doctor's document mentioned anterior resection.
none,closed approach,폐쇄방법,폐쇄적 접근,의사의 문서에 폐쇄적 접근이 언급되었습니다.,오답,-,,,[],stop,The doctor's document mentioned closed approach.
none,general microbiology test,일반미생물 검사,일반 미생물학 검사,의사의 문서에는 일반 미생물학 검사가 언급되어 있었습니다.,오답,-,,,[],stop,The doctor's document mentioned general microbiology test.
none,dopa-responsive dystonia,도파-반응성 근긴장이상,도파 반응성 이상운동증,이 보고서는 이 환자에게서 도파 반응성 이상운동증을 기록했습니다.,오답,-,,,[],stop,The report documented dopa-responsive dystonia in this patient.
none,ramus of pubis,두덩뼈가지,치골 가지,의사의 문서에 치골 가지가 언급되었다.,오답,-,,,[],stop,The doctor's document mentioned ramus of pubis.
none,postpartum afibrinogenemia,분만후 무피브리노젠혈증,산후 무피브리노겐혈증,이 보고서는 이 환자에게서 산후 무피브리노겐혈증을 기록하였다.,오답,-,,,[],stop,The report documented postpartum afibrinogenemia in this patient.
none,tubal tonsil,귀인두관편도,이관편도,의사의 문서에 이관편도가 언급되었다.,오답,-,,,[],stop,The doctor's document mentioned tubal tonsil.
none,posterior thoracic fusion,뒷쪽 가슴척추 유합,후방 흉추 융합술,이 환자에서 후방 흉추 융합술이 보고되었습니다.,오답,-,,,[],stop,The report documented posterior thoracic fusion in this patient.
none,premenopause,폐경전,폐경 전기,의사의 문서에 폐경 전기를 언급했습니다.,오답,-,,,[],stop,The doctor's document mentioned premenopause.
none,myoclonia fibrillaris multiplex,다발잔떨림근대성대발작,다발성 섬유성 근간대성 경련,의사의 문서에 다발성 섬유성 근간대성 경련이 언급되었습니다.,오답,-,,,[],stop,The doctor's document mentioned myoclonia fibrillaris multiplex.
none,hemoclastic reaction,혈구파괴반응,혈액용해 반응,의사의 문서에 혈액용해 반응이 언급되었습니다.,오답,-,,,[],stop,The doctor's document mentioned hemoclastic reaction.
none,phospholipidemia,인지질혈증,인지질혈증,의사의 문서에 인지질혈증이 언급되었습니다.,정답(대표),exact,,,[],stop,The doctor's document mentioned phospholipidemia.
none,cardiocele,심장류,심장허니아,의사의 문서에 심장허니아가 언급되었다.,오답,-,,,[],stop,The doctor's document mentioned cardiocele.
none,polygraph,다원기록기,폴리그래프,의사의 문서에 폴리그래프가 언급되었다.,오답,-,,,[],stop,The doctor's document mentioned polygraph.
none,fourth heart sound,제4심(장)음,제4심음,의사의 문서에 제4심음이 언급되어 있었다.,오답,-,,,[],stop,The doctor's document mentioned fourth heart sound.
none,sex cord-stromal tumor,성끈기질종양,성삭기질종양,의사의 문서에서 성삭기질종양을 언급했습니다.,정답(동의어),exact,,,[],stop,The doctor's document mentioned sex cord-stromal tumor.
none,cardiodiaphragmatic angle,심장가로막각,심장횡격막각,의사의 문서에 심장횡격막각이 언급되었습니다.,정답(동의어),exact,,,[],stop,The doctor's document mentioned cardiodiaphragmatic angle.
none,avulsion fracture,찢김 골절,골단 분리 골절,의사의 문서에 골단 분리 골절이 언급되어 있었다.,오답,-,,,[],stop,The doctor's document mentioned avulsion fracture.
none,atrioventricular septal defect,심방실중격결손,방실 중격 결손,이 보고서는 이 환자에게 방실 중격 결손이 있음을 기록했다.,오답,-,,,[],stop,The report documented atrioventricular septal defect in this patient.
none,cryptogenic sepsis,특발성패혈증,원인 불명 패혈증,의사의 문서에는 원인 불명 패혈증이 언급되었습니다.,오답,-,,,[],stop,The doctor's document mentioned cryptogenic sepsis.
none,primary syphilis,1기매독,1기 매독,의사의 문서에 1기 매독이 언급되었습니다.,정답(대표),nospace,,,[],stop,The doctor's document mentioned primary syphilis.
none,dyslipoproteinemia,이상지질단백혈증,이상지단백혈증,의사의 문서에 이상지단백혈증이 언급되었습니다.,오답,-,,,[],stop,The doctor's document mentioned dyslipoproteinemia.
none,insular sclerosis,섬경화증,섬성 경화증,의사의 문서에는 섬성 경화증이 언급되어 있었다.,오답,-,,,[],stop,The doctor's document mentioned insular sclerosis.
none,nasalis muscle,코근,비근,의사의 문서에 비근이 언급되었다.,정답(동의어),exact,,,[],stop,The doctor's document mentioned nasalis muscle.
none,pubovaginal,두덩질-,pubovaginal,의사의 문서에 pubovaginal이 언급되었습니다.,오답,-,,,['bad_chars'],stop,The doctor's document mentioned pubovaginal.
none,triaging,중증도 분류,분류,의사의 문서에 분류가 언급되었다.,오답,-,,,[],stop,The doctor's document mentioned triaging.
none,opium plaster,아편고약,아편 고약,의사의 문서에는 아편 고약이 언급되어 있었다.,정답(대표),nospace,,,[],stop,The doctor's document mentioned opium plaster.
none,curvature of spine,척주굽이,척추 만곡,의사의 문서에 척추 만곡이 언급되었습니다.,오답,-,,,[],stop,The doctor's document mentioned curvature of spine.
none,chloropsia,녹색시,녹시증,의사의 문서에 녹시증이 언급되었다.,오답,-,,,[],stop,The doctor's document mentioned chloropsia.
none,arsenic mirror,코거울,비소 거울,의사의 문서에 비소 거울이 언급되었다.,오답,-,,,[],stop,The doctor's document mentioned arsenic mirror.
none,ulceroglandular tularaemia,궤양림프절야생토끼병,궤양선형 투라레미아,보고서는 이 환자에서 궤양선형 투라레미아를 문서화했다.,오답,-,,,[],stop,The report documented ulceroglandular tularaemia in this patient.
none,aerial infection,흡입감염,공기 감염,의사의 문서는 공기 감염을 언급했다.,오답,-,,,[],stop,The doctor's document mentioned aerial infection.
none,phosphene,섬광시,포스펜,의사의 문서에 포스펜이 언급되었다.,오답,-,,,[],stop,The doctor's document mentioned phosphene.
none,hill-sachs lesion,힐-샥스 병터,힐삭스 병변,의사의 문서에 힐삭스 병변이 언급되었습니다.,오답,-,,,[],stop,The doctor's document mentioned hill-sachs lesion.
none,modified norwood operation,수정된 노우드수술,변형 노우드 수술,보고서는 이 환자에서 변형 노우드 수술을 기록했습니다.,오답,-,,,[],stop,The report documented modified norwood operation in this patient.
none,prootic,귀앞-,전이골,의사의 문서는 전이골을 언급했다.,오답,-,,,[],stop,The doctor's document mentioned prootic.
none,lenticonus,원뿔수정체,렌티코누스,보고서는 이 환자에서 렌티코누스를 기록했습니다.,오답,-,,,[],stop,The report documented lenticonus in this patient.
none,dense deposit disease,고밀도침착병,조밀 침착질환,의사의 문서에 조밀 침착질환이 언급되었습니다.,오답,-,,,[],stop,The doctor's document mentioned dense deposit disease.
none,muscular atrophy,근위축,근육 위축,이 보고서는 이 환자에서 근육 위축을 기록했습니다.,오답,-,,,[],stop,The report documented muscular atrophy in this patient.
none,hyperestrinism,여성호르몬과다(증),과에스트로겐혈증,의사의 문서에 과에스트로겐혈증이 언급되었습니다.,오답,-,,,[],stop,The doctor's document mentioned hyperestrinism.
none,old tuberculin,재래식투베르쿨린,구결핵균소,의사의 문서에 구결핵균소가 언급되었다.,오답,-,,,[],stop,The doctor's document mentioned old tuberculin.
none,adenomatosis of colon,결장의 선종증,결장 선종증,보고서에는 이 환자에게서 결장 선종증이 문서화되어 있다.,오답,-,,,[],stop,The report documented adenomatosis of colon in this patient.
none,running nose,코감기,콧물이 흐르는 증상,의사의 서류에서 콧물이 흐르는 증상이 언급되었습니다.,오답,-,,,[],stop,The doctor's document mentioned running nose.
none,deshielded proton,미차폐양성자,디실드된 양성자,의사의 문서는 디실드된 양성자를 언급했다.,오답,-,,,[],stop,The doctor's document mentioned deshielded proton.
none,stage of life,생명단계,생애 단계,의사의 문서에 생애 단계가 언급되었습니다.,오답,-,,,[],stop,The doctor's document mentioned stage of life.
none,endoscopic revision dacryocystorhinostomy,내시경 이용 눈물주머니코안 연결 교정,내시경적 교정 누낭비강문합술,이 환자에서 내시경적 교정 누낭비강문합술이 보고되었다.,오답,-,,,[],stop,The report documented endoscopic revision dacryocystorhinostomy in this patient.
none,idiotype-anti-idiotype network,개별특이형항체조절망,이디오타입-항이디오타입 네트워크,의사의 문서에서는 이디오타입-항이디오타입 네트워크가 언급되었습니다.,오답,-,,,[],stop,The doctor's document mentioned idiotype-anti-idiotype network.
none,total albinism,온백색증,전체 백색증,의사의 문서에는 전체 백색증이 언급되어 있었다.,오답,-,,,[],stop,The doctor's document mentioned total albinism.
none,dermoepidermal,진피표피-,진피표피,의사의 문서에 진피표피가 언급되었습니다.,오답,-,,,[],stop,The doctor's document mentioned dermoepidermal.
none,blastomyces,분아진균(속),블라스토미세스,의사의 문서에서는 블라스토미세스가 언급되었습니다.,오답,-,,,[],stop,The doctor's document mentioned blastomyces.
none,pulex,벼룩(속),벼룩,의사의 문서에 벼룩이 언급되었다.,오답,-,,,[],stop,The doctor's document mentioned pulex.
none,sucking disc,흉반,빨판,의사의 문서에 빨판이 언급되어 있었다.,정답(동의어),exact,,,[],stop,The doctor's document mentioned sucking disc.
none,medial nasal prominence,내측비융기,내측 비돌기,의사의 문서에는 내측 비돌기가 언급되어 있었다.,오답,-,,,[],stop,The doctor's document mentioned medial nasal prominence.
none,melanoacanthoma,멜라닌가시세포종,멜라노아칸토마,의사의 문서에서 멜라노아칸토마가 언급되었습니다.,오답,-,,,[],stop,The doctor's document mentioned melanoacanthoma.
none,shifting reaction,편위반응,이동 반응,의사의 문서에서는 이동 반응을 언급했습니다.,오답,-,,,[],stop,The doctor's document mentioned shifting reaction.
none,primary amnion,원시양막,일차 양막,의사의 문서에 일차 양막이 언급되어 있었다.,오답,-,,,[],stop,The doctor's document mentioned primary amnion.
none,hyperreninemia,과레닌혈증,고레닌혈증,의사의 문서에 고레닌혈증이 언급되었습니다.,오답,-,,,[],stop,The doctor's document mentioned hyperreninemia.
none,periostitis,뼈막염,골막염,의사의 서류에서 골막염이 언급되었습니다.,정답(동의어),exact,,,[],stop,The doctor's document mentioned periostitis.
none,uterine inversion,자궁뒤집힘,자궁 내반증,의사의 문서에 자궁 내반증이 언급되었습니다.,오답,-,,,[],stop,The doctor's document mentioned uterine inversion.
none,neonatal oesophageal reflux,신생아식도역류,신생아 식도 역류,이 보고서는 이 환자에게서 신생아 식도 역류를 기록했습니다.,정답(대표),nospace,,,[],stop,The report documented neonatal oesophageal reflux in this patient.
none,cervical vertigo,경추성 현기증,경추성 어지럼증,이 환자에게서 경추성 어지럼증을 보고하였다.,오답,-,,,[],stop,The report documented cervical vertigo in this patient.
none,negative pressure,음압,음압,의사의 문서에 음압이 언급되었습니다.,정답(대표),exact,,,[],stop,The doctor's document mentioned negative pressure.
none,naegleria fowleri,파울러자유아메바,네글레리아 파울레리,의사의 문서에 네글레리아 파울레리가 언급되었다.,오답,-,,,[],stop,The doctor's document mentioned naegleria fowleri.
none,fisher syndrome,피셔증후군,피셔 증후군,의사의 문서에 피셔 증후군이 언급되었습니다.,정답(대표),nospace,,,[],stop,The doctor's document mentioned fisher syndrome.
none,br. tx.,브릿지 치료,br. tx.,의사의 문서에 br. tx.가 언급되었습니다.,오답,-,,,['bad_chars'],stop,The doctor's document mentioned br. tx..
none,glaucomatous cataract,녹내장성백내장,녹내장성 백내장,의사의 문서에 녹내장성 백내장이 언급되었습니다.,정답(대표),nospace,,,[],stop,The doctor's document mentioned glaucomatous cataract.
none,hippuric acid,마뇨산,마뇨산,의사의 문서에 마뇨산이 언급되었습니다.,정답(대표),exact,,,[],stop,The doctor's document mentioned hippuric acid.
none,maxillomandibular disharmony,위아래턱부조화,상악하악 부조화,의사의 문서에 상악하악 부조화가 언급되었습니다.,오답,-,,,[],stop,The doctor's document mentioned maxillomandibular disharmony.
none,supernumeric impacted tooth,과잉매복치,과잉 매복치,보고서는 이 환자에서 과잉 매복치를 기록했습니다.,정답(대표),nospace,,,[],stop,The report documented supernumeric impacted tooth in this patient.
none,calcification of bursa,윤활낭(의) 석회화,점액낭의 석회화,보고서는 이 환자에서 점액낭의 석회화를 기록하였다.,오답,-,,,[],stop,The report documented calcification of bursa in this patient.
none,isomaltase,이소말타아제,이소말타아제,의사의 문서에 이소말타아제가 언급되었습니다.,정답(대표),exact,,,[],stop,The doctor's document mentioned isomaltase.
none,hay asthma,건초천식,건초열 천식,의사의 문서에 건초열 천식이 언급되었습니다.,오답,-,,,[],stop,The doctor's document mentioned hay asthma.
none,lambliasis,람블편모충증,람블리아증,의사의 문서에 람블리아증이 언급되었습니다.,오답,-,,,[],stop,The doctor's document mentioned lambliasis.
none,vaginography,질조영(술),질강조영술,의사의 문서에 질강조영술이 언급되었습니다.,오답,-,,,[],stop,The doctor's document mentioned vaginography.
none,hbab,간염 B형 표면항체,hbab,의사의 문서에 hbab가 언급되었습니다.,오답,-,,,['bad_chars'],stop,The doctor's document mentioned hbab.
none,calomel,감홍,칼로멜,의사의 문서에 칼로멜이 언급되었다.,오답,-,,,[],stop,The doctor's document mentioned calomel.
none,ricinism,리신증,리시니즘,의사의 문서가 리시니즘을 언급했다.,오답,-,,,[],stop,The doctor's document mentioned ricinism.
none,first filial generation,일대잡종,제1자대,의사의 문서는 제1자대를 언급했다.,오답,-,,,[],stop,The doctor's document mentioned first filial generation.
none,vague symptom,분명치않는증상,모호한 증상,의사의 문서에 모호한 증상이 언급되었다.,오답,-,,,[],stop,The doctor's document mentioned vague symptom.
none,depigmenting cream,탈색크림,탈색 크림,의사의 문서에 탈색 크림이 언급되었습니다.,정답(대표),nospace,,,[],stop,The doctor's document mentioned depigmenting cream.
none,afterloading technique,후장진법,후장하술,의사의 문서에 후장하술이 언급되었다.,오답,-,,,[],stop,The doctor's document mentioned afterloading technique.
none,intracranial space-occupying lesion,두개내공간점유병변,두개강 내 공간 점유 병변,보고서에는 이 환자에게 두개강 내 공간 점유 병변이 있다고 기록되어 있다.,오답,-,,,[],stop,The report documented intracranial space-occupying lesion in this patient.
none,enema apparatus,관장기,관장 기구,의사의 문서에 관장 기구가 언급되어 있었다.,오답,-,,,[],stop,The doctor's document mentioned enema apparatus.
none,core decompression,중핵감압,코어 감압술,보고서는 이 환자에서 코어 감압술을 기록했다.,오답,-,,,[],stop,The report documented core decompression in this patient.
none,opsin,옵신,옵신,의사의 문서에 옵신이 언급되었다.,정답(대표),exact,,,[],stop,The doctor's document mentioned opsin.
none,retrouterine hematocele,자궁뒤혈액낭종,자궁후 혈종,의사의 문서에는 자궁후 혈종이 언급되어 있었다.,오답,-,,,[],stop,The doctor's document mentioned retrouterine hematocele.
none,picture frustration test,그림좌절검사,그림 좌절 검사,이 환자에게 그림 좌절 검사가 시행되었다.,정답(대표),nospace,,,[],stop,picture frustration test was performed on this patient.
none,nephritic retinitis,콩팥염망막염,신염성 망막염,의사의 문서는 신염성 망막염을 언급했습니다.,오답,-,,,[],stop,The doctor's document mentioned nephritic retinitis.
none,buccal gland,협선,볼샘,의사의 문서에 볼샘가 언급되었습니다.,오답,-,,,[],stop,The doctor's document mentioned buccal gland.
none,rodenticide,살서제,살서제,의사의 문서에 살서제가 언급되었다.,정답(대표),exact,,,[],stop,The doctor's document mentioned rodenticide.
none,epididymal duct,부고환관,부고관,의사의 문서에 부고관이 언급되었다.,오답,-,,,[],stop,The doctor's document mentioned epididymal duct.
none,parrot fever,앵무새열,앵무새열,보고서는 이 환자에서 앵무새열을 문서화했습니다.,정답(대표),exact,,,[],stop,The report documented parrot fever in this patient.
none,halmatogenesis,돌연세대변이,할마토휴생,의사의 문서는 할마토휴생을 언급했다.,오답,-,,,[],stop,The doctor's document mentioned halmatogenesis.
none,ventriculopleural anastomosis,뇌실가슴막 연결,뇌실-흉막 문합,보고서는 이 환자에서 뇌실-흉막 문합을 기록했다.,오답,-,,,[],stop,The report documented ventriculopleural anastomosis in this patient.
none,heart excess patterns,심실증,심실증,이 보고서는 이 환자의 심실증을 기록했습니다.,정답(대표),exact,,,[],stop,The report documented heart excess patterns in this patient.
none,angiohyalinosis,혈관유리질증,혈관유리화증,의사의 문서에 혈관유리화증이 언급되었습니다.,오답,-,,,[],stop,The doctor's document mentioned angiohyalinosis.
none,mucopurulent,점액고름-,점액농성,의사의 문서에 점액농성이 언급되어 있었다.,오답,-,,,[],stop,The doctor's document mentioned mucopurulent.
none,semiadjustable articulator,반적응교합기,반조절성 교합기,의사의 문서에 반조절성 교합기가 언급되었다.,오답,-,,,[],stop,The doctor's document mentioned semiadjustable articulator.
none,tubular maximum,요세관최대값,세뇨관 최대치,의사의 문서에 세뇨관 최대치가 언급되었습니다.,오답,-,,,[],stop,The doctor's document mentioned tubular maximum.
none,protein-losing enteropathy,단백질소실장병(증),단백질 소실 장질환,의사의 문서에 단백질 소실 장질환이 언급되었습니다.,오답,-,,,[],stop,The doctor's document mentioned protein-losing enteropathy.
none,pharyngoparalysis,인두마비,인두마비,의사의 문서에 인두마비가 언급되었다.,정답(대표),exact,,,[],stop,The doctor's document mentioned pharyngoparalysis.
none,aortic(valve) stenosis,대동맥판협착,대동맥(판막) 협착증,보고서는 이 환자에게 대동맥(판막) 협착증을 기록했습니다.,오답,-,,,['bad_chars'],stop,The report documented aortic(valve) stenosis in this patient.
none,cyclamate,시클라메이트,사이클라메이트,의사의 문서에 사이클라메이트가 언급되었다.,오답,-,,,[],stop,The doctor's document mentioned cyclamate.
none,mr mapping,자기공명지도화,mr mapping,의사의 문서에 mr mapping이 언급되었습니다.,오답,-,,,['bad_chars'],stop,The doctor's document mentioned mr mapping.
none,gwollyo,관료(顴髎),권료,의사의 문서에 권료가 언급되었다.,오답,-,,,[],stop,The doctor's document mentioned gwollyo.
none,neoadjuvant chemotherapy,신보강화학요법,선행항암화학요법,의사의 문서에 선행항암화학요법이 언급되었습니다.,오답,-,,,[],stop,The doctor's document mentioned neoadjuvant chemotherapy.
none,nuclear polyhedrosis virus,핵다면체형성바이러스,핵다각체병 바이러스,의사의 문서에 핵다각체병 바이러스가 언급되었습니다.,오답,-,,,[],stop,The doctor's document mentioned nuclear polyhedrosis virus.
none,microsomia,작은몸증,미크로소미아,의사의 문서에 미크로소미아가 언급되었다.,오답,-,,,[],stop,The doctor's document mentioned microsomia.
none,toxic cardiopathy,독성심장병(증),독성 심근병증,의사의 문서에 독성 심근병증이 언급되었습니다.,오답,-,,,[],stop,The doctor's document mentioned toxic cardiopathy.
none,precipitate labor,급속 분만,급속 분만,이 환자에서 급속 분만을 보고했다.,정답(대표),exact,,,[],stop,The report documented precipitate labor in this patient.
none,biceps femoris muscle,넙다리두갈래근,대퇴이두근,의사의 문서에 대퇴이두근이 언급되었습니다.,정답(동의어),exact,,,[],stop,The doctor's document mentioned biceps femoris muscle.
none,frontosphenoesthmoidectomy,이마나비사골동절제술,전접형골사골절제술,이 환자에서 전접형골사골절제술을 시행한 것으로 보고되었다.,오답,-,,,[],stop,The report documented frontosphenoesthmoidectomy in this patient.
none,gustatory hyperesthesia,미각과민(증),미각 과민증,의사의 문서에 미각 과민증이 언급되었습니다.,오답,-,,,[],stop,The doctor's document mentioned gustatory hyperesthesia.
none,hyposthenuric urine,저비중뇨,저비중뇨,의사의 문서에 저비중뇨가 언급되어 있었다.,정답(대표),exact,,,[],stop,The doctor's document mentioned hyposthenuric urine.
none,non-exudative,삼출되지않은,비삼출성,의사의 문서에 비삼출성이 언급되었다.,오답,-,,,[],stop,The doctor's document mentioned non-exudative.
none,laryngotracheal stenosis,후두기관협착(증),후두기관 협착증,이 보고서는 이 환자에게 후두기관 협착증이 있음을 기록했다.,오답,-,,,[],stop,The report documented laryngotracheal stenosis in this patient.
none,frontal suture,이마봉합선,전두봉합,의사의 문서에 전두봉합이 언급되었습니다.,오답,-,,,[],stop,The doctor's document mentioned frontal suture.
none,colon cecum mass,막창자 종괴,결장 맹장 종괴,의사의 문서에 결장 맹장 종괴가 언급되었습니다.,오답,-,,,[],stop,The doctor's document mentioned colon cecum mass.
none,needle electromyography,바늘근전도검사(법),침 근전도 검사,의사의 문서에서 침 근전도 검사가 언급되었습니다.,오답,-,,,[],stop,The doctor's document mentioned needle electromyography.
none,dendritic spine,수지상극,수상돌기,의사의 문서에서 수상돌기가 언급되었다.,오답,-,,,[],stop,The doctor's document mentioned dendritic spine.
none,auriculopalpebral reflex,이개안검반사,이개안검반사,의사의 문서에 이개안검반사가 언급되어 있었다.,정답(대표),exact,,,[],stop,The doctor's document mentioned auriculopalpebral reflex.
none,laryngeal carcinoma,후두 암종,후두암,의사의 문서에 후두암이 언급되었습니다.,오답,-,,,[],stop,The doctor's document mentioned laryngeal carcinoma.
none,assess pulmonary care,호흡기계간호 사정,폐 건강 관리 평가,의사의 문서는 폐 건강 관리 평가를 언급했습니다.,오답,-,,,[],stop,The doctor's document mentioned assess pulmonary care.
none,muscular dystrophy carrier,근퇴행위축 보균자,근이영양증 보인자,보고서는 이 환자의 근이영양증 보인자를 기록했습니다.,오답,-,,,[],stop,The report documented muscular dystrophy carrier in this patient.
none,acentric occlusion,비중심교합,원심성 교합,의사의 문서에 원심성 교합이 언급되었습니다.,오답,-,,,[],stop,The doctor's document mentioned acentric occlusion.
none,micromovement,미세운동,미세 움직임,의사의 문서에 미세 움직임이 언급되었습니다.,오답,-,,,[],stop,The doctor's document mentioned micromovement.
none,descriptive epidemiology,기술역학,기술적 역학,의사의 문서는 기술적 역학을 언급했다.,오답,-,,,[],stop,The doctor's document mentioned descriptive epidemiology.
none,heteromorphism,이형,이형성,의사의 문서는 이형성을 언급했다.,오답,-,,,[],stop,The doctor's document mentioned heteromorphism.
none,hydrorachis,수척추증,수척증,보고서는 이 환자에게 수척증을 기록했습니다.,오답,-,,,[],stop,The report documented hydrorachis in this patient.
none,tingling,저림,저린 느낌,의사의 문서에 저린 느낌이 언급되었습니다.,오답,-,,,[],stop,The doctor's document mentioned tingling.
none,torr,토르,torr,의사의 문서에 torr가 언급되었다.,오답,-,,,['bad_chars'],stop,The doctor's document mentioned torr.
none,penicillar arteriole,붓털세동맥,페니실러 세동맥,의사의 문서는 페니실러 세동맥을 언급했다.,오답,-,,,[],stop,The doctor's document mentioned penicillar arteriole.
none,ovarian cystectomy,난소 낭종 적출술,난소낭종적출술,보고서는 이 환자에서 난소낭종적출술을 기록했다.,정답(대표),nospace,,,[],stop,The report documented ovarian cystectomy in this patient.
none,hyperosmolar nonketotic coma,고삼투압성비케토산성혼수,고삼투압성 비케톤성 혼수,의사의 문서에 고삼투압성 비케톤성 혼수가 언급되었습니다.,오답,-,,,[],stop,The doctor's document mentioned hyperosmolar nonketotic coma.
none,chondrogen,연골원,연골형성원,의사의 문서에 연골형성원이 언급되었다.,오답,-,,,[],stop,The doctor's document mentioned chondrogen.
none,apraxia of speech,언어의 실행증,구음실어증,이 보고서는 이 환자에게서 구음실어증을 기록하였다.,오답,-,,,[],stop,The report documented apraxia of speech in this patient.
none,deltoid flap,어깨세모근피판,삼각근 피판,의사의 문서에 삼각근 피판이 언급되었다.,오답,-,,,[],stop,The doctor's document mentioned deltoid flap.
none,platelet,혈소판,혈소판,의사의 문서에 혈소판이 언급되었다.,정답(대표),exact,,,[],stop,The doctor's document mentioned platelet.
none,acropathy,말단병(증),말단병증,의사의 문서는 말단병증을 언급했습니다.,오답,-,,,[],stop,The doctor's document mentioned acropathy.
none,normokalemic,정상칼륨혈-,정칼륨혈증,의사의 문서에 정률증이 언급되었습니다.,오답,-,,,['span_not_substring'],stop,The doctor's document mentioned normokalemic.
none,traveling clinic,이동진료소,순회 진료소,의사의 문서에는 순회 진료소가 언급되어 있었다.,오답,-,,,[],stop,The doctor's document mentioned traveling clinic.
none,vibriocide,비브리오살균제,비브리오사이드,의사의 문서에 비브리오사이드가 언급되어 있었다.,오답,-,,,[],stop,The doctor's document mentioned vibriocide.
none,absence of muscle,근육의 결여,근육의 부재,이 환자에게서 근육의 부재가 문서화되었다.,오답,-,,,[],stop,The report documented absence of muscle in this patient.
none,clean bench,무균실험대,클린 벤치,의사의 문서는 클린 벤치를 언급했습니다.,오답,-,,,[],stop,The doctor's document mentioned clean bench.
none,pneumonia in ornithosis,비둘기병에서의 폐렴,오르니토시스 폐렴,이 보고서는 이 환자에서 오르니토시스 폐렴을 기록하였다.,오답,-,,,[],stop,The report documented pneumonia in ornithosis in this patient.
none,pulmonary atelectasis,무기폐,폐무기폐,보고서에는 이 환자에게 폐무기폐이 있음이 기록되어 있었다.,오답,-,,,[],stop,The report documented pulmonary atelectasis in this patient.
none,hysterocystocleisis,자궁방광꿰맴(술),자궁방광탈출증봉축술,의사의 문서에는 자궁방광탈출증봉축술이 언급되어 있었다.,오답,-,,,[],stop,The doctor's document mentioned hysterocystocleisis.
none,mediterranean tick fever,지중해진드기열,지중해열,이 보고서는 이 환자에게 지중해열을 기록했다.,오답,-,,,[],stop,The report documented mediterranean tick fever in this patient.
none,recurrent thyroid ca,재발성 갑상선암,갑상선암,보고서는 이 환자에서 재발한 갑상선암을 기록하였다.,오답,-,,,[],stop,The report documented recurrent thyroid ca in this patient.
none,capillaria hepatica,간모세선충,간모세선충,의사의 문서에 간모세선충이 언급되었습니다.,정답(대표),exact,,,[],stop,The doctor's document mentioned capillaria hepatica.
none,pallister-killian syndrome,팰리스터-킬리언 증후군,팔리스터-킬리안 증후군,보고서는 이 환자에서 팔리스터-킬리안 증후군을 문서화했습니다.,정답(동의어),exact,,,[],stop,The report documented pallister-killian syndrome in this patient.
none,genital infection fungal,생식 기관 곰팡이 감염,생식기 진균 감염,의사의 문서에 생식기 진균 감염이 언급되었습니다.,오답,-,,,[],stop,The doctor's document mentioned genital infection fungal.
none,nodular prurigo,결절가려움발진,결절성 가려움증,의사의 문서에 결절성 가려움증이 언급되었습니다.,오답,-,,,[],stop,The doctor's document mentioned nodular prurigo.
none,tangential section,비스듬절단,접선 단면,의사의 문서에 접선 단면이 언급되었다.,오답,-,,,[],stop,The doctor's document mentioned tangential section.
none,heteropolysaccharide,이종다당류,헤테로다당류,의사의 문서에 헤테로다당류가 언급되었다.,오답,-,,,[],stop,The doctor's document mentioned heteropolysaccharide.
none,dry socket recurettage,발치와골염 재소파술,건조 치와 재소파술,의사의 문서에 건조 치와 재소파술이 언급되었습니다.,오답,-,,,[],stop,The doctor's document mentioned dry socket recurettage.
none,endothelium-derived relaxing factor,내피유래이완인자,내피 유래 이완 인자,의사의 문서에 내피 유래 이완 인자가 언급되었습니다.,정답(대표),nospace,,,[],stop,The doctor's document mentioned endothelium-derived relaxing factor.
none,puboprostatic,두덩전립샘-,전립선앞골반인대,의사의 문서에 전립선앞골반인대가 언급되었습니다.,오답,-,,,[],stop,The doctor's document mentioned puboprostatic.
none,filarial chylocele,사상충성 음낭암죽종,사상충성 유미종,이 보고서는 이 환자에서 사상충성 유미종을 기록했습니다.,오답,-,,,[],stop,The report documented filarial chylocele in this patient.
none,high-grade lymphoma,심한 림프종,고등급 림프종,이 환자에서 고등급 림프종을 기록한 보고서가 있었습니다.,정답(동의어),exact,,,[],stop,The report documented high-grade lymphoma in this patient.
none,paraffinoma,파라핀종,파라핀종,보고서는 이 환자에서 파라핀종을 기록했습니다.,정답(대표),exact,,,[],stop,The report documented paraffinoma in this patient.
none,technetium uptake test,Tc섭취율,테크네튬 섭취 검사,이 환자에게 테크네튬 섭취 검사가 시행되었습니다.,오답,-,,,[],stop,technetium uptake test was performed on this patient.
none,androgenic alopecia,안드로젠탈모증,안드로겐성 탈모증,보고서는 이 환자에게 안드로겐성 탈모증이 있음을 문서화했습니다.,오답,-,,,[],stop,The report documented androgenic alopecia in this patient.
none,videolaseroscopy,비디오레이저검사,비디오레이저내시경,의사의 문서에 비디오레이저내시경이 언급되었습니다.,오답,-,,,[],stop,The doctor's document mentioned videolaseroscopy.
none,uncovertebral,갈고리돌기-,연합추체,의사의 문서에 연합추체가 언급되어 있었다.,오답,-,,,[],stop,The doctor's document mentioned uncovertebral.
none,apoplectic coma,중풍혼수,뇌졸중 혼수,의사의 서류는 뇌졸중 혼수를 언급했다.,오답,-,,,[],stop,The doctor's document mentioned apoplectic coma.
none,enteral feeding,위장관영양,경장 영양,의사의 문서에 경장 영양이 언급되었습니다.,오답,-,,,[],stop,The doctor's document mentioned enteral feeding.
none,spot retinoscope,점상망막검영기,스폿 레티노스코프,의사의 문서에 스폿 레티노스코프가 언급되었습니다.,오답,-,,,[],stop,The doctor's document mentioned spot retinoscope.
none,ophthalmologic surgical procedures,안과 수술방법,안과적 수술 절차,의사의 서류에 안과적 수술 절차가 언급되었습니다.,오답,-,,,[],stop,The doctor's document mentioned ophthalmologic surgical procedures.
none,monorchidism,홑고환증,단고환증,이 보고서는 이 환자에서 단고환증을 기록했습니다.,오답,-,,,[],stop,The report documented monorchidism in this patient.
none,laryngeal nodule,후두결절,후두 결절,보고서는 이 환자에게 후두 결절이 있음을 문서화했습니다.,정답(대표),nospace,,,[],stop,The report documented laryngeal nodule in this patient.
none,reducing artifact,감소인공물,인공물을 줄이는,의사의 문서는 인공물을 줄이는 것을 언급했다.,오답,-,,,[],stop,The doctor's document mentioned reducing artifact.
none,combustion,화상,연소,의사의 문서에 연소가 언급되었다.,오답,-,,,[],stop,The doctor's document mentioned combustion.
none,echinocyte,톱니적혈구,에키노사이트,의사의 문서는 에키노사이트를 언급했습니다.,오답,-,,,[],stop,The doctor's document mentioned echinocyte.
none,gastradenitis,위샘염,위염,의사의 문서에 위염이 언급되었다.,오답,-,,,[],stop,The doctor's document mentioned gastradenitis.
none,coproporphyrinuria,코프로포르피린뇨,코포르피리누리아,의사의 문서에 코포르피리누리아가 언급되었습니다.,오답,-,,,[],stop,The doctor's document mentioned coproporphyrinuria.
none,scorbutic ulcer,괴혈병궤양,괴혈병성 궤양,의사의 문서는 괴혈병성 궤양을 언급했다.,오답,-,,,[],stop,The doctor's document mentioned scorbutic ulcer.
none,sheathed artery,집형성동맥,초자 동맥,의사의 문서는 초자 동맥을 언급했습니다.,오답,-,,,[],stop,The doctor's document mentioned sheathed artery.
none,brachiocephalic trunk,팔머리동맥,두갈동맥줄기,의사의 문서에는 두갈동맥줄기가 언급되어 있었다.,오답,-,,,[],stop,The doctor's document mentioned brachiocephalic trunk.
none,elongation,신장,연장,의사의 문서에는 연장이 언급되었습니다.,오답,-,,,[],stop,The doctor's document mentioned elongation.
none,third ventricle,셋째뇌실,제3뇌실,의사의 문서에는 제3뇌실이 언급되어 있었습니다.,정답(동의어),exact,,,[],stop,The doctor's document mentioned third ventricle.
none,ionophore antibiotic,이온투과차단항생제,이온포어 항생제,의사의 문서에 이온포어 항생제가 언급되었습니다.,오답,-,,,[],stop,The doctor's document mentioned ionophore antibiotic.
none,zoe filling,치아진정처치,조이 충전,의사의 문서에 조이 충전이 언급되었다.,오답,-,,,[],stop,The doctor's document mentioned zoe filling.
none,undercorrection,부족교정,교정부족,의사의 문서에 교정부족이 언급되었습니다.,오답,-,,,[],stop,The doctor's document mentioned undercorrection.
none,vaginal discharge,대하,질 분비물,보고서는 이 환자에게 질 분비물을 기록했습니다.,오답,-,,,[],stop,The report documented vaginal discharge in this patient.
none,reverberating circuit,반향회로,반향 회로,의사의 문서에 반향 회로가 언급되었다.,정답(대표),nospace,,,[],stop,The doctor's document mentioned reverberating circuit.
none,x-ray illumination,X선필름판독대,엑스선 조사,의사의 문서에 엑스선 조사가 언급되었습니다.,오답,-,,,[],stop,The doctor's document mentioned x-ray illumination.
none,post-term,만삭후,과숙아,의사의 문서에는 과숙아라는 용어가 언급되었습니다.,오답,-,,,[],stop,The doctor's document mentioned post-term.
none,rodent ulcer,잠식궤양,쥐궤양,의사의 문서에 쥐궤양이 언급되었습니다.,오답,-,,,[],stop,The doctor's document mentioned rodent ulcer.
none,menometrorrhagia,불규칙과다월경,월경과다 및 부정출혔,보고서에는 이 환자에서 월경과다 및 부정출혔이 기재되어 있다.,오답,-,,,[],stop,The report documented menometrorrhagia in this patient.
none,transistor hearing aid,트랜지스터보청기,트랜지스터 보청기,의사의 문서에 트랜지스터 보청기가 언급되었습니다.,정답(대표),nospace,,,[],stop,The doctor's document mentioned transistor hearing aid.
none,teat,젖꼭지,젖꼭지,의사의 문서에 젖꼭지가 언급되었다.,정답(대표),exact,,,[],stop,The doctor's document mentioned teat.
none,imitative attitude,모방태도,모방적 태도,의사의 문서에는 모방적 태도가 언급되었다.,오답,-,,,[],stop,The doctor's document mentioned imitative attitude.
none,orofaciodigital syndrome,구안지 증후군,구안지증후군,이 보고서는 이 환자에서 구안지증후군을 문서화했습니다.,정답(대표),nospace,,,[],stop,The report documented orofaciodigital syndrome in this patient.
none,bacteriocin,박테리오신,박테리오신,의사의 문서에 박테리오신이 언급되었다.,정답(대표),exact,,,[],stop,The doctor's document mentioned bacteriocin.
none,costal angle,갈비뼈각,늑각,의사의 문서에는 늑각이 언급되어 있었다.,오답,-,,,[],stop,The doctor's document mentioned costal angle.
none,lyophobic,소액성,소액성,의사의 문서에는 소액성이 언급되어 있었다.,정답(대표),exact,,,[],stop,The doctor's document mentioned lyophobic.
none,primitive neuroectodermal tumor,원시신경외배엽종양,원시 신경외배엽 종양,이 환자의 보고서에는 원시 신경외배엽 종양이 기록되어 있다.,정답(대표),nospace,,,[],stop,The report documented primitive neuroectodermal tumor in this patient.
none,marsupialization of cyst,낭종 주머니형성,낭종의 유낭화술,이 보고서는 이 환자에서 낭종의 유낭화술을 기록하였다.,오답,-,,,[],stop,The report documented marsupialization of cyst in this patient.
none,pseudomonas aeruginosa,녹농균,녹농균,의사의 문서에 녹농균이 언급되어 있었다.,정답(대표),exact,,,[],stop,The doctor's document mentioned pseudomonas aeruginosa.
none,smith's fracture,스미드골절,스미스 골절,보고서는 이 환자에게 스미스 골절이 있음을 기록했다.,정답(동의어),exact,,,[],stop,The report documented smith's fracture in this patient.
none,monopolar depression,단극성 우울병,단극성 우울증,이 보고서는 이 환자의 단극성 우울증을 기록했다.,오답,-,,,[],stop,The report documented monopolar depression in this patient.
none,mutiple myeloma,다발성 골수종,다발성 골수종,보고서는 이 환자에게서 다발성 골수종을 기록했습니다.,정답(대표),exact,,,[],stop,The report documented mutiple myeloma in this patient.
none,fenestrated capillary,창문모세혈관,창모세혈관,의사의 문서에 창모세혈관이 언급되었다.,오답,-,,,[],stop,The doctor's document mentioned fenestrated capillary.
none,aspergillus niger,아스페르길루스니게르,아스페르길루스 니거,의사의 문서에 아스페르길루스 니거가 언급되었습니다.,오답,-,,,[],stop,The doctor's document mentioned aspergillus niger.
none,eccrine poroma,외분비 한공종,에크린 포로마,이 환자에게서 에크린 포로마가 발겵되었다고 보고서에 기록되어 있다.,오답,-,,,[],stop,The report documented eccrine poroma in this patient.
none,blood donation,헌혈,헌혈,의사의 문서는 헌혈을 언급했다.,정답(대표),exact,,,[],stop,The doctor's document mentioned blood donation.
none,annulospiral ending,고리나선신경종말,고리나선종말,의사의 문서에 고리나선종말이 언급되었다.,오답,-,,,[],stop,The doctor's document mentioned annulospiral ending.
none,sao paulo fever,상파울로열,상파울루 열,이 보고서는 이 환자에서 상파울루 열을 기록했습니다.,오답,-,,,[],stop,The report documented sao paulo fever in this patient.
none,adjustable suture,조정봉합,조절봉합사,의사의 문서에 조절봉합사가 언급되었습니다.,오답,-,,,[],stop,The doctor's document mentioned adjustable suture.
none,antigenic reversion,항원복귀,항원 역행,의사의 문서에 항원 역행이 언급되었다.,오답,-,,,[],stop,The doctor's document mentioned antigenic reversion.
none,meckel's diverticulectomy,멕켈 게실절제술,메켈 게실 절제술,보고서는 이 환자에서 메켈 게실 절제술을 기록했다.,오답,-,,,[],stop,The report documented meckel's diverticulectomy in this patient.
none,suggillation,광범피부밑출혈,청자반,의사의 문서에 청자반이 언급되었다.,오답,-,,,[],stop,The doctor's document mentioned suggillation.
none,m line,중간가로막,m line,의사의 문서에 m line이 언급되었습니다.,오답,-,,,['bad_chars'],stop,The doctor's document mentioned m line.
none,stenoxenous parasite,협숙주기생충,협숙주 기생충,의사의 문서는 협숙주 기생충을 언급했다.,정답(대표),nospace,,,[],stop,The doctor's document mentioned stenoxenous parasite.
none,punctal ectropion,눈물점겉말림,점상 외반증,이 환자에게 점상 외반증이 있다고 보고서에 기록되었다.,오답,-,,,[],stop,The report documented punctal ectropion in this patient.
none,presbyophrenia,노년치매,노인성 치매,의사의 문서에 노인성 치매가 언급되었습니다.,오답,-,,,[],stop,The doctor's document mentioned presbyophrenia.
none,cholangioscopy,담관내시경(술),담도내시경,의사의 문서에 담도내시경이 언급되었습니다.,오답,-,,,[],stop,The doctor's document mentioned cholangioscopy.
none,balloon kyphoplasty,풍선 척추성형,풍선 척추성형술,이 환자에서 풍선 척추성형술을 시행한 것으로 보고되었습니다.,오답,-,,,[],stop,The report documented balloon kyphoplasty in this patient.
none,root resection,치근 절제술,근절제술,이 환자의 근절제술이 보고서에 기록되었습니다.,오답,-,,,[],stop,The report documented root resection in this patient.
none,horopter,단일시궤도,호롭터,의사의 문서에 호롭터가 언급되었다.,정답(동의어),exact,,,[],stop,The doctor's document mentioned horopter.
none,classic abdominoplasty,전형적 복부성형술,정통 복부성형술,이 환자에서 정통 복부성형술을 시행한 것으로 보고서에 기록되어 있다.,오답,-,,,[],stop,The report documented classic abdominoplasty in this patient.
none,rheumatoid vasculitis,류마티스혈관염,류마티스 혈관염,이 보고서는 이 환자에서 류마티스 혈관염을 기록했습니다.,정답(대표),nospace,,,[],stop,The report documented rheumatoid vasculitis in this patient.
none,ocular fundus,안저,안저,의사의 문서에 안저가 언급되었습니다.,정답(대표),exact,,,[],stop,The doctor's document mentioned ocular fundus.
none,thyroid nodule,갑상선소결절,갑상선 결절,의사의 문서에 갑상선 결절이 언급되었습니다.,오답,-,,,[],stop,The doctor's document mentioned thyroid nodule.
none,hypofunction,기능저하,기능 저하,의사의 문서에 기능 저하가 언급되었습니다.,정답(대표),nospace,,,[],stop,The doctor's document mentioned hypofunction.
none,postoperative nasopharynx cancer,"비인두암, 수술후 상태",수술 후 비인두암,이 보고서는 이 환자에게서 수술 후 비인두암을 기록하였다.,오답,-,,,[],stop,The report documented postoperative nasopharynx cancer in this patient.
none,hearing impairment,청각 부전,청력 장애,이 보고서는 이 환자에게서 청력 장애를 기록했다.,오답,-,,,[],stop,The report documented hearing impairment in this patient.
none,continuous,연속-,연속,의사의 문서에 연속이 언급되었다.,오답,-,,,[],stop,The doctor's document mentioned continuous.
none,uncoupling,결합저지,비동조,의사의 문서에 비동조가 언급되었다.,오답,-,,,[],stop,The doctor's document mentioned uncoupling.
none,subretinal,망막밑-,망막하,의사의 문서에 망막하가 언급되었습니다.,오답,-,,,[],stop,The doctor's document mentioned subretinal.
none,venule,세정맥,세정맥,의사의 문서에 세정맥이 언급되었다.,정답(대표),exact,,,[],stop,The doctor's document mentioned venule.
none,ceruminous gland,귀지샘,이선,의사의 문서에 이선이 언급되었다.,오답,-,,,[],stop,The doctor's document mentioned ceruminous gland.
none,nitrogen dioxide,이산화질소,이산화 질소,의사의 문서에 이산화 질소가 언급되었습니다.,정답(대표),nospace,,,[],stop,The doctor's document mentioned nitrogen dioxide.
none,reverse mutation,역돌연변이,역돌연변이,의사의 문서에 역돌연변이가 언급되었다.,정답(대표),exact,,,[],stop,The doctor's document mentioned reverse mutation.
none,familial polyposis,가족성폴립증,가족성 용종증,의사의 문서에는 가족성 용종증이 언급되어 있었다.,오답,-,,,[],stop,The doctor's document mentioned familial polyposis.
none,blood fluke,주혈흡충,주혈흡충,의사의 문서에 주혈흡충이 언급되었다.,정답(대표),exact,,,[],stop,The doctor's document mentioned blood fluke.
none,delay procedure,지연처치,지연 절차,의사의 서류에 지연 절차가 언급되었습니다.,오답,-,,,[],stop,The doctor's document mentioned delay procedure.
none,eurytrema pancreaticum,췌질,췌장흡충,의사의 문서에 췌장흡충이 언급되었습니다.,오답,-,,,[],stop,The doctor's document mentioned eurytrema pancreaticum.
none,intermittent explosive disorder,간헐폭발병,간헐적 폭발 장애,이 보고서는 이 환자에게 간헐적 폭발 장애가 있음을 문서화했습니다.,오답,-,,,[],stop,The report documented intermittent explosive disorder in this patient.
none,interoceptive,내수용-,내장감각,의사의 문서에 내장감각이 언급되었다.,오답,-,,,[],stop,The doctor's document mentioned interoceptive.
none,onchocercoma,회선사상충결절,온코세르코마,의사의 문서는 온코세르코마를 언급했다.,오답,-,,,[],stop,The doctor's document mentioned onchocercoma.
none,endoscopic transmyocardial revascularization,내시경 이용 심근경유 혈관 재형성,내시경적 경심근 혈관재형성술,이 보고서는 이 환자에서 내시경적 경심근 혈관재형성술을 기록하였다.,오답,-,,,[],stop,The report documented endoscopic transmyocardial revascularization in this patient.
none,ctha and ctap,컴퓨터 단층촬영 간 동맥조영술과 컴퓨터 단층촬영 문맥조영술,ctha 및 ctap,이 보고서는 이 환자에서 ctha 및 ctap을 문서화했습니다.,오답,-,,,['bad_chars'],stop,The report documented ctha and ctap in this patient.
none,transcervical thymectomy,자궁목 경유 가슴샘 절제,경경부 흉선절제술,보고서는 이 환자에서 경경부 흉선절제술을 문서화했다.,오답,-,,,[],stop,The report documented transcervical thymectomy in this patient.
none,assess disimpaction,매복변제거 사정,정체 평가,의사의 문서에 정체 평가가 언급되었습니다.,오답,-,,,[],stop,The doctor's document mentioned assess disimpaction.
none,pachyonychia congenita,선천손발톱비대증,선천성 비후증,의사의 문서에는 선천성 비후증이 언급되어 있었습니다.,오답,-,,,[],stop,The doctor's document mentioned pachyonychia congenita.
none,retrograde impulse,역방향흥분,역행성 충동,의사의 문서에 역행성 충동이 언급되었다.,오답,-,,,[],stop,The doctor's document mentioned retrograde impulse.
none,reactive,반응성-,반응성,의사의 문서에 반응성이 언급되었습니다.,정답(동의어),exact,,,[],stop,The doctor's document mentioned reactive.
none,posttransplant lymphoproliferative disease,이식후림프세포증식병,이식후 림프증식성 질환,의사의 문서에 이식후 림프증식성 질환이 언급되었습니다.,오답,-,,,[],stop,The doctor's document mentioned posttransplant lymphoproliferative disease.
none,bionator,바이오네이터,바이오네이터,의사의 문서에 바이오네이터가 언급되었다.,정답(대표),exact,,,[],stop,The doctor's document mentioned bionator.
none,interim abutment,임시 지대주,임시 어버트먼트,의사의 문서에 임시 어버트먼트가 언급되었다.,오답,-,,,[],stop,The doctor's document mentioned interim abutment.
none,tubular reabsorption,요세관재흡수,세뇨관 재흡수,의사의 문서는 세뇨관 재흡수를 언급했다.,오답,-,,,[],stop,The doctor's document mentioned tubular reabsorption.
none,ineffective protection,비효율적 방어능력,비효과적인 보호,의사의 문서에 비효과적인 보호가 언급되었습니다.,오답,-,,,[],stop,The doctor's document mentioned ineffective protection.
none,antroscope,위턱굴보개,전절경,의사의 문서에 전절경이 언급되었다.,오답,-,,,[],stop,The doctor's document mentioned antroscope.
none,angioma cavernosum,해면혈관종,해면혈종,의사의 문서에 해면혈종이 언급되었습니다.,오답,-,,,[],stop,The doctor's document mentioned angioma cavernosum.
none,carbamino reaction,카르바미노반응,카르바미노 반응,의사의 문서에 카르바미노 반응이 언급되었다.,정답(대표),nospace,,,[],stop,The doctor's document mentioned carbamino reaction.
none,secretory cyst,분비체류성낭,분비성 낭종,의사의 문서에서 분비성 낭종이 언급되었습니다.,오답,-,,,[],stop,The doctor's document mentioned secretory cyst.
none,primary mover,주작용근,주요 움직임 근육,의사의 문서에 주요 움직임 근육이 언급되었다.,오답,-,,,[],stop,The doctor's document mentioned primary mover.
none,laparoscopic appendectomy,배안보개 이용 막창자꼬리 절제,복강경 충수절제술,보고서는 이 환자에서 복강경 충수절제술을 기록했습니다.,오답,-,,,[],stop,The report documented laparoscopic appendectomy in this patient.
none,columella lengthening,코기둥연장(술),비늘연장,의사의 문서에 비늘연장이 언급되었다.,오답,-,,,[],stop,The doctor's document mentioned columella lengthening.
none,epidural nerve block,경막외 신경차단술,경막외 신경 차단술,의사의 문서에서 경막외 신경 차단술이 언급되었습니다.,정답(대표),nospace,,,[],stop,The doctor's document mentioned epidural nerve block.
none,paraduodenal fold,샘창자옆주름,십이지장 주위 주름,의사의 문서에서 십이지장 주위 주름이 언급되었습니다.,오답,-,,,[],stop,The doctor's document mentioned paraduodenal fold.
none,arm-to-retina circulation time,팔망막순환시간,팔에서 망막까지의 순환 시간,의사의 문서에 팔에서 망막까지의 순환 시간이 언급되었습니다.,오답,-,,,[],stop,The doctor's document mentioned arm-to-retina circulation time.
none,dental granuloma,뿌리끝육아종,치아 육아종,의사의 서류에서 치아 육아종이 언급되었습니다.,오답,-,,,[],stop,The doctor's document mentioned dental granuloma.
none,infraction,균열골절,위반,의사의 서류에 위반이 언급되었다.,오답,-,,,[],stop,The doctor's document mentioned infraction.
none,rickets of prematurity,미숙아의 구루병,미숙아 구루병,이 보고서는 이 환자에서 미숙아 구루병을 기록했습니다.,오답,-,,,[],stop,The report documented rickets of prematurity in this patient.
none,personal identity disturbance,자아정체성장애,자아정체성 혼란,의사의 서류에 자아정체성 혼란이 언급되었다.,오답,-,,,[],stop,The doctor's document mentioned personal identity disturbance.
none,acclimation fever,순화열,순화열,의사의 문서에는 순화열이 언급되었습니다.,정답(대표),exact,,,[],stop,The doctor's document mentioned acclimation fever.
none,fasciola hepatica,간질,간층충,의사의 문서에 간층충이 언급되었습니다.,오답,-,,,[],stop,The doctor's document mentioned fasciola hepatica.
none,egg yolk medium,달걀노른자배지,난황 배지,의사의 문서에는 난황 배지가 언급되어 있었다.,오답,-,,,[],stop,The doctor's document mentioned egg yolk medium.
none,enteral tube irrigation,위장관세척,장관 튜브 세첹,의사의 문서에 장관 튜브 세첹이 언급되었습니다.,오답,-,,,[],stop,The doctor's document mentioned enteral tube irrigation.
none,dorsal vein arterialization,배측 정맥 동맥혈화,음경배동맥화,이 보고서는 이 환자에서 음경배동맥화를 기록하였다.,오답,-,,,[],stop,The report documented dorsal vein arterialization in this patient.
none,pilar cyst,모낭,모낭종,보고서는 이 환자에서 모낭종을 기록했다.,오답,-,,,[],stop,The report documented pilar cyst in this patient.
none,vasectomy seekers,정관절제술탐침,정관수술을 원하는 사람들,의사의 문서에 정관수술을 원하는 사람들이 언급되었다.,오답,-,,,[],stop,The doctor's document mentioned vasectomy seekers.
none,metathalamus,시상후부,후시상,의사의 문서에는 후시상이 언급되어 있었다.,오답,-,,,[],stop,The doctor's document mentioned metathalamus.
none,ocular prosthesis,의안,의안,의사의 서류에 의안에 대한 언급이 있었습니다.,정답(대표),exact,,,[],stop,The doctor's document mentioned ocular prosthesis.
none,noonan syndrome,누난 증후군,누난 증후군,보고서는 이 환자에서 누난 증후군을 문서화했습니다.,정답(대표),exact,,,[],stop,The report documented noonan syndrome in this patient.
none,petrooccipital fissure,바위뒤통수틈새,측두골와 절裂,의사의 문서에서는 측두골와 절裂을 언급했습니다.,오답,-,,,[],stop,The doctor's document mentioned petrooccipital fissure.
none,analgesia dolorosa,무감각부위통증,통증성 무통증,의사의 문서에 통증성 무통증이 언급되었습니다.,오답,-,,,[],stop,The doctor's document mentioned analgesia dolorosa.
none,surgical staging,외과적시기결정,수술적 병기 결정,의사의 문서에 수술적 병기 결정이 언급되었습니다.,오답,-,,,[],stop,The doctor's document mentioned surgical staging.
none,ear drum,고막,고막,의사의 문서에 고막이 언급되었습니다.,정답(대표),exact,,,[],stop,The doctor's document mentioned ear drum.
none,retroactive inhibition,역행기억억제,역행적 억제,의사의 문서에 역행적 억제가 언급되었다.,오답,-,,,[],stop,The doctor's document mentioned retroactive inhibition.
none,parasympathetic nervous system,부교감신경계통,부교감신경계,의사의 문서에 부교감신경계가 언급되었다.,정답(동의어),exact,,,[],stop,The doctor's document mentioned parasympathetic nervous system.
none,leukokeratosis nicotina palati,구개 니코틴성 백색각화증,구개 니코틴 백각증,보고서는 이 환자에서 구개 니코틴 백각증을 기록했습니다.,오답,-,,,[],stop,The report documented leukokeratosis nicotina palati in this patient.
none,radiodigital,노손가락-,방사선 디지털,의사의 문서에 방사선 디지털이 언급되었습니다.,오답,-,,,[],stop,The doctor's document mentioned radiodigital.
none,worm-eaten soles,벌레먹은 발바닥,벌레 먹은 발바닥,보고서는 이 환자의 벌레 먹은 발바닥을 기록했다.,정답(대표),nospace,,,[],stop,The report documented worm-eaten soles in this patient.
none,substantia nigra,흑(색)질,흑질,의사의 문서는 흑질을 언급했습니다.,오답,-,,,[],stop,The doctor's document mentioned substantia nigra.
none,ureteroscopic,요도경검사에 의한,요관경,의사의 문서에서 요관경 검사를 언급했습니다.,오답,-,,,[],stop,The doctor's document mentioned ureteroscopic.
none,preexcitation ecg,조기흥분,예비흥분 심전도,이 보고서는 이 환자에서 예비흥분 심전도를 기록했다.,오답,-,,,[],stop,The report documented preexcitation ecg in this patient.
none,long labor,지연 진통,긴 산과,보고서는 이 환자의 긴 산과를 기록했습니다.,오답,-,,,[],stop,The report documented long labor in this patient.
none,status thymicus,가슴샘체질,흉선 상태,의사의 문서는 흉선 상태를 언급했다.,오답,-,,,[],stop,The doctor's document mentioned status thymicus.
none,convalescence following chemotherapy,화학요법후 회복기,항암화학요법 후 회복기,이 보고서는 이 환자에서 항암화학요법 후 회복기를 기록하였다.,오답,-,,,[],stop,The report documented convalescence following chemotherapy in this patient.
none,hereditary amyloid nephropathy,유전성 아밀로이드 신장병증,유전성 아밀로이드 신증,보고서는 이 환자에서 유전성 아밀로이드 신증을 문서화했습니다.,오답,-,,,[],stop,The report documented hereditary amyloid nephropathy in this patient.
none,thymopoietin,티모포이에틴,티모포이에틴,의사의 문서에 티모포이에틴이 언급되었다.,정답(대표),exact,,,[],stop,The doctor's document mentioned thymopoietin.
none,uropoiesis,요생산,요형성,의사의 문서에 요형성이 언급되었다.,오답,-,,,[],stop,The doctor's document mentioned uropoiesis.
none,ileal neoplasms,돌창자 신생물,회장 종양,의사의 문서에서 회장 종양이 언급되었습니다.,오답,-,,,[],stop,The doctor's document mentioned ileal neoplasms.
none,cap crown,금관,캡 크라운,의사의 서류에 캡 크라운이 언급되었습니다.,오답,-,,,[],stop,The doctor's document mentioned cap crown.
none,aspirations (psychology),흡인,포부(심리학),의사의 문서는 포부(심리학)를 언급했다.,오답,-,,,['bad_chars'],stop,The doctor's document mentioned aspirations (psychology).
none,cervico-occipital neuralgia,목 뒤통수 신경통,경후두부 신경통,보고서에는 이 환자에게 경후두부 신경통이 있음이 기록되어 있었다.,오답,-,,,[],stop,The report documented cervico-occipital neuralgia in this patient.
none,orthognathic surgery,악교정수술,교합술,의사의 문서에 교합술이 언급되었습니다.,오답,-,,,[],stop,The doctor's document mentioned orthognathic surgery.
none,polyneuralgia,다발신경통,다발신경통,의사의 문서에 다발신경통이 언급되었습니다.,정답(대표),exact,,,[],stop,The doctor's document mentioned polyneuralgia.
none,open-chain compound,열린사슬화합물,개방쇄 화합물,의사의 문서에 개방쇄 화합물이 언급되었다.,오답,-,,,[],stop,The doctor's document mentioned open-chain compound.
none,glycophorin,글리코포린,글리코포린,의사의 문서에 글리코포린이 언급되었다.,정답(대표),exact,,,[],stop,The doctor's document mentioned glycophorin.
none,laparoscopic unilateral salpingo-oophorectomy,배안보개 이용 한쪽 자궁관난소 적출,복강경 편측 난관난소절제술,이 보고서는 이 환자에서 복강경 편측 난관난소절제술을 기록하였다.,오답,-,,,[],stop,The report documented laparoscopic unilateral salpingo-oophorectomy in this patient.
none,puborectalis muscle,두덩곧창자근,치골직장근,의사의 문서에 치골직장근이 언급되어 있었다.,정답(동의어),exact,,,[],stop,The doctor's document mentioned puborectalis muscle.
none,dyspnea disorder,천증,호흡곤란 장애,보고서는 이 환자에서 호흡곤란 장애를 기록했다.,오답,-,,,[],stop,The report documented dyspnea disorder in this patient.
none,ureteropelvic junction,요관깔때기이음부,요관신우접합부,의사의 문서에 요관신우접합부가 언급되었다.,오답,-,,,[],stop,The doctor's document mentioned ureteropelvic junction.
none,eosinophilic non-allergic rhinitis,호산성 비알레르기성 비염,호산구성 비알레르기성 비염,의사의 문서에서 호산구성 비알레르기성 비염이 언급되었습니다.,오답,-,,,[],stop,The doctor's document mentioned eosinophilic non-allergic rhinitis.
none,fixator muscle,고정근육,고정근,의사의 문서에 고정근이 언급되었다.,오답,-,,,[],stop,The doctor's document mentioned fixator muscle.
none,endosome,엔도솜,엔도좀,의사의 문서에 엔도좀이 언급되었습니다.,오답,-,,,[],stop,The doctor's document mentioned endosome.
none,stenopeic,가는틈-,핀홀,의사의 문서에는 핀홀을 언급했다.,오답,-,,,[],stop,The doctor's document mentioned stenopeic.
none,femur,넙다리뼈,대퇴골,의사의 문서에 대퇴골이 언급되었습니다.,정답(동의어),exact,,,[],stop,The doctor's document mentioned femur.
none,autoeroticism,자기성애,자기애정증,의사의 문서에는 자기애정증이 언급되었다.,오답,-,,,[],stop,The doctor's document mentioned autoeroticism.
none,immunodiagnostic method,면역진단법,면역진단법,의사의 문서에서 면역진단법이 언급되었습니다.,정답(대표),exact,,,[],stop,The doctor's document mentioned immunodiagnostic method.
none,eye swelling,안구 부기,눈 부종,의사의 문서에 눈 부종이 언급되었습니다.,오답,-,,,[],stop,The doctor's document mentioned eye swelling.
none,potential doubling time,잠재배가시간,잠재적 배가 시간,의사의 문서에 잠재적 배가 시간이 언급되었습니다.,오답,-,,,[],stop,The doctor's document mentioned potential doubling time.
none,factor viii,제8인자,제8인자,의사의 문서에 제8인자가 언급되었다.,정답(대표),exact,,,[],stop,The doctor's document mentioned factor viii.
none,tzanck smear test,장크도말검사,짜크 도말 검사,의사의 문서에 짜크 도말 검사가 언급되었습니다.,오답,-,,,[],stop,The doctor's document mentioned tzanck smear test.
none,genuine diabetes,진성당뇨병,진성 당뇨,의사의 문서에 진성 당뇨가 언급되었습니다.,오답,-,,,[],stop,The doctor's document mentioned genuine diabetes.
none,prostate mri,기본자기공명영상진단-복부-전립선-일반,전립선 mri,이 환자에게 전립선 mri가 시행되었습니다.,오답,-,,,['bad_chars'],stop,prostate mri was performed on this patient.
none,incretology,내분비학,인크레틴학,의사의 문서에 인크레틴학이 언급되었다.,오답,-,,,[],stop,The doctor's document mentioned incretology.
none,tracheobronchial,기관기관지-,기관기관지,의사의 문서에 기관기관지가 언급되었다.,오답,-,,,[],stop,The doctor's document mentioned tracheobronchial.
none,dysostosis multiplex group,다발 집단 뼈발생이상,골형성부전증 군,의사의 문서에 골형성부전증 군이 언급되었습니다.,오답,-,,,[],stop,The doctor's document mentioned dysostosis multiplex group.
none,macrostomia cribrosa,체반,macrostomia cribrosa,의사의 문서에 macrostomia cribrosa가 언급되었습니다.,오답,-,,,['bad_chars'],stop,The doctor's document mentioned macrostomia cribrosa.
none,spireme,분산사구,사염체,의사의 문서는 사염체를 언급했다.,오답,-,,,[],stop,The doctor's document mentioned spireme.
none,enteral feeding regime,경장 섭취 요법,경장 영양 요법,의사의 문서에 경장 영양 요법이 언급되었습니다.,오답,-,,,[],stop,The doctor's document mentioned enteral feeding regime.
none,posterior cordectomy,뒷쪽 성대 절제,후부 성대절제술,이 환자에서 후부 성대절제술을 시행한 것으로 보고서에 기록되었다.,오답,-,,,[],stop,The report documented posterior cordectomy in this patient.
none,assess circulatory care,순환계간호 사정,순환 관리 평가,의사의 문서에는 순환 관리 평가가 언급되어 있었다.,오답,-,,,[],stop,The doctor's document mentioned assess circulatory care.
none,radionuclide angiocardiography,방사성핵종심(장)혈관조영(술),방사성핵종 혈관심장조영술,의사의 문서에 방사성핵종 혈관심장조영술이 언급되었다.,오답,-,,,[],stop,The doctor's document mentioned radionuclide angiocardiography.
none,blood in stool,대변 속 혈액,혈변,의사의 문서에 혈변이 언급되었습니다.,정답(동의어),exact,,,[],stop,The doctor's document mentioned blood in stool.
none,inhalator,흡입기,흡입기,의사의 문서에 흡입기가 언급되었습니다.,정답(대표),exact,,,[],stop,The doctor's document mentioned inhalator.
none,counterfeit disease,꾀병,가짜 질병,의사의 문서는 가짜 질병을 언급했다.,오답,-,,,[],stop,The doctor's document mentioned counterfeit disease.
none,supratentorial neoplasms,천막위 신생물,뇌천막상 종양,의사의 문서에 뇌천막상 종양이 언급되었습니다.,오답,-,,,[],stop,The doctor's document mentioned supratentorial neoplasms.
none,entire nasal septum,온코사이막,전체 비중격,의사의 문서는 전체 비중격을 언급했다.,오답,-,,,[],stop,The doctor's document mentioned entire nasal septum.
none,hairy-cell leukemia,털세포백혈병,모발세포 백혈병,보고서는 이 환자에게 모발세포 백혈병이 있음을 문서화했습니다.,오답,-,,,[],stop,The report documented hairy-cell leukemia in this patient.
none,nonalcoholic steaohepatitis,비알코올성 지방간염,비알코올성 지방간염,보고서는 이 환자에게 비알코올성 지방간염이 있음을 문서화했습니다.,정답(대표),exact,,,[],stop,The report documented nonalcoholic steaohepatitis in this patient.
none,conjoined,연합-,결합된,의사의 문서에 결합된 것이 언급되었다.,오답,-,,,[],stop,The doctor's document mentioned conjoined.
none,cyst of prostate,전립샘 낭,전립선 낭종,보고서는 이 환자에서 전립선 낭종을 기록했습니다.,오답,-,,,[],stop,The report documented cyst of prostate in this patient.
none,fiberoptic endoscopic,광섬유내시경,섬유내시경,의사의 문서에서 섬유내시경이 언급되었습니다.,오답,-,,,[],stop,The doctor's document mentioned fiberoptic endoscopic.
none,anaphylactoid crisis,아나필락시스유사위기,아나필락토이드 위기,의사의 문서에 아나필락토이드 위기가 언급되었습니다.,오답,-,,,[],stop,The doctor's document mentioned anaphylactoid crisis.
none,holoparasite,완전기생체,홀로기생충,의사의 문서에 홀로기생충이 언급되었다.,오답,-,,,[],stop,The doctor's document mentioned holoparasite.
none,cataract ou,두눈 백내장,양안 백내장,의사의 문서에 양안 백내장이 언급되었습니다.,오답,-,,,[],stop,The doctor's document mentioned cataract ou.
none,hydropneumothorax,물공기가슴증,수기흉,이 보고서는 이 환자에게서 수기흉을 기록했다.,정답(동의어),exact,,,[],stop,The report documented hydropneumothorax in this patient.
none,myotonia,근긴장증,근긴장증,보고서는 이 환자의 근긴장증을 기록했습니다.,정답(대표),exact,,,[],stop,The report documented myotonia in this patient.
none,pericanalicular,소관주위-,세관주위,의사의 문서에 세관주위가 언급되었습니다.,오답,-,,,[],stop,The doctor's document mentioned pericanalicular.
none,carpenter's syndrome,카펜터 증후군,목수 증후군,이 보고서는 이 환자에서 목수 증후군을 문서화했습니다.,오답,-,,,[],stop,The report documented carpenter's syndrome in this patient.
none,intermenstruum,월경간기,월경 간기,의사의 문서에 월경 간기가 언급되었습니다.,정답(대표),nospace,,,[],stop,The doctor's document mentioned intermenstruum.
none,cabot ring bodies,카보트고리소체,카보트 고리체,의사의 문서에 카보트 고리체가 언급되었다.,오답,-,,,[],stop,The doctor's document mentioned cabot ring bodies.
none,organic writer's cramp,기질성 서경,기질적 서경련,이 보고서는 이 환자에게서 기질적 서경련을 문서화했다.,오답,-,,,[],stop,The report documented organic writer's cramp in this patient.
none,perform diversional care,전환간호 수행,전환 활동 간호 수행,의사의 문서에 전환 활동 간호 수행이 언급되었습니다.,오답,-,,,[],stop,The doctor's document mentioned perform diversional care.
none,postmenopausal bleeding,폐경기후 출혈,폐경 후 출혈,이 보고서는 이 환자에서 폐경 후 출혈을 기록했습니다.,오답,-,,,[],stop,The report documented postmenopausal bleeding in this patient.
none,pit carries,오목부분 우식,피트 캐리스,보고서는 이 환자의 피트 캐리스를 기록했습니다.,오답,-,,,[],stop,The report documented pit carries in this patient.
none,ulcerative gingivitis (chronic),궤양성 치은염(잇몸염)(만성),만성 궤양성 치은염,의사의 문서에는 만성 궤양성 치은염이 언급되어 있었다.,오답,-,,,[],stop,The doctor's document mentioned ulcerative gingivitis (chronic).
none,plating method,평판배양법,도금 방법,의사의 문서에 도금 방법이 언급되었습니다.,오답,-,,,[],stop,The doctor's document mentioned plating method.
none,macular holes,황반 원공,황반원공,의사의 문서에 황반원공이 언급되었습니다.,정답(대표),nospace,,,[],stop,The doctor's document mentioned macular holes.
none,dying process deteriorated,임종과정 악화됨,임종 과정 악화됨,의사의 서류에서 임종 과정 악화됨이 언급되었습니다.,정답(대표),nospace,,,[],stop,The doctor's document mentioned dying process deteriorated.
none,mediastinotomy,세로칸절개(술),종격동절개술,의사의 문서에 종격동절개술이 언급되었습니다.,오답,-,,,[],stop,The doctor's document mentioned mediastinotomy.
none,vegetant intravascular hemangioendothelioma,증식혈관내혈관내피종,식생성 혈관내 혈관내피종,의사의 문서에는 식생성 혈관내 혈관내피종이 언급되어 있었습니다.,오답,-,,,[],stop,The doctor's document mentioned vegetant intravascular hemangioendothelioma.
none,skull view,두부촬영,두개골 관점,의사의 문서에 두개골 관점이 언급되었습니다.,오답,-,,,[],stop,The doctor's document mentioned skull view.
none,nerve root injury,척추 신경뿌리의 손상,신경근 손상,이 환자에서 신경근 손상을 보고했다.,오답,-,,,[],stop,The report documented nerve root injury in this patient.
none,clay stool,회색변,점토 변,의사의 문서에 점토 변이 언급되어 있었다.,오답,-,,,[],stop,The doctor's document mentioned clay stool.
none,von hippel-lindau disease,폰히펠-린다우병,폰 히펠-린다우병,의사의 문서에 폰 히펠-린다우병이 언급되었습니다.,정답(대표),nospace,,,[],stop,The doctor's document mentioned von hippel-lindau disease.
none,arthroscopic menisectomy,관절경 이용 초승달 절제,관절경적 반월절제술,보고서는 이 환자에서 관절경적 반월절제술을 기록했다.,오답,-,,,[],stop,The report documented arthroscopic menisectomy in this patient.
none,anthracosis,탄분증,탄분증,이 환자에게 탄분증이 있다는 것이 보고서에 기록되었습니다.,정답(대표),exact,,,[],stop,The report documented anthracosis in this patient.
none,endocervical hyperplasia,자궁목내막과다형성,자궁경관 과형성,의사의 문서에서 자궁경관 과형성이 언급되었습니다.,오답,-,,,[],stop,The doctor's document mentioned endocervical hyperplasia.
none,apicoectomy,치근첨절제(술),근단절제술,이 환자에서 근단절제술이 문서화되었다.,오답,-,,,[],stop,The report documented apicoectomy in this patient.
none,palpating,촉진하기,촉진,의사의 문서에 촉진이 언급되었다.,오답,-,,,[],stop,The doctor's document mentioned palpating.
none,anesthesiologist,마취과의사,마취과 전문의,의사의 문서에서 마취과 전문의를 언급했습니다.,오답,-,,,[],stop,The doctor's document mentioned anesthesiologist.
none,operative cholangiography,수술쓸개관조영(술),수술 중 담관조영술,의사의 문서에 수술 중 담관조영술이 언급되었다.,오답,-,,,[],stop,The doctor's document mentioned operative cholangiography.
none,pilomatrixoma,털바탕질종,모기질종,이 환자에서 모기질종이 보고되었습니다.,정답(동의어),exact,,,[],stop,The report documented pilomatrixoma in this patient.
none,foville syndrome,포비유 증후군,포빌 증후군,이 보고서는 이 환자에서 포빌 증후군을 문서화했습니다.,오답,-,,,[],stop,The report documented foville syndrome in this patient.
none,ischial tuberosity structure,궁둥뼈결절,좌골 결절 구조,의사의 문서에 좌골 결절 구조가 언급되었습니다.,오답,-,,,[],stop,The doctor's document mentioned ischial tuberosity structure.
none,frolement,미세마찰음,마찰,의사의 문서에 마찰이 언급되었다.,오답,-,,,[],stop,The doctor's document mentioned frolement.
none,neurodeatrophia,망막위축,신경퇴행,의사의 문서에 신경퇴행이 언급되었습니다.,오답,-,,,[],stop,The doctor's document mentioned neurodeatrophia.
none,cold sore,입술헤르페스,포진,의사의 서류에 포진이 언급되었습니다.,오답,-,,,[],stop,The doctor's document mentioned cold sore.
none,assess breastfeeding support,모유수유지지 사정,모유 수유 지원 평가,의사의 문서에는 모유 수유 지원 평가가 언급되었습니다.,오답,-,,,[],stop,The doctor's document mentioned assess breastfeeding support.
none,iridocoloboma,홍채결손,홍채결손증,의사의 문서에 홍채결손증이 언급되었습니다.,오답,-,,,[],stop,The doctor's document mentioned iridocoloboma.
none,basal seat,의치지지조직,기저부,의사의 문서에 기저부가 언급되었다.,오답,-,,,[],stop,The doctor's document mentioned basal seat.
none,senile(atrophic) vaginitis,노년(위축) 질염,노인성(위축성) 질염,보고서에는 이 환자에게 노인성(위축성) 질염이 있다고 기록되어 있다.,오답,-,,,['bad_chars'],stop,The report documented senile(atrophic) vaginitis in this patient.
none,biopsy of cul-de-sac,막힌주머니 생검,자궁직장수와의 생검,보고서는 이 환자에서 자궁직장수와의 생검을 기록하였다.,오답,-,,,[],stop,The report documented biopsy of cul-de-sac in this patient.
none,medullary canal,골수공간,골수강,의사의 문서는 골수강을 언급했다.,정답(동의어),exact,,,[],stop,The doctor's document mentioned medullary canal.
none,cathemoglobin,카트헤모글로빈,카트헤모글로빈,의사의 문서에 카트헤모글로빈이 언급되었다.,정답(대표),exact,,,[],stop,The doctor's document mentioned cathemoglobin.
none,intrahepatic,간내-,간내,의사의 문서에서 간내(intrahepatic)가 언급되었습니다.,오답,-,,,[],stop,The doctor's document mentioned intrahepatic.
none,multicystic kidney disease,다낭신장병,다낭성 신질환,이 환자에서 다낭성 신질환을 기록했다.,오답,-,,,[],stop,The report documented multicystic kidney disease in this patient.
none,wrist joint,요골수근관절,손목 관절,의사의 문서에 손목 관절이 언급되었습니다.,오답,-,,,[],stop,The doctor's document mentioned wrist joint.
none,reciprocal shaker,왕복진탕기,상호 진탕기,의사의 문서에 상호 진탕기가 언급되었다.,오답,-,,,[],stop,The doctor's document mentioned reciprocal shaker.
none,apical surgery,치근단 수술,근첨 수술,의사의 문서에 근첨 수술이 언급되었습니다.,오답,-,,,[],stop,The doctor's document mentioned apical surgery.
none,erythema migrans,이동성 홍반,방추홍반,보고서는 이 환자에서 방추홍반을 기록했습니다.,오답,-,,,[],stop,The report documented erythema migrans in this patient.
none,microencephaly,작은뇌증,소두증,의사의 문서에 소두증이 언급되었다.,오답,-,,,[],stop,The doctor's document mentioned microencephaly.
none,antifibrinolysin,항섬유소용해소제,항섬유소용해제,의사의 문서에 항섬유소용해제가 언급되었습니다.,오답,-,,,[],stop,The doctor's document mentioned antifibrinolysin.
none,alpha thalassemia,알파 지중해빈혈,알파 지중해빈혈,보고서는 이 환자에게서 알파 지중해빈혈을 기록했습니다.,정답(대표),exact,,,[],stop,The report documented alpha thalassemia in this patient.
none,nonvascularized bone graft,비혈관뼈이식,무혈관성 골 이식,의사의 문서에 무혈관성 골 이식이 언급되었습니다.,오답,-,,,[],stop,The doctor's document mentioned nonvascularized bone graft.
none,in situ hybridization,제자리부합법,in situ hybridization,의사의 문서는 in situ hybridization을 언급했습니다.,오답,-,,,['bad_chars'],stop,The doctor's document mentioned in situ hybridization.
none,wry neck,기운목,사경,이 환자의 사경이 보고서에 기록되었습니다.,정답(동의어),exact,,,[],stop,The report documented wry neck in this patient.
none,single outlet heart,단일유출로심장,단일 구실 심장,의사의 문서에 단일 구실 심장이 언급되었습니다.,오답,-,,,[],stop,The doctor's document mentioned single outlet heart.
none,lienorenal,지라콩팥-,비장신장,의사의 문서에 비장신장이 언급되었습니다.,오답,-,,,[],stop,The doctor's document mentioned lienorenal.
none,defervescence,해열,해열,의사의 문서에 해열이 언급되었다.,정답(대표),exact,,,[],stop,The doctor's document mentioned defervescence.
none,cheondol,천돌(天突),천돌,의사의 문서에 천돌이 언급되었다.,오답,-,,,[],stop,The doctor's document mentioned cheondol.
none,retrognathism,하악후퇴,후퇴증,의사의 문서에 후퇴증이 언급되었습니다.,오답,-,,,[],stop,The doctor's document mentioned retrognathism.
none,antineutrophil cytoplasmic antibody,항중성구세포질항체,항호중구 세포질 항체,의사의 문서에서 항호중구 세포질 항체가 언급되었습니다.,오답,-,,,[],stop,The doctor's document mentioned antineutrophil cytoplasmic antibody.
none,myelalgia,척수통증,골수통,의사의 문서에 골수통이 언급되었다.,오답,-,,,[],stop,The doctor's document mentioned myelalgia.
none,rolling disease,회전병,롤링 질환,의사의 문서에 롤링 질환이 언급되었다.,오답,-,,,[],stop,The doctor's document mentioned rolling disease.
none,lumbosacral enlargement,요천부팽대,요천수 팽대,의사의 문서에 요천수 팽대가 언급되었다.,오답,-,,,[],stop,The doctor's document mentioned lumbosacral enlargement.
none,atriocarotid interval,심방목동맥간격,심방경동맥 간격,의사의 문서에 심방경동맥 간격이 언급되었습니다.,오답,-,,,[],stop,The doctor's document mentioned atriocarotid interval.
none,septal angle,코중격각,비중격각,의사의 문서에 비중격각이 언급되었습니다.,정답(동의어),exact,,,[],stop,The doctor's document mentioned septal angle.
none,transfusion tests,수혈혈액검사,수혈 검사,의사의 문서에 수혈 검사가 언급되었습니다.,오답,-,,,[],stop,The doctor's document mentioned transfusion tests.
none,impaired eating behaviour,손상된 식습관 행위,식사 행동 장애,의사의 문서에 식사 행동 장애가 언급되었습니다.,오답,-,,,[],stop,The doctor's document mentioned impaired eating behaviour.
none,thyroid notch,방패패임,갑상연골절흔,의사의 문서에 갑상연골절흔이 언급되었다.,오답,-,,,[],stop,The doctor's document mentioned thyroid notch.
none,presence of mei,인공중이삽입물의 존재,메이의 존재를,보고서는 이 환자에서 메이의 존재를 기록했다.,오답,-,,,[],stop,The report documented presence of mei in this patient.
none,fall risk deteriorated,낙상 위험성 악화됨,낙상 위험이 악화되었다,의사의 문서에 낙상 위험이 악화되었다고 언급되었습니다.,오답,-,,,[],stop,The doctor's document mentioned fall risk deteriorated.
none,breast stereotactic biopsy,유방 입체정위 생검술,유방 정위 조직검사,의사의 문서에 유방 정위 조직검사가 언급되었습니다.,오답,-,,,[],stop,The doctor's document mentioned breast stereotactic biopsy.
none,refractive accomodative esotropia,굴절조절 내사시,굴절성 조절성 내사시,보고서는 이 환자에서 굴절성 조절성 내사시를 기록했습니다.,오답,-,,,[],stop,The report documented refractive accomodative esotropia in this patient.
none,medical indigent,의료급여대상자,의료 빈곤자,의사의 문서에 의료 빈곤자가 언급되었습니다.,오답,-,,,[],stop,The doctor's document mentioned medical indigent.
none,buryu,부류(復溜),buryu,의사의 문서에 buryu가 언급되었다.,오답,-,,,['bad_chars'],stop,The doctor's document mentioned buryu.
none,dermatopathic lymphadenopathy,피부병림프절병(증),피부병성 림프절병증,의사의 문서에 피부병성 림프절병증이 언급되었습니다.,오답,-,,,[],stop,The doctor's document mentioned dermatopathic lymphadenopathy.
none,bis in die,1일2회,bis in die,의사의 문서에 bis in die가 언급되었습니다.,오답,-,,,['bad_chars'],stop,The doctor's document mentioned bis in die.
none,allocentric,타인중심-,알로센트릭,의사의 문서에 알로센트릭이 언급되었다.,오답,-,,,[],stop,The doctor's document mentioned allocentric.
none,internal carotid angiography,두경부동맥조영-내경동맥,내경동맥 조영술,이 환자에게 내경동맥 조영술이 시행되었다.,오답,-,,,[],stop,internal carotid angiography was performed on this patient.
none,epidermolysis bullosa simplex,단순 수포성 표피박리증,단순 포진성 표피 박리증,이 보고서는 이 환자에서 단순 포진성 표피 박리증을 기록했습니다.,오답,-,,,[],stop,The report documented epidermolysis bullosa simplex in this patient.
none,ventricular asynergy,심실협동불능(증),심실 비동력,의사의 문서에 심실 비동력이 언급되었습니다.,오답,-,,,[],stop,The doctor's document mentioned ventricular asynergy.
none,upper extremity,위팔,상지,의사의 문서에 상지가 언급되었습니다.,정답(동의어),exact,,,[],stop,The doctor's document mentioned upper extremity.
none,perianal haematoma,항문주위혈종,항문 주위 혈종,이 보고서는 이 환자에게 항문 주위 혈종이 있음을 문서화했다.,정답(대표),nospace,,,[],stop,The report documented perianal haematoma in this patient.
none,diastasimetry,녹말효소측정법,이완측정,의사의 문서에 이완측정이 언급되었습니다.,오답,-,,,[],stop,The doctor's document mentioned diastasimetry.
none,waveform,파형,파형,의사의 문서에 파형이 언급되었습니다.,정답(대표),exact,,,[],stop,The doctor's document mentioned waveform.
none,framework try-in,금속구조물 시적,프레임워크 시착,의사의 문서에 프레임워크 시착이 언급되었습니다.,오답,-,,,[],stop,The doctor's document mentioned framework try-in.
none,cystathionine,시스타티오닌,시스타티오닌,의사의 문서에 시스타티오닌이 언급되었다.,정답(대표),exact,,,[],stop,The doctor's document mentioned cystathionine.
none,major amblyoscope,대형 약시경,대형 암실경,의사의 문서에 대형 암실경이 언급되었습니다.,오답,-,,,[],stop,The doctor's document mentioned major amblyoscope.
none,radiodermatitis,방사선피부염,방사선피부염,이 보고서는 이 환자에게 방사선피부염이 있음을 기록했다.,정답(대표),exact,,,[],stop,The report documented radiodermatitis in this patient.
none,turbidometric technique,혼탁도측정기법,비탁도 측정 기술,의사의 문서에 비탁도 측정 기술이 언급되었습니다.,오답,-,,,[],stop,The doctor's document mentioned turbidometric technique.
none,tuning curve,동조곡선,튜닝 곡선,의사의 문서에 튜닝 곡선이 언급되었습니다.,오답,-,,,[],stop,The doctor's document mentioned tuning curve.
none,benign familial hematuria,양성 가족성 혈뇨,양성 가족성 혈뇨,보고서에는 이 환자에게서 양성 가족성 혈뇨가 문서화되었다.,정답(대표),exact,,,[],stop,The report documented benign familial hematuria in this patient.
none,complex echo pattern,복잡메아리,복잡한 에코 패턴,의사의 문서에는 복잡한 에코 패턴이 언급되어 있었다.,오답,-,,,[],stop,The doctor's document mentioned complex echo pattern.
none,preleukaemia (syndrome),전백혈병(증후군),전백혈병(증후군),보고서는 이 환자에서 전백혈병(증후군)을 기록했다.,정답(대표),exact,,,['bad_chars'],stop,The report documented preleukaemia (syndrome) in this patient.
none,prolonged latent phase,지연된 잠복기,지연된 잠복기,이 보고서는 이 환자에서 지연된 잠복기를 기록했다.,정답(대표),exact,,,[],stop,The report documented prolonged latent phase in this patient.
none,corynebacterium pseudotuberculosis,거짓결핵균,코리네박테리움 슈도투베르쿨로시스,의사의 문서에 코리네박테리움 슈도투베르쿨로시스가 언급되었습니다.,오답,-,,,[],stop,The doctor's document mentioned corynebacterium pseudotuberculosis.
none,gonadoadvent,생식기능출현기,gonadoadvent,의사의 문서에서는 gonadoadvent를 언급했습니다.,오답,-,,,['bad_chars'],stop,The doctor's document mentioned gonadoadvent.
none,neck righting reflex,목바로잡기반사,목 바로잡기 반사,의사의 문서에 목 바로잡기 반사가 언급되었습니다.,정답(대표),nospace,,,[],stop,The doctor's document mentioned neck righting reflex.
none,peritomy,윤부결막절개(술),각막절개,의사의 문서에 각막절개가 언급되었다.,오답,-,,,[],stop,The doctor's document mentioned peritomy.
none,haematosalpinx,혈난관,혈관팽대,보고서는 이 환자에게 혈관팽대가 있음을 문서화했습니다.,오답,-,,,[],stop,The report documented haematosalpinx in this patient.
none,stomatomy,자궁구절개(술),구강절개술,의사의 문서에 구강절개술이 언급되었다.,오답,-,,,[],stop,The doctor's document mentioned stomatomy.
none,oncofetal,종양태아-,온코페탈,의사의 문서에 온코페탈이 언급되었다.,오답,-,,,[],stop,The doctor's document mentioned oncofetal.
none,removal of restoration,기존 보철물 제거,수복물 제거,이 보고서는 이 환자에서 수복물 제거를 문서화했다.,오답,-,,,[],stop,The report documented removal of restoration in this patient.
none,hypothalamic-pituitary-adrenal axis,시상하부-뇌하수체-부신축,시상하부-뇌하수체-부신 축,의사의 문서에 시상하부-뇌하수체-부신 축이 언급되었습니다.,정답(대표),nospace,,,[],stop,The doctor's document mentioned hypothalamic-pituitary-adrenal axis.
none,late post-traumatic seizures,외상후 지연 발작,외상 후 지발 간질,의사의 문서에 외상 후 지발 간질이 언급되었습니다.,오답,-,,,[],stop,The doctor's document mentioned late post-traumatic seizures.
none,acne keloidalis,흉터종여드름,켈로이드성 여드름,의사의 문서에 켈로이드성 여드름이 언급되어 있었다.,오답,-,,,[],stop,The doctor's document mentioned acne keloidalis.
none,direct coombs test,직접쿰즈검사,다이렉트 쿰스 테스트,의사의 문서에 다이렉트 쿰스 테스트가 언급되었습니다.,오답,-,,,[],stop,The doctor's document mentioned direct coombs test.
none,sequestrectomy of skull,머리뼈 부골 절제,두개골 골괴사 제거술,보고서는 이 환자에서 두개골 골괴사 제거술을 기록하였다.,오답,-,,,[],stop,The report documented sequestrectomy of skull in this patient.
none,periodic rhinitis,주기코염,주기성 비염,의사의 문서에는 주기성 비염이 언급되었습니다.,오답,-,,,[],stop,The doctor's document mentioned periodic rhinitis.
none,vesicorectal fistula,방광직장루,방광직장루,이 보고서는 이 환자에서 방광직장루를 기록했습니다.,정답(대표),exact,,,[],stop,The report documented vesicorectal fistula in this patient.
none,schistasis,갈림증,이석증,의사의 문서에 이석증이 언급되었습니다.,오답,-,,,[],stop,The doctor's document mentioned schistasis.
none,oxidizing color,산화염료,산화 색상,의사의 문서는 산화 색상을 언급했습니다.,오답,-,,,[],stop,The doctor's document mentioned oxidizing color.
none,microincision,미세절개,미세절개,의사의 문서에 미세절개가 언급되었다.,정답(대표),exact,,,[],stop,The doctor's document mentioned microincision.
none,rosacea,주사,주사,보고서에는 이 환자에게서 주사가 발생한 것으로 기록되어 있습니다.,정답(대표),exact,,,[],stop,The report documented rosacea in this patient.
none,coalescent mastoiditis,융합꼭지돌기염,융합성 유양돌기염,이 환자의 보고서는 융합성 유양돌기염을 기록했다.,오답,-,,,[],stop,The report documented coalescent mastoiditis in this patient.
none,intraocular,안구내-,안내,의사의 문서에 안내가 언급되었다.,오답,-,,,[],stop,The doctor's document mentioned intraocular.
none,laceration of back,등 열상,등의 열상,보고서는 이 환자에게서 등의 열상을 기록했다.,오답,-,,,[],stop,The report documented laceration of back in this patient.
none,colpocystocele,질방광탈출(증),질방광탈,의사의 문서에 질방광탈이 언급되었습니다.,오답,-,,,[],stop,The doctor's document mentioned colpocystocele.
none,protrusive position,전방위,전방위,의사의 문서에 전방위가 언급되었다.,정답(대표),exact,,,[],stop,The doctor's document mentioned protrusive position.
none,grafting,이식,접목,의사의 문서에 접목이 언급되었다.,오답,-,,,[],stop,The doctor's document mentioned grafting.
none,dislocation of midcarpal(joint),중간수근골(관절)의 탈구,중수근관절(중수근) 탈구,이 환자에게 중수근관절(중수근) 탈구가 발생한 것으로 보고서에 기록되었다.,오답,-,,,['bad_chars'],stop,The report documented dislocation of midcarpal(joint) in this patient.
none,fecal concentration,대변농축(법),대변 농도,의사의 문서에 대변 농도가 언급되었다.,오답,-,,,[],stop,The doctor's document mentioned fecal concentration.
none,recession operation,뒤옮김술,후퇴 수술,의사의 문서에 후퇴 수술이 언급되었다.,오답,-,,,[],stop,The doctor's document mentioned recession operation.
none,ebonation,뼈조각제거,에보네이션,의사의 문서에 에보네이션이 언급되었습니다.,오답,-,,,[],stop,The doctor's document mentioned ebonation.
none,zosteriform lentiginous nevus,띠모양흑(색)점모반,대상포진모양 점세포 모반,의사의 문서는 대상포진모양 점세포 모반을 언급했다.,오답,-,,,[],stop,The doctor's document mentioned zosteriform lentiginous nevus.
none,supraduodenal artery,샘창자위동맥,상십이지장동맥,의사의 문서에 상십이지장동맥이 언급되었습니다.,오답,-,,,[],stop,The doctor's document mentioned supraduodenal artery.
none,thyroidea ima artery,맨아래갑상동맥,갑상샘하동맥,의사의 문서에 갑상샘하동맥이 언급되었습니다.,오답,-,,,[],stop,The doctor's document mentioned thyroidea ima artery.
none,cryptococcal meningocerebritis,크립토콕쿠스수막대뇌염,크립토코커스 뇌수막뇌염,보고서는 이 환자에게 크립토코커스 뇌수막뇌염이 있음을 기록하였다.,오답,-,,,[],stop,The report documented cryptococcal meningocerebritis in this patient.
none,endothelial adhesion molecule,내피부착분자,내피 접착 분자,의사의 문서에 내피 접착 분자가 언급되었습니다.,오답,-,,,[],stop,The doctor's document mentioned endothelial adhesion molecule.
none,pleurothecal anastomosis,가슴막-척수막 연결,흉막초 문합,이 보고서는 이 환자에서 흉막초 문합을 기록하였다.,오답,-,,,[],stop,The report documented pleurothecal anastomosis in this patient.
none,polymyalgia rheumatica,류마티스성 다발근통,류마티성 다발성 근육통,이 보고서는 이 환자에게서 류마티성 다발성 근육통을 기록했습니다.,오답,-,,,[],stop,The report documented polymyalgia rheumatica in this patient.
none,voluntomotory,수의운동-,볼런토모토리,의사의 문서에 볼런토모토리가 언급되었습니다.,오답,-,,,[],stop,The doctor's document mentioned voluntomotory.
none,retention of urine,소변정체,요정체,이 환자에게 요정체가 있음이 보고서에 기록되었다.,오답,-,,,[],stop,The report documented retention of urine in this patient.
none,supporting spiritual rituals,영적의식 지지하기,영적 의식을 지원하는 것,의사의 문서는 영적 의식을 지원하는 것을 언급했다.,오답,-,,,[],stop,The doctor's document mentioned supporting spiritual rituals.
none,epigastric artery,배벽동맥,복부동맥,의사의 문서에 복부동맥이 언급되었다.,오답,-,,,[],stop,The doctor's document mentioned epigastric artery.
none,source qi,원기,원기,의사의 문서에 원기가 언급되었다.,정답(대표),exact,,,[],stop,The doctor's document mentioned source qi.
none,polychromatophilic erythrocyte,다염적혈구,다염색성 적혈구,의사의 문서에는 다염색성 적혈구가 언급되어 있었다.,오답,-,,,[],stop,The doctor's document mentioned polychromatophilic erythrocyte.
none,endorectal pull-through operation,직장내 풀-스루식 수술,직장내 당김술,이 보고서는 이 환자에서 직장내 당김술을 기록했습니다.,오답,-,,,[],stop,The report documented endorectal pull-through operation in this patient.
none,defective interfering particle,결손간섭입자,결함 간섭 입자,의사의 문서에 결함 간섭 입자가 언급되었습니다.,오답,-,,,[],stop,The doctor's document mentioned defective interfering particle.
none,physics depth sensitivity,물리적깊이민감도,물리학적 깊이 민감도,의사의 문서에 물리학적 깊이 민감도가 언급되었다.,오답,-,,,[],stop,The doctor's document mentioned physics depth sensitivity.
none,dialysis adequacy,투석충분도,투석 적절성,의사의 문서에 투석 적절성이 언급되었습니다.,오답,-,,,[],stop,The doctor's document mentioned dialysis adequacy.
none,apneustic respiration,지속흡입호흡,무호흡 호흡,의사의 문서에 무호흡 호흡이 언급되었습니다.,오답,-,,,[],stop,The doctor's document mentioned apneustic respiration.
none,citrate,구연산,구연산,의사의 문서에 구연산이 언급되었습니다.,정답(대표),exact,,,[],stop,The doctor's document mentioned citrate.
none,forehead,전두,이마,의사의 문서에 이마가 언급되었습니다.,오답,-,,,[],stop,The doctor's document mentioned forehead.
none,extracoronal,치관외-,구장외,의사의 문서에서 구장외를 언급했습니다.,오답,-,,,[],stop,The doctor's document mentioned extracoronal.
none,mongoloid slant,몽골인 모양 눈,몽골인종 사면,의사의 문서에 몽골인종 사면이 언급되었다.,오답,-,,,[],stop,The doctor's document mentioned mongoloid slant.
none,altimeter sickness,고산병,고도계병,이 보고서는 이 환자에게서 고도계병을 기록했다.,오답,-,,,[],stop,The report documented altimeter sickness in this patient.
none,failed forceps,집게 사용 실패,실패한 겸자 사용,이 환자에서 실패한 겸자 사용이 보고되었습니다.,오답,-,,,[],stop,The report documented failed forceps in this patient.
none,trypanocidal,파동편모충박멸-,트리파노사이드,의사의 문서에 트리파노사이드가 언급되었습니다.,오답,-,,,[],stop,The doctor's document mentioned trypanocidal.
none,amphorophony,공동공명음,공명음,의사의 문서에 공명음이 언급되었다.,오답,-,,,[],stop,The doctor's document mentioned amphorophony.
none,pyroglyphidae,집먼지진드기(과),집먼지진드기과,의사의 문서에 집먼지진드기과가 언급되었다.,오답,-,,,[],stop,The doctor's document mentioned pyroglyphidae.
none,rhabdomyomyxoma,횡문근점액종,횡문근점액종,의사의 문서에 횡문근점액종이 언급되었다.,정답(대표),exact,,,[],stop,The doctor's document mentioned rhabdomyomyxoma.
none,cranial dermal sinus,뇌피부동,두개 피부 동공,이 보고서는 이 환자에서 두개 피부 동공을 기록했습니다.,오답,-,,,[],stop,The report documented cranial dermal sinus in this patient.
none,suprapubic prostatectomy,두덩뼈 위쪽 경유 전립샘 절제,치골상부 전립선 절제술,보고서는 이 환자에서 치골상부 전립선 절제술을 기록했습니다.,오답,-,,,[],stop,The report documented suprapubic prostatectomy in this patient.
none,platymorphia,편평안구,platymorphia,의사의 문서에 platymorphia가 언급되었습니다.,오답,-,,,['bad_chars'],stop,The doctor's document mentioned platymorphia.
none,cimex lectularius,빈대,침대벌레,의사의 문서에 침대벌레가 언급되었습니다.,오답,-,,,[],stop,The doctor's document mentioned cimex lectularius.
none,salbutamol,살부타몰,살부타몰,의사의 문서에 살부타몰이 언급되었습니다.,정답(대표),exact,,,[],stop,The doctor's document mentioned salbutamol.
none,tuning fork,소리굽쇠,검진용 굴대,의사의 문서에 검진용 굴대가 언급되었다.,오답,-,,,[],stop,The doctor's document mentioned tuning fork.
none,chest expiration,가슴 날숨촬영,흉부 만기,이 환자에게 흉부 만기가 수행되었습니다.,오답,-,,,[],stop,chest expiration was performed on this patient.
none,syphilogen,매독원,매독균,의사의 문서에 매독균이 언급되었다.,오답,-,,,[],stop,The doctor's document mentioned syphilogen.
none,ischial ramus,궁둥뼈가지,좌골지,의사의 문서에 좌골지가 언급되었다.,정답(동의어),exact,,,[],stop,The doctor's document mentioned ischial ramus.
none,supraspinous,가시끝-,극상,의사의 문서에 극상이 언급되었다.,오답,-,,,[],stop,The doctor's document mentioned supraspinous.
none,intranasal ethmoidectomy,사골동염근치술; 비내 접근법,비내 내측두골절제술,의사의 문서에서 비내 내측두골절제술이 언급되었습니다.,오답,-,,,[],stop,The doctor's document mentioned intranasal ethmoidectomy.
none,breathing bag reservoir,호흡주머니,호흡백 저수조,의사의 문서에 호흡백 저수조가 언급되었습니다.,오답,-,,,[],stop,The doctor's document mentioned breathing bag reservoir.
none,growth fever,변증,성장열,이 보고서는 이 환자의 성장열을 문서화했다.,오답,-,,,[],stop,The report documented growth fever in this patient.
none,neurostearic acid,신경지방산,신경스테아르산,의사의 문서에 신경스테아르산이 언급되었습니다.,오답,-,,,[],stop,The doctor's document mentioned neurostearic acid.
none,operative ultrasound,수술중초음파검사,수술 중 초음파,의사의 문서에 수술 중 초음파가 언급되었습니다.,오답,-,,,[],stop,The doctor's document mentioned operative ultrasound.
none,abortive prophage,불완전프로파지,중단된 프로파지,의사의 문서에 중단된 프로파지가 언급되었다.,오답,-,,,[],stop,The doctor's document mentioned abortive prophage.
none,vetebra,척추,척추뼈,의사의 문서에 척추뼈가 언급되었다.,오답,-,,,[],stop,The doctor's document mentioned vetebra.
none,incisor tooth,절치,절치,의사의 문서에 절치가 언급되었습니다.,정답(대표),exact,,,[],stop,The doctor's document mentioned incisor tooth.
none,stump hallucination,절단끝환각,환지 환각,의사의 문서에 환지 환각이 언급되었다.,오답,-,,,[],stop,The doctor's document mentioned stump hallucination.
none,hyalomere,투명부위,히알로미어,의사의 문서에 히알로미어가 언급되었다.,오답,-,,,[],stop,The doctor's document mentioned hyalomere.
none,inspirator,흡입기,인스피레이터,의사의 문서에 인스피레이터가 언급되었습니다.,오답,-,,,[],stop,The doctor's document mentioned inspirator.
none,tense,긴장-,긴장,의사의 문서는 긴장을 언급했다.,오답,-,,,[],stop,The doctor's document mentioned tense.
none,fluoridation,불소화,불소 첨가,의사의 문서는 불소 첨가에 대해 언급했습니다.,오답,-,,,[],stop,The doctor's document mentioned fluoridation.
none,varicose vein stripping,정맥류 제거,정맥류 박리술,보고서는 이 환자에서 정맥류 박리술을 기록했습니다.,오답,-,,,[],stop,The report documented varicose vein stripping in this patient.
none,urethrotomy,요도 절개,요도절개술,보고서는 이 환자에서 요도절개술을 기록했다.,오답,-,,,[],stop,The report documented urethrotomy in this patient.
none,virgin population,무노출인구,미개척 집단,의사의 문서는 미개척 집단을 언급했다.,오답,-,,,[],stop,The doctor's document mentioned virgin population.
none,gracilis muscle,두덩정강근,내전근,의사의 문서에 내전근이 언급되었습니다.,오답,-,,,[],stop,The doctor's document mentioned gracilis muscle.
none,paraganglion,곁신경절,부신외측기관,의사의 문서에 부신외측기관이 언급되었습니다.,오답,-,,,[],stop,The doctor's document mentioned paraganglion.
none,hemianopsia,편측시야결손,편맹,의사의 문서에 편맹이 언급되어 있었다.,오답,-,,,[],stop,The doctor's document mentioned hemianopsia.
none,relative scotoma,상대암점,상대적 암점,의사의 문서에 상대적 암점이 언급되었다.,오답,-,,,[],stop,The doctor's document mentioned relative scotoma.
none,ballism,도리깨질(증),발작성 무도증,의사의 문서에는 발작성 무도증이 언급되어 있었다.,오답,-,,,[],stop,The doctor's document mentioned ballism.
none,tuberculosis of oesophagus,식도의 결핵,식도 결핵,보고서는 이 환자에게 식도 결핵이 있음을 문서화했다.,오답,-,,,[],stop,The report documented tuberculosis of oesophagus in this patient.
none,appendix ultrasound,맹장 초음파,충수돌기 초음파,의사의 문서에 충수돌기 초음파가 언급되었습니다.,오답,-,,,[],stop,The doctor's document mentioned appendix ultrasound.
none,kub left lateral,"콩팥요관방광촬영, 왼쪽측방향",kub left lateral,이 환자에게 kub left lateral이 시행되었습니다.,오답,-,,,['bad_chars'],stop,kub left lateral was performed on this patient.
none,menstrual irregularity,월경불규칙,월경 불순,보고서에는 이 환자에게 월경 불순이 있다고 기록되어 있다.,정답(동의어),nospace,,,[],stop,The report documented menstrual irregularity in this patient.
none,pressure suit,가압복,가압복,의사의 문서는 가압복을 언급했다.,정답(대표),exact,,,[],stop,The doctor's document mentioned pressure suit.
none,postprocedural subglottic stenosis,처치후 성문하협착,시술 후 성문하 협착증,보고서는 이 환자에서 시술 후 성문하 협착증을 기록하였다.,오답,-,,,[],stop,The report documented postprocedural subglottic stenosis in this patient.
none,puerperium,산후기,산욕기,의사의 문서에 산욕기가 언급되었다.,오답,-,,,[],stop,The doctor's document mentioned puerperium.
none,non-infected,감염되지않은,비감염,의사의 문서에 비감염이 언급되었습니다.,오답,-,,,[],stop,The doctor's document mentioned non-infected.
none,overdetermined idea,과잉결정관념,과잉결정된 관념,의사의 문서에 과잉결정된 관념이 언급되었다.,오답,-,,,[],stop,The doctor's document mentioned overdetermined idea.
none,agenesis of lung,폐의 무발생,폐 무발생,보고서는 이 환자에서 폐 무발생을 문서화했다.,오답,-,,,[],stop,The report documented agenesis of lung in this patient.
none,toilet,세척,화장실,의사의 문서에 화장실이 언급되었습니다.,오답,-,,,[],stop,The doctor's document mentioned toilet.
none,coxalgic pelvis,엉덩관절병골반,고관절통 골반,의사의 문서에 고관절통 골반이 언급되었습니다.,오답,-,,,[],stop,The doctor's document mentioned coxalgic pelvis.
none,clasp repair,클라스프 수리,체결장치 수리,의사의 서류에 체결장치 수리가 언급되었습니다.,오답,-,,,[],stop,The doctor's document mentioned clasp repair.
none,horseshoe fistula,말발굽샛길,편자형 누공,의사의 문서에 편자형 누공이 언급되었습니다.,오답,-,,,[],stop,The doctor's document mentioned horseshoe fistula.
none,taenia solium,유구조충,유구조충,의사의 문서에는 유구조충이 언급되어 있었다.,정답(대표),exact,,,[],stop,The doctor's document mentioned taenia solium.
none,dermatitis verrucosa,사마귀피부염,사마귀모양 피부염,이 보고서는 이 환자에서 사마귀모양 피부염을 문서화했습니다.,오답,-,,,[],stop,The report documented dermatitis verrucosa in this patient.
none,expectorant mixture,복합거담제,거담제 혼합물,의사의 문서에 거담제 혼합물이 언급되었다.,오답,-,,,[],stop,The doctor's document mentioned expectorant mixture.
none,prescription group,처방묶음,처방군,의사의 문서에 처방군이 언급되었습니다.,오답,-,,,[],stop,The doctor's document mentioned prescription group.
none,progressive hemifacial atrophy,진행성 반쪽얼굴 위축,진행성 반측성 안면 위축,이 환자에게서 진행성 반측성 안면 위축을 보고하였다.,오답,-,,,[],stop,The report documented progressive hemifacial atrophy in this patient.
none,plain radiograph,단순방사선사진,단순 방사선 사진,의사의 문서는 단순 방사선 사진을 언급했습니다.,정답(대표),nospace,,,[],stop,The doctor's document mentioned plain radiograph.
none,iridocyclitis in tuberculosis,결핵에서의 홍채섬모체염,결핵 홍채모양체염,보고서는 이 환자에서 결핵 홍채모양체염을 기록하였다.,오답,-,,,[],stop,The report documented iridocyclitis in tuberculosis in this patient.
none,uremic convulsion,요독경련,요독성 경련,의사의 문서에 요독성 경련이 언급되었습니다.,오답,-,,,[],stop,The doctor's document mentioned uremic convulsion.
none,ophthalmophacometer,수정체굴절력측정계,안구굴절력계,의사의 문서에 안구굴절력계가 언급되었다.,오답,-,,,[],stop,The doctor's document mentioned ophthalmophacometer.
none,reconstruction of thumb,엄지 손가락 재건,엄지 재건,이 보고서는 이 환자의 엄지 재건을 문서화했다.,오답,-,,,[],stop,The report documented reconstruction of thumb in this patient.
none,tetrastichiasis,네줄속눈썹(증),사행모증,의사의 문서에 사행모증이 언급되었다.,오답,-,,,[],stop,The doctor's document mentioned tetrastichiasis.
none,fundus photography,안저사진,안저 사진 촬영,보고서는 이 환자에서 안저 사진 촬영을 기록했다.,오답,-,,,[],stop,The report documented fundus photography in this patient.
none,rotalix tube,회전양극관,로탈릭스 튜브,의사의 문서에 로탈릭스 튜브가 언급되었습니다.,오답,-,,,[],stop,The doctor's document mentioned rotalix tube.
none,invasive mole,침윤기태,침윤성 포도,의사의 문서에서 침윤성 포도를 언급했다.,오답,-,,,[],stop,The doctor's document mentioned invasive mole.
none,ulcerated external hemorrhoids,궤양성 외치핵,궤양성 외치핵,이 환자에게 궤양성 외치핵이 있다고 보고서에 기록되어 있다.,정답(대표),exact,,,[],stop,The report documented ulcerated external hemorrhoids in this patient.
none,standardized rate ratio,표준화비율비,표준화된 비율비,의사의 문서에 표준화된 비율비가 언급되었다.,오답,-,,,[],stop,The doctor's document mentioned standardized rate ratio.
none,encephalopathy toxic,독성 뇌병증,독성 뇌증,의사의 문서에 독성 뇌증이 언급되었습니다.,오답,-,,,[],stop,The doctor's document mentioned encephalopathy toxic.
none,teach personal care,개인간호 교육,자기 관리 교육,의사의 문서에 자기 관리 교육이 언급되었습니다.,오답,-,,,[],stop,The doctor's document mentioned teach personal care.
none,hydrocyst,물낭,수종,의사의 문서에 수종이 언급되었습니다.,오답,-,,,[],stop,The doctor's document mentioned hydrocyst.
none,muscular artery,근육형동맥,근육 동맥,의사의 문서에 근육 동맥이 언급되었다.,오답,-,,,[],stop,The doctor's document mentioned muscular artery.
none,ataxic hemiparesis,실조성반부전마비,실조성 편마비,의사의 문서에는 실조성 편마비가 언급되어 있었다.,오답,-,,,[],stop,The doctor's document mentioned ataxic hemiparesis.
none,mitokinetic,유사운동-,미토키네틱,의사의 문서에 미토키네틱이 언급되었습니다.,오답,-,,,[],stop,The doctor's document mentioned mitokinetic.
none,dementia in hypercalcaemia,과칼슘혈증에서의 치매,고칼슘혈증에서의 치매,이 보고서는 이 환자의 고칼슘혈증에서의 치매를 문서화했습니다.,정답(동의어),exact,,,[],stop,The report documented dementia in hypercalcaemia in this patient.
none,neurofibromatosis of spine,척수 신경섬유종증,척추 신경섬유종증,의사의 문서에 척추 신경섬유종증이 언급되었습니다.,오답,-,,,[],stop,The doctor's document mentioned neurofibromatosis of spine.
none,amputation of cervix,자궁목 절단,자궁경부 절단술,이 환자에서 자궁경부 절단술을 기록했다.,오답,-,,,[],stop,The report documented amputation of cervix in this patient.
none,osteoarthritis,뼈관절염,골관절염,의사의 서류에 골관절염이 언급되었습니다.,정답(동의어),exact,,,[],stop,The doctor's document mentioned osteoarthritis.
none,head wind,두풍 ; 뇌풍,역풍,이 환자에게서 역풍이 있음을 보고서에 기록했다.,오답,-,,,[],stop,The report documented head wind in this patient.
none,bovine granulomatous mastitis,소육아종 유방염,소 육아종성 유방염,의사의 문서에는 소 육아종성 유방염이 언급되어 있었습니다.,오답,-,,,[],stop,The doctor's document mentioned bovine granulomatous mastitis.
none,hand,수,손,의사의 문서에 손이 언급되었다.,오답,-,,,[],stop,The doctor's document mentioned hand.
none,idiopathic hemihypertrophy,특발성 편측비대증,특발성 반비대증,이 보고서는 이 환자에게 특발성 반비대증을 기록하였다.,오답,-,,,[],stop,The report documented idiopathic hemihypertrophy in this patient.
none,ileocolic artery,돌잘룩창자동맥,회결장동맥,의사의 문서에 회결장동맥이 언급되었다.,오답,-,,,[],stop,The doctor's document mentioned ileocolic artery.
none,nummular dermatitis,동전모양피부염,동전 모양 피부염,이 보고서는 이 환자에서 동전 모양 피부염을 기록했습니다.,정답(대표),nospace,,,[],stop,The report documented nummular dermatitis in this patient.
none,ecdysis,허물벗기,탈피,의사의 문서에 탈피가 언급되었다.,정답(동의어),exact,,,[],stop,The doctor's document mentioned ecdysis.
none,congenital leukonychia,선천 손발톱백반,선천성 백색증,보고서는 이 환자에서 선천성 백색증을 기록했다.,오답,-,,,[],stop,The report documented congenital leukonychia in this patient.
none,total lipodystrophy,전체 지방영양장애,전신 지방이영양증,의사의 문서에 전신 지방이영양증이 언급되었습니다.,오답,-,,,[],stop,The doctor's document mentioned total lipodystrophy.
none,near field potential,근접부위전위,근접장 전위,의사의 문서는 근접장 전위를 언급했습니다.,오답,-,,,[],stop,The doctor's document mentioned near field potential.
none,unequal limb length,사지길이부동증,팔다리 길이가 다름,의사의 서류에서는 팔다리 길이가 다름이 언급되었습니다.,오답,-,,,[],stop,The doctor's document mentioned unequal limb length.
none,drug induce pruritus,약물 유발성 가려움,약물 유발 가려움증,이 보고서는 이 환자에서 약물 유발 가려움증을 문서화했습니다.,오답,-,,,[],stop,The report documented drug induce pruritus in this patient.
none,saphenous neuropathy,복재신경병증,잠복신경병증,보고서는 이 환자에서 잠복신경병증을 기록했습니다.,오답,-,,,[],stop,The report documented saphenous neuropathy in this patient.
none,extra-abdominal,복부외-,복막 외,의사의 문서에 복막 외가 언급되었습니다.,오답,-,,,[],stop,The doctor's document mentioned extra-abdominal.
none,endolymphatic duct,속림프관,내림프관,의사의 문서에 내림프관이 언급되었다.,정답(동의어),exact,,,[],stop,The doctor's document mentioned endolymphatic duct.
none,intra-operative neurophysiologic testing,수술중 신경생리학적 검사,수술 중 신경생리학적 검사,이 환자에서 수술 중 신경생리학적 검사를 시행하였음을 보고서에 기록하였다.,정답(대표),nospace,,,[],stop,The report documented intra-operative neurophysiologic testing in this patient.
none,hammerhead ribozyme,망치머리형리보자임,해머헤드 리보자임,의사의 문서에서 해머헤드 리보자임을 언급했다.,오답,-,,,[],stop,The doctor's document mentioned hammerhead ribozyme.
none,photogene,잔상,광유전자,의사의 문서가 광유전자를 언급했다.,오답,-,,,[],stop,The doctor's document mentioned photogene.
none,hot bag,더운물 주머니,핫백,이 환자에게서 핫백을 문서화했다는 보고서가 있었다.,오답,-,,,[],stop,The report documented hot bag in this patient.
none,bougienage of esophagus,식도 부우지법,식도 부지에술,이 보고서는 이 환자에서 식도 부지에술을 기록했습니다.,오답,-,,,[],stop,The report documented bougienage of esophagus in this patient.
none,oculovagal reflex,눈미주신경반사,안구미주신경반사,의사의 문서에 안구미주신경반사가 언급되었습니다.,오답,-,,,[],stop,The doctor's document mentioned oculovagal reflex.
none,physically handicapped,거동불편자,신체 장애,의사의 서류에는 신체 장애가 언급되어 있었다.,오답,-,,,[],stop,The doctor's document mentioned physically handicapped.
none,morbidity aspects,질병 양상,이환 측면,의사의 문서는 이환 측면을 언급했습니다.,오답,-,,,[],stop,The doctor's document mentioned morbidity aspects.
none,auriculotemporal nerve,귓바퀴관자신경,귀관자신경,의사의 문서에 귀관자신경이 언급되었습니다.,오답,-,,,[],stop,The doctor's document mentioned auriculotemporal nerve.
none,perseveration,고집증,지속 반복어,의사의 문서에 지속 반복어가 언급되었다.,오답,-,,,[],stop,The doctor's document mentioned perseveration.
none,purpura annularis telangiectodes,고리모세혈관확장자색반,자반성 모세혈관확장성 고리홍반,의사의 문서에는 자반성 모세혈관확장성 고리홍반이 언급되어 있었다.,오답,-,,,[],stop,The doctor's document mentioned purpura annularis telangiectodes.
none,endoscopic retrograde pancreatography,내시경역행이자관조영(술),내시경적 역행 췌장조영술,보고서는 이 환자에서 내시경적 역행 췌장조영술을 기록했다.,오답,-,,,[],stop,The report documented endoscopic retrograde pancreatography in this patient.
none,leukotaxis,백혈구쏠림성,백혈구주성,의사의 문서에 백혈구주성이 언급되었다.,오답,-,,,[],stop,The doctor's document mentioned leukotaxis.
none,myoalbumin,근(육)알부민,마이오알부민,의사의 문서에 마이오알부민이 언급되었습니다.,오답,-,,,[],stop,The doctor's document mentioned myoalbumin.
none,urethroscopic surgery,요도경하 수술,요도경 수술,이 환자에서 요도경 수술을 문서화했다.,오답,-,,,[],stop,The report documented urethroscopic surgery in this patient.
none,hippocampal sclerosis,해마경화(증),해마 경화증,이 보고서는 이 환자에서 해마 경화증을 기록했다.,오답,-,,,[],stop,The report documented hippocampal sclerosis in this patient.
none,excitometabolic,대사촉진-,흥분대사,의사의 문서에 흥분대사가 언급되었습니다.,오답,-,,,[],stop,The doctor's document mentioned excitometabolic.
none,bronchus t-tube insertion,기관지 T-삽관,기관지 T-튜브 삽입,이 보고서는 이 환자에서 기관지 T-튜브 삽입을 기록했습니다.,오답,-,,,['bad_chars'],stop,The report documented bronchus t-tube insertion in this patient.
none,lead gown,납가운,납 가운,의사의 문서에 납 가운이 언급되었다.,정답(대표),nospace,,,[],stop,The doctor's document mentioned lead gown.
none,flat position,앙와위,평면위,의사의 문서에 평면위가 언급되었다.,오답,-,,,[],stop,The doctor's document mentioned flat position.
none,bubbling rale,끓는거품소리,수포음,의사의 문서에는 수포음이 언급되어 있었다.,오답,-,,,[],stop,The doctor's document mentioned bubbling rale.
none,acanthamoeba keratitis,가시아메바각막염,아칸타메바 각막염,의사의 문서에 아칸타메바 각막염이 언급되었습니다.,오답,-,,,[],stop,The doctor's document mentioned acanthamoeba keratitis.
none,arachnoid cyst,거미막하 낭종,거미막낭종,이 환자의 거미막낭종이 보고서에 기재되었습니다.,정답(동의어),nospace,,,[],stop,The report documented arachnoid cyst in this patient.
none,clubbing of nails,손톱의 곤봉화,손발톱 곤봉 변형,보고서는 이 환자에게서 손발톱 곤봉 변형을 기록했다.,오답,-,,,[],stop,The report documented clubbing of nails in this patient.
none,water bath,욕조,수욕,의사의 문서에 수욕이 언급되었다.,오답,-,,,[],stop,The doctor's document mentioned water bath.
none,molding,두개몰딩,몰딩,의사의 문서에 몰딩이 언급되었다.,오답,-,,,[],stop,The doctor's document mentioned molding.
term,root pain,신경뿌리통증,신경뿌리통증,의사의 문서에 신경뿌리통증이 언급되어 있었다.,정답(대표),exact,,,[],stop,The doctor's document mentioned root pain.
term,plantar flexion,발바닥쪽 굽힘,발바닥쪽 굽힘,의사의 문서에 발바닥쪽 굽힘이 언급되었다.,정답(대표),exact,,,[],stop,The doctor's document mentioned plantar flexion.
term,metagonimus yokogawai,요코가와흡충,요코가와흡충,의사의 문서에 요코가와흡충이 언급되었습니다.,정답(대표),exact,,,[],stop,The doctor's document mentioned metagonimus yokogawai.
term,speech loss,언어 손실,언어 손실,의사의 문서에 언어 손실이 언급되었습니다.,정답(대표),exact,,,[],stop,The doctor's document mentioned speech loss.
term,syncytial,합포체-,합포체,의사의 문서에 합포체가 언급되었습니다.,정답(동의어),exact,,,[],stop,The doctor's document mentioned syncytial.
term,small-and light-for-dates,과소 및 과소체중아,과소 및 과소체중아,보고서는 이 환자에서 과소 및 과소체중아를 기록했습니다.,정답(대표),exact,,,[],stop,The report documented small-and light-for-dates in this patient.
term,lobectomy of lung,폐엽 절제,폐엽 절제,보고서는 이 환자에서 폐엽 절제를 기록했습니다.,정답(대표),exact,,,[],stop,The report documented lobectomy of lung in this patient.
term,suprameatal foveola,바깥귀길위오목,바깥귀길위오목,의사의 문서에 바깥귀길위오목이 언급되었다.,정답(대표),exact,,,[],stop,The doctor's document mentioned suprameatal foveola.
term,phlebography,정맥조영(술),정맥조영(술),보고서는 이 환자에서 정맥조영(술)을 기록하였다.,정답(대표),exact,,,['bad_chars'],stop,The report documented phlebography in this patient.
term,third ventricle structure,제3뇌구조,제3뇌구조,의사의 문서에 제3뇌구조가 언급되었다.,정답(대표),exact,,,[],stop,The doctor's document mentioned third ventricle structure.
term,bidiscoidal placenta,두원반태반,두원반태반,의사의 문서에 두원반태반이 언급되었다.,정답(대표),exact,,,[],stop,The doctor's document mentioned bidiscoidal placenta.
term,centrolecithal,중심난황-,중심난황-,의사의 문서는 중심난황-을 언급했다.,정답(대표),exact,,,[],stop,The doctor's document mentioned centrolecithal.
term,auriscope,이경,이경,의사의 문서에 이경이 언급되었다.,정답(대표),exact,,,[],stop,The doctor's document mentioned auriscope.
term,rhinoantritis,코굴염,코굴염,의사의 문서에 코굴염이 언급되었습니다.,정답(대표),exact,,,[],stop,The doctor's document mentioned rhinoantritis.
term,lochioschesis,산후질분비물정체,산후질분비물정체,의사의 문서에 산후질분비물정체가 언급되었습니다.,정답(대표),exact,,,[],stop,The doctor's document mentioned lochioschesis.
term,cyematocardia,태아심음,태아심음,의사의 문서에 태아심음이 언급되었습니다.,정답(대표),exact,,,[],stop,The doctor's document mentioned cyematocardia.
term,cardiography,심장도검사,심장도검사,의사의 문서에 심장도검사가 언급되었다.,정답(대표),exact,,,[],stop,The doctor's document mentioned cardiography.
term,postprocedural hypothyroidism,처치후 갑상선기능저하증,처치후 갑상선기능저하증,보고서는 이 환자에서 처치후 갑상선기능저하증을 기록하였다.,정답(대표),exact,,,[],stop,The report documented postprocedural hypothyroidism in this patient.
term,paramyxoviridae infection,파라믹소바이러스 감염,파라믹소바이러스 감염,보고서는 이 환자에서 파라믹소바이러스 감염을 기록했습니다.,정답(대표),exact,,,[],stop,The report documented paramyxoviridae infection in this patient.
term,hepaticostomy,간관루설치(술),간관루설치(술),의사의 문서에서 간관루설치(술)가 언급되었습니다.,정답(대표),exact,,,['bad_chars'],stop,The doctor's document mentioned hepaticostomy.
term,window defect,창문비침,창문비침,의사의 문서에 창문비침이 언급되었다.,정답(대표),exact,,,[],stop,The doctor's document mentioned window defect.
term,vasa previa,전치 맥관,전치 맥관,보고서에는 이 환자에게 전치 맥관이 있다고 기록되어 있다.,정답(대표),exact,,,[],stop,The report documented vasa previa in this patient.
term,working length distance,근관장측정검사,근관장측정검사,의사의 문서에 근관장측정검사가 언급되었습니다.,정답(대표),exact,,,[],stop,The doctor's document mentioned working length distance.
term,prolinase,프롤린효소,프롤린효소,의사의 문서에 프롤린효소가 언급되었다.,정답(대표),exact,,,[],stop,The doctor's document mentioned prolinase.
term,suture thread,봉합사,봉합사,의사의 문서에 봉합사가 언급되었다.,정답(대표),exact,,,[],stop,The doctor's document mentioned suture thread.
term,urethrocutaneous fistula,요도피부샛길,요도피부샛길,이 환자에서 요도피부샛길이 보고되었습니다.,정답(대표),exact,,,[],stop,The report documented urethrocutaneous fistula in this patient.
term,sign,징후,징후,의사의 문서가 징후를 언급했다.,정답(대표),exact,,,[],stop,The doctor's document mentioned sign.
term,a/s posterior capsulo-labroplasty,관절경 후방 피막테두리성형술,관절경 후방 피막테두리성형술,이 환자에서 관절경 후방 피막테두리성형술을 기록하였다.,정답(대표),exact,,,[],stop,The report documented a/s posterior capsulo-labroplasty in this patient.
term,periarthritis of wrist,손목의 관절주위염,손목의 관절주위염,보고서는 이 환자에서 손목의 관절주위염을 기록하였다.,정답(대표),exact,,,[],stop,The report documented periarthritis of wrist in this patient.
term,metarubricyte,후적혈구,후적혈구,의사의 문서에 후적혈구가 언급되었다.,정답(대표),exact,,,[],stop,The doctor's document mentioned metarubricyte.
term,soryo,소료(素髎),소료(素髎),의사의 문서에 소료(素髎)가 언급되었다.,정답(대표),exact,,,['bad_chars'],stop,The doctor's document mentioned soryo.
term,abrasion of flank,옆구리 찰과상,옆구리 찰과상,보고서는 이 환자에게 옆구리 찰과상을 기록했습니다.,정답(대표),exact,,,[],stop,The report documented abrasion of flank in this patient.
term,scintillating hemianopia,섬광반맹,섬광반맹,의사의 문서에는 섬광반맹이 언급되어 있었다.,정답(대표),exact,,,[],stop,The doctor's document mentioned scintillating hemianopia.
term,chromophilic cell,호색소세포,호색소세포,의사의 문서에는 호색소세포가 언급되어 있었다.,정답(대표),exact,,,[],stop,The doctor's document mentioned chromophilic cell.
term,infantile automatism,젖먹이자동증,젖먹이자동증,의사의 문서는 젖먹이자동증을 언급했다.,정답(대표),exact,,,[],stop,The doctor's document mentioned infantile automatism.
term,oath of hippocrates,히포크라테스선서,히포크라테스선서,의사의 문서는 히포크라테스선서를 언급했습니다.,정답(대표),exact,,,[],stop,The doctor's document mentioned oath of hippocrates.
term,pubocapsular,두덩관절피막-,두덩관절피막-,의사의 문서에 두덩관절피막-가 언급되었다.,정답(대표),exact,,,[],stop,The doctor's document mentioned pubocapsular.
term,hemopleuropneumonic syndrome,혈액가슴막폐렴증후군,혈액가슴막폐렴증후군,의사의 문서에 혈액가슴막폐렴증후군이 언급되었습니다.,정답(대표),exact,,,[],stop,The doctor's document mentioned hemopleuropneumonic syndrome.
term,rotational irradiation coach,회전방사선치료대,회전방사선치료대,의사의 문서에 회전방사선치료대가 언급되었다.,정답(대표),exact,,,[],stop,The doctor's document mentioned rotational irradiation coach.
term,airborne infection,공기매개감염,공기매개감염,의사의 문서는 공기매개감염을 언급했다.,정답(대표),exact,,,[],stop,The doctor's document mentioned airborne infection.
term,fistula of gallbladder,담낭의 누공,담낭의 누공,보고서는 이 환자에서 담낭의 누공을 기록했습니다.,정답(대표),exact,,,[],stop,The report documented fistula of gallbladder in this patient.
term,cardiac murmur,심잡음,심잡음,보고서는 이 환자에서 심잡음을 기록했습니다.,정답(대표),exact,,,[],stop,The report documented cardiac murmur in this patient.
term,laryngopharyngitis,후두인두염,후두인두염,의사의 문서에는 후두인두염이 언급되어 있었다.,정답(대표),exact,,,[],stop,The doctor's document mentioned laryngopharyngitis.
term,gantry,갠트리,갠트리,의사의 문서에 갠트리가 언급되었다.,정답(대표),exact,,,[],stop,The doctor's document mentioned gantry.
term,hyperesophoria,상내사위,상내사위,의사의 문서에 상내사위가 언급되었다.,정답(대표),exact,,,[],stop,The doctor's document mentioned hyperesophoria.
term,multicystic renal dysplasia,다낭성 신장의 형성이상,다낭성 신장의 형성이상,보고서는 이 환자에서 다낭성 신장의 형성이상을 기록했습니다.,정답(대표),exact,,,[],stop,The report documented multicystic renal dysplasia in this patient.
term,conn adenoma,콘 샘종,콘 샘종,의사의 문서에 콘 샘종이 언급되었다.,정답(대표),exact,,,[],stop,The doctor's document mentioned conn adenoma.
term,tinea manuum,손백선,손백선,이 환자에게는 손백선이 있다고 보고서에 기록되어 있었다.,정답(대표),exact,,,[],stop,The report documented tinea manuum in this patient.
term,functional enuresis,기능성 유뇨증,기능성 유뇨증,보고서는 이 환자에게서 기능성 유뇨증을 기록했다.,정답(대표),exact,,,[],stop,The report documented functional enuresis in this patient.
term,simple dressing,단순 처치,단순 처치,이 환자에서 단순 처치가 보고서에 기록되었습니다.,정답(대표),exact,,,[],stop,The report documented simple dressing in this patient.
term,first responder,일차반응자,일차반응자,의사의 문서는 일차반응자를 언급했다.,정답(대표),exact,,,[],stop,The doctor's document mentioned first responder.
term,abdominal wall strained,배벽 긴장,배벽 긴장,의사의 문서에 배벽 긴장이 언급되었다.,정답(대표),exact,,,[],stop,The doctor's document mentioned abdominal wall strained.
term,activity grade,활동정도,활동정도,의사의 문서에 활동정도가 언급되었습니다.,정답(대표),exact,,,[],stop,The doctor's document mentioned activity grade.
term,goitrogenic,갑상샘종유발물질-,갑상샘종유발물질-,의사의 문서에서는 갑상샘종유발물질-를 언급했습니다.,정답(대표),exact,,,[],stop,The doctor's document mentioned goitrogenic.
term,myelodysplastic syndromes,골수형성이상증후군,골수형성이상증후군,보고서는 이 환자에게서 골수형성이상증후군을 기록했다.,정답(대표),exact,,,[],stop,The report documented myelodysplastic syndromes in this patient.
term,gorei-san,오령산,오령산,의사의 문서에는 오령산이 언급되어 있었다.,정답(대표),exact,,,[],stop,The doctor's document mentioned gorei-san.
term,gallium scan,갈리움 스캔,갈리움 스캔,의사의 문서에 갈리움 스캔이 언급되었습니다.,정답(대표),exact,,,[],stop,The doctor's document mentioned gallium scan.
term,blind fistula,막힌샛길,막힌샛길,의사의 문서에 막힌샛길이 언급되었다.,정답(대표),exact,,,[],stop,The doctor's document mentioned blind fistula.
term,radioimmunoelectrophoresis,방사면역전기이동(법),방사면역전기이동(법),의사의 문서에서 방사면역전기이동(법)이 언급되었습니다.,정답(대표),exact,,,['bad_chars'],stop,The doctor's document mentioned radioimmunoelectrophoresis.
term,dilation of rectum,곧창자 확장,곧창자 확장,보고서는 이 환자의 곧창자 확장을 기록했습니다.,정답(대표),exact,,,[],stop,The report documented dilation of rectum in this patient.
term,exteroceptive stimulus,외수용자극,외수용자극,의사의 문서에 외수용자극이 언급되었다.,정답(대표),exact,,,[],stop,The doctor's document mentioned exteroceptive stimulus.
term,atlas-axis spinal fusion,고리뼈-중쇠뼈 척추 유합,고리뼈-중쇠뼈 척추 유합,보고서는 이 환자에서 고리뼈-중쇠뼈 척추 유합을 기록했습니다.,정답(대표),exact,,,[],stop,The report documented atlas-axis spinal fusion in this patient.
term,qrs widened,큐알에스(QRS) 넓힘,큐알에스(QRS) 넓힘,의사의 문서에 큐알에스(QRS) 넓힘이 언급되었습니다.,정답(대표),exact,,,['bad_chars'],stop,The doctor's document mentioned qrs widened.
term,esterapenia,에스테라아제감소,에스테라아제감소,의사의 문서에서는 에스테라아제감소가 언급되었습니다.,정답(대표),exact,,,[],stop,The doctor's document mentioned esterapenia.
term,major calyx,큰콩팥잔,큰콩팥잔,의사의 문서에 큰콩팥잔이 언급되었다.,정답(대표),exact,,,[],stop,The doctor's document mentioned major calyx.
term,hodgkin disease,호지킨병,호지킨병,의사의 문서에 호지킨병이 언급되었습니다.,정답(대표),exact,,,[],stop,The doctor's document mentioned hodgkin disease.
term,flushing,홍조,홍조,보고서는 이 환자의 홍조를 기록했습니다.,정답(대표),exact,,,[],stop,The report documented flushing in this patient.
term,school childhood,학령기,학령기,의사의 문서에서는 학령기가 언급되었습니다.,정답(대표),exact,,,[],stop,The doctor's document mentioned school childhood.
term,abdominal palpable mass,복부 촉지성 종괴,복부 촉지성 종괴,의사의 문서에 복부 촉지성 종괴가 언급되었습니다.,정답(대표),exact,,,[],stop,The doctor's document mentioned abdominal palpable mass.
term,di guglielmo's disease,디구글리엘모병,디구글리엘모병,보고서는 이 환자에게서 디구글리엘모병을 기록했다.,정답(대표),exact,,,[],stop,The report documented di guglielmo's disease in this patient.
term,jisil,지실(志室),지실(志室),의사의 문서에 지실(志室)이 언급되었다.,정답(대표),exact,,,['bad_chars'],stop,The doctor's document mentioned jisil.
term,ascending arm venography,상지-상행적상지정맥,상지-상행적상지정맥,이 환자에서 상지-상행적상지정맥이 시행되었다.,정답(대표),exact,,,[],stop,ascending arm venography was performed on this patient.
term,pa x-ray,치근단 방사선촬영,치근단 방사선촬영,의사의 문서에 치근단 방사선촬영이 언급되었습니다.,정답(대표),exact,,,[],stop,The doctor's document mentioned pa x-ray.
term,developmental retardation child,발달 부진아,발달 부진아,의사의 문서에 발달 부진아가 언급되었습니다.,정답(대표),exact,,,[],stop,The doctor's document mentioned developmental retardation child.
term,digit preference,끝수선호,끝수선호,의사의 문서에서 끝수선호를 언급했다.,정답(대표),exact,,,[],stop,The doctor's document mentioned digit preference.
term,interferential action,간섭작용,간섭작용,의사의 문서에 간섭작용이 언급되었다.,정답(대표),exact,,,[],stop,The doctor's document mentioned interferential action.
term,vulvovaginal,음문질-,음문질-,의사의 문서에서 음문질-이 언급되었다.,정답(대표),exact,,,[],stop,The doctor's document mentioned vulvovaginal.
term,induced malaria,접종말라리아,접종말라리아,의사의 문서는 접종말라리아를 언급했다.,정답(대표),exact,,,[],stop,The doctor's document mentioned induced malaria.
term,interfascicular graft,다발사이이식,다발사이이식,의사의 문서에 다발사이이식이 언급되었다.,정답(대표),exact,,,[],stop,The doctor's document mentioned interfascicular graft.
term,oxyhydrocephalus,뾰족물머리증,뾰족물머리증,의사의 문서에 뾰족물머리증이 언급되었습니다.,정답(대표),exact,,,[],stop,The doctor's document mentioned oxyhydrocephalus.
term,guinea pig,기니피그,기니피그,의사의 문서에 기니피그가 언급되었다.,정답(대표),exact,,,[],stop,The doctor's document mentioned guinea pig.
term,patent medicine,특허약,특허약,의사의 문서는 특허약을 언급했다.,정답(대표),exact,,,[],stop,The doctor's document mentioned patent medicine.
term,congruous field defect,일치시야결손,일치시야결손,의사의 문서에서는 일치시야결손을 언급했습니다.,정답(대표),exact,,,[],stop,The doctor's document mentioned congruous field defect.
term,peritoneocentesis,복막천자,복막천자,의사의 문서에 복막천자가 언급되었다.,정답(대표),exact,,,[],stop,The doctor's document mentioned peritoneocentesis.
term,self-care deficit,자가간호결핍,자가간호결핍,의사의 문서에서 자가간호결핍이 언급되었다.,정답(대표),exact,,,[],stop,The doctor's document mentioned self-care deficit.
term,autonomic bladder,자율방광,자율방광,의사의 문서에 자율방광이 언급되었다.,정답(대표),exact,,,[],stop,The doctor's document mentioned autonomic bladder.
term,dry arthritis,건성관절염,건성관절염,의사의 문서에 건성관절염이 언급되었습니다.,정답(대표),exact,,,[],stop,The doctor's document mentioned dry arthritis.
term,pharynx,인두,인두,의사의 문서에 인두가 언급되었습니다.,정답(대표),exact,,,[],stop,The doctor's document mentioned pharynx.
term,volume elasticity coefficient,용적탄력률,용적탄력률,의사의 문서에서는 용적탄력률이 언급되었습니다.,정답(대표),exact,,,[],stop,The doctor's document mentioned volume elasticity coefficient.
term,inverse-ratio ventilation,역비환기,역비환기,의사의 문서에 역비환기가 언급되었습니다.,정답(대표),exact,,,[],stop,The doctor's document mentioned inverse-ratio ventilation.
term,cystitomy,수정체낭절개(술),수정체낭절개(술),의사의 문서에 수정체낭절개(술)가 언급되었다.,정답(대표),exact,,,['bad_chars'],stop,The doctor's document mentioned cystitomy.
term,salicylamide,살리실아마이드,살리실아마이드,의사의 문서에 살리실아마이드가 언급되었다.,정답(대표),exact,,,[],stop,The doctor's document mentioned salicylamide.
term,hemoglobin c,헤모글로빈C,헤모글로빈C,의사의 문서에 헤모글로빈C가 언급되었습니다.,정답(대표),exact,,,['bad_chars'],stop,The doctor's document mentioned hemoglobin c.
term,z-plasty,Z성형(술),Z성형(술),이 환자에서 Z성형(술)을 시행한 것으로 보고서에 기록되었다.,정답(대표),exact,,,['bad_chars'],stop,The report documented z-plasty in this patient.
term,rash purpuric,자색반 발진,자색반 발진,의사의 문서에 자색반 발진이 언급되었다.,정답(대표),exact,,,[],stop,The doctor's document mentioned rash purpuric.
term,mamillitis,유두염,유두염,의사의 문서에 유두염이 언급되었다.,정답(대표),exact,,,[],stop,The doctor's document mentioned mamillitis.
term,bird-shot chorioretinopathy,산탄맥락망막병(증),산탄맥락망막병(증),의사의 문서에 산탄맥락망막병(증)이 언급되었습니다.,정답(대표),exact,,,['bad_chars'],stop,The doctor's document mentioned bird-shot chorioretinopathy.
term,diabetic coma,당뇨 혼수,당뇨 혼수,의사의 문서에는 당뇨 혼수가 언급되어 있었다.,정답(대표),exact,,,[],stop,The doctor's document mentioned diabetic coma.
term,condensed chromatin,농축염색질,농축염색질,의사의 문서에 농축염색질이 언급되었다.,정답(대표),exact,,,[],stop,The doctor's document mentioned condensed chromatin.
term,genu valgum,외반슬,외반슬,보고서에는 이 환자에게 외반슬이 있다고 기록되어 있습니다.,정답(대표),exact,,,[],stop,The report documented genu valgum in this patient.
term,revision septoplasty,교정 사이막성형술,교정 사이막성형술,보고서는 이 환자에서 교정 사이막성형술을 기록했습니다.,정답(대표),exact,,,[],stop,The report documented revision septoplasty in this patient.
term,naevus portwine,포도주색 모반,포도주색 모반,이 환자에게 포도주색 모반을 문서화했다.,정답(대표),exact,,,[],stop,The report documented naevus portwine in this patient.
term,glissade,글리사드,글리사드,의사의 문서에 글리사드가 언급되었다.,정답(대표),exact,,,[],stop,The doctor's document mentioned glissade.
term,psoas shadow,허리근음영,허리근음영,의사의 문서에 허리근음영이 언급되었다.,정답(대표),exact,,,[],stop,The doctor's document mentioned psoas shadow.
term,splenectomy,비장절제,비장절제,이 환자에서 비장절제가 보고되었습니다.,정답(대표),exact,,,[],stop,The report documented splenectomy in this patient.
term,antimicrobial eye drop,항균안약,항균안약,의사의 문서에 항균안약이 언급되었습니다.,정답(대표),exact,,,[],stop,The doctor's document mentioned antimicrobial eye drop.
term,salpingography and plasty,난관조영촬영 및 개통술,난관조영촬영 및 개통술,이 환자에게 난관조영촬영 및 개통술이 시행되었습니다.,정답(대표),exact,,,[],stop,salpingography and plasty was performed on this patient.
term,clostridium histolyticum,클로스트리듐히스톨리티쿰,클로스트리듐히스톨리티쿰,의사의 문서에 클로스트리듐히스톨리티쿰이 언급되었습니다.,정답(대표),exact,,,[],stop,The doctor's document mentioned clostridium histolyticum.
term,anecdotal,증례서술적,증례서술적,의사의 문서는 증례서술적을 언급했다.,정답(대표),exact,,,[],stop,The doctor's document mentioned anecdotal.
term,tumor-specific antigen,종양특이항원,종양특이항원,의사의 문서에 종양특이항원이 언급되었다.,정답(대표),exact,,,[],stop,The doctor's document mentioned tumor-specific antigen.
term,schistocephalus,머리갈림태아,머리갈림태아,의사의 문서에는 머리갈림태아가 언급되어 있었다.,정답(대표),exact,,,[],stop,The doctor's document mentioned schistocephalus.
term,resecting fracture,깍임골절,깍임골절,의사의 문서에서 깍임골절을 언급했습니다.,정답(대표),exact,,,[],stop,The doctor's document mentioned resecting fracture.
term,epidermophyton,표피사상균(속),표피사상균(속),의사의 문서에 표피사상균(속)이 언급되었다.,정답(대표),exact,,,['bad_chars'],stop,The doctor's document mentioned epidermophyton.
term,microlymphatic graft,미세림프절이식,미세림프절이식,의사의 문서에서 미세림프절이식을 언급했습니다.,정답(대표),exact,,,[],stop,The doctor's document mentioned microlymphatic graft.
term,cardiac pet-ct,심장 양전자방출단층촬영술,심장 양전자방출단층촬영술,보고서는 이 환자에서 심장 양전자방출단층촬영술을 기록했다.,정답(대표),exact,,,[],stop,The report documented cardiac pet-ct in this patient.
term,multidrug resistance,다약제내성,다약제내성,의사의 문서는 다약제내성을 언급했습니다.,정답(대표),exact,,,[],stop,The doctor's document mentioned multidrug resistance.
term,puerility,소아기,소아기,의사의 문서에 소아기가 언급되었다.,정답(대표),exact,,,[],stop,The doctor's document mentioned puerility.
term,enteropathic arthritis,창자질환성 관절염,창자질환성 관절염,의사의 문서에는 창자질환성 관절염이 언급되어 있었습니다.,정답(대표),exact,,,[],stop,The doctor's document mentioned enteropathic arthritis.
term,lobomycosis,로보진균증,로보진균증,보고서는 이 환자에게서 로보진균증을 기록했습니다.,정답(대표),exact,,,[],stop,The report documented lobomycosis in this patient.
term,lamblial dysentery,람블편모충이질,람블편모충이질,의사의 문서에 람블편모충이질이 언급되었습니다.,정답(대표),exact,,,[],stop,The doctor's document mentioned lamblial dysentery.
term,ladder splint,사다리형덧대,사다리형덧대,의사의 문서에 사다리형덧대가 언급되었습니다.,정답(대표),exact,,,[],stop,The doctor's document mentioned ladder splint.
term,radiostrontium,방사성스트론튬,방사성스트론튬,의사의 문서에 방사성스트론튬이 언급되었다.,정답(대표),exact,,,[],stop,The doctor's document mentioned radiostrontium.
term,deuterium,중수소,중수소,의사의 문서는 중수소를 언급했다.,정답(대표),exact,,,[],stop,The doctor's document mentioned deuterium.
term,deforming dorsopathies,변형성 등병증,변형성 등병증,보고서는 이 환자에서 변형성 등병증을 기록했습니다.,정답(대표),exact,,,[],stop,The report documented deforming dorsopathies in this patient.
term,nonoperculated egg,무난개충란,무난개충란,의사의 문서에는 무난개충란이 언급되었습니다.,정답(대표),exact,,,[],stop,The doctor's document mentioned nonoperculated egg.
term,holy fire,에르고트중독증,에르고트중독증,의사의 문서에는 에르고트중독증이 언급되어 있었다.,정답(대표),exact,,,[],stop,The doctor's document mentioned holy fire.
term,sclerosing retroperitonitis,경화뒤배막염,경화뒤배막염,의사의 문서에서는 경화뒤배막염이 언급되었습니다.,정답(대표),exact,,,[],stop,The doctor's document mentioned sclerosing retroperitonitis.
term,bilaminar vitelline placenta,두겹난황태반,두겹난황태반,의사의 문서에 두겹난황태반이 언급되었다.,정답(대표),exact,,,[],stop,The doctor's document mentioned bilaminar vitelline placenta.
term,dyskeratosis congenita,선천 이상각화증,선천 이상각화증,보고서는 이 환자에서 선천 이상각화증을 문서화했습니다.,정답(대표),exact,,,[],stop,The report documented dyskeratosis congenita in this patient.
term,flax-dresser disease,아마포착용자병,아마포착용자병,보고서는 이 환자에게서 아마포착용자병을 기록했다.,정답(대표),exact,,,[],stop,The report documented flax-dresser disease in this patient.
term,bryant's traction,브리언트 당김,브리언트 당김,보고서는 이 환자에서 브리언트 당김을 문서화했습니다.,정답(대표),exact,,,[],stop,The report documented bryant's traction in this patient.
term,endemic disease,풍토병,풍토병,의사의 문서는 풍토병을 언급했습니다.,정답(대표),exact,,,[],stop,The doctor's document mentioned endemic disease.
term,annular nucleus,고리핵,고리핵,의사의 문서에 고리핵이 언급되었다.,정답(대표),exact,,,[],stop,The doctor's document mentioned annular nucleus.
term,pseudoptosis,거짓눈꺼풀처짐,거짓눈꺼풀처짐,보고서는 이 환자에서 거짓눈꺼풀처짐을 기록했습니다.,정답(대표),exact,,,[],stop,The report documented pseudoptosis in this patient.
term,throat pruritus,목구멍 가려움증,목구멍 가려움증,의사의 문서에는 목구멍 가려움증이 언급되어 있었다.,정답(대표),exact,,,[],stop,The doctor's document mentioned throat pruritus.
term,endoenteritis,창자점막염,창자점막염,의사의 문서에서는 창자점막염이 언급되었습니다.,정답(대표),exact,,,[],stop,The doctor's document mentioned endoenteritis.
term,deep mycosis,심재성 진균증,심재성 진균증,보고서는 이 환자에서 심재성 진균증을 기록했다.,정답(대표),exact,,,[],stop,The report documented deep mycosis in this patient.
term,hydrometra,물자궁증,물자궁증,보고서는 이 환자의 물자궁증을 기록했습니다.,정답(대표),exact,,,[],stop,The report documented hydrometra in this patient.
term,osteochondroma,뼈연골종,뼈연골종,의사의 문서에 뼈연골종이 언급되었다.,정답(대표),exact,,,[],stop,The doctor's document mentioned osteochondroma.
term,stratified randomization,층별무작위배정(법),층별무작위배정(법),의사의 문서에 층별무작위배정(법)이 언급되었다.,정답(대표),exact,,,['bad_chars'],stop,The doctor's document mentioned stratified randomization.
term,corticobasal degeneration,겉질기저 변성,겉질기저 변성,의사의 문서에서 겉질기저 변성이 언급되었습니다.,정답(대표),exact,,,[],stop,The doctor's document mentioned corticobasal degeneration.
term,heart rate variability,심박변이도,심박변이도,의사의 문서에 심박변이도가 언급되었습니다.,정답(대표),exact,,,[],stop,The doctor's document mentioned heart rate variability.
term,intromission,삽입,삽입,의사의 문서에 삽입이 언급되었다.,정답(대표),exact,,,[],stop,The doctor's document mentioned intromission.
term,drug-induced,약물유발-,약물유발-,의사의 문서에 약물유발-이 언급되었다.,정답(대표),exact,,,[],stop,The doctor's document mentioned drug-induced.
term,ossidesmosis,힘줄뼈되기,힘줄뼈되기,의사의 문서에서는 힘줄뼈되기를 언급했습니다.,정답(대표),exact,,,[],stop,The doctor's document mentioned ossidesmosis.
term,binaural,양귀-,양귀-,의사의 문서에 양귀-가 언급되었습니다.,정답(대표),exact,,,[],stop,The doctor's document mentioned binaural.
term,extrachromosomal inheritance,염색체외유전,염색체외유전,의사의 문서에 염색체외유전이 언급되었다.,정답(대표),exact,,,[],stop,The doctor's document mentioned extrachromosomal inheritance.
term,onychopathy,손발톱병(증),손발톱병(증),의사의 서류에 손발톱병(증)이 언급되어 있었다.,정답(대표),exact,,,['bad_chars'],stop,The doctor's document mentioned onychopathy.
term,ionometer,이온화선량계,이온화선량계,의사의 문서에 이온화선량계가 언급되었다.,정답(대표),exact,,,[],stop,The doctor's document mentioned ionometer.
term,double-barreled aorta,이중관대동맥,이중관대동맥,의사의 문서에서 이중관대동맥이 언급되었습니다.,정답(대표),exact,,,[],stop,The doctor's document mentioned double-barreled aorta.
term,lipomelanotic reticulosis,지방흑색증성 세망증,지방흑색증성 세망증,보고서는 이 환자에서 지방흑색증성 세망증을 기록하였다.,정답(대표),exact,,,[],stop,The report documented lipomelanotic reticulosis in this patient.
term,muscle twitch,근육 경련,근육 경련,의사의 문서에 근육 경련이 언급되었다.,정답(대표),exact,,,[],stop,The doctor's document mentioned muscle twitch.
term,psychosocial development,정신사회발달,정신사회발달,의사의 문서에 정신사회발달이 언급되었다.,정답(대표),exact,,,[],stop,The doctor's document mentioned psychosocial development.
term,ulcerlike nud,궤양성 비궤양성 소화불량,궤양성 비궤양성 소화불량,보고서는 이 환자에서 궤양성 비궤양성 소화불량을 기록했습니다.,정답(대표),exact,,,[],stop,The report documented ulcerlike nud in this patient.
term,nodular fasciitis,결절 근막염,결절 근막염,보고서는 이 환자에서 결절 근막염을 기록했습니다.,정답(대표),exact,,,[],stop,The report documented nodular fasciitis in this patient.
term,homogeneous,균일,균일,의사의 문서에 균일이 언급되었다.,정답(대표),exact,,,[],stop,The doctor's document mentioned homogeneous.
term,altered uterine contractions,자궁수축 변화,자궁수축 변화,의사의 문서에 자궁수축 변화가 언급되었습니다.,정답(대표),exact,,,[],stop,The doctor's document mentioned altered uterine contractions.
term,pyrexia during labour,출산중 발열,출산중 발열,보고서는 이 환자의 출산중 발열을 기록했습니다.,정답(대표),exact,,,[],stop,The report documented pyrexia during labour in this patient.
term,a/s capsulectomy,관절경적 피막절제술,관절경적 피막절제술,이 환자에서 관절경적 피막절제술을 시행한 것으로 보고서에 기록되었다.,정답(대표),exact,,,[],stop,The report documented a/s capsulectomy in this patient.
term,superexcitation,과도흥분,과도흥분,의사의 문서에서 과도흥분을 언급했다.,정답(대표),exact,,,[],stop,The doctor's document mentioned superexcitation.
term,bony excrescence,뼈이상돌출,뼈이상돌출,의사의 문서에 뼈이상돌출이 언급되었습니다.,정답(대표),exact,,,[],stop,The doctor's document mentioned bony excrescence.
term,coupling color,커플링염료,커플링염료,의사의 문서에 커플링염료가 언급되었다.,정답(대표),exact,,,[],stop,The doctor's document mentioned coupling color.
term,phlebitis and thrombophlebitis,정맥염 및 혈전정맥염,정맥염 및 혈전정맥염,보고서에는 이 환자에게 정맥염 및 혈전정맥염이 있음이 문서화되어 있었다.,정답(대표),exact,,,[],stop,The report documented phlebitis and thrombophlebitis in this patient.
term,breath holding spell,숨참기발작,숨참기발작,보고서는 이 환자의 숨참기발작을 기록했다.,정답(대표),exact,,,[],stop,The report documented breath holding spell in this patient.
term,extroverted personality,외향인격,외향인격,의사의 문서에 외향인격이 언급되었다.,정답(대표),exact,,,[],stop,The doctor's document mentioned extroverted personality.
term,enterotoxin,창자독소,창자독소,의사의 문서에 창자독소가 언급되었다.,정답(대표),exact,,,[],stop,The doctor's document mentioned enterotoxin.
term,linear craniectomy,선상 머리뼈 절제,선상 머리뼈 절제,이 환자에서 선상 머리뼈 절제가 보고되었다.,정답(대표),exact,,,[],stop,The report documented linear craniectomy in this patient.
term,diving reflex,잠수반사,잠수반사,의사의 문서에 잠수반사가 언급되었다.,정답(대표),exact,,,[],stop,The doctor's document mentioned diving reflex.
term,thymus,가슴샘,가슴샘,의사의 문서에 가슴샘이 언급되었다.,정답(대표),exact,,,[],stop,The doctor's document mentioned thymus.
term,pseudoepicanthus,거짓눈구석주름,거짓눈구석주름,의사의 문서에서 거짓눈구석주름이 언급되었습니다.,정답(대표),exact,,,[],stop,The doctor's document mentioned pseudoepicanthus.
term,in utero,자궁내,자궁내,의사의 문서에 자궁내가 언급되었다.,정답(대표),exact,,,[],stop,The doctor's document mentioned in utero.
term,epidermolysis bullosa dystrophica,디스트로피성 수포성 표피박리증,디스트로피성 수포성 표피박리증,이 보고서는 이 환자에서 디스트로피성 수포성 표피박리증을 문서화했습니다.,정답(대표),exact,,,[],stop,The report documented epidermolysis bullosa dystrophica in this patient.
term,functional ileus,기능창자막힘증,기능창자막힘증,의사의 문서에 기능창자막힘증이 언급되었습니다.,정답(대표),exact,,,[],stop,The doctor's document mentioned functional ileus.
term,colonic serosa,잘록창자장막층,잘록창자장막층,의사의 문서에서 잘록창자장막층을 언급했습니다.,정답(대표),exact,,,[],stop,The doctor's document mentioned colonic serosa.
term,sideroblastic anaemia,철적혈모구빈혈,철적혈모구빈혈,보고서는 이 환자에게 철적혈모구빈혈이 있음을 문서화했다.,정답(대표),exact,,,[],stop,The report documented sideroblastic anaemia in this patient.
term,prandial,식사-,식사-,의사의 문서에 식사-가 언급되었다.,정답(대표),exact,,,[],stop,The doctor's document mentioned prandial.
term,infanthood,영아기,영아기,의사의 문서에 영아기가 언급되었다.,정답(대표),exact,,,[],stop,The doctor's document mentioned infanthood.
term,rothmund thomson syndrome,로트문드 톰슨 증후군,로트문드 톰슨 증후군,보고서는 이 환자에게서 로트문드 톰슨 증후군을 기록했습니다.,정답(대표),exact,,,[],stop,The report documented rothmund thomson syndrome in this patient.
term,high quality-hcv ab,정밀면역검사-C형간염항체,정밀면역검사-C형간염항체,이 환자에게 정밀면역검사-C형간염항체가 시행되었습니다.,정답(대표),exact,,,['bad_chars'],stop,high quality-hcv ab was performed on this patient.
term,echo pulse,초음파,초음파,의사의 문서에 초음파가 언급되었다.,정답(대표),exact,,,[],stop,The doctor's document mentioned echo pulse.
term,intramuscular nerve stimulation,근육내신경자극치료,근육내신경자극치료,의사의 문서에는 근육내신경자극치료가 언급되어 있었습니다.,정답(대표),exact,,,[],stop,The doctor's document mentioned intramuscular nerve stimulation.
term,anisometropic amblyopia,굴절부등약시,굴절부등약시,보고서는 이 환자에서 굴절부등약시를 기록했습니다.,정답(대표),exact,,,[],stop,The report documented anisometropic amblyopia in this patient.
term,traumatic sah,외상성 지주막하출혈,외상성 지주막하출혈,이 환자에서 외상성 지주막하출혈을 보고했다.,정답(대표),exact,,,[],stop,The report documented traumatic sah in this patient.
term,kakidrosis,땀악취증,땀악취증,보고서는 이 환자에게서 땀악취증을 기록했습니다.,정답(대표),exact,,,[],stop,The report documented kakidrosis in this patient.
term,plate,평판,평판,의사의 문서에 평판이 언급되었다.,정답(대표),exact,,,[],stop,The doctor's document mentioned plate.
term,paraspasm,대칭성연축,대칭성연축,의사의 문서에 대칭성연축이 언급되었다.,정답(대표),exact,,,[],stop,The doctor's document mentioned paraspasm.
term,mescaline,메스칼린,메스칼린,의사의 문서에 메스칼린이 언급되었다.,정답(대표),exact,,,[],stop,The doctor's document mentioned mescaline.
term,gangliectomy,신경절절제(술),신경절절제술,의사의 문서에서 신경절절제술이 언급되었다.,오답,-,,,[],stop,The doctor's document mentioned gangliectomy.
term,carpometacarpal joint structure,손목손허리관절,손목손허리관절,의사의 문서에 손목손허리관절이 언급되었습니다.,정답(대표),exact,,,[],stop,The doctor's document mentioned carpometacarpal joint structure.
term,cystica ureteritis,낭성 요관염,낭성 요관염,보고서는 이 환자에게 낭성 요관염이 있음을 기록했다.,정답(대표),exact,,,[],stop,The report documented cystica ureteritis in this patient.
term,chemohormonal,화학호르몬-,화학호르몬-,의사의 문서에는 화학호르몬-이 언급되어 있었다.,정답(대표),exact,,,[],stop,The doctor's document mentioned chemohormonal.
term,ancylostoma ceylanicum,실론구충,실론구충,의사의 문서에 실론구충이 언급되어 있었다.,정답(대표),exact,,,[],stop,The doctor's document mentioned ancylostoma ceylanicum.
term,milieu therapy,환경 치료요법,환경 치료요법,의사의 문서에 환경 치료요법이 언급되었습니다.,정답(대표),exact,,,[],stop,The doctor's document mentioned milieu therapy.
term,evacuation of empyema,축농 제거,축농 제거,보고서는 이 환자에서 축농 제거를 기록했습니다.,정답(대표),exact,,,[],stop,The report documented evacuation of empyema in this patient.
term,triketohydrindene hydrate test,닌히드린검사,닌히드린검사,의사의 문서에서 닌히드린검사를 언급했습니다.,정답(대표),exact,,,[],stop,The doctor's document mentioned triketohydrindene hydrate test.
term,conglutinogen activating factor,교착원활성인자,교착원활성인자,의사의 문서에 교착원활성인자가 언급되었다.,정답(대표),exact,,,[],stop,The doctor's document mentioned conglutinogen activating factor.
term,dislocation of wrist,손목의 탈구,손목의 탈구,보고서는 이 환자의 손목의 탈구를 기록했다.,정답(대표),exact,,,[],stop,The report documented dislocation of wrist in this patient.
term,triple test,삼중검사,삼중검사,의사의 문서에 삼중검사가 언급되었습니다.,정답(대표),exact,,,[],stop,The doctor's document mentioned triple test.
term,cogan's disease,코오간병,코오간병,보고서는 이 환자에게 코오간병이 있음을 문서화했습니다.,정답(대표),exact,,,[],stop,The report documented cogan's disease in this patient.
term,double bladder,중복방광,중복방광,의사의 문서에 중복방광이 언급되었다.,정답(대표),exact,,,[],stop,The doctor's document mentioned double bladder.
term,derangement of patella,무릎뼈의 장애,무릎뼈의 장애,보고서는 이 환자의 무릎뼈의 장애를 기록했습니다.,정답(대표),exact,,,[],stop,The report documented derangement of patella in this patient.
term,debanding,밴드제거,밴드제거,의사의 문서에 밴드제거가 언급되었다.,정답(대표),exact,,,[],stop,The doctor's document mentioned debanding.
term,interarytenoid notch,모뿔사이패임,모뿔사이패임,의사의 문서에서 모뿔사이패임을 언급했습니다.,정답(대표),exact,,,[],stop,The doctor's document mentioned interarytenoid notch.
term,lymphopoiesis,림프구형성,림프구형성,의사의 문서에 림프구형성이 언급되었다.,정답(대표),exact,,,[],stop,The doctor's document mentioned lymphopoiesis.
term,masticatory dysfunction,씹기 기능장애,씹기 기능장애,의사의 문서에서 씹기 기능장애가 언급되었습니다.,정답(대표),exact,,,[],stop,The doctor's document mentioned masticatory dysfunction.
term,suturing of wound,창상봉합술,창상봉합술,보고서는 이 환자에서 창상봉합술을 기록했습니다.,정답(대표),exact,,,[],stop,The report documented suturing of wound in this patient.
term,retaining harness,장치유지,장치유지,의사의 문서에 장치유지가 언급되었다.,정답(대표),exact,,,[],stop,The doctor's document mentioned retaining harness.
term,omsk haemorrhagic fever,옴스크출혈열,옴스크출혈열,보고서는 이 환자에서 옴스크출혈열을 문서화했습니다.,정답(대표),exact,,,[],stop,The report documented omsk haemorrhagic fever in this patient.
term,dural avf,경막의 동정맥루,경막의 동정맥루,보고서는 이 환자에게 경막의 동정맥루가 있음을 기록했습니다.,정답(대표),exact,,,[],stop,The report documented dural avf in this patient.
term,hepatogram,간실질상,간실질상,의사의 문서에 간실질상이 언급되었다.,정답(대표),exact,,,[],stop,The doctor's document mentioned hepatogram.
term,sacrococcygeal,엉치꼬리-,엉치꼬리-,의사의 문서에 엉치꼬리-가 언급되었다.,정답(대표),exact,,,[],stop,The doctor's document mentioned sacrococcygeal.
term,cercosporomycosis,세르코스포라진균증,세르코스포라진균증,의사의 문서에 세르코스포라진균증이 언급되었습니다.,정답(대표),exact,,,[],stop,The doctor's document mentioned cercosporomycosis.
term,lipoid dermatoarthritis,리포이드피부관절염,리포이드피부관절염,보고서는 이 환자에게 리포이드피부관절염이 있음을 문서화했습니다.,정답(대표),exact,,,[],stop,The report documented lipoid dermatoarthritis in this patient.
term,instep island flap,안쪽발바닥섬피판,안쪽발바닥섬피판,의사의 문서에 안쪽발바닥섬피판이 언급되었다.,정답(대표),exact,,,[],stop,The doctor's document mentioned instep island flap.
term,assessing waste service,쓰레기처리 능력 사정하기,쓰레기처리 능력 사정하기,의사의 문서는 쓰레기처리 능력 사정하기를 언급했다.,정답(대표),exact,,,[],stop,The doctor's document mentioned assessing waste service.
term,affectivity,정동성,정동성,의사의 문서는 정동성을 언급했다.,정답(대표),exact,,,[],stop,The doctor's document mentioned affectivity.
term,dry weight,투석목표체중,투석목표체중,의사의 문서에 투석목표체중이 언급되었습니다.,정답(대표),exact,,,[],stop,The doctor's document mentioned dry weight.
term,spinal injuries,척수 손상,척수 손상,의사의 문서에 척수 손상이 언급되었습니다.,정답(대표),exact,,,[],stop,The doctor's document mentioned spinal injuries.
term,crossbite (anterior)(posterior),맞물림이상(앞쪽)(뒤쪽),맞물림이상(앞쪽)(뒤쪽),보고서에는 이 환자의 맞물림이상(앞쪽)(뒤쪽)이 기록되었습니다.,정답(대표),exact,,,['bad_chars'],stop,The report documented crossbite (anterior)(posterior) in this patient.
term,neuraxis,신경축,신경축,의사의 문서에 신경축이 언급되었다.,정답(대표),exact,,,[],stop,The doctor's document mentioned neuraxis.
term,spleen qi deficiency,비기허,비기허,보고서는 이 환자에게 비기허가 있음을 문서화했습니다.,정답(대표),exact,,,[],stop,The report documented spleen qi deficiency in this patient.
term,manage immobilizer care,부동간호 관리,부동간호 관리,의사의 문서에 부동간호 관리가 언급되었습니다.,정답(대표),exact,,,[],stop,The doctor's document mentioned manage immobilizer care.
term,cervix dilatation,자궁경부개대,자궁경부개대,의사의 문서에 자궁경부개대가 언급되었다.,정답(대표),exact,,,[],stop,The doctor's document mentioned cervix dilatation.
term,poor sucking reflex,빨기 반사 어려움,빨기 반사 어려움,의사의 문서에 빨기 반사 어려움이 언급되었습니다.,정답(대표),exact,,,[],stop,The doctor's document mentioned poor sucking reflex.
term,high-tension pulse,고긴장맥박,고긴장맥박,의사의 문서에 고긴장맥박이 언급되었다.,정답(대표),exact,,,[],stop,The doctor's document mentioned high-tension pulse.
term,sp crown setting,스테인레스금관 합착,스테인레스금관 합착,의사의 문서에 스테인레스금관 합착이 언급되었다.,정답(대표),exact,,,[],stop,The doctor's document mentioned sp crown setting.
term,epiduroscopic neuroplasty,내시경적 경막외강 신경성형술,내시경적 경막외강 신경성형술,보고서는 이 환자에서 내시경적 경막외강 신경성형술을 기록하였다.,정답(대표),exact,,,[],stop,The report documented epiduroscopic neuroplasty in this patient.
term,bilharzial dysentery,방광주혈흡충이질,방광주혈흡충이질,의사의 문서에 방광주혈흡충이질이 언급되었다.,정답(대표),exact,,,[],stop,The doctor's document mentioned bilharzial dysentery.
term,iodinated,요오드표지-,요오드표지-,의사의 문서는 요오드표지-를 언급했다.,정답(대표),exact,,,[],stop,The doctor's document mentioned iodinated.
term,bilateral palatine tonsils,양측 목구멍 편도,양측 목구멍 편도,의사의 문서에 양측 목구멍 편도가 언급되었습니다.,정답(대표),exact,,,[],stop,The doctor's document mentioned bilateral palatine tonsils.
term,subpapillary arterial network,유두밑동맥그물,유두밑동맥그물,의사의 문서에서 유두밑동맥그물이 언급되었다.,정답(대표),exact,,,[],stop,The doctor's document mentioned subpapillary arterial network.
term,entire trapezius muscle,온등세모근,온등세모근,의사의 문서에 온등세모근이 언급되었다.,정답(대표),exact,,,[],stop,The doctor's document mentioned entire trapezius muscle.
term,collagen fiber graft,교원 섬유 이식술,교원 섬유 이식술,보고서는 이 환자에서 교원 섬유 이식술을 문서화했습니다.,정답(대표),exact,,,[],stop,The report documented collagen fiber graft in this patient.
term,polymerism,분절과다증,분절과다증,의사의 문서에 분절과다증이 언급되었다.,정답(대표),exact,,,[],stop,The doctor's document mentioned polymerism.
term,labilizer,불안정제,불안정제,의사의 문서에 불안정제가 언급되었다.,정답(대표),exact,,,[],stop,The doctor's document mentioned labilizer.
term,hypotonus,근육긴장저하,근육긴장저하,의사의 문서에 근육긴장저하가 언급되었습니다.,정답(대표),exact,,,[],stop,The doctor's document mentioned hypotonus.
term,melanidrosis,흑색땀증,흑색땀증,의사의 문서에 흑색땀증이 언급되었습니다.,정답(대표),exact,,,[],stop,The doctor's document mentioned melanidrosis.
term,allergenic serum,알레르기혈청,알레르기혈청,의사의 문서에 알레르기혈청이 언급되었습니다.,정답(대표),exact,,,[],stop,The doctor's document mentioned allergenic serum.
term,micromanipulation,미세조작(술),미세조작(술),의사의 문서에 미세조작(술)이 언급되었다.,정답(대표),exact,,,['bad_chars'],stop,The doctor's document mentioned micromanipulation.
term,endometrial stromal sarcoma,자궁내막버팀질육종,자궁내막버팀질육종,의사의 문서에서는 자궁내막버팀질육종이 언급되었습니다.,정답(대표),exact,,,[],stop,The doctor's document mentioned endometrial stromal sarcoma.
term,cobblestone tongue,조약돌혀,조약돌혀,의사의 문서에는 조약돌혀가 언급되어 있었다.,정답(대표),exact,,,[],stop,The doctor's document mentioned cobblestone tongue.
term,peritoneal cavity,배막안,배막안,의사의 문서에 배막안이 언급되었다.,정답(대표),exact,,,[],stop,The doctor's document mentioned peritoneal cavity.
term,chorea gravidarum,임신무도병,임신무도병,의사의 문서에는 임신무도병이 언급되어 있었다.,정답(대표),exact,,,[],stop,The doctor's document mentioned chorea gravidarum.
term,acrotrophodynia,말단영양통증,말단영양통증,의사의 문서에 말단영양통증이 언급되었습니다.,정답(대표),exact,,,[],stop,The doctor's document mentioned acrotrophodynia.
term,spondylopathy,척추병(증),척추병(증),보고서는 이 환자에게 척추병(증)이 있음을 기록했다.,정답(대표),exact,,,['bad_chars'],stop,The report documented spondylopathy in this patient.
term,macrocephalus,큰머리증,큰머리증,보고서는 이 환자에게서 큰머리증을 문서화했습니다.,정답(대표),exact,,,[],stop,The report documented macrocephalus in this patient.
term,saliva viscosity test,타액 점조도 검사,타액 점조도 검사,보고서는 이 환자의 타액 점조도 검사를 문서화했다.,정답(대표),exact,,,[],stop,The report documented saliva viscosity test in this patient.
term,revaccination,재접종,재접종,의사의 문서에 재접종이 언급되었습니다.,정답(대표),exact,,,[],stop,The doctor's document mentioned revaccination.
term,solenopsis invicta,불개미,불개미,의사의 문서에 불개미가 언급되었다.,정답(대표),exact,,,[],stop,The doctor's document mentioned solenopsis invicta.
term,perfluorocarbon,과불화탄소,과불화탄소,의사의 문서에서 과불화탄소를 언급했습니다.,정답(대표),exact,,,[],stop,The doctor's document mentioned perfluorocarbon.
term,ardor,작열감,작열감,의사의 문서에 작열감이 언급되었다.,정답(대표),exact,,,[],stop,The doctor's document mentioned ardor.
term,transluminal coronary atherectomy,내강경유 심장혈관 죽종절제,내강경유 심장혈관 죽종절제,보고서는 이 환자에서 내강경유 심장혈관 죽종절제를 기록하였다.,정답(대표),exact,,,[],stop,The report documented transluminal coronary atherectomy in this patient.
term,hemocytometry,혈구계수(법),혈구계수(법),의사의 문서에 혈구계수(법)이 언급되었다.,정답(대표),exact,,,['bad_chars'],stop,The doctor's document mentioned hemocytometry.
term,membranous endometritis,막자궁내막염,막자궁내막염,의사의 문서에는 막자궁내막염이 언급되어 있었다.,정답(대표),exact,,,[],stop,The doctor's document mentioned membranous endometritis.
term,juvenile chronic iridocyclitis,연소성 만성 홍채섬모체염,연소성 만성 홍채섬모체염,보고서는 이 환자에서 연소성 만성 홍채섬모체염을 기록했다.,정답(대표),exact,,,[],stop,The report documented juvenile chronic iridocyclitis in this patient.
term,tufting enteropathy,터프팅장증,터프팅장증,보고서는 이 환자에서 터프팅장증을 문서화했다.,정답(대표),exact,,,[],stop,The report documented tufting enteropathy in this patient.
term,cross-face,교차얼굴,교차얼굴,의사의 문서에 교차얼굴이 언급되었다.,정답(대표),exact,,,[],stop,The doctor's document mentioned cross-face.
term,diverticulitis oesophageal,식도 곁주머니염,식도 곁주머니염,의사의 문서에 식도 곁주머니염이 언급되었습니다.,정답(대표),exact,,,[],stop,The doctor's document mentioned diverticulitis oesophageal.
term,medical care division,의료급여구분,의료급여구분,의사의 문서에 의료급여구분이 언급되었다.,정답(대표),exact,,,[],stop,The doctor's document mentioned medical care division.
term,muscle flap,근(육)판,근(육)판,이 환자에서 근(육)판을 문서화했다.,정답(대표),exact,,,['bad_chars'],stop,The report documented muscle flap in this patient.
term,distraction therapy,골신장술,골신장술,의사의 문서에 골신장술이 언급되었습니다.,정답(대표),exact,,,[],stop,The doctor's document mentioned distraction therapy.
term,associated disorder,수반장애,수반장애,의사의 문서에 수반장애가 언급되었다.,정답(대표),exact,,,[],stop,The doctor's document mentioned associated disorder.
term,gitelman syndrome,지텔만 증후군,지텔만 증후군,보고서는 이 환자에게서 지텔만 증후군을 기록했다.,정답(대표),exact,,,[],stop,The report documented gitelman syndrome in this patient.
term,positioned flap,판막이동수술,판막이동수술,의사의 문서에 판막이동수술이 언급되었습니다.,정답(대표),exact,,,[],stop,The doctor's document mentioned positioned flap.
term,esthiomene,만성 외음궤양,만성 외음궤양,보고서는 이 환자에서 만성 외음궤양을 기록했습니다.,정답(대표),exact,,,[],stop,The report documented esthiomene in this patient.
term,lcp disease,넙다리뼈머리뼈끝뼈연골증,넙다리뼈머리뼈끝뼈연골증,의사의 문서에 넙다리뼈머리뼈끝뼈연골증이 언급되었습니다.,정답(대표),exact,,,[],stop,The doctor's document mentioned lcp disease.
term,papilloma of cerviv,자궁경부의 유두종,자궁경부의 유두종,보고서는 이 환자에서 자궁경부의 유두종을 기록했습니다.,정답(대표),exact,,,[],stop,The report documented papilloma of cerviv in this patient.
term,steatocystoma,피지낭종,피지낭종,의사의 문서에 피지낭종이 언급되었다.,정답(대표),exact,,,[],stop,The doctor's document mentioned steatocystoma.
term,sialodochoplasty,침샘관성형(술),침샘관성형(술),의사의 문서에 침샘관성형(술)이 언급되었다.,정답(대표),exact,,,['bad_chars'],stop,The doctor's document mentioned sialodochoplasty.
term,alert,명료함,명료함,의사의 문서는 명료함을 언급했다.,정답(대표),exact,,,[],stop,The doctor's document mentioned alert.
term,glucuronic acid,글루쿠론산,글루쿠론산,의사의 문서에 글루쿠론산이 언급되었습니다.,정답(대표),exact,,,[],stop,The doctor's document mentioned glucuronic acid.
term,first-pass cardiac scan(resting),일회통과심장스캔-안정상태,일회통과심장스캔-안정상태,이 환자에게 일회통과심장스캔-안정상태가 수행되었습니다.,정답(대표),exact,,,[],stop,first-pass cardiac scan(resting) was performed on this patient.
term,arthroplasty of foot,발의 관절 성형,발의 관절 성형,보고서는 이 환자에서 발의 관절 성형을 문서화했습니다.,정답(대표),exact,,,[],stop,The report documented arthroplasty of foot in this patient.
term,dromotropic,전도영향성-,전도영향성,의사의 문서에 전도영향성이 언급되었습니다.,오답,-,,,[],stop,The doctor's document mentioned dromotropic.
term,tibia vara,내반경골,내반경골,보고서는 이 환자에서 내반경골을 기록했습니다.,정답(대표),exact,,,[],stop,The report documented tibia vara in this patient.
term,assessing grief,슬픔 사정하기,슬픔 사정하기,의사의 문서에 슬픔 사정하기가 언급되었다.,정답(대표),exact,,,[],stop,The doctor's document mentioned assessing grief.
term,staphylococcus epidermidis,표피포도알균,표피포도알균,의사의 문서에 표피포도알균이 언급되었습니다.,정답(대표),exact,,,[],stop,The doctor's document mentioned staphylococcus epidermidis.
term,proenzyme,풋효소,풋효소,의사의 문서에 풋효소가 언급되었습니다.,정답(대표),exact,,,[],stop,The doctor's document mentioned proenzyme.
term,diffusing capacity,확산능,확산능,의사의 문서에서 확산능이 언급되었다.,정답(대표),exact,,,[],stop,The doctor's document mentioned diffusing capacity.
term,motor fiber,운동신경섬유,운동신경섬유,의사의 문서에 운동신경섬유가 언급되었습니다.,정답(대표),exact,,,[],stop,The doctor's document mentioned motor fiber.
term,parovarian cystoma,난소위체낭,난소위체낭,보고서는 이 환자에게 난소위체낭이 있음을 문서화했다.,정답(대표),exact,,,[],stop,The report documented parovarian cystoma in this patient.
term,nerve conduction study(head),신경전도검사(두부),신경전도검사(두부),이 환자에서 신경전도검사(두부)가 시행되었습니다.,정답(대표),exact,,,['bad_chars'],stop,nerve conduction study(head) was performed on this patient.
term,inappropriate self disclosure,부적절한 자기 노출,부적절한 자기 노출,의사의 문서는 부적절한 자기 노출을 언급했다.,정답(대표),exact,,,[],stop,The doctor's document mentioned inappropriate self disclosure.
term,catatonic shizophrenia,긴장형 정신분열병,긴장형 정신분열병,보고서는 이 환자에게서 긴장형 정신분열병을 기록했다.,정답(대표),exact,,,[],stop,The report documented catatonic shizophrenia in this patient.
term,epilemmal termination,신경속막종말,신경속막종말,의사의 문서에서 신경속막종말을 언급했습니다.,정답(대표),exact,,,[],stop,The doctor's document mentioned epilemmal termination.
term,dilation of intestine,창자 확장,창자 확장,보고서는 이 환자에서 창자 확장을 기록했습니다.,정답(대표),exact,,,[],stop,The report documented dilation of intestine in this patient.
term,sarcoma of lung,폐 육종,폐 육종,보고서는 이 환자에서 폐 육종을 기록했습니다.,정답(대표),exact,,,[],stop,The report documented sarcoma of lung in this patient.
term,binder,결합체,결합체,의사의 문서에 결합체가 언급되었다.,정답(대표),exact,,,[],stop,The doctor's document mentioned binder.
term,ramicotomy,신경분지절단(술),신경분지절단술,의사의 문서에 신경분지절단술이 언급되었다.,오답,-,,,[],stop,The doctor's document mentioned ramicotomy.
term,fetal cotyledon,태아쪽태반엽,태아쪽태반엽,의사의 문서에 태아쪽태반엽이 언급되었다.,정답(대표),exact,,,[],stop,The doctor's document mentioned fetal cotyledon.
term,multiple v-y plasties,V-Y 성형술,V-Y 성형술,의사의 문서에 V-Y 성형술이 언급되었습니다.,정답(대표),exact,,,['bad_chars'],stop,The doctor's document mentioned multiple v-y plasties.
term,psychologist - rehabilitation,심리학자-재활,심리학자-재활,의사의 문서에 심리학자-재활이 언급되었습니다.,정답(대표),exact,,,[],stop,The doctor's document mentioned psychologist - rehabilitation.
term,hemeralopia,주간맹,주간맹,보고서는 이 환자에게서 주간맹을 기록했다.,정답(대표),exact,,,[],stop,The report documented hemeralopia in this patient.
term,cortisol-binding globulin,코티솔결합글로불린,코티솔결합글로불린,의사의 문서에 코티솔결합글로불린이 언급되었습니다.,정답(대표),exact,,,[],stop,The doctor's document mentioned cortisol-binding globulin.
term,pyelic,콩팥깔때기-,콩팥깔때기-,의사의 문서에 콩팥깔때기-가 언급되었다.,정답(대표),exact,,,[],stop,The doctor's document mentioned pyelic.
term,facial nucleus,얼굴신경핵,얼굴신경핵,의사의 문서에 얼굴신경핵이 언급되었다.,정답(대표),exact,,,[],stop,The doctor's document mentioned facial nucleus.
term,myitis,근(육)염,근(육)염,의사의 문서에는 근(육)염이 언급되어 있었다.,정답(대표),exact,,,['bad_chars'],stop,The doctor's document mentioned myitis.
term,synclonus,동조근간대,동조근간대,의사의 문서에 동조근간대가 언급되었다.,정답(대표),exact,,,[],stop,The doctor's document mentioned synclonus.
term,graves' ophthalmopathy,그레이브스 눈병증,그레이브스 눈병증,이 보고서는 이 환자에서 그레이브스 눈병증을 문서화했다.,정답(대표),exact,,,[],stop,The report documented graves' ophthalmopathy in this patient.
term,talipes calcaneus,발끝들린휜발증,발끝들린휜발증,의사의 문서에서 발끝들린휜발증이 언급되었습니다.,정답(대표),exact,,,[],stop,The doctor's document mentioned talipes calcaneus.
term,false neuroma,가성신경종,가성신경종,의사의 문서에 가성신경종이 언급되었습니다.,정답(대표),exact,,,[],stop,The doctor's document mentioned false neuroma.
term,hyperaldosteronism,고알도스테론증,고알도스테론증,보고서는 이 환자에게 고알도스테론증이 있음을 문서화했다.,정답(대표),exact,,,[],stop,The report documented hyperaldosteronism in this patient.
term,blood tinged sputum,혈액흔적가래,혈액흔적가래,의사의 문서에 혈액흔적가래가 언급되었다.,정답(대표),exact,,,[],stop,The doctor's document mentioned blood tinged sputum.
term,cold pack,찬물 주머니,찬물 주머니,의사의 문서에는 찬물 주머니가 언급되어 있었다.,정답(대표),exact,,,[],stop,The doctor's document mentioned cold pack.
term,cecocentral scotoma,주시점맹점암점,주시점맹점암점,의사의 문서에 주시점맹점암점이 언급되었습니다.,정답(대표),exact,,,[],stop,The doctor's document mentioned cecocentral scotoma.
term,comparator,비교측정기,비교측정기,의사의 문서에 비교측정기가 언급되었다.,정답(대표),exact,,,[],stop,The doctor's document mentioned comparator.
term,cirsophthalmia,결막정맥류,결막정맥류,의사의 문서에는 결막정맥류가 언급되어 있었다.,정답(대표),exact,,,[],stop,The doctor's document mentioned cirsophthalmia.
term,scleral necrosis/melt,공막 괴사/ 융해,공막 괴사/ 융해,의사의 문서에 공막 괴사/ 융해가 언급되었습니다.,정답(대표),exact,,,[],stop,The doctor's document mentioned scleral necrosis/melt.
term,deficient perineum,회음결핍,회음결핍,이 환자의 보고서에는 회음결핍이 기재되어 있다.,정답(대표),exact,,,[],stop,The report documented deficient perineum in this patient.
term,aqueous fluid,방수,방수,의사의 문서는 방수를 언급했다.,정답(대표),exact,,,[],stop,The doctor's document mentioned aqueous fluid.
term,intestinal polypectomy,장 폴립 절제,장 폴립 절제,보고서는 이 환자에서 장 폴립 절제를 기록했습니다.,정답(대표),exact,,,[],stop,The report documented intestinal polypectomy in this patient.
term,prostatodynia,전립샘통증,전립샘통증,보고서는 이 환자에게 전립샘통증이 있음을 문서화했습니다.,정답(대표),exact,,,[],stop,The report documented prostatodynia in this patient.
term,pungji,풍지(風池),풍지(風池),의사의 문서에 풍지(風池)가 언급되었다.,정답(대표),exact,,,['bad_chars'],stop,The doctor's document mentioned pungji.
term,vibratory auscultation,진동청진,진동청진,의사의 문서에 진동청진이 언급되었다.,정답(대표),exact,,,[],stop,The doctor's document mentioned vibratory auscultation.
term,retrocedent gout,내공성통풍,내공성통풍,의사의 문서에 내공성통풍이 언급되었다.,정답(대표),exact,,,[],stop,The doctor's document mentioned retrocedent gout.
term,mastadenitis,젖샘염,젖샘염,의사의 문서는 젖샘염을 언급했다.,정답(대표),exact,,,[],stop,The doctor's document mentioned mastadenitis.
term,bladder neck contracture,방광목 위축,방광목 위축,보고서는 이 환자에서 방광목 위축을 기록했습니다.,정답(대표),exact,,,[],stop,The report documented bladder neck contracture in this patient.
term,organoid tumor,장기모양종양,장기모양종양,의사의 문서에 장기모양종양이 언급되었다.,정답(대표),exact,,,[],stop,The doctor's document mentioned organoid tumor.
term,oil red,오일레드,오일레드,의사의 문서에 오일레드가 언급되었다.,정답(대표),exact,,,[],stop,The doctor's document mentioned oil red.
term,t-colectomy,횡행결장절제술,횡행결장절제술,보고서는 이 환자에서 횡행결장절제술을 문서화했습니다.,정답(대표),exact,,,[],stop,The report documented t-colectomy in this patient.
term,ear probe,귀꽂이,귀꽂이,의사의 문서가 귀꽂이를 언급했다.,정답(대표),exact,,,[],stop,The doctor's document mentioned ear probe.
term,hereditary mutilating keratoma,유전절단각화종,유전절단각화종,의사의 문서에 유전절단각화종이 언급되었다.,정답(대표),exact,,,[],stop,The doctor's document mentioned hereditary mutilating keratoma.
term,plasmablastic lymphoma,형질모세포성 림프종,형질모세포성 림프종,보고서는 이 환자에서 형질모세포성 림프종을 기록했습니다.,정답(대표),exact,,,[],stop,The report documented plasmablastic lymphoma in this patient.
term,grain itch,곡물 소양증,곡물 소양증,보고서는 이 환자의 곡물 소양증을 문서화했다.,정답(대표),exact,,,[],stop,The report documented grain itch in this patient.
term,video laryngoscopy,비디오후두경검사(법),비디오후두경검사,의사의 문서에 비디오후두경검사가 언급되었습니다.,오답,-,,,[],stop,The doctor's document mentioned video laryngoscopy.
term,intermetatarsal joint structure,발허리간관절조직,발허리간관절조직,의사의 문서에 발허리간관절조직이 언급되었습니다.,정답(대표),exact,,,[],stop,The doctor's document mentioned intermetatarsal joint structure.
term,deceleration,감속,감속,의사의 문서에 감속이 언급되었다.,정답(대표),exact,,,[],stop,The doctor's document mentioned deceleration.
term,alcohol swab,알코올솜,알코올솜,의사의 문서에 알코올솜이 언급되었습니다.,정답(대표),exact,,,[],stop,The doctor's document mentioned alcohol swab.
term,trichroism,삼색상,삼색상,의사의 문서에 삼색상이 언급되었다.,정답(대표),exact,,,[],stop,The doctor's document mentioned trichroism.
term,thoracalgia,흉통,흉통,의사의 문서에 흉통이 언급되었다.,정답(대표),exact,,,[],stop,The doctor's document mentioned thoracalgia.
term,entire finger,온손가락,온손가락,의사의 문서에 온손가락이 언급되었다.,정답(대표),exact,,,[],stop,The doctor's document mentioned entire finger.
term,tricephalus,세머리태아,세머리태아,의사의 문서에는 세머리태아가 언급되어 있었다.,정답(대표),exact,,,[],stop,The doctor's document mentioned tricephalus.
term,ant. uveitis,전방포도막염,전방포도막염,보고서는 이 환자에서 전방포도막염을 문서화했다.,정답(대표),exact,,,[],stop,The report documented ant. uveitis in this patient.
term,antivitamin,항비타민물질,항비타민물질,의사의 문서에 항비타민물질이 언급되었다.,정답(대표),exact,,,[],stop,The doctor's document mentioned antivitamin.
term,parathyroid tetany,부갑상선테타니,부갑상선테타니,보고서는 이 환자에서 부갑상선테타니를 문서화했습니다.,정답(대표),exact,,,[],stop,The report documented parathyroid tetany in this patient.
term,outbreed,무작위교배계,무작위교배계,의사의 문서는 무작위교배계를 언급했다.,정답(대표),exact,,,[],stop,The doctor's document mentioned outbreed.
term,biopsy of adenoid,인두편도 생검,인두편도 생검,보고서는 이 환자에서 인두편도 생검을 문서화했다.,정답(대표),exact,,,[],stop,The report documented biopsy of adenoid in this patient.
term,lichen planus tropicus,열대성 편평태선,열대성 편평태선,이 보고서는 이 환자에게서 열대성 편평태선을 기록하였다.,정답(대표),exact,,,[],stop,The report documented lichen planus tropicus in this patient.
term,hb-sc disease,헤모글로빈-SC병,헤모글로빈-SC병,보고서는 이 환자에게서 헤모글로빈-SC병을 기록했다.,정답(대표),exact,,,['bad_chars'],stop,The report documented hb-sc disease in this patient.
term,vertebro-basilar artery syndrome,척추-뇌기저동맥증후군,척추-뇌기저동맥증후군,보고서는 이 환자에서 척추-뇌기저동맥증후군을 기록했습니다.,정답(대표),exact,,,[],stop,The report documented vertebro-basilar artery syndrome in this patient.
term,impulse conducting system,심장흥분전도계통,심장흥분전도계통,의사의 문서에 심장흥분전도계통이 언급되었다.,정답(대표),exact,,,[],stop,The doctor's document mentioned impulse conducting system.
term,oncogene,종양유전자,종양유전자,의사의 문서에 종양유전자가 언급되었습니다.,정답(대표),exact,,,[],stop,The doctor's document mentioned oncogene.
term,cholelithiasis,담석증,담석증,보고서는 이 환자에게 담석증이 있음을 문서화했다.,정답(대표),exact,,,[],stop,The report documented cholelithiasis in this patient.
term,odontoprisis,이갈기,이갈기,의사의 문서에서 이갈기를 언급했습니다.,정답(대표),exact,,,[],stop,The doctor's document mentioned odontoprisis.
term,moniliform nucleus,염주핵,염주핵,의사의 문서에 염주핵이 언급되었다.,정답(대표),exact,,,[],stop,The doctor's document mentioned moniliform nucleus.
term,medical genetics,의학유전학,의학유전학,의사의 문서에서 의학유전학을 언급했습니다.,정답(대표),exact,,,[],stop,The doctor's document mentioned medical genetics.
term,meckel's imaging,메켈스 스캔,메켈스 스캔,보고서는 이 환자의 메켈스 스캔을 기록했습니다.,정답(대표),exact,,,[],stop,The report documented meckel's imaging in this patient.
term,koop's modified pylomyotomy,쿱의 수정 유문근층 절개,쿱의 수정 유문근층 절개,보고서는 이 환자에서 쿱의 수정 유문근층 절개를 기록했습니다.,정답(대표),exact,,,[],stop,The report documented koop's modified pylomyotomy in this patient.
term,endovascular ultrasonography,혈관내 초음파촬영,혈관내 초음파촬영,보고서는 이 환자에서 혈관내 초음파촬영을 문서화했습니다.,정답(대표),exact,,,[],stop,The report documented endovascular ultrasonography in this patient.
term,uterine arteriography,복부및골반동맥조영-자궁동맥,복부및골반동맥조영-자궁동맥,이 환자에게 복부및골반동맥조영-자궁동맥이 시행되었습니다.,정답(대표),exact,,,[],stop,uterine arteriography was performed on this patient.
term,absolute scotoma,절대암점,절대암점,의사의 문서에 절대암점이 언급되었다.,정답(대표),exact,,,[],stop,The doctor's document mentioned absolute scotoma.
term,meshwork,섬유주,섬유주,의사의 문서에 섬유주가 언급되었다.,정답(대표),exact,,,[],stop,The doctor's document mentioned meshwork.
term,myotonic disorders,근긴장장애,근긴장장애,보고서는 이 환자의 근긴장장애를 기록했습니다.,정답(대표),exact,,,[],stop,The report documented myotonic disorders in this patient.
term,hyperthyroxinemia,고티록신혈증,고티록신혈증,의사의 문서에 고티록신혈증이 언급되었습니다.,정답(대표),exact,,,[],stop,The doctor's document mentioned hyperthyroxinemia.
term,hyeopgye,협계(俠谿),협계(俠谿),의사의 문서에 협계(俠谿)가 언급되었다.,정답(대표),exact,,,['bad_chars'],stop,The doctor's document mentioned hyeopgye.
term,video-urodynamic study,영상요역동학검사,영상요역동학검사,의사의 문서에 영상요역동학검사가 언급되었습니다.,정답(대표),exact,,,[],stop,The doctor's document mentioned video-urodynamic study.
term,gastroenteritis paratyphosa,파라티푸스위창자염,파라티푸스위창자염,의사의 문서에 파라티푸스위창자염이 언급되었다.,정답(대표),exact,,,[],stop,The doctor's document mentioned gastroenteritis paratyphosa.
term,coffin-siris syndrome,코핀-시리스 증후군,코핀-시리스 증후군,보고서는 이 환자에게서 코핀-시리스 증후군을 기록했다.,정답(대표),exact,,,[],stop,The report documented coffin-siris syndrome in this patient.
term,proacrosomal granule,풋첨단체과립,풋첨단체과립,의사의 문서에 풋첨단체과립이 언급되었다.,정답(대표),exact,,,[],stop,The doctor's document mentioned proacrosomal granule.
term,intermedia thalassaemia,중간형 지중해빈혈,중간형 지중해빈혈,보고서는 이 환자에서 중간형 지중해빈혈을 문서화했습니다.,정답(대표),exact,,,[],stop,The report documented intermedia thalassaemia in this patient.
term,joint swelling non-inflammatory,비염증 관절 부기,비염증 관절 부기,의사의 문서에는 비염증 관절 부기가 언급되어 있었습니다.,정답(대표),exact,,,[],stop,The doctor's document mentioned joint swelling non-inflammatory.
term,death,사,사,보고서는 이 환자의 사를 기록했다.,정답(대표),exact,,,[],stop,The report documented death in this patient.
term,assess enema,관장 사정,관장 사정,의사의 문서에 관장 사정이 언급되었다.,정답(대표),exact,,,[],stop,The doctor's document mentioned assess enema.
term,autonomic insufficiency,자율신경부전,자율신경부전,의사의 문서에 자율신경부전이 언급되었다.,정답(대표),exact,,,[],stop,The doctor's document mentioned autonomic insufficiency.
term,assess hospice,호스피스 사정,호스피스 사정,의사의 문서에 호스피스 사정이 언급되었습니다.,정답(대표),exact,,,[],stop,The doctor's document mentioned assess hospice.
term,multiple adenomatous polyps,다발성 샘종성 폴립,다발성 샘종성 폴립,의사의 서류에 다발성 샘종성 폴립이 언급되어 있었다.,정답(대표),exact,,,[],stop,The doctor's document mentioned multiple adenomatous polyps.
term,immature proglottid,미성숙편절,미성숙편절,의사의 문서에 미성숙편절이 언급되었다.,정답(대표),exact,,,[],stop,The doctor's document mentioned immature proglottid.
term,peptonization,펩톤화,펩톤화,의사의 문서에 펩톤화가 언급되었습니다.,정답(대표),exact,,,[],stop,The doctor's document mentioned peptonization.
term,rectal,곧창자-,곧창자-,의사의 문서에 곧창자-가 언급되었다.,정답(대표),exact,,,[],stop,The doctor's document mentioned rectal.
term,transurethral intravesical electrotherapy,요도경유방광속전기요법,요도경유방광속전기요법,의사의 문서에서는 요도경유방광속전기요법이 언급되었습니다.,정답(대표),exact,,,[],stop,The doctor's document mentioned transurethral intravesical electrotherapy.
term,hyposegmentation,저분절증,저분절증,의사의 문서에 저분절증이 언급되었다.,정답(대표),exact,,,[],stop,The doctor's document mentioned hyposegmentation.
term,sirenomelia syndrome,인어다리 증후군,인어다리 증후군,보고서는 이 환자에서 인어다리 증후군을 문서화했다.,정답(대표),exact,,,[],stop,The report documented sirenomelia syndrome in this patient.
term,paraphilia,성도착(증),성도착(증),의사의 문서에 성도착(증)이 언급되었다.,정답(대표),exact,,,['bad_chars'],stop,The doctor's document mentioned paraphilia.
term,vaccination against staphylococcus,포도구균 예방접종,포도구균 예방접종,보고서는 이 환자에서 포도구균 예방접종을 문서화했습니다.,정답(대표),exact,,,[],stop,The report documented vaccination against staphylococcus in this patient.
term,isosorbide,이소소르바이드,이소소르바이드,의사의 문서에 이소소르바이드가 언급되었습니다.,정답(대표),exact,,,[],stop,The doctor's document mentioned isosorbide.
term,psoriatic spondylitis,건선척추염,건선척추염,보고서는 이 환자에게 건선척추염이 있음을 문서화했습니다.,정답(대표),exact,,,[],stop,The report documented psoriatic spondylitis in this patient.
term,bone inlay,골내재,골내재,의사의 문서에 골내재가 언급되었다.,정답(대표),exact,,,[],stop,The doctor's document mentioned bone inlay.
term,podiatrist,발전문가,발전문가,의사의 문서에 발전문가가 언급되었습니다.,정답(대표),exact,,,[],stop,The doctor's document mentioned podiatrist.
term,perform infection control,감염통제 수행,감염통제 수행,의사의 문서는 감염통제 수행을 언급했습니다.,정답(대표),exact,,,[],stop,The doctor's document mentioned perform infection control.
term,square root sign,제곱근모양징후,제곱근모양징후,의사의 문서에 제곱근모양징후가 언급되었습니다.,정답(대표),exact,,,[],stop,The doctor's document mentioned square root sign.
term,cromolyn,크로몰린,크로몰린,의사의 문서에 크로몰린이 언급되었습니다.,정답(대표),exact,,,[],stop,The doctor's document mentioned cromolyn.
term,macrocytic anemia,큰적혈구빈혈,큰적혈구빈혈,보고서는 이 환자에서 큰적혈구빈혈을 문서화했습니다.,정답(대표),exact,,,[],stop,The report documented macrocytic anemia in this patient.
term,hyperlipidaemia,고지혈증,고지혈증,의사의 문서에 고지혈증이 언급되었습니다.,정답(대표),exact,,,[],stop,The doctor's document mentioned hyperlipidaemia.
term,immunoglobulin class,면역글로불린계,면역글로불린계,의사의 문서에 면역글로불린계가 언급되었습니다.,정답(대표),exact,,,[],stop,The doctor's document mentioned immunoglobulin class.
term,subadventitial fibroplasia,외막밑섬유증식,외막밑섬유증식,의사의 문서에서 외막밑섬유증식이 언급되었습니다.,정답(대표),exact,,,[],stop,The doctor's document mentioned subadventitial fibroplasia.
term,supraclavicular approach,빗장위접근법,빗장위접근법,의사의 문서에 빗장위접근법이 언급되었다.,정답(대표),exact,,,[],stop,The doctor's document mentioned supraclavicular approach.
term,post-traumatic polyarthrosis,외상후 다발관절증,외상후 다발관절증,보고서는 이 환자에게서 외상후 다발관절증을 기록했습니다.,정답(대표),exact,,,[],stop,The report documented post-traumatic polyarthrosis in this patient.
term,hemacytometry,혈구계수,혈구계수,의사의 문서에 혈구계수가 언급되었다.,정답(대표),exact,,,[],stop,The doctor's document mentioned hemacytometry.
term,single-step growth curve,일회증식곡선,일회증식곡선,의사의 문서에 일회증식곡선이 언급되었다.,정답(대표),exact,,,[],stop,The doctor's document mentioned single-step growth curve.
term,fusiform layer,방추세포층,방추세포층,의사의 문서에 방추세포층이 언급되었다.,정답(대표),exact,,,[],stop,The doctor's document mentioned fusiform layer.
term,apneusis,지속들숨,지속들숨,의사의 문서에 지속들숨이 언급되었다.,정답(대표),exact,,,[],stop,The doctor's document mentioned apneusis.
term,pupillary seclusion,동공차단,동공차단,보고서는 이 환자에서 동공차단을 기록했다.,정답(대표),exact,,,[],stop,The report documented pupillary seclusion in this patient.
term,nodular sclerosis,결절경화,결절경화,의사의 문서에 결절경화가 언급되었다.,정답(대표),exact,,,[],stop,The doctor's document mentioned nodular sclerosis.
term,semidirected lead,반직접유도,반직접유도,의사의 문서에 반직접유도가 언급되었다.,정답(대표),exact,,,[],stop,The doctor's document mentioned semidirected lead.
term,closed reduction,비개방정복(술),비개방정복(술),이 환자에서 비개방정복(술)을 문서화했다.,정답(대표),exact,,,['bad_chars'],stop,The report documented closed reduction in this patient.
term,subspinous,가시돌기밑-,가시돌기밑,의사의 문서에 가시돌기밑이 언급되었다.,오답,-,,,[],stop,The doctor's document mentioned subspinous.
term,anterior resection,앞방향절제(술),앞방향절제(술),의사의 문서에서 앞방향절제(술)가 언급되었습니다.,정답(대표),exact,,,['bad_chars'],stop,The doctor's document mentioned anterior resection.
term,closed approach,폐쇄방법,폐쇄방법,의사의 문서에 폐쇄방법이 언급되었습니다.,정답(대표),exact,,,[],stop,The doctor's document mentioned closed approach.
term,general microbiology test,일반미생물 검사,일반미생물 검사,의사의 문서에 일반미생물 검사가 언급되었습니다.,정답(대표),exact,,,[],stop,The doctor's document mentioned general microbiology test.
term,dopa-responsive dystonia,도파-반응성 근긴장이상,도파-반응성 근긴장이상,보고서는 이 환자에게서 도파-반응성 근긴장이상을 기록했다.,정답(대표),exact,,,[],stop,The report documented dopa-responsive dystonia in this patient.
term,ramus of pubis,두덩뼈가지,두덩뼈가지,의사의 문서에 두덩뼈가지가 언급되었습니다.,정답(대표),exact,,,[],stop,The doctor's document mentioned ramus of pubis.
term,postpartum afibrinogenemia,분만후 무피브리노젠혈증,분만후 무피브리노젠혈증,이 보고서는 이 환자에서 분만후 무피브리노젠혈증을 기록하였다.,정답(대표),exact,,,[],stop,The report documented postpartum afibrinogenemia in this patient.
term,tubal tonsil,귀인두관편도,귀인두관편도,의사의 문서에 귀인두관편도가 언급되었다.,정답(대표),exact,,,[],stop,The doctor's document mentioned tubal tonsil.
term,posterior thoracic fusion,뒷쪽 가슴척추 유합,뒷쪽 가슴척추 유합,보고서는 이 환자에서 뒷쪽 가슴척추 유합을 기록했습니다.,정답(대표),exact,,,[],stop,The report documented posterior thoracic fusion in this patient.
term,premenopause,폐경전,폐경전,의사의 문서에 폐경전이 언급되었습니다.,정답(대표),exact,,,[],stop,The doctor's document mentioned premenopause.
term,myoclonia fibrillaris multiplex,다발잔떨림근대성대발작,다발잔떨림근대성대발작,의사의 문서에 다발잔떨림근대성대발작이 언급되어 있었다.,정답(대표),exact,,,[],stop,The doctor's document mentioned myoclonia fibrillaris multiplex.
term,hemoclastic reaction,혈구파괴반응,혈구파괴반응,의사의 문서에는 혈구파괴반응이 언급되어 있었다.,정답(대표),exact,,,[],stop,The doctor's document mentioned hemoclastic reaction.
term,phospholipidemia,인지질혈증,인지질혈증,의사의 문서에서 인지질혈증이 언급되었습니다.,정답(대표),exact,,,[],stop,The doctor's document mentioned phospholipidemia.
term,cardiocele,심장류,심장류,의사의 문서에 심장류가 언급되어 있었다.,정답(대표),exact,,,[],stop,The doctor's document mentioned cardiocele.
term,polygraph,다원기록기,다원기록기,의사의 문서는 다원기록기를 언급했다.,정답(대표),exact,,,[],stop,The doctor's document mentioned polygraph.
term,fourth heart sound,제4심(장)음,제4심(장)음,의사의 문서에 제4심(장)음이 언급되었다.,정답(대표),exact,,,['bad_chars'],stop,The doctor's document mentioned fourth heart sound.
term,sex cord-stromal tumor,성끈기질종양,성끈기질종양,의사의 문서에 성끈기질종양이 언급되었습니다.,정답(대표),exact,,,[],stop,The doctor's document mentioned sex cord-stromal tumor.
term,cardiodiaphragmatic angle,심장가로막각,심장가로막각,의사의 문서에서 심장가로막각을 언급했다.,정답(대표),exact,,,[],stop,The doctor's document mentioned cardiodiaphragmatic angle.
term,avulsion fracture,찢김 골절,찢김 골절,의사의 문서에 찢김 골절이 언급되었다.,정답(대표),exact,,,[],stop,The doctor's document mentioned avulsion fracture.
term,atrioventricular septal defect,심방실중격결손,심방실중격결손,보고서는 이 환자에게 심방실중격결손이 있음을 기록했습니다.,정답(대표),exact,,,[],stop,The report documented atrioventricular septal defect in this patient.
term,cryptogenic sepsis,특발성패혈증,특발성패혈증,의사의 문서에 특발성패혈증이 언급되었다.,정답(대표),exact,,,[],stop,The doctor's document mentioned cryptogenic sepsis.
term,primary syphilis,1기매독,1기매독,의사의 문서에 1기매독이 언급되었습니다.,정답(대표),exact,,,[],stop,The doctor's document mentioned primary syphilis.
term,dyslipoproteinemia,이상지질단백혈증,이상지질단백혈증,의사의 문서에서 이상지질단백혈증이 언급되었습니다.,정답(대표),exact,,,[],stop,The doctor's document mentioned dyslipoproteinemia.
term,insular sclerosis,섬경화증,섬경화증,의사의 문서에 섬경화증이 언급되었다.,정답(대표),exact,,,[],stop,The doctor's document mentioned insular sclerosis.
term,nasalis muscle,코근,코근,의사의 문서에서 코근을 언급했습니다.,정답(대표),exact,,,[],stop,The doctor's document mentioned nasalis muscle.
term,pubovaginal,두덩질-,두덩질-,의사의 문서에 두덩질-이 언급되었다.,정답(대표),exact,,,[],stop,The doctor's document mentioned pubovaginal.
term,triaging,중증도 분류,중증도 분류,의사의 문서에 중증도 분류가 언급되었다.,정답(대표),exact,,,[],stop,The doctor's document mentioned triaging.
term,opium plaster,아편고약,아편고약,의사의 문서에 아편고약이 언급되었다.,정답(대표),exact,,,[],stop,The doctor's document mentioned opium plaster.
term,curvature of spine,척주굽이,척주굽이,의사의 문서에 척주굽이가 언급되었다.,정답(대표),exact,,,[],stop,The doctor's document mentioned curvature of spine.
term,chloropsia,녹색시,녹색시,의사의 문서에 녹색시가 언급되었습니다.,정답(대표),exact,,,[],stop,The doctor's document mentioned chloropsia.
term,arsenic mirror,코거울,코거울,의사의 문서에 코거울이 언급되었다.,정답(대표),exact,,,[],stop,The doctor's document mentioned arsenic mirror.
term,ulceroglandular tularaemia,궤양림프절야생토끼병,궤양림프절야생토끼병,이 보고서는 이 환자에서 궤양림프절야생토끼병을 기록했다.,정답(대표),exact,,,[],stop,The report documented ulceroglandular tularaemia in this patient.
term,aerial infection,흡입감염,흡입감염,의사의 문서에 흡입감염이 언급되었다.,정답(대표),exact,,,[],stop,The doctor's document mentioned aerial infection.
term,phosphene,섬광시,섬광시,의사의 문서에 섬광시가 언급되었다.,정답(대표),exact,,,[],stop,The doctor's document mentioned phosphene.
term,hill-sachs lesion,힐-샥스 병터,힐-샥스 병터,의사의 문서에 힐-샥스 병터가 언급되었다.,정답(대표),exact,,,[],stop,The doctor's document mentioned hill-sachs lesion.
term,modified norwood operation,수정된 노우드수술,수정된 노우드수술,이 보고서는 이 환자에서 수정된 노우드수술을 기록했습니다.,정답(대표),exact,,,[],stop,The report documented modified norwood operation in this patient.
term,prootic,귀앞-,귀앞-,의사의 문서에 귀앞-가 언급되었다.,정답(대표),exact,,,[],stop,The doctor's document mentioned prootic.
term,lenticonus,원뿔수정체,원뿔수정체,보고서는 이 환자에게 원뿔수정체가 있음을 문서화했습니다.,정답(대표),exact,,,[],stop,The report documented lenticonus in this patient.
term,dense deposit disease,고밀도침착병,고밀도침착병,의사의 문서에 고밀도침착병이 언급되었습니다.,정답(대표),exact,,,[],stop,The doctor's document mentioned dense deposit disease.
term,muscular atrophy,근위축,근위축,보고서는 이 환자에게서 근위축을 기록했다.,정답(대표),exact,,,[],stop,The report documented muscular atrophy in this patient.
term,hyperestrinism,여성호르몬과다(증),여성호르몬과다(증),의사의 문서에는 여성호르몬과다(증)이 언급되어 있었다.,정답(대표),exact,,,['bad_chars'],stop,The doctor's document mentioned hyperestrinism.
term,old tuberculin,재래식투베르쿨린,재래식투베르쿨린,의사의 문서에 재래식투베르쿨린이 언급되었다.,정답(대표),exact,,,[],stop,The doctor's document mentioned old tuberculin.
term,adenomatosis of colon,결장의 선종증,결장의 선종증,보고서는 이 환자에서 결장의 선종증을 문서화했습니다.,정답(대표),exact,,,[],stop,The report documented adenomatosis of colon in this patient.
term,running nose,코감기,코감기,의사의 문서에 코감기가 언급되었습니다.,정답(대표),exact,,,[],stop,The doctor's document mentioned running nose.
term,deshielded proton,미차폐양성자,미차폐양성자,의사의 문서에 미차폐양성자가 언급되었다.,정답(대표),exact,,,[],stop,The doctor's document mentioned deshielded proton.
term,stage of life,생명단계,생명단계,의사의 문서에 생명단계가 언급되었다.,정답(대표),exact,,,[],stop,The doctor's document mentioned stage of life.
term,endoscopic revision dacryocystorhinostomy,내시경 이용 눈물주머니코안 연결 교정,내시경 이용 눈물주머니코안 연결 교정,보고서는 이 환자에서 내시경 이용 눈물주머니코안 연결 교정을 문서화했습니다.,정답(대표),exact,,,[],stop,The report documented endoscopic revision dacryocystorhinostomy in this patient.
term,idiotype-anti-idiotype network,개별특이형항체조절망,개별특이형항체조절망,의사의 문서에 개별특이형항체조절망이 언급되었다.,정답(대표),exact,,,[],stop,The doctor's document mentioned idiotype-anti-idiotype network.
term,total albinism,온백색증,온백색증,의사의 문서에 온백색증이 언급되었다.,정답(대표),exact,,,[],stop,The doctor's document mentioned total albinism.
term,dermoepidermal,진피표피-,진피표피-,의사의 문서에서 진피표피-를 언급했습니다.,정답(대표),exact,,,[],stop,The doctor's document mentioned dermoepidermal.
term,blastomyces,분아진균(속),분아진균(속),의사의 문서에는 분아진균(속)이 언급되어 있었다.,정답(대표),exact,,,['bad_chars'],stop,The doctor's document mentioned blastomyces.
term,pulex,벼룩(속),벼룩(속),의사의 문서에 벼룩(속)이 언급되었다.,정답(대표),exact,,,['bad_chars'],stop,The doctor's document mentioned pulex.
term,sucking disc,흉반,흉반,의사의 문서에 흉반이 언급되었다.,정답(대표),exact,,,[],stop,The doctor's document mentioned sucking disc.
term,medial nasal prominence,내측비융기,내측비융기,의사의 문서에서 내측비융기를 언급했습니다.,정답(대표),exact,,,[],stop,The doctor's document mentioned medial nasal prominence.
term,melanoacanthoma,멜라닌가시세포종,멜라닌가시세포종,의사의 문서에 멜라닌가시세포종이 언급되었습니다.,정답(대표),exact,,,[],stop,The doctor's document mentioned melanoacanthoma.
term,shifting reaction,편위반응,편위반응,의사의 문서에 편위반응이 언급되었다.,정답(대표),exact,,,[],stop,The doctor's document mentioned shifting reaction.
term,primary amnion,원시양막,원시양막,의사의 문서에 원시양막이 언급되었다.,정답(대표),exact,,,[],stop,The doctor's document mentioned primary amnion.
term,hyperreninemia,과레닌혈증,과레닌혈증,의사의 문서에서 과레닌혈증을 언급했습니다.,정답(대표),exact,,,[],stop,The doctor's document mentioned hyperreninemia.
term,periostitis,뼈막염,뼈막염,의사의 문서에 뼈막염이 언급되었다.,정답(대표),exact,,,[],stop,The doctor's document mentioned periostitis.
term,uterine inversion,자궁뒤집힘,자궁뒤집힘,의사의 문서에서 자궁뒤집힘이 언급되었다.,정답(대표),exact,,,[],stop,The doctor's document mentioned uterine inversion.
term,neonatal oesophageal reflux,신생아식도역류,신생아식도역류,보고서는 이 환자에게 신생아식도역류가 있음을 문서화했습니다.,정답(대표),exact,,,[],stop,The report documented neonatal oesophageal reflux in this patient.
term,cervical vertigo,경추성 현기증,경추성 현기증,보고서는 이 환자에게서 경추성 현기증을 기록했다.,정답(대표),exact,,,[],stop,The report documented cervical vertigo in this patient.
term,negative pressure,음압,음압,의사의 문서에 음압이 언급되었다.,정답(대표),exact,,,[],stop,The doctor's document mentioned negative pressure.
term,naegleria fowleri,파울러자유아메바,파울러자유아메바,의사의 문서에 파울러자유아메바가 언급되어 있었다.,정답(대표),exact,,,[],stop,The doctor's document mentioned naegleria fowleri.
term,fisher syndrome,피셔증후군,피셔증후군,의사의 문서에 피셔증후군이 언급되었다.,정답(대표),exact,,,[],stop,The doctor's document mentioned fisher syndrome.
term,br. tx.,브릿지 치료,브릿지 치료,의사의 문서에 브릿지 치료가 언급되었습니다.,정답(대표),exact,,,[],stop,The doctor's document mentioned br. tx..
term,glaucomatous cataract,녹내장성백내장,녹내장성백내장,의사의 문서에 녹내장성백내장이 언급되었습니다.,정답(대표),exact,,,[],stop,The doctor's document mentioned glaucomatous cataract.
term,hippuric acid,마뇨산,마뇨산,의사의 문서에 마뇨산이 언급되었습니다.,정답(대표),exact,,,[],stop,The doctor's document mentioned hippuric acid.
term,maxillomandibular disharmony,위아래턱부조화,위아래턱부조화,의사의 문서에서 위아래턱부조화가 언급되었습니다.,정답(대표),exact,,,[],stop,The doctor's document mentioned maxillomandibular disharmony.
term,supernumeric impacted tooth,과잉매복치,과잉매복치,이 환자의 보고서에는 과잉매복치가 기록되어 있었다.,정답(대표),exact,,,[],stop,The report documented supernumeric impacted tooth in this patient.
term,calcification of bursa,윤활낭(의) 석회화,윤활낭의 석회화,이 환자에서 윤활낭의 석회화를 기록하였다.,오답,-,,,[],stop,The report documented calcification of bursa in this patient.
term,isomaltase,이소말타아제,이소말타아제,의사의 문서에 이소말타아제가 언급되었다.,정답(대표),exact,,,[],stop,The doctor's document mentioned isomaltase.
term,hay asthma,건초천식,건초천식,의사의 문서에 건초천식이 언급되었다.,정답(대표),exact,,,[],stop,The doctor's document mentioned hay asthma.
term,lambliasis,람블편모충증,람블편모충증,의사의 문서에는 람블편모충증이 언급되어 있었다.,정답(대표),exact,,,[],stop,The doctor's document mentioned lambliasis.
term,vaginography,질조영(술),질조영(술),의사의 문서에 질조영(술)이 언급되었다.,정답(대표),exact,,,['bad_chars'],stop,The doctor's document mentioned vaginography.
term,hbab,간염 B형 표면항체,간염 B형 표면항체,의사의 문서에 간염 B형 표면항체가 언급되었습니다.,정답(대표),exact,,,['bad_chars'],stop,The doctor's document mentioned hbab.
term,calomel,감홍,감홍,의사의 문서는 감홍을 언급했다.,정답(대표),exact,,,[],stop,The doctor's document mentioned calomel.
term,ricinism,리신증,리신증,의사의 문서에 리신증이 언급되었다.,정답(대표),exact,,,[],stop,The doctor's document mentioned ricinism.
term,first filial generation,일대잡종,일대잡종,의사의 문서에는 일대잡종이 언급되어 있었다.,정답(대표),exact,,,[],stop,The doctor's document mentioned first filial generation.
term,vague symptom,분명치않는증상,분명치않는증상,의사의 문서는 분명치않는증상을 언급했다.,정답(대표),exact,,,[],stop,The doctor's document mentioned vague symptom.
term,depigmenting cream,탈색크림,탈색크림,의사의 문서에 탈색크림이 언급되었습니다.,정답(대표),exact,,,[],stop,The doctor's document mentioned depigmenting cream.
term,afterloading technique,후장진법,후장진법,의사의 문서에 후장진법이 언급되었다.,정답(대표),exact,,,[],stop,The doctor's document mentioned afterloading technique.
term,intracranial space-occupying lesion,두개내공간점유병변,두개내공간점유병변,보고서는 이 환자에서 두개내공간점유병변을 기록하였다.,정답(대표),exact,,,[],stop,The report documented intracranial space-occupying lesion in this patient.
term,enema apparatus,관장기,관장기,의사의 문서에 관장기가 언급되었다.,정답(대표),exact,,,[],stop,The doctor's document mentioned enema apparatus.
term,core decompression,중핵감압,중핵감압,보고서는 이 환자에서 중핵감압을 문서화했다.,정답(대표),exact,,,[],stop,The report documented core decompression in this patient.
term,opsin,옵신,옵신,의사의 문서에 옵신이 언급되었다.,정답(대표),exact,,,[],stop,The doctor's document mentioned opsin.
term,retrouterine hematocele,자궁뒤혈액낭종,자궁뒤혈액낭종,의사의 문서에서는 자궁뒤혈액낭종이 언급되었습니다.,정답(대표),exact,,,[],stop,The doctor's document mentioned retrouterine hematocele.
term,picture frustration test,그림좌절검사,그림좌절검사,이 환자에게 그림좌절검사가 실시되었다.,정답(대표),exact,,,[],stop,picture frustration test was performed on this patient.
term,nephritic retinitis,콩팥염망막염,콩팥염망막염,의사의 문서에 콩팥염망막염이 언급되었습니다.,정답(대표),exact,,,[],stop,The doctor's document mentioned nephritic retinitis.
term,buccal gland,협선,협선,의사의 문서에 협선이 언급되었다.,정답(대표),exact,,,[],stop,The doctor's document mentioned buccal gland.
term,rodenticide,살서제,살서제,의사의 문서에 살서제가 언급되었다.,정답(대표),exact,,,[],stop,The doctor's document mentioned rodenticide.
term,epididymal duct,부고환관,부고환관,의사의 문서에 부고환관이 언급되었다.,정답(대표),exact,,,[],stop,The doctor's document mentioned epididymal duct.
term,parrot fever,앵무새열,앵무새열,이 보고서는 이 환자에서 앵무새열을 문서화했습니다.,정답(대표),exact,,,[],stop,The report documented parrot fever in this patient.
term,halmatogenesis,돌연세대변이,돌연세대변이,의사의 문서에 돌연세대변이가 언급되었습니다.,정답(대표),exact,,,[],stop,The doctor's document mentioned halmatogenesis.
term,ventriculopleural anastomosis,뇌실가슴막 연결,뇌실가슴막 연결,보고서는 이 환자에서 뇌실가슴막 연결을 기록하였다.,정답(대표),exact,,,[],stop,The report documented ventriculopleural anastomosis in this patient.
term,heart excess patterns,심실증,심실증,보고서는 이 환자의 심실증을 문서화했습니다.,정답(대표),exact,,,[],stop,The report documented heart excess patterns in this patient.
term,angiohyalinosis,혈관유리질증,혈관유리질증,의사의 문서에 혈관유리질증이 언급되었다.,정답(대표),exact,,,[],stop,The doctor's document mentioned angiohyalinosis.
term,mucopurulent,점액고름-,점액고름-,의사의 문서에 점액고름-이 언급되었습니다.,정답(대표),exact,,,[],stop,The doctor's document mentioned mucopurulent.
term,semiadjustable articulator,반적응교합기,반적응교합기,의사의 문서에 반적응교합기가 언급되었습니다.,정답(대표),exact,,,[],stop,The doctor's document mentioned semiadjustable articulator.
term,tubular maximum,요세관최대값,요세관최대값,의사의 문서에 요세관최대값이 언급되었다.,정답(대표),exact,,,[],stop,The doctor's document mentioned tubular maximum.
term,protein-losing enteropathy,단백질소실장병(증),단백질소실장병(증),의사의 문서에 단백질소실장병(증)이 언급되었습니다.,정답(대표),exact,,,['bad_chars'],stop,The doctor's document mentioned protein-losing enteropathy.
term,pharyngoparalysis,인두마비,인두마비,의사의 문서에 인두마비가 언급되었습니다.,정답(대표),exact,,,[],stop,The doctor's document mentioned pharyngoparalysis.
term,aortic(valve) stenosis,대동맥판협착,대동맥판협착,보고서는 이 환자에게 대동맥판협착이 있음을 기록했습니다.,정답(대표),exact,,,[],stop,The report documented aortic(valve) stenosis in this patient.
term,cyclamate,시클라메이트,시클라메이트,의사의 문서에 시클라메이트가 언급되었다.,정답(대표),exact,,,[],stop,The doctor's document mentioned cyclamate.
term,mr mapping,자기공명지도화,자기공명지도화,의사의 문서에 자기공명지도화가 언급되었다.,정답(대표),exact,,,[],stop,The doctor's document mentioned mr mapping.
term,gwollyo,관료(顴髎),관료(顴髎),의사의 문서에 관료(顴髎)가 언급되었다.,정답(대표),exact,,,['bad_chars'],stop,The doctor's document mentioned gwollyo.
term,neoadjuvant chemotherapy,신보강화학요법,신보강화학요법,의사의 문서에 신보강화학요법이 언급되었습니다.,정답(대표),exact,,,[],stop,The doctor's document mentioned neoadjuvant chemotherapy.
term,nuclear polyhedrosis virus,핵다면체형성바이러스,핵다면체형성바이러스,의사의 문서에는 핵다면체형성바이러스가 언급되어 있었다.,정답(대표),exact,,,[],stop,The doctor's document mentioned nuclear polyhedrosis virus.
term,microsomia,작은몸증,작은몸증,의사의 문서에서 작은몸증이 언급되었다.,정답(대표),exact,,,[],stop,The doctor's document mentioned microsomia.
term,toxic cardiopathy,독성심장병(증),독성심장병(증),의사의 문서에 독성심장병(증)이 언급되었습니다.,정답(대표),exact,,,['bad_chars'],stop,The doctor's document mentioned toxic cardiopathy.
term,precipitate labor,급속 분만,급속 분만,이 환자의 급속 분만이 보고서에 기록되었습니다.,정답(대표),exact,,,[],stop,The report documented precipitate labor in this patient.
term,biceps femoris muscle,넙다리두갈래근,넙다리두갈래근,의사의 문서에서는 넙다리두갈래근을 언급했습니다.,정답(대표),exact,,,[],stop,The doctor's document mentioned biceps femoris muscle.
term,frontosphenoesthmoidectomy,이마나비사골동절제술,이마나비사골동절제술,보고서는 이 환자에서 이마나비사골동절제술을 문서화했습니다.,정답(대표),exact,,,[],stop,The report documented frontosphenoesthmoidectomy in this patient.
term,gustatory hyperesthesia,미각과민(증),미각과민(증),의사의 문서에 미각과민(증)이 언급되었다.,정답(대표),exact,,,['bad_chars'],stop,The doctor's document mentioned gustatory hyperesthesia.
term,hyposthenuric urine,저비중뇨,저비중뇨,의사의 문서에 저비중뇨가 언급되었다.,정답(대표),exact,,,[],stop,The doctor's document mentioned hyposthenuric urine.
term,non-exudative,삼출되지않은,삼출되지않은,의사의 문서에 삼출되지않은이 언급되었습니다.,정답(대표),exact,,,[],stop,The doctor's document mentioned non-exudative.
term,laryngotracheal stenosis,후두기관협착(증),후두기관협착(증),이 환자의 후두기관협착(증)이 보고서에 기록되었습니다.,정답(대표),exact,,,['bad_chars'],stop,The report documented laryngotracheal stenosis in this patient.
term,frontal suture,이마봉합선,이마봉합선,의사의 문서에서 이마봉합선이 언급되었습니다.,정답(대표),exact,,,[],stop,The doctor's document mentioned frontal suture.
term,colon cecum mass,막창자 종괴,막창자 종괴,의사의 문서에는 막창자 종괴가 언급되어 있었습니다.,정답(대표),exact,,,[],stop,The doctor's document mentioned colon cecum mass.
term,needle electromyography,바늘근전도검사(법),바늘근전도검사,의사의 문서에 바늘근전도검사가 언급되었습니다.,오답,-,,,[],stop,The doctor's document mentioned needle electromyography.
term,dendritic spine,수지상극,수지상극,의사의 문서에 수지상극이 언급되었다.,정답(대표),exact,,,[],stop,The doctor's document mentioned dendritic spine.
term,auriculopalpebral reflex,이개안검반사,이개안검반사,의사의 문서에서 이개안검반사를 언급했습니다.,정답(대표),exact,,,[],stop,The doctor's document mentioned auriculopalpebral reflex.
term,laryngeal carcinoma,후두 암종,후두 암종,의사의 문서에 후두 암종이 언급되었습니다.,정답(대표),exact,,,[],stop,The doctor's document mentioned laryngeal carcinoma.
term,assess pulmonary care,호흡기계간호 사정,호흡기계간호 사정,의사의 문서에 호흡기계간호 사정이 언급되었습니다.,정답(대표),exact,,,[],stop,The doctor's document mentioned assess pulmonary care.
term,muscular dystrophy carrier,근퇴행위축 보균자,근퇴행위축 보균자,보고서는 이 환자의 근퇴행위축 보균자를 기록했습니다.,정답(대표),exact,,,[],stop,The report documented muscular dystrophy carrier in this patient.
term,acentric occlusion,비중심교합,비중심교합,의사의 문서에 비중심교합이 언급되었다.,정답(대표),exact,,,[],stop,The doctor's document mentioned acentric occlusion.
term,micromovement,미세운동,미세운동,의사의 문서는 미세운동을 언급했다.,정답(대표),exact,,,[],stop,The doctor's document mentioned micromovement.
term,descriptive epidemiology,기술역학,기술역학,의사의 문서에서 기술역학이 언급되었다.,정답(대표),exact,,,[],stop,The doctor's document mentioned descriptive epidemiology.
term,heteromorphism,이형,이형,의사의 문서에 이형이 언급되었다.,정답(대표),exact,,,[],stop,The doctor's document mentioned heteromorphism.
term,hydrorachis,수척추증,수척추증,보고서는 이 환자에게 수척추증이 있음을 기록했다.,정답(대표),exact,,,[],stop,The report documented hydrorachis in this patient.
term,tingling,저림,저림,의사의 문서에 저림이 언급되었습니다.,정답(대표),exact,,,[],stop,The doctor's document mentioned tingling.
term,torr,토르,토르,의사의 문서에 토르가 언급되었다.,정답(대표),exact,,,[],stop,The doctor's document mentioned torr.
term,penicillar arteriole,붓털세동맥,붓털세동맥,의사의 문서에 붓털세동맥이 언급되었다.,정답(대표),exact,,,[],stop,The doctor's document mentioned penicillar arteriole.
term,ovarian cystectomy,난소 낭종 적출술,난소 낭종 적출술,보고서는 이 환자에서 난소 낭종 적출술을 기록했다.,정답(대표),exact,,,[],stop,The report documented ovarian cystectomy in this patient.
term,hyperosmolar nonketotic coma,고삼투압성비케토산성혼수,고삼투압성비케토산성혼수,의사의 문서에는 고삼투압성비케토산성혼수가 언급되어 있었다.,정답(대표),exact,,,[],stop,The doctor's document mentioned hyperosmolar nonketotic coma.
term,chondrogen,연골원,연골원,의사의 문서에 연골원이 언급되었다.,정답(대표),exact,,,[],stop,The doctor's document mentioned chondrogen.
term,apraxia of speech,언어의 실행증,언어의 실행증,보고서는 이 환자에게서 언어의 실행증을 기록했습니다.,정답(대표),exact,,,[],stop,The report documented apraxia of speech in this patient.
term,deltoid flap,어깨세모근피판,어깨세모근피판,의사의 문서에 어깨세모근피판이 언급되었다.,정답(대표),exact,,,[],stop,The doctor's document mentioned deltoid flap.
term,platelet,혈소판,혈소판,의사의 문서에 혈소판이 언급되었습니다.,정답(대표),exact,,,[],stop,The doctor's document mentioned platelet.
term,acropathy,말단병(증),말단병(증),의사의 문서에 말단병(증)이 언급되었다.,정답(대표),exact,,,['bad_chars'],stop,The doctor's document mentioned acropathy.
term,normokalemic,정상칼륨혈-,정상칼륨혈,의사의 문서에 정상칼륨혈증이 언급되었다.,오답,-,,,[],stop,The doctor's document mentioned normokalemic.
term,traveling clinic,이동진료소,이동진료소,의사의 문서에 이동진료소가 언급되었다.,정답(대표),exact,,,[],stop,The doctor's document mentioned traveling clinic.
term,vibriocide,비브리오살균제,비브리오살균제,의사의 문서에 비브리오살균제가 언급되었습니다.,정답(대표),exact,,,[],stop,The doctor's document mentioned vibriocide.
term,absence of muscle,근육의 결여,근육의 결여,보고서는 이 환자에서 근육의 결여를 기록했다.,정답(대표),exact,,,[],stop,The report documented absence of muscle in this patient.
term,clean bench,무균실험대,무균실험대,의사의 문서에는 무균실험대가 언급되어 있었다.,정답(대표),exact,,,[],stop,The doctor's document mentioned clean bench.
term,pneumonia in ornithosis,비둘기병에서의 폐렴,비둘기병에서의 폐렴,보고서는 이 환자에서 비둘기병에서의 폐렴을 문서화했다.,정답(대표),exact,,,[],stop,The report documented pneumonia in ornithosis in this patient.
term,pulmonary atelectasis,무기폐,무기폐,보고서는 이 환자에게 무기폐를 기록했습니다.,정답(대표),exact,,,[],stop,The report documented pulmonary atelectasis in this patient.
term,hysterocystocleisis,자궁방광꿰맴(술),자궁방광꿰맴(술),의사의 문서에서 자궁방광꿰맴(술)이 언급되었다.,정답(대표),exact,,,['bad_chars'],stop,The doctor's document mentioned hysterocystocleisis.
term,mediterranean tick fever,지중해진드기열,지중해진드기열,보고서는 이 환자에서 지중해진드기열을 문서화했다.,정답(대표),exact,,,[],stop,The report documented mediterranean tick fever in this patient.
term,recurrent thyroid ca,재발성 갑상선암,재발성 갑상선암,보고서는 이 환자에서 재발성 갑상선암을 기록했다.,정답(대표),exact,,,[],stop,The report documented recurrent thyroid ca in this patient.
term,capillaria hepatica,간모세선충,간모세선충,의사의 문서에 간모세선충이 언급되었습니다.,정답(대표),exact,,,[],stop,The doctor's document mentioned capillaria hepatica.
term,pallister-killian syndrome,팰리스터-킬리언 증후군,팰리스터-킬리언 증후군,보고서는 이 환자에게서 팰리스터-킬리언 증후군을 기록했다.,정답(대표),exact,,,[],stop,The report documented pallister-killian syndrome in this patient.
term,genital infection fungal,생식 기관 곰팡이 감염,생식 기관 곰팡이 감염,의사의 문서에서는 생식 기관 곰팡이 감염을 언급했습니다.,정답(대표),exact,,,[],stop,The doctor's document mentioned genital infection fungal.
term,nodular prurigo,결절가려움발진,결절가려움발진,의사의 문서에 결절가려움발진이 언급되었습니다.,정답(대표),exact,,,[],stop,The doctor's document mentioned nodular prurigo.
term,tangential section,비스듬절단,비스듬절단,의사의 문서가 비스듬절단을 언급했다.,정답(대표),exact,,,[],stop,The doctor's document mentioned tangential section.
term,heteropolysaccharide,이종다당류,이종다당류,의사의 문서에 이종다당류가 언급되었다.,정답(대표),exact,,,[],stop,The doctor's document mentioned heteropolysaccharide.
term,dry socket recurettage,발치와골염 재소파술,발치와골염 재소파술,의사의 문서에는 발치와골염 재소파술이 언급되어 있었습니다.,정답(대표),exact,,,[],stop,The doctor's document mentioned dry socket recurettage.
term,endothelium-derived relaxing factor,내피유래이완인자,내피유래이완인자,의사의 문서에 내피유래이완인자가 언급되었다.,정답(대표),exact,,,[],stop,The doctor's document mentioned endothelium-derived relaxing factor.
term,puboprostatic,두덩전립샘-,두덩전립샘-,의사의 문서에 두덩전립샘이 언급되었다.,정답(대표),exact,,,['span_not_substring'],stop,The doctor's document mentioned puboprostatic.
term,filarial chylocele,사상충성 음낭암죽종,사상충성 음낭암죽종,보고서는 이 환자의 사상충성 음낭암죽종을 문서화했습니다.,정답(대표),exact,,,[],stop,The report documented filarial chylocele in this patient.
term,high-grade lymphoma,심한 림프종,심한 림프종,보고서는 이 환자에게 심한 림프종이 있음을 기록했습니다.,정답(대표),exact,,,[],stop,The report documented high-grade lymphoma in this patient.
term,paraffinoma,파라핀종,파라핀종,이 보고서는 이 환자에서 파라핀종을 문서화했습니다.,정답(대표),exact,,,[],stop,The report documented paraffinoma in this patient.
term,technetium uptake test,Tc섭취율,Tc섭취율,이 환자에게 Tc섭취율이 시행되었습니다.,정답(대표),exact,,,['bad_chars'],stop,technetium uptake test was performed on this patient.
term,androgenic alopecia,안드로젠탈모증,안드로젠탈모증,보고서는 이 환자의 안드로젠탈모증을 기록했습니다.,정답(대표),exact,,,[],stop,The report documented androgenic alopecia in this patient.
term,videolaseroscopy,비디오레이저검사,비디오레이저검사,의사의 문서에 비디오레이저검사가 언급되었다.,정답(대표),exact,,,[],stop,The doctor's document mentioned videolaseroscopy.
term,uncovertebral,갈고리돌기-,갈고리돌기-,의사의 문서에 갈고리돌기-가 언급되었습니다.,정답(대표),exact,,,[],stop,The doctor's document mentioned uncovertebral.
term,apoplectic coma,중풍혼수,중풍혼수,의사의 문서에는 중풍혼수가 언급되어 있었다.,정답(대표),exact,,,[],stop,The doctor's document mentioned apoplectic coma.
term,enteral feeding,위장관영양,위장관영양,의사의 문서에 위장관영양이 언급되었습니다.,정답(대표),exact,,,[],stop,The doctor's document mentioned enteral feeding.
term,spot retinoscope,점상망막검영기,점상망막검영기,의사의 문서에 점상망막검영기가 언급되었습니다.,정답(대표),exact,,,[],stop,The doctor's document mentioned spot retinoscope.
term,ophthalmologic surgical procedures,안과 수술방법,안과 수술방법,의사의 문서는 안과 수술방법을 언급했습니다.,정답(대표),exact,,,[],stop,The doctor's document mentioned ophthalmologic surgical procedures.
term,monorchidism,홑고환증,홑고환증,보고서는 이 환자에게 홑고환증이 있음을 기록했다.,정답(대표),exact,,,[],stop,The report documented monorchidism in this patient.
term,laryngeal nodule,후두결절,후두결절,보고서는 이 환자에게 후두결절이 있음을 문서화했다.,정답(대표),exact,,,[],stop,The report documented laryngeal nodule in this patient.
term,reducing artifact,감소인공물,감소인공물,의사의 문서는 감소인공물을 언급했다.,정답(대표),exact,,,[],stop,The doctor's document mentioned reducing artifact.
term,combustion,화상,화상,의사의 문서에 화상이 언급되었다.,정답(대표),exact,,,[],stop,The doctor's document mentioned combustion.
term,echinocyte,톱니적혈구,톱니적혈구,의사의 문서에 톱니적혈구가 언급되었습니다.,정답(대표),exact,,,[],stop,The doctor's document mentioned echinocyte.
term,gastradenitis,위샘염,위샘염,의사의 문서에 위샘염이 언급되었습니다.,정답(대표),exact,,,[],stop,The doctor's document mentioned gastradenitis.
term,coproporphyrinuria,코프로포르피린뇨,코프로포르피린뇨,의사의 문서에는 코프로포르피린뇨가 언급되었습니다.,정답(대표),exact,,,[],stop,The doctor's document mentioned coproporphyrinuria.
term,scorbutic ulcer,괴혈병궤양,괴혈병궤양,의사의 문서에는 괴혈병궤양이 언급되어 있었다.,정답(대표),exact,,,[],stop,The doctor's document mentioned scorbutic ulcer.
term,sheathed artery,집형성동맥,집형성동맥,의사의 문서에 집형성동맥이 언급되었다.,정답(대표),exact,,,[],stop,The doctor's document mentioned sheathed artery.
term,brachiocephalic trunk,팔머리동맥,팔머리동맥,의사의 문서에 팔머리동맥이 언급되었다.,정답(대표),exact,,,[],stop,The doctor's document mentioned brachiocephalic trunk.
term,elongation,신장,신장,의사의 문서에 신장이 언급되었습니다.,정답(대표),exact,,,[],stop,The doctor's document mentioned elongation.
term,third ventricle,셋째뇌실,셋째뇌실,의사의 문서에 셋째뇌실이 언급되었다.,정답(대표),exact,,,[],stop,The doctor's document mentioned third ventricle.
term,ionophore antibiotic,이온투과차단항생제,이온투과차단항생제,의사의 문서에 이온투과차단항생제가 언급되었다.,정답(대표),exact,,,[],stop,The doctor's document mentioned ionophore antibiotic.
term,zoe filling,치아진정처치,치아진정처치,의사의 문서에 치아진정처치가 언급되었습니다.,정답(대표),exact,,,[],stop,The doctor's document mentioned zoe filling.
term,undercorrection,부족교정,부족교정,의사의 문서에 부족교정이 언급되었다.,정답(대표),exact,,,[],stop,The doctor's document mentioned undercorrection.
term,vaginal discharge,대하,대하,보고서는 이 환자의 대하를 기록했다.,정답(대표),exact,,,[],stop,The report documented vaginal discharge in this patient.
term,reverberating circuit,반향회로,반향회로,의사의 문서에 반향회로가 언급되었다.,정답(대표),exact,,,[],stop,The doctor's document mentioned reverberating circuit.
term,x-ray illumination,X선필름판독대,X선필름판독대,의사의 문서에 X선필름판독대가 언급되었습니다.,정답(대표),exact,,,['bad_chars'],stop,The doctor's document mentioned x-ray illumination.
term,post-term,만삭후,만삭후,의사의 서류에 만삭후가 언급되어 있었다.,정답(대표),exact,,,[],stop,The doctor's document mentioned post-term.
term,rodent ulcer,잠식궤양,잠식궤양,의사의 문서에 잠식궤양이 언급되었다.,정답(대표),exact,,,[],stop,The doctor's document mentioned rodent ulcer.
term,menometrorrhagia,불규칙과다월경,불규칙과다월경,보고서는 이 환자의 불규칙과다월경을 기록했다.,정답(대표),exact,,,[],stop,The report documented menometrorrhagia in this patient.
term,transistor hearing aid,트랜지스터보청기,트랜지스터보청기,의사의 서류에 트랜지스터보청기가 언급되었다.,정답(대표),exact,,,[],stop,The doctor's document mentioned transistor hearing aid.
term,teat,젖꼭지,젖꼭지,의사의 문서에 젖꼭지가 언급되었다.,정답(대표),exact,,,[],stop,The doctor's document mentioned teat.
term,imitative attitude,모방태도,모방태도,의사의 문서는 모방태도를 언급했다.,정답(대표),exact,,,[],stop,The doctor's document mentioned imitative attitude.
term,orofaciodigital syndrome,구안지 증후군,구안지 증후군,보고서는 이 환자에게서 구안지 증후군을 기록했습니다.,정답(대표),exact,,,[],stop,The report documented orofaciodigital syndrome in this patient.
term,bacteriocin,박테리오신,박테리오신,의사의 문서에 박테리오신이 언급되었다.,정답(대표),exact,,,[],stop,The doctor's document mentioned bacteriocin.
term,costal angle,갈비뼈각,갈비뼈각,의사의 문서에 갈비뼈각이 언급되었다.,정답(대표),exact,,,[],stop,The doctor's document mentioned costal angle.
term,lyophobic,소액성,소액성,의사의 문서에 소액성이 언급되었다.,정답(대표),exact,,,[],stop,The doctor's document mentioned lyophobic.
term,primitive neuroectodermal tumor,원시신경외배엽종양,원시신경외배엽종양,보고서는 이 환자에게서 원시신경외배엽종양을 문서화했습니다.,정답(대표),exact,,,[],stop,The report documented primitive neuroectodermal tumor in this patient.
term,marsupialization of cyst,낭종 주머니형성,낭종 주머니형성,보고서는 이 환자에서 낭종 주머니형성을 기록했다.,정답(대표),exact,,,[],stop,The report documented marsupialization of cyst in this patient.
term,pseudomonas aeruginosa,녹농균,녹농균,의사의 문서에 녹농균이 언급되었습니다.,정답(대표),exact,,,[],stop,The doctor's document mentioned pseudomonas aeruginosa.
term,smith's fracture,스미드골절,스미드골절,보고서는 이 환자의 스미드골절을 기록했다.,정답(대표),exact,,,[],stop,The report documented smith's fracture in this patient.
term,monopolar depression,단극성 우울병,단극성 우울병,보고서는 이 환자의 단극성 우울병을 기록했습니다.,정답(대표),exact,,,[],stop,The report documented monopolar depression in this patient.
term,mutiple myeloma,다발성 골수종,다발성 골수종,보고서는 이 환자에게 다발성 골수종이 있음을 문서화했습니다.,정답(대표),exact,,,[],stop,The report documented mutiple myeloma in this patient.
term,fenestrated capillary,창문모세혈관,창문모세혈관,의사의 문서에는 창문모세혈관이 언급되어 있었다.,정답(대표),exact,,,[],stop,The doctor's document mentioned fenestrated capillary.
term,aspergillus niger,아스페르길루스니게르,아스페르길루스니게르,의사의 문서에 아스페르길루스니게르가 언급되었습니다.,정답(대표),exact,,,[],stop,The doctor's document mentioned aspergillus niger.
term,eccrine poroma,외분비 한공종,외분비 한공종,보고서는 이 환자에게 외분비 한공종을 기록했습니다.,정답(대표),exact,,,[],stop,The report documented eccrine poroma in this patient.
term,blood donation,헌혈,헌혈,의사의 문서에 헌혈이 언급되었습니다.,정답(대표),exact,,,[],stop,The doctor's document mentioned blood donation.
term,annulospiral ending,고리나선신경종말,고리나선신경종말,의사의 문서에는 고리나선신경종말이 언급되어 있었다.,정답(대표),exact,,,[],stop,The doctor's document mentioned annulospiral ending.
term,sao paulo fever,상파울로열,상파울로열,보고서는 이 환자에서 상파울로열을 문서화했다.,정답(대표),exact,,,[],stop,The report documented sao paulo fever in this patient.
term,adjustable suture,조정봉합,조정봉합,의사의 문서에 조정봉합이 언급되었다.,정답(대표),exact,,,[],stop,The doctor's document mentioned adjustable suture.
term,antigenic reversion,항원복귀,항원복귀,의사의 문서에서 항원복귀가 언급되었습니다.,정답(대표),exact,,,[],stop,The doctor's document mentioned antigenic reversion.
term,meckel's diverticulectomy,멕켈 게실절제술,멕켈 게실절제술,보고서는 이 환자에서 멕켈 게실절제술을 기록했다.,정답(대표),exact,,,[],stop,The report documented meckel's diverticulectomy in this patient.
term,suggillation,광범피부밑출혈,광범피부밑출혈,의사의 문서에는 광범피부밑출혈이 언급되어 있었다.,정답(대표),exact,,,[],stop,The doctor's document mentioned suggillation.
term,m line,중간가로막,m line,의사의 문서에 m line이 언급되어 있다.,오답,-,,,['bad_chars'],stop,The doctor's document mentioned m line.
term,stenoxenous parasite,협숙주기생충,협숙주기생충,의사의 문서에서는 협숙주기생충을 언급했습니다.,정답(대표),exact,,,[],stop,The doctor's document mentioned stenoxenous parasite.
term,punctal ectropion,눈물점겉말림,눈물점겉말림,보고서는 이 환자에서 눈물점겉말림을 기록했습니다.,정답(대표),exact,,,[],stop,The report documented punctal ectropion in this patient.
term,presbyophrenia,노년치매,노년치마,의사의 문서에 노년치매가 언급되었다.,오답,-,,,['span_not_substring'],stop,The doctor's document mentioned presbyophrenia.
term,cholangioscopy,담관내시경(술),담관내시경(술),의사의 문서에 담관내시경(술)이 언급되었습니다.,정답(대표),exact,,,['bad_chars'],stop,The doctor's document mentioned cholangioscopy.
term,balloon kyphoplasty,풍선 척추성형,풍선 척추성형,보고서는 이 환자에서 풍선 척추성형을 기록했다.,정답(대표),exact,,,[],stop,The report documented balloon kyphoplasty in this patient.
term,root resection,치근 절제술,치근 절제술,이 환자의 치근 절제술이 보고서에 문서화되어 있었다.,정답(대표),exact,,,[],stop,The report documented root resection in this patient.
term,horopter,단일시궤도,단일시궤도,의사의 문서에는 단일시궤도가 언급되었다.,정답(대표),exact,,,[],stop,The doctor's document mentioned horopter.
term,classic abdominoplasty,전형적 복부성형술,전형적 복부성형술,이 환자에서 전형적 복부성형술을 보고한 바 있다.,정답(대표),exact,,,[],stop,The report documented classic abdominoplasty in this patient.
term,rheumatoid vasculitis,류마티스혈관염,류마티스혈관염,보고서는 이 환자에게 류마티스혈관염이 있음을 문서화했습니다.,정답(대표),exact,,,[],stop,The report documented rheumatoid vasculitis in this patient.
term,ocular fundus,안저,안저,의사의 문서에 안저가 언급되었다.,정답(대표),exact,,,[],stop,The doctor's document mentioned ocular fundus.
term,thyroid nodule,갑상선소결절,갑상선소결절,의사의 문서에 갑상선소결절이 언급되었다.,정답(대표),exact,,,[],stop,The doctor's document mentioned thyroid nodule.
term,hypofunction,기능저하,기능저하,의사의 문서에 기능저하가 언급되었습니다.,정답(대표),exact,,,[],stop,The doctor's document mentioned hypofunction.
term,postoperative nasopharynx cancer,"비인두암, 수술후 상태","비인두암, 수술후 상태","보고서는 이 환자의 비인두암, 수술후 상태를 기록하였다.",정답(대표),exact,,,[],stop,The report documented postoperative nasopharynx cancer in this patient.
term,hearing impairment,청각 부전,청각 부전,보고서는 이 환자의 청각 부전을 기록했습니다.,정답(대표),exact,,,[],stop,The report documented hearing impairment in this patient.
term,continuous,연속-,연속-,의사의 문서에 연속-가 언급되어 있었다.,정답(대표),exact,,,[],stop,The doctor's document mentioned continuous.
term,uncoupling,결합저지,결합저지,의사의 문서에 결합저지가 언급되었다.,정답(대표),exact,,,[],stop,The doctor's document mentioned uncoupling.
term,subretinal,망막밑-,망막밑-,의사의 문서에 망막밑-이 언급되었습니다.,정답(대표),exact,,,[],stop,The doctor's document mentioned subretinal.
term,venule,세정맥,세정맥,의사의 문서에 세정맥이 언급되었다.,정답(대표),exact,,,[],stop,The doctor's document mentioned venule.
term,ceruminous gland,귀지샘,귀지샘,의사의 문서에서 귀지샘을 언급했습니다.,정답(대표),exact,,,[],stop,The doctor's document mentioned ceruminous gland.
term,nitrogen dioxide,이산화질소,이산화질소,의사의 문서에 이산화질소가 언급되었다.,정답(대표),exact,,,[],stop,The doctor's document mentioned nitrogen dioxide.
term,reverse mutation,역돌연변이,역돌연변이,의사의 문서는 역돌연변이를 언급했다.,정답(대표),exact,,,[],stop,The doctor's document mentioned reverse mutation.
term,familial polyposis,가족성폴립증,가족성폴립증,의사의 문서에 가족성폴립증이 언급되었습니다.,정답(대표),exact,,,[],stop,The doctor's document mentioned familial polyposis.
term,blood fluke,주혈흡충,주혈흡충,의사의 문서에 주혈흡충이 언급되었다.,정답(대표),exact,,,[],stop,The doctor's document mentioned blood fluke.
term,delay procedure,지연처치,지연처치,의사의 문서에 지연처치가 언급되었다.,정답(대표),exact,,,[],stop,The doctor's document mentioned delay procedure.
term,eurytrema pancreaticum,췌질,췌질,의사의 문서에 췌질이 언급되었다.,정답(대표),exact,,,[],stop,The doctor's document mentioned eurytrema pancreaticum.
term,intermittent explosive disorder,간헐폭발병,간헐폭발병,보고서는 이 환자의 간헐폭발병을 기록했습니다.,정답(대표),exact,,,[],stop,The report documented intermittent explosive disorder in this patient.
term,interoceptive,내수용-,내수용,의사의 문서에 내수용이 언급되었다.,오답,-,,,[],stop,The doctor's document mentioned interoceptive.
term,onchocercoma,회선사상충결절,회선사상충결절,의사의 문서에 회선사상충결절이 언급되었습니다.,정답(대표),exact,,,[],stop,The doctor's document mentioned onchocercoma.
term,endoscopic transmyocardial revascularization,내시경 이용 심근경유 혈관 재형성,내시경 이용 심근경유 혈관 재형성,이 보고서는 이 환자에서 내시경 이용 심근경유 혈관 재형성을 기록하였다.,정답(대표),exact,,,[],stop,The report documented endoscopic transmyocardial revascularization in this patient.
term,ctha and ctap,컴퓨터 단층촬영 간 동맥조영술과 컴퓨터 단층촬영 문맥조영술,컴퓨터 단층촬영 간 동맥조영술과 컴퓨터 단층촬영 문맥조영술,보고서는 이 환자에서 컴퓨터 단층촬영 간 동맥조영술과 컴퓨터 단층촬영 문맥조영술을 기록했습니다.,정답(대표),exact,,,[],stop,The report documented ctha and ctap in this patient.
term,transcervical thymectomy,자궁목 경유 가슴샘 절제,자궁목 경유 가슴샘 절제,보고서는 이 환자에서 자궁목 경유 가슴샘 절제를 기록하였다.,정답(대표),exact,,,[],stop,The report documented transcervical thymectomy in this patient.
term,assess disimpaction,매복변제거 사정,매복변제거 사정,의사의 문서에는 매복변제거 사정이 언급되어 있었다.,정답(대표),exact,,,[],stop,The doctor's document mentioned assess disimpaction.
term,pachyonychia congenita,선천손발톱비대증,선천손발톱비대증,의사의 문서에 선천손발톱비대증이 언급되었습니다.,정답(대표),exact,,,[],stop,The doctor's document mentioned pachyonychia congenita.
term,retrograde impulse,역방향흥분,역방향흥분,의사의 문서에 역방향흥분이 언급되었다.,정답(대표),exact,,,[],stop,The doctor's document mentioned retrograde impulse.
term,reactive,반응성-,반응성,의사의 문서에 반응성이 언급되었습니다.,정답(동의어),exact,,,[],stop,The doctor's document mentioned reactive.
term,posttransplant lymphoproliferative disease,이식후림프세포증식병,이식후림프세포증식병,의사의 문서에서 이식후림프세포증식병을 언급했습니다.,정답(대표),exact,,,[],stop,The doctor's document mentioned posttransplant lymphoproliferative disease.
term,bionator,바이오네이터,바이오네이터,의사의 문서에 바이오네이터가 언급되었다.,정답(대표),exact,,,[],stop,The doctor's document mentioned bionator.
term,interim abutment,임시 지대주,임시 지대주,의사의 문서에 임시 지대주가 언급되었다.,정답(대표),exact,,,[],stop,The doctor's document mentioned interim abutment.
term,tubular reabsorption,요세관재흡수,요세관재흡수,의사의 문서에 요세관재흡수가 언급되었다.,정답(대표),exact,,,[],stop,The doctor's document mentioned tubular reabsorption.
term,ineffective protection,비효율적 방어능력,비효율적 방어능력,의사의 문서는 비효율적 방어능력을 언급했다.,정답(대표),exact,,,[],stop,The doctor's document mentioned ineffective protection.
term,antroscope,위턱굴보개,위턱굴보개,의사의 문서에 위턱굴보개가 언급되었다.,정답(대표),exact,,,[],stop,The doctor's document mentioned antroscope.
term,angioma cavernosum,해면혈관종,해면혈관종,의사의 문서에 해면혈관종이 언급되었습니다.,정답(대표),exact,,,[],stop,The doctor's document mentioned angioma cavernosum.
term,carbamino reaction,카르바미노반응,카르바미노반응,의사의 문서에 카르바미노반응이 언급되었습니다.,정답(대표),exact,,,[],stop,The doctor's document mentioned carbamino reaction.
term,secretory cyst,분비체류성낭,분비체류성낭,의사의 문서에서 분비체류성낭을 언급했습니다.,정답(대표),exact,,,[],stop,The doctor's document mentioned secretory cyst.
term,primary mover,주작용근,주작용근,의사의 문서에 주작용근이 언급되었다.,정답(대표),exact,,,[],stop,The doctor's document mentioned primary mover.
term,laparoscopic appendectomy,배안보개 이용 막창자꼬리 절제,배안보개 이용 막창자꼬리 절제,이 환자에서 배안보개 이용 막창자꼬리 절제를 기록하였다.,정답(대표),exact,,,[],stop,The report documented laparoscopic appendectomy in this patient.
term,columella lengthening,코기둥연장(술),코기둥연장(술),의사의 문서에 코기둥연장(술)이 언급되었다.,정답(대표),exact,,,['bad_chars'],stop,The doctor's document mentioned columella lengthening.
term,epidural nerve block,경막외 신경차단술,경막외 신경차단술,의사의 문서에서 경막외 신경차단술을 언급했습니다.,정답(대표),exact,,,[],stop,The doctor's document mentioned epidural nerve block.
term,paraduodenal fold,샘창자옆주름,샘창자옆주름,의사의 문서에 샘창자옆주름이 언급되었다.,정답(대표),exact,,,[],stop,The doctor's document mentioned paraduodenal fold.
term,arm-to-retina circulation time,팔망막순환시간,팔망막순환시간,의사의 문서에는 팔망막순환시간이 언급되어 있었습니다.,정답(대표),exact,,,[],stop,The doctor's document mentioned arm-to-retina circulation time.
term,dental granuloma,뿌리끝육아종,뿌리끝육아종,의사의 문서에 뿌리끝육아종이 언급되었다.,정답(대표),exact,,,[],stop,The doctor's document mentioned dental granuloma.
term,infraction,균열골절,균열골절,의사의 문서에 균열골절이 언급되었습니다.,정답(대표),exact,,,[],stop,The doctor's document mentioned infraction.
term,rickets of prematurity,미숙아의 구루병,미숙아의 구루병,보고서는 이 환자에게 미숙아의 구루병이 있음을 문서화했습니다.,정답(대표),exact,,,[],stop,The report documented rickets of prematurity in this patient.
term,personal identity disturbance,자아정체성장애,자아정체성장애,의사의 문서에서는 자아정체성장애를 언급했다.,정답(대표),exact,,,[],stop,The doctor's document mentioned personal identity disturbance.
term,acclimation fever,순화열,순화열,의사의 문서에 순화열이 언급되었다.,정답(대표),exact,,,[],stop,The doctor's document mentioned acclimation fever.
term,fasciola hepatica,간질,간질,의사의 문서에는 간질이 언급되어 있었다.,정답(대표),exact,,,[],stop,The doctor's document mentioned fasciola hepatica.
term,egg yolk medium,달걀노른자배지,달걀노른자배지,의사의 문서는 달걀노른자배지를 언급했다.,정답(대표),exact,,,[],stop,The doctor's document mentioned egg yolk medium.
term,enteral tube irrigation,위장관세척,위장관세척,의사의 문서에는 위장관세척이 언급되어 있었습니다.,정답(대표),exact,,,[],stop,The doctor's document mentioned enteral tube irrigation.
term,dorsal vein arterialization,배측 정맥 동맥혈화,배측 정맥 동맥혈화,보고서는 이 환자에게서 배측 정맥 동맥혈화를 기록했습니다.,정답(대표),exact,,,[],stop,The report documented dorsal vein arterialization in this patient.
term,pilar cyst,모낭,모낭,보고서는 이 환자에게 모낭이 있음을 기록했다.,정답(대표),exact,,,[],stop,The report documented pilar cyst in this patient.
term,vasectomy seekers,정관절제술탐침,정관절제술탐침,의사의 문서는 정관절제술탐침을 언급했습니다.,정답(대표),exact,,,[],stop,The doctor's document mentioned vasectomy seekers.
term,metathalamus,시상후부,시상후부,의사의 문서에 시상후부가 언급되었다.,정답(대표),exact,,,[],stop,The doctor's document mentioned metathalamus.
term,ocular prosthesis,의안,의안,의사의 서류에 의안이 언급되었습니다.,정답(대표),exact,,,[],stop,The doctor's document mentioned ocular prosthesis.
term,noonan syndrome,누난 증후군,누난 증후군,이 보고서는 이 환자에게서 누난 증후군을 기록했습니다.,정답(대표),exact,,,[],stop,The report documented noonan syndrome in this patient.
term,petrooccipital fissure,바위뒤통수틈새,바위뒤통수틈새,의사의 문서에서 바위뒤통수틈새가 언급되었습니다.,정답(대표),exact,,,[],stop,The doctor's document mentioned petrooccipital fissure.
term,analgesia dolorosa,무감각부위통증,무감각부위통증,의사의 문서에 무감각부위통증이 언급되었습니다.,정답(대표),exact,,,[],stop,The doctor's document mentioned analgesia dolorosa.
term,surgical staging,외과적시기결정,외과적시기결정,의사의 문서에서 외과적시기결정을 언급했습니다.,정답(대표),exact,,,[],stop,The doctor's document mentioned surgical staging.
term,ear drum,고막,고막,의사의 문서에 고막이 언급되었다.,정답(대표),exact,,,[],stop,The doctor's document mentioned ear drum.
term,retroactive inhibition,역행기억억제,역행기억억제,의사의 문서에 역행기억억제가 언급되었다.,정답(대표),exact,,,[],stop,The doctor's document mentioned retroactive inhibition.
term,parasympathetic nervous system,부교감신경계통,부교감신경계통,의사의 문서에 부교감신경계통이 언급되었습니다.,정답(대표),exact,,,[],stop,The doctor's document mentioned parasympathetic nervous system.
term,leukokeratosis nicotina palati,구개 니코틴성 백색각화증,구개 니코틴성 백색각화증,보고서는 이 환자에서 구개 니코틴성 백색각화증을 문서화했다.,정답(대표),exact,,,[],stop,The report documented leukokeratosis nicotina palati in this patient.
term,radiodigital,노손가락-,노손가락-,의사의 문서에 노손가락-이 언급되었습니다.,정답(대표),exact,,,[],stop,The doctor's document mentioned radiodigital.
term,worm-eaten soles,벌레먹은 발바닥,벌레먹은 발바닥,보고서는 이 환자에서 벌레먹은 발바닥을 기록했다.,정답(대표),exact,,,[],stop,The report documented worm-eaten soles in this patient.
term,substantia nigra,흑(색)질,흑(색)질,의사의 문서에 흑(색)질이 언급되었습니다.,정답(대표),exact,,,['bad_chars'],stop,The doctor's document mentioned substantia nigra.
term,ureteroscopic,요도경검사에 의한,요도경검사에 의한,의사의 문서에 요도경검사에 의한이 언급되었다.,정답(대표),exact,,,[],stop,The doctor's document mentioned ureteroscopic.
term,preexcitation ecg,조기흥분,조기흥분,보고서는 이 환자에서 조기흥분을 기록했다.,정답(대표),exact,,,[],stop,The report documented preexcitation ecg in this patient.
term,long labor,지연 진통,지연 진통,보고서는 이 환자의 지연 진통을 기록했다.,정답(대표),exact,,,[],stop,The report documented long labor in this patient.
term,status thymicus,가슴샘체질,가슴샘체질,의사의 문서에서 가슴샘체질을 언급했다.,정답(대표),exact,,,[],stop,The doctor's document mentioned status thymicus.
term,convalescence following chemotherapy,화학요법후 회복기,화학요법후 회복기,보고서는 이 환자의 화학요법후 회복기를 문서화했습니다.,정답(대표),exact,,,[],stop,The report documented convalescence following chemotherapy in this patient.
term,hereditary amyloid nephropathy,유전성 아밀로이드 신장병증,유전성 아밀로이드 신장병증,보고서는 이 환자에게 유전성 아밀로이드 신장병증이 있음을 문서화했습니다.,정답(대표),exact,,,[],stop,The report documented hereditary amyloid nephropathy in this patient.
term,thymopoietin,티모포이에틴,티모포이에틴,의사의 문서에 티모포이에틴이 언급되었습니다.,정답(대표),exact,,,[],stop,The doctor's document mentioned thymopoietin.
term,uropoiesis,요생산,요생산,의사의 문서가 요생산을 언급했다.,정답(대표),exact,,,[],stop,The doctor's document mentioned uropoiesis.
term,ileal neoplasms,돌창자 신생물,돌창자 신생물,의사의 문서에 돌창자 신생물이 언급되었습니다.,정답(대표),exact,,,[],stop,The doctor's document mentioned ileal neoplasms.
term,cap crown,금관,금관,의사의 문서에 금관이 언급되었다.,정답(대표),exact,,,[],stop,The doctor's document mentioned cap crown.
term,aspirations (psychology),흡인,흡인,의사의 문서가 흡인을 언급했다.,정답(대표),exact,,,[],stop,The doctor's document mentioned aspirations (psychology).
term,cervico-occipital neuralgia,목 뒤통수 신경통,목 뒤통수 신경통,보고서에는 이 환자의 목 뒤통수 신경통이 기재되어 있다.,정답(대표),exact,,,[],stop,The report documented cervico-occipital neuralgia in this patient.
term,orthognathic surgery,악교정수술,악교정수술,의사의 서류에 악교정수술이 언급되었습니다.,정답(대표),exact,,,[],stop,The doctor's document mentioned orthognathic surgery.
term,polyneuralgia,다발신경통,다발신경통,의사의 문서에 다발신경통이 언급되었습니다.,정답(대표),exact,,,[],stop,The doctor's document mentioned polyneuralgia.
term,open-chain compound,열린사슬화합물,열린사슬화합물,의사의 문서에 열린사슬화합물이 언급되었다.,정답(대표),exact,,,[],stop,The doctor's document mentioned open-chain compound.
term,glycophorin,글리코포린,글리코포린,의사의 문서에 글리코포린이 언급되었다.,정답(대표),exact,,,[],stop,The doctor's document mentioned glycophorin.
term,laparoscopic unilateral salpingo-oophorectomy,배안보개 이용 한쪽 자궁관난소 적출,배안보개 이용 한쪽 자궁관난소 적출,보고서는 이 환자에서 배안보개 이용 한쪽 자궁관난소 적출을 기록하였다.,정답(대표),exact,,,[],stop,The report documented laparoscopic unilateral salpingo-oophorectomy in this patient.
term,puborectalis muscle,두덩곧창자근,두덩곧창자근,의사의 문서에 두덩곧창자근이 언급되었다.,정답(대표),exact,,,[],stop,The doctor's document mentioned puborectalis muscle.
term,dyspnea disorder,천증,천증,보고서는 이 환자의 천증을 기록했다.,정답(대표),exact,,,[],stop,The report documented dyspnea disorder in this patient.
term,ureteropelvic junction,요관깔때기이음부,요관깔때기이음부,의사의 문서에서 요관깔때기이음부를 언급했습니다.,정답(대표),exact,,,[],stop,The doctor's document mentioned ureteropelvic junction.
term,eosinophilic non-allergic rhinitis,호산성 비알레르기성 비염,호산성 비알레르기성 비염,의사의 문서에서 호산성 비알레르기성 비염이 언급되었습니다.,정답(대표),exact,,,[],stop,The doctor's document mentioned eosinophilic non-allergic rhinitis.
term,fixator muscle,고정근육,고정근육,의사의 문서에 고정근육이 언급되었다.,정답(대표),exact,,,[],stop,The doctor's document mentioned fixator muscle.
term,endosome,엔도솜,엔도솜,의사의 문서에 엔도솜이 언급되었다.,정답(대표),exact,,,[],stop,The doctor's document mentioned endosome.
term,stenopeic,가는틈-,가는틈-,의사의 문서에 가는틈-이 언급되었습니다.,정답(대표),exact,,,[],stop,The doctor's document mentioned stenopeic.
term,femur,넙다리뼈,넙다리뼈,의사의 문서에서 넙다리뼈를 언급했습니다.,정답(대표),exact,,,[],stop,The doctor's document mentioned femur.
term,autoeroticism,자기성애,자기성애,의사의 문서에는 자기성애가 언급되어 있었다.,정답(대표),exact,,,[],stop,The doctor's document mentioned autoeroticism.
term,immunodiagnostic method,면역진단법,면역진단법,의사의 문서에는 면역진단법이 언급되었습니다.,정답(대표),exact,,,[],stop,The doctor's document mentioned immunodiagnostic method.
term,eye swelling,안구 부기,안구 부기,의사의 문서에 안구 부기가 언급되었습니다.,정답(대표),exact,,,[],stop,The doctor's document mentioned eye swelling.
term,potential doubling time,잠재배가시간,잠재배가시간,의사의 문서에 잠재배가시간이 언급되었다.,정답(대표),exact,,,[],stop,The doctor's document mentioned potential doubling time.
term,factor viii,제8인자,제8인자,의사의 문서에 제8인자가 언급되었다.,정답(대표),exact,,,[],stop,The doctor's document mentioned factor viii.
term,tzanck smear test,장크도말검사,장크도말검사,의사의 문서에 장크도말검사가 언급되었습니다.,정답(대표),exact,,,[],stop,The doctor's document mentioned tzanck smear test.
term,genuine diabetes,진성당뇨병,진성당뇨병,의사의 문서에서 진성당뇨병을 언급했습니다.,정답(대표),exact,,,[],stop,The doctor's document mentioned genuine diabetes.
term,prostate mri,기본자기공명영상진단-복부-전립선-일반,기본자기공명영상진단-복부-전립선-일반,이 환자에게 기본자기공명영상진단-복부-전립선-일반이 시행되었습니다.,정답(대표),exact,,,[],stop,prostate mri was performed on this patient.
term,incretology,내분비학,내분비학,의사의 문서에 내분비학이 언급되었다.,정답(대표),exact,,,[],stop,The doctor's document mentioned incretology.
term,tracheobronchial,기관기관지-,기관기관지,의사의 문서에 기관기관지가 언급되었습니다.,오답,-,,,[],stop,The doctor's document mentioned tracheobronchial.
term,dysostosis multiplex group,다발 집단 뼈발생이상,다발 집단 뼈발생이상,의사의 문서에는 다발 집단 뼈발생이상이 언급되어 있었다.,정답(대표),exact,,,[],stop,The doctor's document mentioned dysostosis multiplex group.
term,macrostomia cribrosa,체반,체반,의사의 서류에 체반이 언급되었다.,정답(대표),exact,,,[],stop,The doctor's document mentioned macrostomia cribrosa.
term,spireme,분산사구,분산사구,의사의 문서에 분산사구가 언급되었다.,정답(대표),exact,,,[],stop,The doctor's document mentioned spireme.
term,enteral feeding regime,경장 섭취 요법,경장 섭취 요법,의사의 문서에 경장 섭취 요법이 언급되었습니다.,정답(대표),exact,,,[],stop,The doctor's document mentioned enteral feeding regime.
term,posterior cordectomy,뒷쪽 성대 절제,뒷쪽 성대 절제,보고서는 이 환자에서 뒷쪽 성대 절제를 기록했다.,정답(대표),exact,,,[],stop,The report documented posterior cordectomy in this patient.
term,assess circulatory care,순환계간호 사정,순환계간호 사정,의사의 문서에 순환계간호 사정이 언급되었습니다.,정답(대표),exact,,,[],stop,The doctor's document mentioned assess circulatory care.
term,radionuclide angiocardiography,방사성핵종심(장)혈관조영(술),방사성핵종심(장)혈관조영(술),의사의 문서에 방사성핵종심(장)혈관조영(술)이 언급되었다.,정답(대표),exact,,,['bad_chars'],stop,The doctor's document mentioned radionuclide angiocardiography.
term,blood in stool,대변 속 혈액,대변 속 혈액,의사의 문서에 대변 속 혈액이 언급되었습니다.,정답(대표),exact,,,[],stop,The doctor's document mentioned blood in stool.
term,inhalator,흡입기,흡입기,의사의 문서에 흡입기가 언급되었습니다.,정답(대표),exact,,,[],stop,The doctor's document mentioned inhalator.
term,counterfeit disease,꾀병,꾀병,의사의 문서에 꾀병이 언급되었다.,정답(대표),exact,,,[],stop,The doctor's document mentioned counterfeit disease.
term,supratentorial neoplasms,천막위 신생물,천막위 신생물,의사의 문서에 천막위 신생물이 언급되었습니다.,정답(대표),exact,,,[],stop,The doctor's document mentioned supratentorial neoplasms.
term,entire nasal septum,온코사이막,온코사이막,의사의 문서는 온코사이막을 언급했습니다.,정답(대표),exact,,,[],stop,The doctor's document mentioned entire nasal septum.
term,hairy-cell leukemia,털세포백혈병,털세포백혈병,보고서는 이 환자에게 털세포백혈병이 있음을 문서화했습니다.,정답(대표),exact,,,[],stop,The report documented hairy-cell leukemia in this patient.
term,nonalcoholic steaohepatitis,비알코올성 지방간염,비알코올성 지방간염,보고서는 이 환자에게 비알코올성 지방간염이 있음을 기록했습니다.,정답(대표),exact,,,[],stop,The report documented nonalcoholic steaohepatitis in this patient.
term,conjoined,연합-,연합-,의사의 문서에 연합-가 언급되었다.,정답(대표),exact,,,[],stop,The doctor's document mentioned conjoined.
term,cyst of prostate,전립샘 낭,전립샘 낭,보고서는 이 환자에서 전립샘 낭을 기록했다.,정답(대표),exact,,,[],stop,The report documented cyst of prostate in this patient.
term,fiberoptic endoscopic,광섬유내시경,광섬유내시경,의사의 문서에서 광섬유내시경을 언급했습니다.,정답(대표),exact,,,[],stop,The doctor's document mentioned fiberoptic endoscopic.
term,anaphylactoid crisis,아나필락시스유사위기,아나필락시스유사위기,의사의 문서에 아나필락시스유사위기가 언급되었습니다.,정답(대표),exact,,,[],stop,The doctor's document mentioned anaphylactoid crisis.
term,holoparasite,완전기생체,완전기생체,의사의 문서에는 완전기생체가 언급되어 있었다.,정답(대표),exact,,,[],stop,The doctor's document mentioned holoparasite.
term,cataract ou,두눈 백내장,두눈 백내장,의사의 문서에는 두눈 백내장이 언급되어 있었습니다.,정답(대표),exact,,,[],stop,The doctor's document mentioned cataract ou.
term,hydropneumothorax,물공기가슴증,물공기가슴증,보고서는 이 환자에서 물공기가슴증을 문서화했다.,정답(대표),exact,,,[],stop,The report documented hydropneumothorax in this patient.
term,myotonia,근긴장증,근긴장증,보고서는 이 환자에게서 근긴장증을 기록했습니다.,정답(대표),exact,,,[],stop,The report documented myotonia in this patient.
term,pericanalicular,소관주위-,소관주위-,의사의 문서에서 소관주위-를 언급했습니다.,정답(대표),exact,,,[],stop,The doctor's document mentioned pericanalicular.
term,carpenter's syndrome,카펜터 증후군,카펜터 증후군,보고서는 이 환자에게서 카펜터 증후군을 기록했다.,정답(대표),exact,,,[],stop,The report documented carpenter's syndrome in this patient.
term,intermenstruum,월경간기,월경간기,의사의 문서에 월경간기가 언급되었다.,정답(대표),exact,,,[],stop,The doctor's document mentioned intermenstruum.
term,cabot ring bodies,카보트고리소체,카보트고리소체,의사의 문서에 카보트고리소체가 언급되었다.,정답(대표),exact,,,[],stop,The doctor's document mentioned cabot ring bodies.
term,organic writer's cramp,기질성 서경,기질성 서경,보고서는 이 환자에게 기질성 서경이 있음을 문서화했다.,정답(대표),exact,,,[],stop,The report documented organic writer's cramp in this patient.
term,perform diversional care,전환간호 수행,전환간호 수행,의사의 문서는 전환간호 수행을 언급했습니다.,정답(대표),exact,,,[],stop,The doctor's document mentioned perform diversional care.
term,postmenopausal bleeding,폐경기후 출혈,폐경기후 출혈,보고서는 이 환자의 폐경기후 출혈을 기록했다.,정답(대표),exact,,,[],stop,The report documented postmenopausal bleeding in this patient.
term,pit carries,오목부분 우식,오목부분 우식,보고서는 이 환자의 오목부분 우식을 기록했습니다.,정답(대표),exact,,,[],stop,The report documented pit carries in this patient.
term,ulcerative gingivitis (chronic),궤양성 치은염(잇몸염)(만성),궤양성 치은염(잇몸염)(만성),의사의 문서에는 궤양성 치은염(잇몸염)(만성)이 언급되어 있었다.,정답(대표),exact,,,['bad_chars'],stop,The doctor's document mentioned ulcerative gingivitis (chronic).
term,plating method,평판배양법,평판배양법,의사의 문서에 평판배양법이 언급되었다.,정답(대표),exact,,,[],stop,The doctor's document mentioned plating method.
term,macular holes,황반 원공,황반 원공,의사의 문서에서는 황반 원공을 언급했습니다.,정답(대표),exact,,,[],stop,The doctor's document mentioned macular holes.
term,dying process deteriorated,임종과정 악화됨,임종과정 악화됨,의사의 문서에는 임종과정 악화됨이 언급되었습니다.,정답(대표),exact,,,[],stop,The doctor's document mentioned dying process deteriorated.
term,mediastinotomy,세로칸절개(술),세로칸절개(술),의사의 문서에 세로칸절개(술)가 언급되었다.,정답(대표),exact,,,['bad_chars'],stop,The doctor's document mentioned mediastinotomy.
term,vegetant intravascular hemangioendothelioma,증식혈관내혈관내피종,증식혈관내혈관내피종,의사의 문서에 증식혈관내혈관내피종이 언급되었다.,정답(대표),exact,,,[],stop,The doctor's document mentioned vegetant intravascular hemangioendothelioma.
term,skull view,두부촬영,두부촬영,의사의 문서에 두부촬영이 언급되었습니다.,정답(대표),exact,,,[],stop,The doctor's document mentioned skull view.
term,nerve root injury,척추 신경뿌리의 손상,척추 신경뿌리의 손상,보고서는 이 환자에서 척추 신경뿌리의 손상을 기록했습니다.,정답(대표),exact,,,[],stop,The report documented nerve root injury in this patient.
term,clay stool,회색변,회색변,의사의 문서에 회색변이 언급되었다.,정답(대표),exact,,,[],stop,The doctor's document mentioned clay stool.
term,von hippel-lindau disease,폰히펠-린다우병,폰히펠-린다우병,의사의 문서에 폰히펠-린다우병이 언급되었습니다.,정답(대표),exact,,,[],stop,The doctor's document mentioned von hippel-lindau disease.
term,arthroscopic menisectomy,관절경 이용 초승달 절제,관절경 이용 초승달 절제,보고서는 이 환자에서 관절경 이용 초승달 절제를 기록했습니다.,정답(대표),exact,,,[],stop,The report documented arthroscopic menisectomy in this patient.
term,anthracosis,탄분증,탄분증,이 보고서는 이 환자의 탄분증을 기록했습니다.,정답(대표),exact,,,[],stop,The report documented anthracosis in this patient.
term,endocervical hyperplasia,자궁목내막과다형성,자궁목내막과다형성,의사의 서류에서 자궁목내막과다형성을 언급했습니다.,정답(대표),exact,,,[],stop,The doctor's document mentioned endocervical hyperplasia.
term,apicoectomy,치근첨절제(술),치근첨절제술,보고서는 이 환자에서 치근첨절제술을 기록하였다.,오답,-,,,[],stop,The report documented apicoectomy in this patient.
term,palpating,촉진하기,촉진하기,의사의 문서에 촉진하기가 언급되었다.,정답(대표),exact,,,[],stop,The doctor's document mentioned palpating.
term,anesthesiologist,마취과의사,마취과의사,의사의 문서에 마취과의사가 언급되었습니다.,정답(대표),exact,,,[],stop,The doctor's document mentioned anesthesiologist.
term,operative cholangiography,수술쓸개관조영(술),수술쓸개관조영(술),의사의 문서에 수술쓸개관조영(술)이 언급되었습니다.,정답(대표),exact,,,['bad_chars'],stop,The doctor's document mentioned operative cholangiography.
term,pilomatrixoma,털바탕질종,털바탕질종,이 환자에서 털바탕질종이 보고되었습니다.,정답(대표),exact,,,[],stop,The report documented pilomatrixoma in this patient.
term,foville syndrome,포비유 증후군,포비유 증후군,보고서는 이 환자에게서 포비유 증후군을 기록했다.,정답(대표),exact,,,[],stop,The report documented foville syndrome in this patient.
term,ischial tuberosity structure,궁둥뼈결절,궁둥뼈결절,의사의 문서에 궁둥뼈결절이 언급되었습니다.,정답(대표),exact,,,[],stop,The doctor's document mentioned ischial tuberosity structure.
term,frolement,미세마찰음,미세마찰음,의사의 문서에 미세마찰음이 언급되었다.,정답(대표),exact,,,[],stop,The doctor's document mentioned frolement.
term,neurodeatrophia,망막위축,망막위축,의사의 문서에 망막위축이 언급되었습니다.,정답(대표),exact,,,[],stop,The doctor's document mentioned neurodeatrophia.
term,cold sore,입술헤르페스,입술헤르페스,의사의 문서에서 입술헤르페스를 언급했습니다.,정답(대표),exact,,,[],stop,The doctor's document mentioned cold sore.
term,assess breastfeeding support,모유수유지지 사정,모유수유지지 사정,의사의 문서에는 모유수유지지 사정이 언급되어 있었다.,정답(대표),exact,,,[],stop,The doctor's document mentioned assess breastfeeding support.
term,iridocoloboma,홍채결손,홍채결손,의사의 문서에 홍채결손이 언급되었습니다.,정답(대표),exact,,,[],stop,The doctor's document mentioned iridocoloboma.
term,basal seat,의치지지조직,의치지지조직,의사의 문서에서 의치지지조직을 언급했습니다.,정답(대표),exact,,,[],stop,The doctor's document mentioned basal seat.
term,senile(atrophic) vaginitis,노년(위축) 질염,노년(위축) 질염,보고서는 이 환자에게 노년(위축) 질염이 있음을 기록했습니다.,정답(대표),exact,,,['bad_chars'],stop,The report documented senile(atrophic) vaginitis in this patient.
term,biopsy of cul-de-sac,막힌주머니 생검,막힌주머니 생검,보고서는 이 환자에서 막힌주머니 생검을 문서화했습니다.,정답(대표),exact,,,[],stop,The report documented biopsy of cul-de-sac in this patient.
term,medullary canal,골수공간,골수공간,의사의 문서에 골수공간이 언급되었습니다.,정답(대표),exact,,,[],stop,The doctor's document mentioned medullary canal.
term,cathemoglobin,카트헤모글로빈,카트헤모글로빈,의사의 문서에 카트헤모글로빈이 언급되었다.,정답(대표),exact,,,[],stop,The doctor's document mentioned cathemoglobin.
term,intrahepatic,간내-,간내-,의사의 문서에서 간내-가 언급되었다.,정답(대표),exact,,,[],stop,The doctor's document mentioned intrahepatic.
term,multicystic kidney disease,다낭신장병,다낭신장병,보고서는 이 환자에게서 다낭신장병을 기록하였다.,정답(대표),exact,,,[],stop,The report documented multicystic kidney disease in this patient.
term,wrist joint,요골수근관절,요골수근관절,의사의 문서에는 요골수근관절이 언급되어 있었다.,정답(대표),exact,,,[],stop,The doctor's document mentioned wrist joint.
term,reciprocal shaker,왕복진탕기,왕복진탕기,의사의 문서에 왕복진탕기가 언급되었다.,정답(대표),exact,,,[],stop,The doctor's document mentioned reciprocal shaker.
term,apical surgery,치근단 수술,치근단 수술,의사의 문서에 치근단 수술이 언급되었습니다.,정답(대표),exact,,,[],stop,The doctor's document mentioned apical surgery.
term,erythema migrans,이동성 홍반,이동성 홍반,보고서는 이 환자에서 이동성 홍반을 기록했다.,정답(대표),exact,,,[],stop,The report documented erythema migrans in this patient.
term,microencephaly,작은뇌증,작은뇌증,의사의 문서에서 작은뇌증을 언급했습니다.,정답(대표),exact,,,[],stop,The doctor's document mentioned microencephaly.
term,antifibrinolysin,항섬유소용해소제,항섬유소용해소제,의사의 문서에는 항섬유소용해소제가 언급되어 있었습니다.,정답(대표),exact,,,[],stop,The doctor's document mentioned antifibrinolysin.
term,alpha thalassemia,알파 지중해빈혈,알파 지중해빈혈,보고서는 이 환자에게 알파 지중해빈혈이 있음을 기록했습니다.,정답(대표),exact,,,[],stop,The report documented alpha thalassemia in this patient.
term,nonvascularized bone graft,비혈관뼈이식,비혈관뼈이식,의사의 문서에는 비혈관뼈이식이 언급되어 있었다.,정답(대표),exact,,,[],stop,The doctor's document mentioned nonvascularized bone graft.
term,in situ hybridization,제자리부합법,제자리부합법,의사의 문서에서 제자리부합법이 언급되었다.,정답(대표),exact,,,[],stop,The doctor's document mentioned in situ hybridization.
term,wry neck,기운목,기운목,이 보고서는 이 환자의 기운목을 기록했습니다.,정답(대표),exact,,,[],stop,The report documented wry neck in this patient.
term,single outlet heart,단일유출로심장,단일유출로심장,의사의 문서에 단일유출로심장이 언급되었다.,정답(대표),exact,,,[],stop,The doctor's document mentioned single outlet heart.
term,lienorenal,지라콩팥-,지라콩팥-,의사의 문서에서 지라콩팥-이 언급되었다.,정답(대표),exact,,,[],stop,The doctor's document mentioned lienorenal.
term,defervescence,해열,해열,의사의 문서에 해열이 언급되었다.,정답(대표),exact,,,[],stop,The doctor's document mentioned defervescence.
term,cheondol,천돌(天突),천돌(天突),의사의 문서에 천돌(天突)이 언급되었다.,정답(대표),exact,,,['bad_chars'],stop,The doctor's document mentioned cheondol.
term,retrognathism,하악후퇴,하악후퇴,의사의 문서에 하악후퇴가 언급되었다.,정답(대표),exact,,,[],stop,The doctor's document mentioned retrognathism.
term,antineutrophil cytoplasmic antibody,항중성구세포질항체,항중성구세포질항체,의사의 문서에 항중성구세포질항체가 언급되었습니다.,정답(대표),exact,,,[],stop,The doctor's document mentioned antineutrophil cytoplasmic antibody.
term,myelalgia,척수통증,척수통증,의사의 문서에 척수통증이 언급되었다.,정답(대표),exact,,,[],stop,The doctor's document mentioned myelalgia.
term,rolling disease,회전병,회전병,의사의 문서에 회전병이 언급되었다.,정답(대표),exact,,,[],stop,The doctor's document mentioned rolling disease.
term,lumbosacral enlargement,요천부팽대,요천부팽대,의사의 문서에 요천부팽대가 언급되었습니다.,정답(대표),exact,,,[],stop,The doctor's document mentioned lumbosacral enlargement.
term,atriocarotid interval,심방목동맥간격,심방목동맥간격,의사의 문서에서 심방목동맥간격을 언급했습니다.,정답(대표),exact,,,[],stop,The doctor's document mentioned atriocarotid interval.
term,septal angle,코중격각,코중격각,의사의 문서에 코중격각이 언급되었다.,정답(대표),exact,,,[],stop,The doctor's document mentioned septal angle.
term,transfusion tests,수혈혈액검사,수혈혈액검사,의사의 문서에 수혈혈액검사가 언급되었습니다.,정답(대표),exact,,,[],stop,The doctor's document mentioned transfusion tests.
term,impaired eating behaviour,손상된 식습관 행위,손상된 식습관 행위,의사의 문서에 손상된 식습관 행위가 언급되었습니다.,정답(대표),exact,,,[],stop,The doctor's document mentioned impaired eating behaviour.
term,thyroid notch,방패패임,방패패임,의사의 문서에 방패패임이 언급되었다.,정답(대표),exact,,,[],stop,The doctor's document mentioned thyroid notch.
term,presence of mei,인공중이삽입물의 존재,인공중이삽입물의 존재,보고서는 이 환자에서 인공중이삽입물의 존재를 기록했습니다.,정답(대표),exact,,,[],stop,The report documented presence of mei in this patient.
term,fall risk deteriorated,낙상 위험성 악화됨,낙상 위험성 악화됨,의사의 문서에 낙상 위험성 악화됨이 언급되었습니다.,정답(대표),exact,,,[],stop,The doctor's document mentioned fall risk deteriorated.
term,breast stereotactic biopsy,유방 입체정위 생검술,유방 입체정위 생검술,의사의 문서에 유방 입체정위 생검술이 언급되었다.,정답(대표),exact,,,[],stop,The doctor's document mentioned breast stereotactic biopsy.
term,refractive accomodative esotropia,굴절조절 내사시,굴절조절 내사시,보고서는 이 환자에서 굴절조절 내사시를 기록하였다.,정답(대표),exact,,,[],stop,The report documented refractive accomodative esotropia in this patient.
term,medical indigent,의료급여대상자,의료급여대상자,의사의 서류에서 의료급여대상자를 언급했다.,정답(대표),exact,,,[],stop,The doctor's document mentioned medical indigent.
term,buryu,부류(復溜),부류(復류),의사의 문서에 부류(復溜)가 언급되었다.,오답,-,,,"['span_not_substring', 'bad_chars']",stop,The doctor's document mentioned buryu.
term,dermatopathic lymphadenopathy,피부병림프절병(증),피부병림프절병(증),의사의 문서에 피부병림프절병(증)이 언급되었습니다.,정답(대표),exact,,,['bad_chars'],stop,The doctor's document mentioned dermatopathic lymphadenopathy.
term,bis in die,1일2회,1일2회,의사의 문서에 1일2회가 언급되어 있었다.,정답(대표),exact,,,[],stop,The doctor's document mentioned bis in die.
term,allocentric,타인중심-,타인중심-,의사의 문서에 타인중심-이 언급되었습니다.,정답(대표),exact,,,[],stop,The doctor's document mentioned allocentric.
term,internal carotid angiography,두경부동맥조영-내경동맥,두경부동맥조영-내경동맥,이 환자에서 두경부동맥조영-내경동맥이 시행되었습니다.,정답(대표),exact,,,[],stop,internal carotid angiography was performed on this patient.
term,epidermolysis bullosa simplex,단순 수포성 표피박리증,단순 수포성 표피박리증,이 환자에서 단순 수포성 표피박리증을 보고하였다.,정답(대표),exact,,,[],stop,The report documented epidermolysis bullosa simplex in this patient.
term,ventricular asynergy,심실협동불능(증),심실협동불능(증),의사의 문서에 심실협동불능(증)이 언급되었습니다.,정답(대표),exact,,,['bad_chars'],stop,The doctor's document mentioned ventricular asynergy.
term,upper extremity,위팔,위팔,의사의 문서에 위팔이 언급되었습니다.,정답(대표),exact,,,[],stop,The doctor's document mentioned upper extremity.
term,perianal haematoma,항문주위혈종,항문주위혈종,보고서에는 이 환자의 항문주위혈종이 기록되어 있다.,정답(대표),exact,,,[],stop,The report documented perianal haematoma in this patient.
term,diastasimetry,녹말효소측정법,녹말효소측정법,의사의 문서에서는 녹말효소측정법이 언급되었습니다.,정답(대표),exact,,,[],stop,The doctor's document mentioned diastasimetry.
term,waveform,파형,파형,의사의 문서에 파형이 언급되었다.,정답(대표),exact,,,[],stop,The doctor's document mentioned waveform.
term,framework try-in,금속구조물 시적,금속구조물 시적,의사의 문서에 금속구조물 시적이 언급되었다.,정답(대표),exact,,,[],stop,The doctor's document mentioned framework try-in.
term,cystathionine,시스타티오닌,시스타티오닌,의사의 문서에 시스타티오닌이 언급되었습니다.,정답(대표),exact,,,[],stop,The doctor's document mentioned cystathionine.
term,major amblyoscope,대형 약시경,대형 약시경,의사의 문서에 대형 약시경이 언급되었습니다.,정답(대표),exact,,,[],stop,The doctor's document mentioned major amblyoscope.
term,radiodermatitis,방사선피부염,방사선피부염,보고서는 이 환자에게서 방사선피부염을 기록했다.,정답(대표),exact,,,[],stop,The report documented radiodermatitis in this patient.
term,turbidometric technique,혼탁도측정기법,혼탁도측정기법,의사의 문서는 혼탁도측정기법을 언급했다.,정답(대표),exact,,,[],stop,The doctor's document mentioned turbidometric technique.
term,tuning curve,동조곡선,동조곡선,의사의 문서에 동조곡선이 언급되었다.,정답(대표),exact,,,[],stop,The doctor's document mentioned tuning curve.
term,benign familial hematuria,양성 가족성 혈뇨,양성 가족성 혈뇨,보고서는 이 환자에서 양성 가족성 혈뇨를 기록했습니다.,정답(대표),exact,,,[],stop,The report documented benign familial hematuria in this patient.
term,complex echo pattern,복잡메아리,복잡메아리,의사의 문서에 복잡메아리가 언급되었다.,정답(대표),exact,,,[],stop,The doctor's document mentioned complex echo pattern.
term,preleukaemia (syndrome),전백혈병(증후군),전백혈병(증후군),보고서는 이 환자에서 전백혈병(증후군)을 기록했다.,정답(대표),exact,,,['bad_chars'],stop,The report documented preleukaemia (syndrome) in this patient.
term,prolonged latent phase,지연된 잠복기,지연된 잠복기,보고서는 이 환자에서 지연된 잠복기를 문서화했습니다.,정답(대표),exact,,,[],stop,The report documented prolonged latent phase in this patient.
term,corynebacterium pseudotuberculosis,거짓결핵균,거짓결핵균,의사의 문서에 거짓결핵균이 언급되었습니다.,정답(대표),exact,,,[],stop,The doctor's document mentioned corynebacterium pseudotuberculosis.
term,gonadoadvent,생식기능출현기,생식기능출현기,의사의 문서에 생식기능출현기가 언급되었다.,정답(대표),exact,,,[],stop,The doctor's document mentioned gonadoadvent.
term,neck righting reflex,목바로잡기반사,목바로잡기반사,의사의 문서에서 목바로잡기반사를 언급했습니다.,정답(대표),exact,,,[],stop,The doctor's document mentioned neck righting reflex.
term,peritomy,윤부결막절개(술),윤부결막절개(술),의사의 문서에 윤부결막절개(술)이 언급되었다.,정답(대표),exact,,,['bad_chars'],stop,The doctor's document mentioned peritomy.
term,haematosalpinx,혈난관,혈난관,보고서는 이 환자에서 혈난관을 기록했습니다.,정답(대표),exact,,,[],stop,The report documented haematosalpinx in this patient.
term,stomatomy,자궁구절개(술),자궁구절개(술),의사의 문서에 자궁구절개(술)이 언급되어 있었다.,정답(대표),exact,,,['bad_chars'],stop,The doctor's document mentioned stomatomy.
term,oncofetal,종양태아-,종양태아-,의사의 문서에 종양태아-가 언급되었다.,정답(대표),exact,,,[],stop,The doctor's document mentioned oncofetal.
term,removal of restoration,기존 보철물 제거,기존 보철물 제거,이 환자에서 기존 보철물 제거를 기록하였다.,정답(대표),exact,,,[],stop,The report documented removal of restoration in this patient.
term,hypothalamic-pituitary-adrenal axis,시상하부-뇌하수체-부신축,시상하부-뇌하수체-부신축,의사의 문서에 시상하부-뇌하수체-부신축이 언급되었습니다.,정답(대표),exact,,,[],stop,The doctor's document mentioned hypothalamic-pituitary-adrenal axis.
term,late post-traumatic seizures,외상후 지연 발작,외상후 지연 발작,의사의 문서에 외상후 지연 발작이 언급되었습니다.,정답(대표),exact,,,[],stop,The doctor's document mentioned late post-traumatic seizures.
term,acne keloidalis,흉터종여드름,흉터종여드름,의사의 문서에 흉터종여드름이 언급되었습니다.,정답(대표),exact,,,[],stop,The doctor's document mentioned acne keloidalis.
term,direct coombs test,직접쿰즈검사,직접쿰즈검사,의사의 문서에는 직접쿰즈검사가 언급되었습니다.,정답(대표),exact,,,[],stop,The doctor's document mentioned direct coombs test.
term,sequestrectomy of skull,머리뼈 부골 절제,머리뼈 부골 절제,보고서는 이 환자에서 머리뼈 부골 절제를 기록했습니다.,정답(대표),exact,,,[],stop,The report documented sequestrectomy of skull in this patient.
term,periodic rhinitis,주기코염,주기코염,의사의 문서에는 주기코염이 언급되었습니다.,정답(대표),exact,,,[],stop,The doctor's document mentioned periodic rhinitis.
term,vesicorectal fistula,방광직장루,방광직장루,보고서는 이 환자에게 방광직장루가 있음을 기록했습니다.,정답(대표),exact,,,[],stop,The report documented vesicorectal fistula in this patient.
term,schistasis,갈림증,갈림증,의사의 문서에 갈림증이 언급되었다.,정답(대표),exact,,,[],stop,The doctor's document mentioned schistasis.
term,oxidizing color,산화염료,산화염료,의사의 문서에 산화염료가 언급되었습니다.,정답(대표),exact,,,[],stop,The doctor's document mentioned oxidizing color.
term,microincision,미세절개,미세절개,의사의 문서에 미세절개가 언급되었다.,정답(대표),exact,,,[],stop,The doctor's document mentioned microincision.
term,rosacea,주사,주사,이 보고서는 이 환자에서 주사를 문서화했습니다.,정답(대표),exact,,,[],stop,The report documented rosacea in this patient.
term,coalescent mastoiditis,융합꼭지돌기염,융합꼭지돌기염,보고서는 이 환자에게 융합꼭지돌기염이 있음을 문서화했습니다.,정답(대표),exact,,,[],stop,The report documented coalescent mastoiditis in this patient.
term,intraocular,안구내-,안구내,의사의 문서에 안구내가 언급되었습니다.,오답,-,,,[],stop,The doctor's document mentioned intraocular.
term,laceration of back,등 열상,등 열상,보고서는 이 환자에서 등 열상을 기록했습니다.,정답(대표),exact,,,[],stop,The report documented laceration of back in this patient.
term,colpocystocele,질방광탈출(증),질방광탈출(증),의사의 문서에서 질방광탈출(증)이 언급되었습니다.,정답(대표),exact,,,['bad_chars'],stop,The doctor's document mentioned colpocystocele.
term,protrusive position,전방위,전방위,의사의 문서에 전방위가 언급되었다.,정답(대표),exact,,,[],stop,The doctor's document mentioned protrusive position.
term,grafting,이식,이식,의사의 문서에 이식이 언급되었다.,정답(대표),exact,,,[],stop,The doctor's document mentioned grafting.
term,dislocation of midcarpal(joint),중간수근골(관절)의 탈구,중간수근골(관절)의 탈구,보고서는 이 환자에서 중간수근골(관절)의 탈구를 기록했다.,정답(대표),exact,,,['bad_chars'],stop,The report documented dislocation of midcarpal(joint) in this patient.
term,fecal concentration,대변농축(법),대변농축(법),의사의 문서에 대변농축(법)이 언급되었다.,정답(대표),exact,,,['bad_chars'],stop,The doctor's document mentioned fecal concentration.
term,recession operation,뒤옮김술,뒤옮김술,의사의 문서에 뒤옮김술이 언급되었다.,정답(대표),exact,,,[],stop,The doctor's document mentioned recession operation.
term,ebonation,뼈조각제거,뼈조각제거,의사의 문서에 뼈조각제거가 언급되었습니다.,정답(대표),exact,,,[],stop,The doctor's document mentioned ebonation.
term,zosteriform lentiginous nevus,띠모양흑(색)점모반,띠모양흑(색)점모반,의사의 문서에 띠모양흑(색)점모반이 언급되어 있었다.,정답(대표),exact,,,['bad_chars'],stop,The doctor's document mentioned zosteriform lentiginous nevus.
term,supraduodenal artery,샘창자위동맥,샘창자위동맥,의사의 문서에 샘창자위동맥이 언급되었다.,정답(대표),exact,,,[],stop,The doctor's document mentioned supraduodenal artery.
term,thyroidea ima artery,맨아래갑상동맥,맨아래갑상동맥,의사의 문서에 맨아래갑상동맥이 언급되었다.,정답(대표),exact,,,[],stop,The doctor's document mentioned thyroidea ima artery.
term,cryptococcal meningocerebritis,크립토콕쿠스수막대뇌염,크립토콕쿠스수막대뇌염,보고서는 이 환자에서 크립토콕쿠스수막대뇌염을 기록하였다.,정답(대표),exact,,,[],stop,The report documented cryptococcal meningocerebritis in this patient.
term,endothelial adhesion molecule,내피부착분자,내피부착분자,의사의 문서에 내피부착분자가 언급되었다.,정답(대표),exact,,,[],stop,The doctor's document mentioned endothelial adhesion molecule.
term,pleurothecal anastomosis,가슴막-척수막 연결,가슴막-척수막 연결,이 보고서는 이 환자에서 가슴막-척수막 연결을 문서화했다.,정답(대표),exact,,,[],stop,The report documented pleurothecal anastomosis in this patient.
term,polymyalgia rheumatica,류마티스성 다발근통,류마티스성 다발근통,보고서는 이 환자에서 류마티스성 다발근통을 기록했습니다.,정답(대표),exact,,,[],stop,The report documented polymyalgia rheumatica in this patient.
term,voluntomotory,수의운동-,수의운동-,의사의 문서에서 수의운동-이 언급되었다.,정답(대표),exact,,,[],stop,The doctor's document mentioned voluntomotory.
term,retention of urine,소변정체,소변정체,보고서는 이 환자에서 소변정체를 기록했다.,정답(대표),exact,,,[],stop,The report documented retention of urine in this patient.
term,supporting spiritual rituals,영적의식 지지하기,영적의식 지지하기,의사의 문서는 영적의식 지지하기를 언급했다.,정답(대표),exact,,,[],stop,The doctor's document mentioned supporting spiritual rituals.
term,epigastric artery,배벽동맥,배벽동맥,의사의 문서에 배벽동맥이 언급되었다.,정답(대표),exact,,,[],stop,The doctor's document mentioned epigastric artery.
term,source qi,원기,원기,의사의 문서에 원기가 언급되었다.,정답(대표),exact,,,[],stop,The doctor's document mentioned source qi.
term,polychromatophilic erythrocyte,다염적혈구,다염적혈구,의사의 문서에는 다염적혈구가 언급되어 있었다.,정답(대표),exact,,,[],stop,The doctor's document mentioned polychromatophilic erythrocyte.
term,endorectal pull-through operation,직장내 풀-스루식 수술,직장내 풀-스루식 수술,보고서는 이 환자에서 직장내 풀-스루식 수술을 기록했습니다.,정답(대표),exact,,,[],stop,The report documented endorectal pull-through operation in this patient.
term,defective interfering particle,결손간섭입자,결손간섭입자,의사의 문서는 결손간섭입자를 언급했다.,정답(대표),exact,,,[],stop,The doctor's document mentioned defective interfering particle.
term,physics depth sensitivity,물리적깊이민감도,물리적깊이민감도,의사의 문서는 물리적깊이민감도를 언급했습니다.,정답(대표),exact,,,[],stop,The doctor's document mentioned physics depth sensitivity.
term,dialysis adequacy,투석충분도,투석충분도,의사의 문서에 투석충분도가 언급되었습니다.,정답(대표),exact,,,[],stop,The doctor's document mentioned dialysis adequacy.
term,apneustic respiration,지속흡입호흡,지속흡입호흡,의사의 문서에 지속흡입호흡이 언급되었습니다.,정답(대표),exact,,,[],stop,The doctor's document mentioned apneustic respiration.
term,citrate,구연산,구연산,의사의 문서에 구연산이 언급되었다.,정답(대표),exact,,,[],stop,The doctor's document mentioned citrate.
term,forehead,전두,전두,의사의 문서에 전두가 언급되었다.,정답(대표),exact,,,[],stop,The doctor's document mentioned forehead.
term,extracoronal,치관외-,치관외-,의사의 문서에서 치관외-가 언급되었습니다.,정답(대표),exact,,,[],stop,The doctor's document mentioned extracoronal.
term,mongoloid slant,몽골인 모양 눈,몽골인 모양 눈,의사의 문서에는 몽골인 모양 눈이 언급되어 있었다.,정답(대표),exact,,,[],stop,The doctor's document mentioned mongoloid slant.
term,altimeter sickness,고산병,고산병,보고서는 이 환자의 고산병을 문서화했다.,정답(대표),exact,,,[],stop,The report documented altimeter sickness in this patient.
term,failed forceps,집게 사용 실패,집게 사용 실패,보고서는 이 환자에서 집게 사용 실패를 기록했다.,정답(대표),exact,,,[],stop,The report documented failed forceps in this patient.
term,trypanocidal,파동편모충박멸-,파동편모충박멸-,의사의 문서가 파동편모충박멸-을 언급했다.,정답(대표),exact,,,[],stop,The doctor's document mentioned trypanocidal.
term,amphorophony,공동공명음,공동공명음,의사의 문서에 공동공명음이 언급되었다.,정답(대표),exact,,,[],stop,The doctor's document mentioned amphorophony.
term,pyroglyphidae,집먼지진드기(과),집먼지진드기(과),의사의 문서에 집먼지진드기(과)가 언급되어 있었다.,정답(대표),exact,,,['bad_chars'],stop,The doctor's document mentioned pyroglyphidae.
term,rhabdomyomyxoma,횡문근점액종,횡문근점액종,의사의 문서에 횡문근점액종이 언급되었다.,정답(대표),exact,,,[],stop,The doctor's document mentioned rhabdomyomyxoma.
term,cranial dermal sinus,뇌피부동,뇌피부동,보고서는 이 환자에서 뇌피부동을 기록했습니다.,정답(대표),exact,,,[],stop,The report documented cranial dermal sinus in this patient.
term,suprapubic prostatectomy,두덩뼈 위쪽 경유 전립샘 절제,두덩뼈 위쪽 경유 전립샘 절제,이 환자에서 두덩뼈 위쪽 경유 전립샘 절제가 보고되었습니다.,정답(대표),exact,,,[],stop,The report documented suprapubic prostatectomy in this patient.
term,platymorphia,편평안구,편평안구,의사의 문서에 편평안구가 언급되었다.,정답(대표),exact,,,[],stop,The doctor's document mentioned platymorphia.
term,cimex lectularius,빈대,빈대,의사의 문서에 빈대가 언급되었다.,정답(대표),exact,,,[],stop,The doctor's document mentioned cimex lectularius.
term,salbutamol,살부타몰,살부타몰,의사의 문서에 살부타몰이 언급되었다.,정답(대표),exact,,,[],stop,The doctor's document mentioned salbutamol.
term,tuning fork,소리굽쇠,소리굽쇠,의사의 문서에 소리굽쇠가 언급되었다.,정답(대표),exact,,,[],stop,The doctor's document mentioned tuning fork.
term,chest expiration,가슴 날숨촬영,가슴 날숨촬영,이 환자에서 가슴 날숨촬영이 시행되었습니다.,정답(대표),exact,,,[],stop,chest expiration was performed on this patient.
term,syphilogen,매독원,매독원,의사의 문서에는 매독원이 언급되어 있었다.,정답(대표),exact,,,[],stop,The doctor's document mentioned syphilogen.
term,ischial ramus,궁둥뼈가지,궁둥뼈가지,의사의 문서에 궁둥뼈가지가 언급되었다.,정답(대표),exact,,,[],stop,The doctor's document mentioned ischial ramus.
term,supraspinous,가시끝-,가시끝-,의사의 문서에 가시끝-이 언급되었다.,정답(대표),exact,,,[],stop,The doctor's document mentioned supraspinous.
term,intranasal ethmoidectomy,사골동염근치술; 비내 접근법,비내 접근법,의사의 문서에 비내 접근법이 언급되었습니다.,오답,-,,,[],stop,The doctor's document mentioned intranasal ethmoidectomy.
term,breathing bag reservoir,호흡주머니,호흡주머니,의사의 문서에 호흡주머니가 언급되었습니다.,정답(대표),exact,,,[],stop,The doctor's document mentioned breathing bag reservoir.
term,growth fever,변증,변증,보고서는 이 환자의 변증을 문서화했다.,정답(대표),exact,,,[],stop,The report documented growth fever in this patient.
term,neurostearic acid,신경지방산,신경지방산,의사의 문서에 신경지방산이 언급되었습니다.,정답(대표),exact,,,[],stop,The doctor's document mentioned neurostearic acid.
term,operative ultrasound,수술중초음파검사,수술중초음파검사,의사의 문서에 수술중초음파검사가 언급되었습니다.,정답(대표),exact,,,[],stop,The doctor's document mentioned operative ultrasound.
term,abortive prophage,불완전프로파지,불완전프로파지,의사의 문서에 불완전프로파지가 언급되었다.,정답(대표),exact,,,[],stop,The doctor's document mentioned abortive prophage.
term,vetebra,척추,척추,의사의 문서에 척추가 언급되었다.,정답(대표),exact,,,[],stop,The doctor's document mentioned vetebra.
term,incisor tooth,절치,절치,의사의 문서는 절치를 언급했다.,정답(대표),exact,,,[],stop,The doctor's document mentioned incisor tooth.
term,stump hallucination,절단끝환각,절단끝환각,의사의 문서에 절단끝환각이 언급되었다.,정답(대표),exact,,,[],stop,The doctor's document mentioned stump hallucination.
term,hyalomere,투명부위,투명부위,의사의 문서에 투명부위가 언급되었다.,정답(대표),exact,,,[],stop,The doctor's document mentioned hyalomere.
term,inspirator,흡입기,흡입기,의사의 문서에 흡입기가 언급되었다.,정답(대표),exact,,,[],stop,The doctor's document mentioned inspirator.
term,tense,긴장-,긴장-,의사의 문서에 긴장-이 언급되었다.,정답(대표),exact,,,[],stop,The doctor's document mentioned tense.
term,fluoridation,불소화,불소화,의사의 문서가 불소화를 언급했다.,정답(대표),exact,,,[],stop,The doctor's document mentioned fluoridation.
term,varicose vein stripping,정맥류 제거,정맥류 제거,보고서는 이 환자에서 정맥류 제거를 문서화했습니다.,정답(대표),exact,,,[],stop,The report documented varicose vein stripping in this patient.
term,urethrotomy,요도 절개,요도 절개,보고서는 이 환자에서 요도 절개를 기록했습니다.,정답(대표),exact,,,[],stop,The report documented urethrotomy in this patient.
term,virgin population,무노출인구,무노출인구,의사의 문서에는 무노출인구가 언급되어 있었다.,정답(대표),exact,,,[],stop,The doctor's document mentioned virgin population.
term,gracilis muscle,두덩정강근,두덩정강근,의사의 문서에는 두덩정강근이 언급되어 있었다.,정답(대표),exact,,,[],stop,The doctor's document mentioned gracilis muscle.
term,paraganglion,곁신경절,곁신경절,의사의 문서에 곁신경절이 언급되었다.,정답(대표),exact,,,[],stop,The doctor's document mentioned paraganglion.
term,hemianopsia,편측시야결손,편측시야결손,의사의 문서에 편측시야결손이 언급되었습니다.,정답(대표),exact,,,[],stop,The doctor's document mentioned hemianopsia.
term,relative scotoma,상대암점,상대암점,의사의 문서에 상대암점이 언급되었다.,정답(대표),exact,,,[],stop,The doctor's document mentioned relative scotoma.
term,ballism,도리깨질(증),도리깨질(증),의사의 문서에 도리깨질(증)이 언급되었다.,정답(대표),exact,,,['bad_chars'],stop,The doctor's document mentioned ballism.
term,tuberculosis of oesophagus,식도의 결핵,식도의 결핵,보고서는 이 환자에서 식도의 결핵을 문서화했습니다.,정답(대표),exact,,,[],stop,The report documented tuberculosis of oesophagus in this patient.
term,appendix ultrasound,맹장 초음파,맹장 초음파,의사의 문서에 맹장 초음파가 언급되었습니다.,정답(대표),exact,,,[],stop,The doctor's document mentioned appendix ultrasound.
term,kub left lateral,"콩팥요관방광촬영, 왼쪽측방향","콩팥요관방광촬영, 왼쪽측방향","이 환자에서 콩팥요관방광촬영, 왼쪽측방향이 시행되었습니다.",정답(대표),exact,,,[],stop,kub left lateral was performed on this patient.
term,menstrual irregularity,월경불규칙,월경불규칙,보고서는 이 환자에서 월경불규칙을 기록했다.,정답(대표),exact,,,[],stop,The report documented menstrual irregularity in this patient.
term,pressure suit,가압복,가압복,의사의 문서에 가압복이 언급되었다.,정답(대표),exact,,,[],stop,The doctor's document mentioned pressure suit.
term,postprocedural subglottic stenosis,처치후 성문하협착,처치후 성문하협착,보고서는 이 환자에서 처치후 성문하협착을 기록하였다.,정답(대표),exact,,,[],stop,The report documented postprocedural subglottic stenosis in this patient.
term,puerperium,산후기,산후기,의사의 문서에 산후기가 언급되었다.,정답(대표),exact,,,[],stop,The doctor's document mentioned puerperium.
term,non-infected,감염되지않은,감염되지않은,의사의 문서는 감염되지않은을 언급했습니다.,정답(대표),exact,,,[],stop,The doctor's document mentioned non-infected.
term,overdetermined idea,과잉결정관념,과잉결정관념,의사의 문서에 과잉결정관념이 언급되었다.,정답(대표),exact,,,[],stop,The doctor's document mentioned overdetermined idea.
term,agenesis of lung,폐의 무발생,폐의 무발생,이 환자에서 폐의 무발생을 문서화했다.,정답(대표),exact,,,[],stop,The report documented agenesis of lung in this patient.
term,toilet,세척,세척,의사의 문서에 세척이 언급되었습니다.,정답(대표),exact,,,[],stop,The doctor's document mentioned toilet.
term,coxalgic pelvis,엉덩관절병골반,엉덩관절병골반,의사의 문서에 엉덩관절병골반이 언급되었다.,정답(대표),exact,,,[],stop,The doctor's document mentioned coxalgic pelvis.
term,clasp repair,클라스프 수리,클라스프 수리,의사의 문서에 클라스프 수리가 언급되었습니다.,정답(대표),exact,,,[],stop,The doctor's document mentioned clasp repair.
term,horseshoe fistula,말발굽샛길,말발굽샛길,의사의 문서에 말발굽샛길이 언급되었다.,정답(대표),exact,,,[],stop,The doctor's document mentioned horseshoe fistula.
term,taenia solium,유구조충,유구조충,의사의 문서에 유구조충이 언급되었다.,정답(대표),exact,,,[],stop,The doctor's document mentioned taenia solium.
term,dermatitis verrucosa,사마귀피부염,사마귀피부염,보고서는 이 환자에서 사마귀피부염을 기록했습니다.,정답(대표),exact,,,[],stop,The report documented dermatitis verrucosa in this patient.
term,expectorant mixture,복합거담제,복합거담제,의사의 문서에 복합거담제가 언급되어 있었다.,정답(대표),exact,,,[],stop,The doctor's document mentioned expectorant mixture.
term,prescription group,처방묶음,처방묶음,의사의 문서에 처방묶음이 언급되었습니다.,정답(대표),exact,,,[],stop,The doctor's document mentioned prescription group.
term,progressive hemifacial atrophy,진행성 반쪽얼굴 위축,진행성 반쪽얼굴 위축,보고서는 이 환자에게서 진행성 반쪽얼굴 위축을 기록했다.,정답(대표),exact,,,[],stop,The report documented progressive hemifacial atrophy in this patient.
term,plain radiograph,단순방사선사진,단순방사선사진,의사의 문서에 단순방사선사진이 언급되었다.,정답(대표),exact,,,[],stop,The doctor's document mentioned plain radiograph.
term,iridocyclitis in tuberculosis,결핵에서의 홍채섬모체염,결핵에서의 홍채섬모체염,보고서는 이 환자에서 결핵에서의 홍채섬모체염을 기록했습니다.,정답(대표),exact,,,[],stop,The report documented iridocyclitis in tuberculosis in this patient.
term,uremic convulsion,요독경련,요독경련,의사의 문서에는 요독경련이 언급되었다.,정답(대표),exact,,,[],stop,The doctor's document mentioned uremic convulsion.
term,ophthalmophacometer,수정체굴절력측정계,수정체굴절력측정계,의사의 문서에서 수정체굴절력측정계를 언급했습니다.,정답(대표),exact,,,[],stop,The doctor's document mentioned ophthalmophacometer.
term,reconstruction of thumb,엄지 손가락 재건,엄지 손가락 재건,이 환자의 엄지 손가락 재건이 보고서에 문서화되었습니다.,정답(대표),exact,,,[],stop,The report documented reconstruction of thumb in this patient.
term,tetrastichiasis,네줄속눈썹(증),네줄속눈썹(증),의사의 문서에 네줄속눈썹(증)이 언급되었다.,정답(대표),exact,,,['bad_chars'],stop,The doctor's document mentioned tetrastichiasis.
term,fundus photography,안저사진,안저사진,보고서는 이 환자의 안저사진을 기록했습니다.,정답(대표),exact,,,[],stop,The report documented fundus photography in this patient.
term,rotalix tube,회전양극관,회전양극관,의사의 문서에 회전양극관이 언급되었다.,정답(대표),exact,,,[],stop,The doctor's document mentioned rotalix tube.
term,invasive mole,침윤기태,침윤기태,의사의 문서에서 침윤기태를 언급했다.,정답(대표),exact,,,[],stop,The doctor's document mentioned invasive mole.
term,ulcerated external hemorrhoids,궤양성 외치핵,궤양성 외치핵,보고서는 이 환자에게 궤양성 외치핵이 있음을 기록했습니다.,정답(대표),exact,,,[],stop,The report documented ulcerated external hemorrhoids in this patient.
term,standardized rate ratio,표준화비율비,표준화비율비,의사의 문서에 표준화비율비가 언급되었다.,정답(대표),exact,,,[],stop,The doctor's document mentioned standardized rate ratio.
term,encephalopathy toxic,독성 뇌병증,독성 뇌병증,의사의 문서에는 독성 뇌병증이 언급되어 있었습니다.,정답(대표),exact,,,[],stop,The doctor's document mentioned encephalopathy toxic.
term,teach personal care,개인간호 교육,개인간호 교육,의사의 문서에 개인간호 교육이 언급되었습니다.,정답(대표),exact,,,[],stop,The doctor's document mentioned teach personal care.
term,hydrocyst,물낭,물낭,의사의 문서에 물낭이 언급되었습니다.,정답(대표),exact,,,[],stop,The doctor's document mentioned hydrocyst.
term,muscular artery,근육형동맥,근육형동맥,의사의 문서에 근육형동맥이 언급되었다.,정답(대표),exact,,,[],stop,The doctor's document mentioned muscular artery.
term,ataxic hemiparesis,실조성반부전마비,실조성반부전마비,의사의 문서에 실조성반부전마비가 언급되었습니다.,정답(대표),exact,,,[],stop,The doctor's document mentioned ataxic hemiparesis.
term,mitokinetic,유사운동-,유사운동-,의사의 문서에 유사운동-이 언급되었다.,정답(대표),exact,,,[],stop,The doctor's document mentioned mitokinetic.
term,dementia in hypercalcaemia,과칼슘혈증에서의 치매,과칼슘혈증에서의 치매,보고서는 이 환자에서 과칼슘혈증에서의 치매를 기록하였다.,정답(대표),exact,,,[],stop,The report documented dementia in hypercalcaemia in this patient.
term,neurofibromatosis of spine,척수 신경섬유종증,척수 신경섬유종증,의사의 서류에서 척수 신경섬유종증이 언급되었습니다.,정답(대표),exact,,,[],stop,The doctor's document mentioned neurofibromatosis of spine.
term,amputation of cervix,자궁목 절단,자궁목 절단,보고서는 이 환자에서 자궁목 절단을 문서화했습니다.,정답(대표),exact,,,[],stop,The report documented amputation of cervix in this patient.
term,osteoarthritis,뼈관절염,뼈관절염,의사의 문서에 뼈관절염이 언급되었습니다.,정답(대표),exact,,,[],stop,The doctor's document mentioned osteoarthritis.
term,head wind,두풍 ; 뇌풍,두풍,보고서는 이 환자의 두풍을 기록했다.,오답,-,,,[],stop,The report documented head wind in this patient.
term,bovine granulomatous mastitis,소육아종 유방염,소육아종 유방염,의사의 문서에 소육아종 유방염이 언급되었다.,정답(대표),exact,,,[],stop,The doctor's document mentioned bovine granulomatous mastitis.
term,hand,수,수,의사의 문서가 수를 언급했다.,정답(대표),exact,,,[],stop,The doctor's document mentioned hand.
term,idiopathic hemihypertrophy,특발성 편측비대증,특발성 편측비대증,보고서는 이 환자에게서 특발성 편측비대증을 기록했습니다.,정답(대표),exact,,,[],stop,The report documented idiopathic hemihypertrophy in this patient.
term,ileocolic artery,돌잘룩창자동맥,돌잘룩창자동맥,의사의 문서에서 돌잘룩창자동맥이 언급되었다.,정답(대표),exact,,,[],stop,The doctor's document mentioned ileocolic artery.
term,nummular dermatitis,동전모양피부염,동전모양피부염,보고서는 이 환자에게서 동전모양피부염을 기록하였다.,정답(대표),exact,,,[],stop,The report documented nummular dermatitis in this patient.
term,ecdysis,허물벗기,허물벗기,의사의 문서에 허물벗기가 언급되었다.,정답(대표),exact,,,[],stop,The doctor's document mentioned ecdysis.
term,congenital leukonychia,선천 손발톱백반,선천 손발톱백반,이 환자에서 선천 손발톱백반을 보고하였다.,정답(대표),exact,,,[],stop,The report documented congenital leukonychia in this patient.
term,total lipodystrophy,전체 지방영양장애,전체 지방영양장애,의사의 문서에 전체 지방영양장애가 언급되었습니다.,정답(대표),exact,,,[],stop,The doctor's document mentioned total lipodystrophy.
term,near field potential,근접부위전위,근접부위전위,의사의 문서에는 근접부위전위가 언급되어 있었다.,정답(대표),exact,,,[],stop,The doctor's document mentioned near field potential.
term,unequal limb length,사지길이부동증,사지길이부동증,의사의 문서에 사지길이부동증이 언급되었습니다.,정답(대표),exact,,,[],stop,The doctor's document mentioned unequal limb length.
term,drug induce pruritus,약물 유발성 가려움,약물 유발성 가려움,보고서는 이 환자에서 약물 유발성 가려움을 기록했습니다.,정답(대표),exact,,,[],stop,The report documented drug induce pruritus in this patient.
term,saphenous neuropathy,복재신경병증,복재신경병증,보고서는 이 환자에게 복재신경병증이 있음을 문서화했다.,정답(대표),exact,,,[],stop,The report documented saphenous neuropathy in this patient.
term,extra-abdominal,복부외-,복부외-,의사의 문서에 복부외-가 언급되었다.,정답(대표),exact,,,[],stop,The doctor's document mentioned extra-abdominal.
term,endolymphatic duct,속림프관,속림프관,의사의 문서에서는 속림프관을 언급했습니다.,정답(대표),exact,,,[],stop,The doctor's document mentioned endolymphatic duct.
term,intra-operative neurophysiologic testing,수술중 신경생리학적 검사,수술중 신경생리학적 검사,보고서는 이 환자에서 수술중 신경생리학적 검사를 문서화했습니다.,정답(대표),exact,,,[],stop,The report documented intra-operative neurophysiologic testing in this patient.
term,hammerhead ribozyme,망치머리형리보자임,망치머리형리보자임,의사의 문서에 망치머리형리보자임이 언급되었다.,정답(대표),exact,,,[],stop,The doctor's document mentioned hammerhead ribozyme.
term,photogene,잔상,잔상,의사의 문서에 잔상이 언급되었다.,정답(대표),exact,,,[],stop,The doctor's document mentioned photogene.
term,hot bag,더운물 주머니,더운물 주머니,보고서는 이 환자에서 더운물 주머니를 기록했습니다.,정답(대표),exact,,,[],stop,The report documented hot bag in this patient.
term,bougienage of esophagus,식도 부우지법,식도 부우지법,보고서에는 이 환자에서 식도 부우지법을 시행한 것으로 기록되어 있다.,정답(대표),exact,,,[],stop,The report documented bougienage of esophagus in this patient.
term,oculovagal reflex,눈미주신경반사,눈미주신경반사,의사의 문서는 눈미주신경반사를 언급했다.,정답(대표),exact,,,[],stop,The doctor's document mentioned oculovagal reflex.
term,physically handicapped,거동불편자,거동불편자,의사의 서류에는 거동불편자가 언급되어 있었다.,정답(대표),exact,,,[],stop,The doctor's document mentioned physically handicapped.
term,morbidity aspects,질병 양상,질병 양상,의사의 문서는 질병 양상을 언급했습니다.,정답(대표),exact,,,[],stop,The doctor's document mentioned morbidity aspects.
term,auriculotemporal nerve,귓바퀴관자신경,귓바퀴관자신경,의사의 문서에 귓바퀴관자신경이 언급되었습니다.,정답(대표),exact,,,[],stop,The doctor's document mentioned auriculotemporal nerve.
term,perseveration,고집증,고집증,의사의 문서에 고집증이 언급되었다.,정답(대표),exact,,,[],stop,The doctor's document mentioned perseveration.
term,purpura annularis telangiectodes,고리모세혈관확장자색반,고리모세혈관확장자색반,의사의 문서에 고리모세혈관확장자색반이 언급되었습니다.,정답(대표),exact,,,[],stop,The doctor's document mentioned purpura annularis telangiectodes.
term,endoscopic retrograde pancreatography,내시경역행이자관조영(술),내시경역행이자관조영(술),이 환자에서 내시경역행이자관조영(술)이 시행된 것으로 보고서에 기록되었다.,정답(대표),exact,,,['bad_chars'],stop,The report documented endoscopic retrograde pancreatography in this patient.
term,leukotaxis,백혈구쏠림성,백혈구쏠림성,의사의 문서가 백혈구쏠림성을 언급했다.,정답(대표),exact,,,[],stop,The doctor's document mentioned leukotaxis.
term,myoalbumin,근(육)알부민,근(육)알부민,의사의 문서에 근(육)알부민이 언급되었다.,정답(대표),exact,,,['bad_chars'],stop,The doctor's document mentioned myoalbumin.
term,urethroscopic surgery,요도경하 수술,요도경하 수술,이 환자에서 요도경하 수술을 시행한 것으로 보고되었다.,정답(대표),exact,,,[],stop,The report documented urethroscopic surgery in this patient.
term,hippocampal sclerosis,해마경화(증),해마경화(증),보고서는 이 환자에게 해마경화(증)가 있음을 기록했습니다.,정답(대표),exact,,,['bad_chars'],stop,The report documented hippocampal sclerosis in this patient.
term,excitometabolic,대사촉진-,대사촉진-,의사의 문서에서 대사촉진-를 언급했다.,정답(대표),exact,,,[],stop,The doctor's document mentioned excitometabolic.
term,bronchus t-tube insertion,기관지 T-삽관,기관지 T-삽관,보고서는 이 환자에서 기관지 T-삽관을 문서화했다.,정답(대표),exact,,,['bad_chars'],stop,The report documented bronchus t-tube insertion in this patient.
term,lead gown,납가운,납가운,의사의 문서에 납가운이 언급되었다.,정답(대표),exact,,,[],stop,The doctor's document mentioned lead gown.
term,flat position,앙와위,앙와위,의사의 문서에 앙와위가 언급되었습니다.,정답(대표),exact,,,[],stop,The doctor's document mentioned flat position.
term,bubbling rale,끓는거품소리,끓는거품소리,의사의 문서에 끓는거품소리가 언급되었습니다.,정답(대표),exact,,,[],stop,The doctor's document mentioned bubbling rale.
term,acanthamoeba keratitis,가시아메바각막염,가시아메바각막염,의사의 문서에 가시아메바각막염이 언급되었습니다.,정답(대표),exact,,,[],stop,The doctor's document mentioned acanthamoeba keratitis.
term,arachnoid cyst,거미막하 낭종,거미막하 낭종,보고서는 이 환자에게 거미막하 낭종이 있음을 기록했습니다.,정답(대표),exact,,,[],stop,The report documented arachnoid cyst in this patient.
term,clubbing of nails,손톱의 곤봉화,손톱의 곤봉화,보고서는 이 환자에서 손톱의 곤봉화를 문서화했다.,정답(대표),exact,,,[],stop,The report documented clubbing of nails in this patient.
term,water bath,욕조,욕조,의사의 문서에 욕조가 언급되었다.,정답(대표),exact,,,[],stop,The doctor's document mentioned water bath.
term,molding,두개몰딩,두개몰딩,의사의 문서에 두개몰딩이 언급되었다.,정답(대표),exact,,,[],stop,The doctor's document mentioned molding.
random,root pain,신경뿌리통증,확산능,의사의 문서에서 확산능을 언급했다.,오답,-,True,확산능,[],stop,The doctor's document mentioned root pain.
random,plantar flexion,발바닥쪽 굽힘,흡입감염,의사의 문서에서 흡입감염을 언급했습니다.,오답,-,True,흡입감염,[],stop,The doctor's document mentioned plantar flexion.
random,metagonimus yokogawai,요코가와흡충,자기공명지도화,의사의 문서에 자기공명지도화가 언급되었다.,오답,-,True,자기공명지도화,[],stop,The doctor's document mentioned metagonimus yokogawai.
random,speech loss,언어 손실,판막이동수술,의사의 서류에서 판막이동수술을 언급했습니다.,오답,-,True,판막이동수술,[],stop,The doctor's document mentioned speech loss.
random,syncytial,합포체-,복막천자,의사의 문서에 복막천자가 언급되었다.,오답,-,True,복막천자,[],stop,The doctor's document mentioned syncytial.
random,small-and light-for-dates,과소 및 과소체중아,장 폴립 절제,보고서는 이 환자에서 장 폴립 절제를 문서화했습니다.,오답,-,True,장 폴립 절제,[],stop,The report documented small-and light-for-dates in this patient.
random,lobectomy of lung,폐엽 절제,폐엽절제술,보고서는 이 환자에서 폐엽절제술을 기록했습니다.,오답,-,False,메켈스 스캔,[],stop,The report documented lobectomy of lung in this patient.
random,suprameatal foveola,바깥귀길위오목,근관장측정검사,의사의 문서에서 근관장측정검사를 언급했습니다.,오답,-,True,근관장측정검사,[],stop,The doctor's document mentioned suprameatal foveola.
random,phlebography,정맥조영(술),끝수선호,보고서는 이 환자에서 끝수선호를 기록했습니다.,오답,-,True,끝수선호,[],stop,The report documented phlebography in this patient.
random,third ventricle structure,제3뇌구조,단백질소실장병(증),의사의 문서에서는 단백질소실장병(증)을 언급했습니다.,오답,-,True,단백질소실장병(증),['bad_chars'],stop,The doctor's document mentioned third ventricle structure.
random,bidiscoidal placenta,두원반태반,중심난황-,의사의 문서에 중심난황-가 언급되었습니다.,오답,-,True,중심난황-,[],stop,The doctor's document mentioned bidiscoidal placenta.
random,centrolecithal,중심난황-,창자질환성 관절염,의사의 문서에 창자질환성 관절염이 언급되었습니다.,오답,-,True,창자질환성 관절염,[],stop,The doctor's document mentioned centrolecithal.
random,auriscope,이경,V-Y 성형술,의사의 문서에 V-Y 성형술이 언급되었습니다.,오답,-,True,V-Y 성형술,['bad_chars'],stop,The doctor's document mentioned auriscope.
random,rhinoantritis,코굴염,양성 가족성 혈뇨,의사의 문서에 양성 가족성 혈뇨가 언급되었습니다.,오답,-,True,양성 가족성 혈뇨,[],stop,The doctor's document mentioned rhinoantritis.
random,lochioschesis,산후질분비물정체,사다리형덧대,의사의 문서에 사다리형덧대가 언급되었습니다.,오답,-,True,사다리형덧대,[],stop,The doctor's document mentioned lochioschesis.
random,cyematocardia,태아심음,눈미주신경반사,의사의 문서에 눈미주신경반사가 언급되었습니다.,오답,-,True,눈미주신경반사,[],stop,The doctor's document mentioned cyematocardia.
random,cardiography,심장도검사,오일레드,의사의 문서에 오일레드가 언급되었다.,오답,-,True,오일레드,[],stop,The doctor's document mentioned cardiography.
random,postprocedural hypothyroidism,처치후 갑상선기능저하증,물리적깊이민감도,보고서는 이 환자에서 물리적깊이민감도를 문서화했습니다.,오답,-,True,물리적깊이민감도,[],stop,The report documented postprocedural hypothyroidism in this patient.
random,paramyxoviridae infection,파라믹소바이러스 감염,자궁목내막과다형성,이 보고서는 이 환자에서 자궁목내막과다형성을 기록했습니다.,오답,-,True,자궁목내막과다형성,[],stop,The report documented paramyxoviridae infection in this patient.
random,hepaticostomy,간관루설치(술),순화열,의사의 문서에서 순화열이 언급되었습니다.,오답,-,True,순화열,[],stop,The doctor's document mentioned hepaticostomy.
random,window defect,창문비침,두덩관절피막-,의사의 문서에 두덩관절피막-가 언급되어 있었다.,오답,-,True,두덩관절피막-,[],stop,The doctor's document mentioned window defect.
random,vasa previa,전치 맥관,맹장 초음파,이 환자의 보고서에는 맹장 초음파가 기록되었습니다.,오답,-,True,맹장 초음파,[],stop,The report documented vasa previa in this patient.
random,working length distance,근관장측정검사,컴퓨터 단층촬영 간 동맥조영술과 컴퓨터 단층촬영 문맥조영술,의사의 문서에 컴퓨터 단층촬영 간 동맥조영술과 컴퓨터 단층촬영 문맥조영술이 언급되었습니다.,오답,-,True,컴퓨터 단층촬영 간 동맥조영술과 컴퓨터 단층촬영 문맥조영술,[],stop,The doctor's document mentioned working length distance.
random,prolinase,프롤린효소,복부 촉지성 종괴,의사의 문서에 복부 촉지성 종괴가 언급되었습니다.,오답,-,True,복부 촉지성 종괴,[],stop,The doctor's document mentioned prolinase.
random,suture thread,봉합사,뼈연골종,의사의 문서에 뼈연골종이 언급되었습니다.,오답,-,True,뼈연골종,[],stop,The doctor's document mentioned suture thread.
random,urethrocutaneous fistula,요도피부샛길,확산능,이 환자에서 확산능을 보고하였다.,오답,-,True,확산능,[],stop,The report documented urethrocutaneous fistula in this patient.
random,sign,징후,두경부동맥조영-내경동맥,의사의 문서에 두경부동맥조영-내경동맥이 언급되었습니다.,오답,-,True,두경부동맥조영-내경동맥,[],stop,The doctor's document mentioned sign.
random,a/s posterior capsulo-labroplasty,관절경 후방 피막테두리성형술,상대암점,이 환자에서 상대암점을 문서화했습니다.,오답,-,True,상대암점,[],stop,The report documented a/s posterior capsulo-labroplasty in this patient.
random,periarthritis of wrist,손목의 관절주위염,증식혈관내혈관내피종,보고서는 이 환자에서 증식혈관내혈관내피종을 기록했습니다.,오답,-,True,증식혈관내혈관내피종,[],stop,The report documented periarthritis of wrist in this patient.
random,metarubricyte,후적혈구,출산중 발열,의사의 문서에 출산중 발열이 언급되었습니다.,오답,-,True,출산중 발열,[],stop,The doctor's document mentioned metarubricyte.
random,soryo,소료(素髎),투석목표체중,의사의 문서에 투석목표체중이 언급되었다.,오답,-,True,투석목표체중,[],stop,The doctor's document mentioned soryo.
random,abrasion of flank,옆구리 찰과상,소변정체,보고서에는 이 환자의 소변정체가 기록되어 있다.,오답,-,True,소변정체,[],stop,The report documented abrasion of flank in this patient.
random,scintillating hemianopia,섬광반맹,카트헤모글로빈,의사의 문서에 카트헤모글로빈이 언급되었습니다.,오답,-,True,카트헤모글로빈,[],stop,The doctor's document mentioned scintillating hemianopia.
random,chromophilic cell,호색소세포,전립샘 낭,의사의 문서에서 전립샘 낭을 언급했습니다.,오답,-,True,전립샘 낭,[],stop,The doctor's document mentioned chromophilic cell.
random,infantile automatism,젖먹이자동증,코감기,의사의 문서에 코감기가 언급되었다.,오답,-,True,코감기,[],stop,The doctor's document mentioned infantile automatism.
random,oath of hippocrates,히포크라테스선서,음문질-,의사의 문서에서 음문질-를 언급했습니다.,오답,-,True,음문질-,[],stop,The doctor's document mentioned oath of hippocrates.
random,pubocapsular,두덩관절피막-,세정맥,의사의 문서에 세정맥이 언급되었다.,오답,-,True,세정맥,[],stop,The doctor's document mentioned pubocapsular.
random,hemopleuropneumonic syndrome,혈액가슴막폐렴증후군,이상지질단백혈증,의사의 문서에서는 이상지질단백혈증이 언급되었습니다.,오답,-,True,이상지질단백혈증,[],stop,The doctor's document mentioned hemopleuropneumonic syndrome.
random,rotational irradiation coach,회전방사선치료대,염색체외유전,의사의 문서에 염색체외유전이 언급되었습니다.,오답,-,True,염색체외유전,[],stop,The doctor's document mentioned rotational irradiation coach.
random,airborne infection,공기매개감염,내분비학,의사의 문서에 내분비학이 언급되었다.,오답,-,True,내분비학,[],stop,The doctor's document mentioned airborne infection.
random,fistula of gallbladder,담낭의 누공,방사면역전기이동(법),이 보고서는 이 환자에서 방사면역전기이동(법)을 문서화했습니다.,오답,-,True,방사면역전기이동(법),['bad_chars'],stop,The report documented fistula of gallbladder in this patient.
random,cardiac murmur,심잡음,회전양극관,이 환자에서 회전양극관을 문서화했다.,오답,-,True,회전양극관,[],stop,The report documented cardiac murmur in this patient.
random,laryngopharyngitis,후두인두염,섬광반맹,의사의 문서에 섬광반맹이 언급되었습니다.,오답,-,True,섬광반맹,[],stop,The doctor's document mentioned laryngopharyngitis.
random,gantry,갠트리,영아기,의사의 문서에 영아기가 언급되었다.,오답,-,True,영아기,[],stop,The doctor's document mentioned gantry.
random,hyperesophoria,상내사위,삼색상,의사의 문서는 삼색상을 언급했다.,오답,-,True,삼색상,[],stop,The doctor's document mentioned hyperesophoria.
random,multicystic renal dysplasia,다낭성 신장의 형성이상,식도 곁주머니염,보고서는 이 환자에게 식도 곁주머니염이 있음을 문서화했습니다.,오답,-,True,식도 곁주머니염,[],stop,The report documented multicystic renal dysplasia in this patient.
random,conn adenoma,콘 샘종,다발성 샘종성 폴립,의사의 문서에는 다발성 샘종성 폴립이 언급되어 있었다.,오답,-,True,다발성 샘종성 폴립,[],stop,The doctor's document mentioned conn adenoma.
random,tinea manuum,손백선,해열,보고서는 이 환자에서 해열을 기록했습니다.,오답,-,True,해열,[],stop,The report documented tinea manuum in this patient.
random,functional enuresis,기능성 유뇨증,카펜터 증후군,보고서는 이 환자에서 카펜터 증후군을 문서화했습니다.,오답,-,True,카펜터 증후군,[],stop,The report documented functional enuresis in this patient.
random,simple dressing,단순 처치,내시경역행이자관조영(술),보고서는 이 환자에서 내시경역행이자관조영(술)을 기록하였다.,오답,-,True,내시경역행이자관조영(술),['bad_chars'],stop,The report documented simple dressing in this patient.
random,first responder,일차반응자,알코올솜,의사의 문서에 알코올솜이 언급되었다.,오답,-,True,알코올솜,[],stop,The doctor's document mentioned first responder.
random,abdominal wall strained,배벽 긴장,산탄맥락망막병(증),의사의 문서에 산탄맥락망막병(증)이 언급되었습니다.,오답,-,True,산탄맥락망막병(증),['bad_chars'],stop,The doctor's document mentioned abdominal wall strained.
random,activity grade,활동정도,중증도 분류,의사의 서류에 중증도 분류가 언급되었습니다.,오답,-,True,중증도 분류,[],stop,The doctor's document mentioned activity grade.
random,goitrogenic,갑상샘종유발물질-,살리실아마이드,의사의 문서에 살리실아마이드가 언급되었습니다.,오답,-,True,살리실아마이드,[],stop,The doctor's document mentioned goitrogenic.
random,myelodysplastic syndromes,골수형성이상증후군,전치 맥관,보고서는 이 환자에서 전치 맥관을 문서화했습니다.,오답,-,True,전치 맥관,[],stop,The report documented myelodysplastic syndromes in this patient.
random,gorei-san,오령산,미세마찰음,의사의 문서에 미세마찰음이 언급되어 있었다.,오답,-,True,미세마찰음,[],stop,The doctor's document mentioned gorei-san.
random,gallium scan,갈리움 스캔,인두편도 생검,의사의 문서에서 인두편도 생검을 언급했습니다.,오답,-,True,인두편도 생검,[],stop,The doctor's document mentioned gallium scan.
random,blind fistula,막힌샛길,비디오후두경검사(법),의사의 문서에 비디오후두경검사(법)이 언급되었다.,오답,-,True,비디오후두경검사(법),['bad_chars'],stop,The doctor's document mentioned blind fistula.
random,radioimmunoelectrophoresis,방사면역전기이동(법),수혈혈액검사,의사의 문서에 수혈혈액검사가 언급되었습니다.,오답,-,True,수혈혈액검사,[],stop,The doctor's document mentioned radioimmunoelectrophoresis.
random,dilation of rectum,곧창자 확장,직장의 확장,보고서는 이 환자에서 직장의 확장을 기록했습니다.,오답,-,False,앞방향절제(술),[],stop,The report documented dilation of rectum in this patient.
random,exteroceptive stimulus,외수용자극,진성당뇨병,의사의 문서에는 진성당뇨병이 언급되었습니다.,오답,-,True,진성당뇨병,[],stop,The doctor's document mentioned exteroceptive stimulus.
random,atlas-axis spinal fusion,고리뼈-중쇠뼈 척추 유합,가시끝-,보고서는 이 환자에서 가시끝- 척추 융합을 기록했습니다.,오답,-,True,가시끝-,[],stop,The report documented atlas-axis spinal fusion in this patient.
random,qrs widened,큐알에스(QRS) 넓힘,자궁목 절단,의사의 문서에 자궁목 절단이 언급되었습니다.,오답,-,True,자궁목 절단,[],stop,The doctor's document mentioned qrs widened.
random,esterapenia,에스테라아제감소,촉진하기,의사의 문서는 촉진하기를 언급했다.,오답,-,True,촉진하기,[],stop,The doctor's document mentioned esterapenia.
random,major calyx,큰콩팥잔,지중해진드기열,의사의 문서에는 지중해진드기열이 언급되어 있었습니다.,오답,-,True,지중해진드기열,[],stop,The doctor's document mentioned major calyx.
random,hodgkin disease,호지킨병,외과적시기결정,의사의 문서에서 외과적시기결정이 언급되었습니다.,오답,-,True,외과적시기결정,[],stop,The doctor's document mentioned hodgkin disease.
random,flushing,홍조,비스듬절단,보고서는 이 환자의 비스듬절단을 문서화했습니다.,오답,-,True,비스듬절단,[],stop,The report documented flushing in this patient.
random,school childhood,학령기,뇌피부동,의사의 문서는 뇌피부동을 언급했습니다.,오답,-,True,뇌피부동,[],stop,The doctor's document mentioned school childhood.
random,abdominal palpable mass,복부 촉지성 종괴,임시 지대주,의사의 문서에 임시 지대주가 언급되었습니다.,오답,-,True,임시 지대주,[],stop,The doctor's document mentioned abdominal palpable mass.
random,di guglielmo's disease,디구글리엘모병,궤양성 치은염(잇몸염)(만성),보고서는 이 환자에게 궤양성 치은염(잇몸염)(만성)이 있음을 문서화했습니다.,오답,-,True,궤양성 치은염(잇몸염)(만성),['bad_chars'],stop,The report documented di guglielmo's disease in this patient.
random,jisil,지실(志室),간헐폭발병,의사의 문서에 간헐폭발병이 언급되었다.,오답,-,True,간헐폭발병,[],stop,The doctor's document mentioned jisil.
random,ascending arm venography,상지-상행적상지정맥,전백혈병(증후군),이 환자에게 전백혈병(증후군)이 시행되었습니다.,오답,-,True,전백혈병(증후군),['bad_chars'],stop,ascending arm venography was performed on this patient.
random,pa x-ray,치근단 방사선촬영,다발 집단 뼈발생이상,의사의 문서에 다발 집단 뼈발생이상이 언급되었습니다.,오답,-,True,다발 집단 뼈발생이상,[],stop,The doctor's document mentioned pa x-ray.
random,developmental retardation child,발달 부진아,샘창자옆주름,의사의 문서에 샘창자옆주름이 언급되었습니다.,오답,-,True,샘창자옆주름,[],stop,The doctor's document mentioned developmental retardation child.
random,digit preference,끝수선호,골신장술,의사의 문서에 골신장술이 언급되었습니다.,오답,-,True,골신장술,[],stop,The doctor's document mentioned digit preference.
random,interferential action,간섭작용,멕켈 게실절제술,의사의 문서에서 멕켈 게실절제술이 언급되었습니다.,오답,-,True,멕켈 게실절제술,[],stop,The doctor's document mentioned interferential action.
random,vulvovaginal,음문질-,부교감신경계통,의사의 문서에서 부교감신경계통을 언급했습니다.,오답,-,True,부교감신경계통,[],stop,The doctor's document mentioned vulvovaginal.
random,induced malaria,접종말라리아,고리뼈-중쇠뼈 척추 유합,의사의 문서에서 고리뼈-중쇠뼈 척추 유합이 언급되었습니다.,오답,-,True,고리뼈-중쇠뼈 척추 유합,[],stop,The doctor's document mentioned induced malaria.
random,interfascicular graft,다발사이이식,독성심장병(증),의사의 문서에 독성심장병(증)이 언급되었습니다.,오답,-,True,독성심장병(증),['bad_chars'],stop,The doctor's document mentioned interfascicular graft.
random,oxyhydrocephalus,뾰족물머리증,클라스프 수리,의사의 문서에 클라스프 수리가 언급되었습니다.,오답,-,True,클라스프 수리,[],stop,The doctor's document mentioned oxyhydrocephalus.
random,guinea pig,기니피그,고지혈증,의사의 문서에서 고지혈증을 언급했습니다.,오답,-,True,고지혈증,[],stop,The doctor's document mentioned guinea pig.
random,patent medicine,특허약,유구조충,의사의 문서에서 유구조충을 언급했다.,오답,-,True,유구조충,[],stop,The doctor's document mentioned patent medicine.
random,congruous field defect,일치시야결손,쓰레기처리 능력 사정하기,의사의 문서에서는 쓰레기처리 능력 사정하기를 언급했습니다.,오답,-,True,쓰레기처리 능력 사정하기,[],stop,The doctor's document mentioned congruous field defect.
random,peritoneocentesis,복막천자,중간형 지중해빈혈,의사의 문서에 중간형 지중해빈혈이 언급되었습니다.,오답,-,True,중간형 지중해빈혈,[],stop,The doctor's document mentioned peritoneocentesis.
random,self-care deficit,자가간호결핍,과도흥분,의사의 문서에 과도흥분이 언급되었다.,오답,-,True,과도흥분,[],stop,The doctor's document mentioned self-care deficit.
random,autonomic bladder,자율방광,매복병제거 사정,의사의 문서에 매복병제거 사정이 언급되었습니다.,오답,-,False,매복변제거 사정,[],stop,The doctor's document mentioned autonomic bladder.
random,dry arthritis,건성관절염,유방 입체정위 생검술,의사의 문서에 유방 입체정위 생검술이 언급되었습니다.,오답,-,True,유방 입체정위 생검술,[],stop,The doctor's document mentioned dry arthritis.
random,pharynx,인두,처치후 갑상선기능저하증,의사의 문서에서 처치후 갑상선기능저하증을 언급했습니다.,오답,-,True,처치후 갑상선기능저하증,[],stop,The doctor's document mentioned pharynx.
random,volume elasticity coefficient,용적탄력률,터프팅장증,의사의 문서에서 터프팅장증을 언급했습니다.,오답,-,True,터프팅장증,[],stop,The doctor's document mentioned volume elasticity coefficient.
random,inverse-ratio ventilation,역비환기,후두기관협착(증),의사의 문서에 후두기관협착(증)이 언급되었습니다.,오답,-,True,후두기관협착(증),['bad_chars'],stop,The doctor's document mentioned inverse-ratio ventilation.
random,cystitomy,수정체낭절개(술),꾀병,의사의 문서에 꾀병이 언급되었다.,오답,-,True,꾀병,[],stop,The doctor's document mentioned cystitomy.
random,salicylamide,살리실아마이드,내시경 이용 심근경유 혈관 재형성,의사의 문서에는 내시경 이용 심근경유 혈관 재형성이 언급되어 있었다.,오답,-,True,내시경 이용 심근경유 혈관 재형성,[],stop,The doctor's document mentioned salicylamide.
random,hemoglobin c,헤모글로빈C,근위축,의사의 문서에서 근위축이 언급되었습니다.,오답,-,True,근위축,[],stop,The doctor's document mentioned hemoglobin c.
random,z-plasty,Z성형(술),가성신경종,보고서는 이 환자에서 가성신경종을 문서화했습니다.,오답,-,True,가성신경종,[],stop,The report documented z-plasty in this patient.
random,rash purpuric,자색반 발진,쓰레기처리 능력 사정하기,의사의 문서에 쓰레기처리 능력 사정하기가 언급되었습니다.,오답,-,True,쓰레기처리 능력 사정하기,[],stop,The doctor's document mentioned rash purpuric.
random,mamillitis,유두염,녹색시,의사의 문서에서 녹색시가 언급되었습니다.,오답,-,True,녹색시,[],stop,The doctor's document mentioned mamillitis.
random,bird-shot chorioretinopathy,산탄맥락망막병(증),비개방정복(술),의사의 문서에 비개방정복(술)이 언급되었습니다.,오답,-,True,비개방정복(술),['bad_chars'],stop,The doctor's document mentioned bird-shot chorioretinopathy.
random,diabetic coma,당뇨 혼수,이식,의사의 문서에서 이식을 언급했습니다.,오답,-,True,이식,[],stop,The doctor's document mentioned diabetic coma.
random,condensed chromatin,농축염색질,방추세포층,의사의 문서에 방추세포층이 언급되었다.,오답,-,True,방추세포층,[],stop,The doctor's document mentioned condensed chromatin.
random,genu valgum,외반슬,염색체외유전,이 보고서는 이 환자에게 염색체외유전이 있음을 문서화했습니다.,오답,-,True,염색체외유전,[],stop,The report documented genu valgum in this patient.
random,revision septoplasty,교정 사이막성형술,다발성 골수종,이 환자에서 다발성 골수종을 문서화했다.,오답,-,True,다발성 골수종,[],stop,The report documented revision septoplasty in this patient.
random,naevus portwine,포도주색 모반,이소말타아제,보고서는 이 환자에서 이소말타아제를 기록했습니다.,오답,-,True,이소말타아제,[],stop,The report documented naevus portwine in this patient.
random,glissade,글리사드,감소인공물,의사의 문서에 감소인공물이 언급되었다.,오답,-,True,감소인공물,[],stop,The doctor's document mentioned glissade.
random,psoas shadow,허리근음영,용적탄력률,의사의 문서는 용적탄력률을 언급했습니다.,오답,-,True,용적탄력률,[],stop,The doctor's document mentioned psoas shadow.
random,splenectomy,비장절제,집형성동맥,보고서는 이 환자에서 집형성동맥을 기록했다.,오답,-,True,집형성동맥,[],stop,The report documented splenectomy in this patient.
random,antimicrobial eye drop,항균안약,반직접유도,의사의 문서에 반직접유도가 언급되었습니다.,오답,-,True,반직접유도,[],stop,The doctor's document mentioned antimicrobial eye drop.
random,salpingography and plasty,난관조영촬영 및 개통술,에스테라아제감소,이 환자에게 에스테라아제감소가 시행되었습니다.,오답,-,True,에스테라아제감소,[],stop,salpingography and plasty was performed on this patient.
random,clostridium histolyticum,클로스트리듐히스톨리티쿰,불완전프로파지,의사의 문서에 불완전프로파지가 언급되었습니다.,오답,-,True,불완전프로파지,[],stop,The doctor's document mentioned clostridium histolyticum.
random,anecdotal,증례서술적,붓털세동맥,의사의 문서에 붓털세동맥이 언급되었습니다.,오답,-,True,붓털세동맥,[],stop,The doctor's document mentioned anecdotal.
random,tumor-specific antigen,종양특이항원,세정맥,의사의 문서에서는 세정맥을 언급했습니다.,오답,-,True,세정맥,[],stop,The doctor's document mentioned tumor-specific antigen.
random,schistocephalus,머리갈림태아,처치후 성문하협착,의사의 문서에 처치후 성문하협착이 언급되었다.,오답,-,True,처치후 성문하협착,[],stop,The doctor's document mentioned schistocephalus.
random,resecting fracture,깍임골절,후적혈구,의사의 문서에서 후적혈구를 언급했습니다.,오답,-,True,후적혈구,[],stop,The doctor's document mentioned resecting fracture.
random,epidermophyton,표피사상균(속),컴퓨터 단층촬영 간 동맥조영술과 컴퓨터 단층촬영 문맥조영술,의사의 문서에는 컴퓨터 단층촬영 간 동맥조영술과 컴퓨터 단층촬영 문맥조영술이 언급되어 있었습니다.,오답,-,True,컴퓨터 단층촬영 간 동맥조영술과 컴퓨터 단층촬영 문맥조영술,[],stop,The doctor's document mentioned epidermophyton.
random,microlymphatic graft,미세림프절이식,전두,의사의 문서에서 전두를 언급했습니다.,오답,-,True,전두,[],stop,The doctor's document mentioned microlymphatic graft.
random,cardiac pet-ct,심장 양전자방출단층촬영술,파라핀종,보고서는 이 환자에서 파라핀종을 문서화했습니다.,오답,-,True,파라핀종,[],stop,The report documented cardiac pet-ct in this patient.
random,multidrug resistance,다약제내성,바위뒤통수틈새,의사의 문서에서 바위뒤통수틈새를 언급했습니다.,오답,-,True,바위뒤통수틈새,[],stop,The doctor's document mentioned multidrug resistance.
random,puerility,소아기,이식후림프세포증식병,의사의 문서는 이식후림프세포증식병을 언급했다.,오답,-,True,이식후림프세포증식병,[],stop,The doctor's document mentioned puerility.
random,enteropathic arthritis,창자질환성 관절염,혈소판,의사의 문서에 혈소판이 언급되었습니다.,오답,-,True,혈소판,[],stop,The doctor's document mentioned enteropathic arthritis.
random,lobomycosis,로보진균증,기운목,보고서는 이 환자에게 기운목을 기록했다.,오답,-,True,기운목,[],stop,The report documented lobomycosis in this patient.
random,lamblial dysentery,람블편모충이질,얼굴신경핵,의사의 문서에 얼굴신경핵이 언급되었습니다.,오답,-,True,얼굴신경핵,[],stop,The doctor's document mentioned lamblial dysentery.
random,ladder splint,사다리형덧대,발허리간관절조직,의사의 서류에 발허리간관절조직이 언급되었습니다.,오답,-,True,발허리간관절조직,[],stop,The doctor's document mentioned ladder splint.
random,radiostrontium,방사성스트론튬,회음결핍,의사의 문서에는 회음결핍이 언급되어 있었다.,오답,-,True,회음결핍,[],stop,The doctor's document mentioned radiostrontium.
random,deuterium,중수소,기능창자막힘증,의사의 문서에서 기능창자막힘증을 언급했습니다.,오답,-,True,기능창자막힘증,[],stop,The doctor's document mentioned deuterium.
random,deforming dorsopathies,변형성 등병증,신경절절제(술),보고서는 이 환자에서 신경절절제(술)를 문서화했습니다.,오답,-,True,신경절절제(술),['bad_chars'],stop,The report documented deforming dorsopathies in this patient.
random,nonoperculated egg,무난개충란,두원반태반,의사의 문서에 두원반태반이 언급되었습니다.,오답,-,True,두원반태반,[],stop,The doctor's document mentioned nonoperculated egg.
random,holy fire,에르고트중독증,회선사상충결절,의사의 문서에 회선사상충결절이 언급되었습니다.,오답,-,True,회선사상충결절,[],stop,The doctor's document mentioned holy fire.
random,sclerosing retroperitonitis,경화뒤배막염,경화성 후복막염,의사의 문서에 경화성 후복막염이 언급되었습니다.,오답,-,False,폐 육종,[],stop,The doctor's document mentioned sclerosing retroperitonitis.
random,bilaminar vitelline placenta,두겹난황태반,일차반응자,의사의 문서에 일차반응자가 언급되었습니다.,오답,-,True,일차반응자,[],stop,The doctor's document mentioned bilaminar vitelline placenta.
random,dyskeratosis congenita,선천 이상각화증,제4심(장)음,이 보고서는 이 환자에게서 제4심(장)음을 문서화했습니다.,오답,-,True,제4심(장)음,['bad_chars'],stop,The report documented dyskeratosis congenita in this patient.
random,flax-dresser disease,아마포착용자병,전체 지방영양장애,보고서는 이 환자에서 전체 지방영양장애를 문서화했습니다.,오답,-,True,전체 지방영양장애,[],stop,The report documented flax-dresser disease in this patient.
random,bryant's traction,브리언트 당김,뇌피부동,보고서는 이 환자에서 뇌피부동을 기록했습니다.,오답,-,True,뇌피부동,[],stop,The report documented bryant's traction in this patient.
random,endemic disease,풍토병,항균안약,의사의 문서는 항균안약을 언급했습니다.,오답,-,True,항균안약,[],stop,The doctor's document mentioned endemic disease.
random,annular nucleus,고리핵,언어 손실,의사의 문서에 언어 손실이 언급되었습니다.,오답,-,True,언어 손실,[],stop,The doctor's document mentioned annular nucleus.
random,pseudoptosis,거짓눈꺼풀처짐,컴퓨터 단층촬영 간 동맥조영술과 컴퓨터 단층촬영 문맥조영술,보고서는 이 환자에서 컴퓨터 단층촬영 간 동맥조영술과 컴퓨터 단층촬영 문맥조영술을 기록했다.,오답,-,True,컴퓨터 단층촬영 간 동맥조영술과 컴퓨터 단층촬영 문맥조영술,[],stop,The report documented pseudoptosis in this patient.
random,throat pruritus,목구멍 가려움증,처방묶음,의사의 문서에 처방묶음이 언급되었습니다.,오답,-,True,처방묶음,[],stop,The doctor's document mentioned throat pruritus.
random,endoenteritis,창자점막염,구안지 증후군,의사의 문서에서는 구안지 증후군이 언급되었습니다.,오답,-,True,구안지 증후군,[],stop,The doctor's document mentioned endoenteritis.
random,deep mycosis,심재성 진균증,온코사이막,보고서는 이 환자에서 온코사이막을 기록했습니다.,오답,-,True,온코사이막,[],stop,The report documented deep mycosis in this patient.
random,hydrometra,물자궁증,저분절증,이 환자에서 저분절증이 보고되었습니다.,오답,-,True,저분절증,[],stop,The report documented hydrometra in this patient.
random,osteochondroma,뼈연골종,췌질,의사의 문서에 췌질이 언급되었다.,오답,-,True,췌질,[],stop,The doctor's document mentioned osteochondroma.
random,stratified randomization,층별무작위배정(법),창자 확장,의사의 문서에서 창자 확장을 언급했습니다.,오답,-,True,창자 확장,[],stop,The doctor's document mentioned stratified randomization.
random,corticobasal degeneration,겉질기저 변성,윤활낭(의) 석회화,의사의 문서에서 윤활낭(의) 석회화가 언급되었습니다.,오답,-,True,윤활낭(의) 석회화,['bad_chars'],stop,The doctor's document mentioned corticobasal degeneration.
random,heart rate variability,심박변이도,멜라닌가시세포종,의사의 문서에서 멜라닌가시세포종을 언급했습니다.,오답,-,True,멜라닌가시세포종,[],stop,The doctor's document mentioned heart rate variability.
random,intromission,삽입,창상봉합술,의사의 문서에는 창상봉합술이 언급되었습니다.,오답,-,True,창상봉합술,[],stop,The doctor's document mentioned intromission.
random,drug-induced,약물유발-,열대성 편평태선,의사의 문서에서는 열대성 편평태선을 언급했습니다.,오답,-,True,열대성 편평태선,[],stop,The doctor's document mentioned drug-induced.
random,ossidesmosis,힘줄뼈되기,풋효소,의사의 문서는 풋효소를 언급했습니다.,오답,-,True,풋효소,[],stop,The doctor's document mentioned ossidesmosis.
random,binaural,양귀-,끓는거품소리,의사의 문서가 끓는거품소리를 언급했다.,오답,-,True,끓는거품소리,[],stop,The doctor's document mentioned binaural.
random,extrachromosomal inheritance,염색체외유전,불개미,의사의 문서에 불개미가 언급되었다.,오답,-,True,불개미,[],stop,The doctor's document mentioned extrachromosomal inheritance.
random,onychopathy,손발톱병(증),뿌리끝육아종,의사의 문서에 뿌리끝육아종이 언급되었습니다.,오답,-,True,뿌리끝육아종,[],stop,The doctor's document mentioned onychopathy.
random,ionometer,이온화선량계,선천손발톱비대증,의사의 문서에 선천손발톱비대증이 언급되었습니다.,오답,-,True,선천손발톱비대증,[],stop,The doctor's document mentioned ionometer.
random,double-barreled aorta,이중관대동맥,언어의 실행증,의사의 문서에 언어의 실행증이 언급되었습니다.,오답,-,True,언어의 실행증,[],stop,The doctor's document mentioned double-barreled aorta.
random,lipomelanotic reticulosis,지방흑색증성 세망증,잔상,보고서는 이 환자에서 잔상을 문서화했습니다.,오답,-,True,잔상,[],stop,The report documented lipomelanotic reticulosis in this patient.
random,muscle twitch,근육 경련,부교감신경계통,의사의 문서에 부교감신경계통이 언급되었습니다.,오답,-,True,부교감신경계통,[],stop,The doctor's document mentioned muscle twitch.
random,psychosocial development,정신사회발달,유두밑동맥그물,의사의 문서에서 유두밑동맥그물이 언급되었습니다.,오답,-,True,유두밑동맥그물,[],stop,The doctor's document mentioned psychosocial development.
random,ulcerlike nud,궤양성 비궤양성 소화불량,급속 분만,보고서는 이 환자에서 급속 분만을 기록했습니다.,오답,-,True,급속 분만,[],stop,The report documented ulcerlike nud in this patient.
random,nodular fasciitis,결절 근막염,손목의 관절주위염,보고서는 이 환자에서 손목의 관절주위염을 기록했습니다.,오답,-,True,손목의 관절주위염,[],stop,The report documented nodular fasciitis in this patient.
random,homogeneous,균일,정신사회발달,의사의 문서는 정신사회발달을 언급했다.,오답,-,True,정신사회발달,[],stop,The doctor's document mentioned homogeneous.
random,altered uterine contractions,자궁수축 변화,프롤린효소,의사의 문서에 프롤린효소가 언급되었습니다.,오답,-,True,프롤린효소,[],stop,The doctor's document mentioned altered uterine contractions.
random,pyrexia during labour,출산중 발열,눈물점겉말림,보고서는 이 환자에서 눈물점겉말림을 문서화했다.,오답,-,True,눈물점겉말림,[],stop,The report documented pyrexia during labour in this patient.
random,a/s capsulectomy,관절경적 피막절제술,앙와위,보고서에는 이 환자에서 앙와위를 기록했다.,오답,-,True,앙와위,[],stop,The report documented a/s capsulectomy in this patient.
random,superexcitation,과도흥분,침샘관성형(술),의사의 문서에 침샘관성형(술)이 언급되었다.,오답,-,True,침샘관성형(술),['bad_chars'],stop,The doctor's document mentioned superexcitation.
random,bony excrescence,뼈이상돌출,내피부착분자,의사의 문서에 내피부착분자가 언급되어 있었다.,오답,-,True,내피부착분자,[],stop,The doctor's document mentioned bony excrescence.
random,coupling color,커플링염료,혈관유리질증,의사의 문서에 혈관유리질증이 언급되었다.,오답,-,True,혈관유리질증,[],stop,The doctor's document mentioned coupling color.
random,phlebitis and thrombophlebitis,정맥염 및 혈전정맥염,당뇨 혼수,보고서는 이 환자에서 당뇨 혼수를 기록했습니다.,오답,-,True,당뇨 혼수,[],stop,The report documented phlebitis and thrombophlebitis in this patient.
random,breath holding spell,숨참기발작,초음파,이 환자의 보고서에는 초음파가 문서화되어 있다.,오답,-,True,초음파,[],stop,The report documented breath holding spell in this patient.
random,extroverted personality,외향인격,결합저지,의사의 문서에서 결합저지를 언급했습니다.,오답,-,True,결합저지,[],stop,The doctor's document mentioned extroverted personality.
random,enterotoxin,창자독소,신경축,의사의 문서에 신경축이 언급되었다.,오답,-,True,신경축,[],stop,The doctor's document mentioned enterotoxin.
random,linear craniectomy,선상 머리뼈 절제,손상된 식습관 행위,보고서는 이 환자에서 손상된 식습관 행위를 기록했습니다.,오답,-,True,손상된 식습관 행위,[],stop,The report documented linear craniectomy in this patient.
random,diving reflex,잠수반사,큰콩팥잔,의사의 문서에서는 큰콩팥잔이 언급되었다.,오답,-,True,큰콩팥잔,[],stop,The doctor's document mentioned diving reflex.
random,thymus,가슴샘,곁신경절,의사의 문서에 곁신경절이 언급되었다.,오답,-,True,곁신경절,[],stop,The doctor's document mentioned thymus.
random,pseudoepicanthus,거짓눈구석주름,Z성형(술),의사의 문서는 Z성형(술)을 언급했다.,오답,-,True,Z성형(술),['bad_chars'],stop,The doctor's document mentioned pseudoepicanthus.
random,in utero,자궁내,홍조,의사의 문서에 홍조가 언급되었다.,오답,-,True,홍조,[],stop,The doctor's document mentioned in utero.
random,epidermolysis bullosa dystrophica,디스트로피성 수포성 표피박리증,자기성애,이 보고서는 이 환자에서 자기성애를 문서화했습니다.,오답,-,True,자기성애,[],stop,The report documented epidermolysis bullosa dystrophica in this patient.
random,functional ileus,기능창자막힘증,창자점막염,의사의 문서에 창자점막염이 언급되었습니다.,오답,-,True,창자점막염,[],stop,The doctor's document mentioned functional ileus.
random,colonic serosa,잘록창자장막층,분만후 무피브리노젠혈증,의사의 문서에 분만후 무피브리노젠혈증이 언급되었습니다.,오답,-,True,분만후 무피브리노젠혈증,[],stop,The doctor's document mentioned colonic serosa.
random,sideroblastic anaemia,철적혈모구빈혈,타인중심-,보고서는 이 환자에게서 타인중심-을 기록했다.,오답,-,True,타인중심-,[],stop,The report documented sideroblastic anaemia in this patient.
random,prandial,식사-,전형적 복부성형술,의사의 문서에는 전형적 복부성형술이 언급되었습니다.,오답,-,True,전형적 복부성형술,[],stop,The doctor's document mentioned prandial.
random,infanthood,영아기,잠수반사,의사의 문서에서는 잠수반사가 언급되었습니다.,오답,-,True,잠수반사,[],stop,The doctor's document mentioned infanthood.
random,rothmund thomson syndrome,로트문드 톰슨 증후군,자가간호결핍,이 보고서는 이 환자에게서 자가간호결핍을 문서화했습니다.,오답,-,True,자가간호결핍,[],stop,The report documented rothmund thomson syndrome in this patient.
random,high quality-hcv ab,정밀면역검사-C형간염항체,구개 니코틴성 백색각화증,이 환자에게 구개 니코틴성 백색각화증이 시행되었습니다.,오답,-,True,구개 니코틴성 백색각화증,[],stop,high quality-hcv ab was performed on this patient.
random,echo pulse,초음파,잠재배가시간,의사의 문서에 잠재배가시간이 언급되었다.,오답,-,True,잠재배가시간,[],stop,The doctor's document mentioned echo pulse.
random,intramuscular nerve stimulation,근육내신경자극치료,근육내 신경 자극,의사의 문서에서 근육내 신경 자극이 언급되었습니다.,오답,-,False,외과적시기결정,[],stop,The doctor's document mentioned intramuscular nerve stimulation.
random,anisometropic amblyopia,굴절부등약시,모유수유지지 사정,이 보고서는 이 환자에서 모유수유지지 사정을 문서화했습니다.,오답,-,True,모유수유지지 사정,[],stop,The report documented anisometropic amblyopia in this patient.
random,traumatic sah,외상성 지주막하출혈,방사성핵종심(장)혈관조영(술),보고서는 이 환자에서 방사성핵종심(장)혈관조영(술)을 기록했습니다.,오답,-,True,방사성핵종심(장)혈관조영(술),['bad_chars'],stop,The report documented traumatic sah in this patient.
random,kakidrosis,땀악취증,음압,보고서는 이 환자에게서 음압을 문서화했습니다.,오답,-,True,음압,[],stop,The report documented kakidrosis in this patient.
random,plate,평판,투석충분도,의사의 문서에 투석충분도가 언급되었습니다.,오답,-,True,투석충분도,[],stop,The doctor's document mentioned plate.
random,paraspasm,대칭성연축,영적의식 지지하기,의사의 문서에 영적의식 지지하기가 언급되었다.,오답,-,True,영적의식 지지하기,[],stop,The doctor's document mentioned paraspasm.
random,mescaline,메스칼린,"콩팥요관방광촬영, 왼쪽측방향","의사의 문서에 콩팥요관방광촬영, 왼쪽측방향이 언급되었습니다.",오답,-,True,"콩팥요관방광촬영, 왼쪽측방향",[],stop,The doctor's document mentioned mescaline.
random,gangliectomy,신경절절제(술),일반미생물 검사,의사의 문서에 일반미생물 검사가 언급되었습니다.,오답,-,True,일반미생물 검사,[],stop,The doctor's document mentioned gangliectomy.
random,carpometacarpal joint structure,손목손허리관절,간질,의사의 문서에 간질이 언급되었습니다.,오답,-,True,간질,[],stop,The doctor's document mentioned carpometacarpal joint structure.
random,cystica ureteritis,낭성 요관염,질방광탈출(증),보고서는 이 환자에게 질방광탈출(증)이 있음을 기록했습니다.,오답,-,True,질방광탈출(증),['bad_chars'],stop,The report documented cystica ureteritis in this patient.
random,chemohormonal,화학호르몬-,신경속막종말,의사의 문서는 신경속막종말을 언급했습니다.,오답,-,True,신경속막종말,[],stop,The doctor's document mentioned chemohormonal.
random,ancylostoma ceylanicum,실론구충,동공차단,의사의 문서에 동공차단이 언급되었다.,오답,-,True,동공차단,[],stop,The doctor's document mentioned ancylostoma ceylanicum.
random,milieu therapy,환경 치료요법,이동성 홍반,의사의 문서에 이동성 홍반이 언급되었습니다.,오답,-,True,이동성 홍반,[],stop,The doctor's document mentioned milieu therapy.
random,evacuation of empyema,축농 제거,성끈기질종양,보고서는 이 환자에서 성끈기질종양을 문서화했습니다.,오답,-,True,성끈기질종양,[],stop,The report documented evacuation of empyema in this patient.
random,triketohydrindene hydrate test,닌히드린검사,절치,의사의 문서에 절치가 언급되었다.,오답,-,True,절치,[],stop,The doctor's document mentioned triketohydrindene hydrate test.
random,conglutinogen activating factor,교착원활성인자,외상후 다발관절증,의사의 문서에는 외상후 다발관절증이 언급되어 있었다.,오답,-,True,외상후 다발관절증,[],stop,The doctor's document mentioned conglutinogen activating factor.
random,dislocation of wrist,손목의 탈구,선상 머리뼈 절제,보고서는 이 환자의 선상 머리뼈 절제를 기록했습니다.,오답,-,True,선상 머리뼈 절제,[],stop,The report documented dislocation of wrist in this patient.
random,triple test,삼중검사,대변 속 혈액,의사의 문서에 대변 속 혈액이 언급되었습니다.,오답,-,True,대변 속 혈액,[],stop,The doctor's document mentioned triple test.
random,cogan's disease,코오간병,근육의 결여,보고서는 이 환자에게서 근육의 결여를 문서화했습니다.,오답,-,True,근육의 결여,[],stop,The report documented cogan's disease in this patient.
random,double bladder,중복방광,척추,의사의 문서에 척추가 언급되었다.,오답,-,True,척추,[],stop,The doctor's document mentioned double bladder.
random,derangement of patella,무릎뼈의 장애,소료(素髎),보고서는 이 환자에서 소료(素髎)를 기록했다.,오답,-,True,소료(素髎),['bad_chars'],stop,The report documented derangement of patella in this patient.
random,debanding,밴드제거,발달 부진아,의사의 문서에 발달 부진아가 언급되었습니다.,오답,-,True,발달 부진아,[],stop,The doctor's document mentioned debanding.
random,interarytenoid notch,모뿔사이패임,삼색상,의사의 문서에 삼색상이 언급되었다.,오답,-,True,삼색상,[],stop,The doctor's document mentioned interarytenoid notch.
random,lymphopoiesis,림프구형성,상파울로열,의사의 문서에 상파울로열이 언급되었다.,오답,-,True,상파울로열,[],stop,The doctor's document mentioned lymphopoiesis.
random,masticatory dysfunction,씹기 기능장애,코기둥연장(술),의사의 문서에서 코기둥연장(술)을 언급했습니다.,오답,-,True,코기둥연장(술),['bad_chars'],stop,The doctor's document mentioned masticatory dysfunction.
random,suturing of wound,창상봉합술,이식,보고서는 이 환자에서 이식을 문서화했습니다.,오답,-,True,이식,[],stop,The report documented suturing of wound in this patient.
random,retaining harness,장치유지,가시아메바각막염,의사의 문서에서 가시아메바각막염을 언급했습니다.,오답,-,True,가시아메바각막염,[],stop,The doctor's document mentioned retaining harness.
random,omsk haemorrhagic fever,옴스크출혈열,넙다리뼈,보고서는 이 환자에게서 넙다리뼈를 기록했습니다.,오답,-,True,넙다리뼈,[],stop,The report documented omsk haemorrhagic fever in this patient.
random,dural avf,경막의 동정맥루,녹색시,보고서는 이 환자에서 녹색시를 기록했습니다.,오답,-,True,녹색시,[],stop,The report documented dural avf in this patient.
random,hepatogram,간실질상,자궁내막버팀질육종,의사의 문서에서 자궁내막버팀질육종을 언급했습니다.,오답,-,True,자궁내막버팀질육종,[],stop,The doctor's document mentioned hepatogram.
random,sacrococcygeal,엉치꼬리-,흉통,의사의 문서에 흉통이 언급되었습니다.,오답,-,True,흉통,[],stop,The doctor's document mentioned sacrococcygeal.
random,cercosporomycosis,세르코스포라진균증,포도구균 예방접종,의사의 문서에 포도구균 예방접종이 언급되었습니다.,오답,-,True,포도구균 예방접종,[],stop,The doctor's document mentioned cercosporomycosis.
random,lipoid dermatoarthritis,리포이드피부관절염,내측비융기,보고서는 이 환자에서 내측비융기를 기록했습니다.,오답,-,True,내측비융기,[],stop,The report documented lipoid dermatoarthritis in this patient.
random,instep island flap,안쪽발바닥섬피판,투명부위,의사의 문서에 투명부위가 언급되었다.,오답,-,True,투명부위,[],stop,The doctor's document mentioned instep island flap.
random,assessing waste service,쓰레기처리 능력 사정하기,모방태도,의사의 문서에서는 모방태도를 언급했습니다.,오답,-,True,모방태도,[],stop,The doctor's document mentioned assessing waste service.
random,affectivity,정동성,비기허,의사의 문서가 비기허를 언급했다.,오답,-,True,비기허,[],stop,The doctor's document mentioned affectivity.
random,dry weight,투석목표체중,생식기능출현기,의사의 문서에 생식기능출현기가 언급되었다.,오답,-,True,생식기능출현기,[],stop,The doctor's document mentioned dry weight.
random,spinal injuries,척수 손상,잔상,의사의 문서에서는 잔상을 언급했습니다.,오답,-,True,잔상,[],stop,The doctor's document mentioned spinal injuries.
random,crossbite (anterior)(posterior),맞물림이상(앞쪽)(뒤쪽),수,보고서는 이 환자에서 수를 문서화했습니다.,오답,-,True,수,[],stop,The report documented crossbite (anterior)(posterior) in this patient.
random,neuraxis,신경축,분만후 무피브리노젠혈증,의사의 문서에 분만후 무피브리노젠혈증이 언급되었습니다.,오답,-,True,분만후 무피브리노젠혈증,[],stop,The doctor's document mentioned neuraxis.
random,spleen qi deficiency,비기허,안저사진,보고서는 이 환자에게 안저사진이 있음을 문서화했습니다.,오답,-,True,안저사진,[],stop,The report documented spleen qi deficiency in this patient.
random,manage immobilizer care,부동간호 관리,어깨세모근피판,의사의 문서에 어깨세모근피판이 언급되었습니다.,오답,-,True,어깨세모근피판,[],stop,The doctor's document mentioned manage immobilizer care.
random,cervix dilatation,자궁경부개대,발치와골염 재소파술,의사의 문서에 발치와골염 재소파술이 언급되었습니다.,오답,-,True,발치와골염 재소파술,[],stop,The doctor's document mentioned cervix dilatation.
random,poor sucking reflex,빨기 반사 어려움,방사성핵종심(장)혈관조영(술),의사의 문서에 방사성핵종심(장)혈관조영(술)이 언급되었습니다.,오답,-,True,방사성핵종심(장)혈관조영(술),['bad_chars'],stop,The doctor's document mentioned poor sucking reflex.
random,high-tension pulse,고긴장맥박,발바닥쪽 굽힘,의사의 문서에 발바닥쪽 굽힘이 언급되었다.,오답,-,True,발바닥쪽 굽힘,[],stop,The doctor's document mentioned high-tension pulse.
random,sp crown setting,스테인레스금관 합착,다발신경통,의사의 문서에 다발신경통이 언급되었습니다.,오답,-,True,다발신경통,[],stop,The doctor's document mentioned sp crown setting.
random,epiduroscopic neuroplasty,내시경적 경막외강 신경성형술,아편고약,이 환자에서 아편고약을 기록하였다.,오답,-,True,아편고약,[],stop,The report documented epiduroscopic neuroplasty in this patient.
random,bilharzial dysentery,방광주혈흡충이질,상파울로열,의사의 문서에는 상파울로열이 언급되어 있었다.,오답,-,True,상파울로열,[],stop,The doctor's document mentioned bilharzial dysentery.
random,iodinated,요오드표지-,젖먹이자동증,의사의 문서가 젖먹이자동증을 언급했다.,오답,-,True,젖먹이자동증,[],stop,The doctor's document mentioned iodinated.
random,bilateral palatine tonsils,양측 목구멍 편도,뇌피부동,의사의 문서에는 뇌피부동이 언급되어 있었다.,오답,-,True,뇌피부동,[],stop,The doctor's document mentioned bilateral palatine tonsils.
random,subpapillary arterial network,유두밑동맥그물,영적의식 지지하기,의사의 문서는 영적의식 지지하기를 언급했습니다.,오답,-,True,영적의식 지지하기,[],stop,The doctor's document mentioned subpapillary arterial network.
random,entire trapezius muscle,온등세모근,배안보개 이용 막창자꼬리 절제,의사의 문서에서는 배안보개 이용 막창자꼬리 절제를 언급했습니다.,오답,-,True,배안보개 이용 막창자꼬리 절제,[],stop,The doctor's document mentioned entire trapezius muscle.
random,collagen fiber graft,교원 섬유 이식술,투석충분도,보고서는 이 환자에서 투석충분도를 문서화했습니다.,오답,-,True,투석충분도,[],stop,The report documented collagen fiber graft in this patient.
random,polymerism,분절과다증,단순방사선사진,의사의 문서에 단순방사선사진이 언급되었습니다.,오답,-,True,단순방사선사진,[],stop,The doctor's document mentioned polymerism.
random,labilizer,불안정제,관장기,의사의 문서에 관장기가 언급되었다.,오답,-,True,관장기,[],stop,The doctor's document mentioned labilizer.
random,hypotonus,근육긴장저하,위장관세척,의사의 문서에는 위장관세척이 언급되었습니다.,오답,-,True,위장관세척,[],stop,The doctor's document mentioned hypotonus.
random,melanidrosis,흑색땀증,방사선피부염,의사의 문서에 방사선피부염이 언급되었습니다.,오답,-,True,방사선피부염,[],stop,The doctor's document mentioned melanidrosis.
random,allergenic serum,알레르기혈청,외분비 한공종,의사의 문서는 외분비 한공종을 언급했다.,오답,-,True,외분비 한공종,[],stop,The doctor's document mentioned allergenic serum.
random,micromanipulation,미세조작(술),벌레먹은 발바닥,의사의 문서는 벌레먹은 발바닥을 언급했습니다.,오답,-,True,벌레먹은 발바닥,[],stop,The doctor's document mentioned micromanipulation.
random,endometrial stromal sarcoma,자궁내막버팀질육종,방사면역전기이동(법),의사의 문서에 방사면역전기이동(법)이 언급되었습니다.,오답,-,True,방사면역전기이동(법),['bad_chars'],stop,The doctor's document mentioned endometrial stromal sarcoma.
random,cobblestone tongue,조약돌혀,미세조작(술),의사의 문서에서는 미세조작(술)을 언급했습니다.,오답,-,True,미세조작(술),['bad_chars'],stop,The doctor's document mentioned cobblestone tongue.
random,peritoneal cavity,배막안,엉덩관절병골반,의사의 문서에 엉덩관절병골반이 언급되었다.,오답,-,True,엉덩관절병골반,[],stop,The doctor's document mentioned peritoneal cavity.
random,chorea gravidarum,임신무도병,모방태도,의사의 문서에 모방태도가 언급되어 있었다.,오답,-,True,모방태도,[],stop,The doctor's document mentioned chorea gravidarum.
random,acrotrophodynia,말단영양통증,불안정제,의사의 문서에 불안정제가 언급되었다.,오답,-,True,불안정제,[],stop,The doctor's document mentioned acrotrophodynia.
random,spondylopathy,척추병(증),편측시야결손,이 환자에서 편측시야결손이 보고서에 문서화되었습니다.,오답,-,True,편측시야결손,[],stop,The report documented spondylopathy in this patient.
random,macrocephalus,큰머리증,유두밑동맥그물,보고서는 이 환자에게 유두밑동맥그물을 기록했습니다.,오답,-,True,유두밑동맥그물,[],stop,The report documented macrocephalus in this patient.
random,saliva viscosity test,타액 점조도 검사,에스테라아제감소,보고서는 이 환자에서 에스테라아제감소를 기록했습니다.,오답,-,True,에스테라아제감소,[],stop,The report documented saliva viscosity test in this patient.
random,revaccination,재접종,일차반응자,의사의 서류에 일차반응자가 언급되었다.,오답,-,True,일차반응자,[],stop,The doctor's document mentioned revaccination.
random,solenopsis invicta,불개미,인두,의사의 문서에 인두가 언급되었습니다.,오답,-,True,인두,[],stop,The doctor's document mentioned solenopsis invicta.
random,perfluorocarbon,과불화탄소,내수용-,의사의 문서에 내수용-가 언급되었습니다.,오답,-,True,내수용-,[],stop,The doctor's document mentioned perfluorocarbon.
random,ardor,작열감,낙상 위험성 악화됨,의사의 문서에 낙상 위험성 악화됨이 언급되었다.,오답,-,True,낙상 위험성 악화됨,[],stop,The doctor's document mentioned ardor.
random,transluminal coronary atherectomy,내강경유 심장혈관 죽종절제,제곱근모양징후,보고서는 이 환자에서 제곱근모양징후를 기록했습니다.,오답,-,True,제곱근모양징후,[],stop,The report documented transluminal coronary atherectomy in this patient.
random,hemocytometry,혈구계수(법),만삭후,의사의 문서에 만삭후가 언급되었다.,오답,-,True,만삭후,[],stop,The doctor's document mentioned hemocytometry.
random,membranous endometritis,막자궁내막염,배측 정맥 동맥혈화,의사의 문서에 배측 정맥 동맥혈화가 언급되었습니다.,오답,-,True,배측 정맥 동맥혈화,[],stop,The doctor's document mentioned membranous endometritis.
random,juvenile chronic iridocyclitis,연소성 만성 홍채섬모체염,신경분지절단(술),보고서는 이 환자에서 신경분지절단(술)을 기록했습니다.,오답,-,True,신경분지절단(술),['bad_chars'],stop,The report documented juvenile chronic iridocyclitis in this patient.
random,tufting enteropathy,터프팅장증,생식기능출현기,보고서는 이 환자에서 생식기능출현기를 문서화했습니다.,오답,-,True,생식기능출현기,[],stop,The report documented tufting enteropathy in this patient.
random,cross-face,교차얼굴,형질모세포성 림프종,의사의 문서에는 형질모세포성 림프종이 언급되어 있었다.,오답,-,True,형질모세포성 림프종,[],stop,The doctor's document mentioned cross-face.
random,diverticulitis oesophageal,식도 곁주머니염,동전모양피부염,의사의 문서에서 동전모양피부염이 언급되었습니다.,오답,-,True,동전모양피부염,[],stop,The doctor's document mentioned diverticulitis oesophageal.
random,medical care division,의료급여구분,브릿지 치료,의사의 문서에 브릿지 치료가 언급되었다.,오답,-,True,브릿지 치료,[],stop,The doctor's document mentioned medical care division.
random,muscle flap,근(육)판,시스타티오닌,보고서는 이 환자에서 시스타티오닌을 기록했다.,오답,-,True,시스타티오닌,[],stop,The report documented muscle flap in this patient.
random,distraction therapy,골신장술,근육의 결여,의사의 문서는 근육의 결여를 언급했다.,오답,-,True,근육의 결여,[],stop,The doctor's document mentioned distraction therapy.
random,associated disorder,수반장애,뒤옮김술,의사의 문서에 뒤옮김술이 언급되었다.,오답,-,True,뒤옮김술,[],stop,The doctor's document mentioned associated disorder.
random,gitelman syndrome,지텔만 증후군,자기성애,보고서는 이 환자에서 자기성애를 문서화했다.,오답,-,True,자기성애,[],stop,The report documented gitelman syndrome in this patient.
random,positioned flap,판막이동수술,지속들숨,의사의 문서에 지속들숨이 언급되었다.,오답,-,True,지속들숨,[],stop,The doctor's document mentioned positioned flap.
random,esthiomene,만성 외음궤양,멕켈 게실절제술,보고서는 이 환자에게서 멕켈 게실절제술을 기록했다.,오답,-,True,멕켈 게실절제술,[],stop,The report documented esthiomene in this patient.
random,lcp disease,넙다리뼈머리뼈끝뼈연골증,골수형성이상증후군,의사의 문서에 골수형성이상증후군이 언급되었습니다.,오답,-,True,골수형성이상증후군,[],stop,The doctor's document mentioned lcp disease.
random,papilloma of cerviv,자궁경부의 유두종,전립샘 낭,보고서는 이 환자에서 전립샘 낭을 기록했습니다.,오답,-,True,전립샘 낭,[],stop,The report documented papilloma of cerviv in this patient.
random,steatocystoma,피지낭종,알파 지중해빈혈,의사의 문서에 알파 지중해빈혈이 언급되었습니다.,오답,-,True,알파 지중해빈혈,[],stop,The doctor's document mentioned steatocystoma.
random,sialodochoplasty,침샘관성형(술),심방실중격결손,의사의 문서에 심방실중격결손이 언급되었습니다.,오답,-,True,심방실중격결손,[],stop,The doctor's document mentioned sialodochoplasty.
random,alert,명료함,무감각부위통증,의사의 문서에 무감각부위통증이 언급되었다.,오답,-,True,무감각부위통증,[],stop,The doctor's document mentioned alert.
random,glucuronic acid,글루쿠론산,분명치않는증상,의사의 문서에 분명치않는증상이 언급되었습니다.,오답,-,True,분명치않는증상,[],stop,The doctor's document mentioned glucuronic acid.
random,first-pass cardiac scan(resting),일회통과심장스캔-안정상태,자궁목내막과다형성,이 환자에게 자궁목내막과다형성이 시행되었습니다.,오답,-,True,자궁목내막과다형성,[],stop,first-pass cardiac scan(resting) was performed on this patient.
random,arthroplasty of foot,발의 관절 성형,맹장 초음파,보고서는 이 환자에서 맹장 초음파를 기록했습니다.,오답,-,True,맹장 초음파,[],stop,The report documented arthroplasty of foot in this patient.
random,dromotropic,전도영향성-,외상후 다발관절증,의사의 문서가 외상후 다발관절증을 언급했다.,오답,-,True,외상후 다발관절증,[],stop,The doctor's document mentioned dromotropic.
random,tibia vara,내반경골,부족교정,보고서는 이 환자에게 부족교정이 있음을 기록했습니다.,오답,-,True,부족교정,[],stop,The report documented tibia vara in this patient.
random,assessing grief,슬픔 사정하기,상내사위,의사의 문서에 상내사위가 언급되었다.,오답,-,True,상내사위,[],stop,The doctor's document mentioned assessing grief.
random,staphylococcus epidermidis,표피포도알균,비개방정복(술),의사의 문서에서 비개방정복(술)이 언급되었습니다.,오답,-,True,비개방정복(술),['bad_chars'],stop,The doctor's document mentioned staphylococcus epidermidis.
random,proenzyme,풋효소,내강경유 심장혈관 죽종절제,의사의 문서에 내강경유 심장혈관 죽종절제가 언급되었습니다.,오답,-,True,내강경유 심장혈관 죽종절제,[],stop,The doctor's document mentioned proenzyme.
random,diffusing capacity,확산능,등 열상,의사의 문서에 등 열상이 언급되었다.,오답,-,True,등 열상,[],stop,The doctor's document mentioned diffusing capacity.
random,motor fiber,운동신경섬유,지속들숨,의사의 문서에서는 지속들숨을 언급했습니다.,오답,-,True,지속들숨,[],stop,The doctor's document mentioned motor fiber.
random,parovarian cystoma,난소위체낭,에스테라아제감소,이 환자에서 에스테라아제감소가 보고되었습니다.,오답,-,True,에스테라아제감소,[],stop,The report documented parovarian cystoma in this patient.
random,nerve conduction study(head),신경전도검사(두부),자율방광,이 환자에게 자율방광이 시행되었습니다.,오답,-,True,자율방광,[],stop,nerve conduction study(head) was performed on this patient.
random,inappropriate self disclosure,부적절한 자기 노출,인어다리 증후군,의사의 문서에서는 인어다리 증후군을 언급했습니다.,오답,-,True,인어다리 증후군,[],stop,The doctor's document mentioned inappropriate self disclosure.
random,catatonic shizophrenia,긴장형 정신분열병,잔상,보고서는 이 환자의 잔상을 기록했습니다.,오답,-,True,잔상,[],stop,The report documented catatonic shizophrenia in this patient.
random,epilemmal termination,신경속막종말,잠재배가시간,의사의 문서에 잠재배가시간이 언급되었다.,오답,-,True,잠재배가시간,[],stop,The doctor's document mentioned epilemmal termination.
random,dilation of intestine,창자 확장,발의 관절 성형,보고서는 이 환자에서 발의 관절 성형을 문서화했습니다.,오답,-,True,발의 관절 성형,[],stop,The report documented dilation of intestine in this patient.
random,sarcoma of lung,폐 육종,복막천자,이 보고서는 이 환자에서 복막천자를 문서화했습니다.,오답,-,True,복막천자,[],stop,The report documented sarcoma of lung in this patient.
random,binder,결합체,대변농축(법),의사의 문서에 대변농축(법)이 언급되었다.,오답,-,True,대변농축(법),['bad_chars'],stop,The doctor's document mentioned binder.
random,ramicotomy,신경분지절단(술),감소인공물,의사의 문서에 감소인공물이 언급되었습니다.,오답,-,True,감소인공물,[],stop,The doctor's document mentioned ramicotomy.
random,fetal cotyledon,태아쪽태반엽,근육 경련,의사의 문서에 근육 경련이 언급되었다.,오답,-,True,근육 경련,[],stop,The doctor's document mentioned fetal cotyledon.
random,multiple v-y plasties,V-Y 성형술,일반미생물 검사,의사의 문서에는 일반미생물 검사가 언급되어 있었다.,오답,-,True,일반미생물 검사,[],stop,The doctor's document mentioned multiple v-y plasties.
random,psychologist - rehabilitation,심리학자-재활,무작위교배계,의사의 문서에 무작위교배계가 언급되었습니다.,오답,-,True,무작위교배계,[],stop,The doctor's document mentioned psychologist - rehabilitation.
random,hemeralopia,주간맹,스테인레스금관 합착,이 보고서는 이 환자에서 스테인레스금관 합착을 문서화했습니다.,오답,-,True,스테인레스금관 합착,[],stop,The report documented hemeralopia in this patient.
random,cortisol-binding globulin,코티솔결합글로불린,정맥조영(술),의사의 문서에는 정맥조영(술)이 언급되어 있었다.,오답,-,True,정맥조영(술),['bad_chars'],stop,The doctor's document mentioned cortisol-binding globulin.
random,pyelic,콩팥깔때기-,1기매독,의사의 문서에 1기매독이 언급되었다.,오답,-,True,1기매독,[],stop,The doctor's document mentioned pyelic.
random,facial nucleus,얼굴신경핵,무작위교배계,의사의 문서에 무작위교배계가 언급되었다.,오답,-,True,무작위교배계,[],stop,The doctor's document mentioned facial nucleus.
random,myitis,근(육)염,자궁목내막과다형성,의사의 문서에서는 자궁목내막과다형성을 언급했습니다.,오답,-,True,자궁목내막과다형성,[],stop,The doctor's document mentioned myitis.
random,synclonus,동조근간대,심재성 진균증,의사의 문서에 심재성 진균증이 언급되었습니다.,오답,-,True,심재성 진균증,[],stop,The doctor's document mentioned synclonus.
random,graves' ophthalmopathy,그레이브스 눈병증,지연 진통,이 보고서는 이 환자에서 지연 진통을 문서화했습니다.,오답,-,True,지연 진통,[],stop,The report documented graves' ophthalmopathy in this patient.
random,talipes calcaneus,발끝들린휜발증,복부 촉지성 종괴,의사의 문서에 복부 촉지성 종괴가 언급되었습니다.,오답,-,True,복부 촉지성 종괴,[],stop,The doctor's document mentioned talipes calcaneus.
random,false neuroma,가성신경종,조정봉합,의사의 문서에 조정봉합이 언급되었다.,오답,-,True,조정봉합,[],stop,The doctor's document mentioned false neuroma.
random,hyperaldosteronism,고알도스테론증,이산화질소,보고서는 이 환자에서 이산화질소를 문서화했습니다.,오답,-,True,이산화질소,[],stop,The report documented hyperaldosteronism in this patient.
random,blood tinged sputum,혈액흔적가래,천돌(天突),의사의 문서에 천돌(天突)이 언급되었다.,오답,-,True,천돌(天突),['bad_chars'],stop,The doctor's document mentioned blood tinged sputum.
random,cold pack,찬물 주머니,자궁목내막과다형성,의사의 문서에 자궁목내막과다형성이 언급되었습니다.,오답,-,True,자궁목내막과다형성,[],stop,The doctor's document mentioned cold pack.
random,cecocentral scotoma,주시점맹점암점,코근,의사의 문서에 코근이 언급되었다.,오답,-,True,코근,[],stop,The doctor's document mentioned cecocentral scotoma.
random,comparator,비교측정기,"비인두암, 수술후 상태","의사의 문서에 비인두암, 수술후 상태가 언급되었습니다.",오답,-,True,"비인두암, 수술후 상태",[],stop,The doctor's document mentioned comparator.
random,cirsophthalmia,결막정맥류,낭종 주머니형성,의사의 문서에서 낭종 주머니형성이 언급되었습니다.,오답,-,True,낭종 주머니형성,[],stop,The doctor's document mentioned cirsophthalmia.
random,scleral necrosis/melt,공막 괴사/ 융해,위팔,의사의 문서에서 위팔을 언급했습니다.,오답,-,True,위팔,[],stop,The doctor's document mentioned scleral necrosis/melt.
random,deficient perineum,회음결핍,포도주색 모반,보고서는 이 환자에서 포도주색 모반을 기록했습니다.,오답,-,True,포도주색 모반,[],stop,The report documented deficient perineum in this patient.
random,aqueous fluid,방수,가슴막-척수막 연결,의사의 문서에 가슴막-척수막 연결이 언급되었다.,오답,-,True,가슴막-척수막 연결,[],stop,The doctor's document mentioned aqueous fluid.
random,intestinal polypectomy,장 폴립 절제,무감각부위통증,보고서는 이 환자에서 무감각부위통증을 문서화했습니다.,오답,-,True,무감각부위통증,[],stop,The report documented intestinal polypectomy in this patient.
random,prostatodynia,전립샘통증,비스듬절단,보고서는 이 환자에게서 비스듬절단을 기록했다.,오답,-,True,비스듬절단,[],stop,The report documented prostatodynia in this patient.
random,pungji,풍지(風池),흑(색)질,의사의 문서에 흑(색)질이 언급되었습니다.,오답,-,True,흑(색)질,['bad_chars'],stop,The doctor's document mentioned pungji.
random,vibratory auscultation,진동청진,뼈연골종,의사의 문서에 뼈연골종이 언급되었습니다.,오답,-,True,뼈연골종,[],stop,The doctor's document mentioned vibratory auscultation.
random,retrocedent gout,내공성통풍,매복변제거 사정,의사의 문서에 매복변제거 사정이 언급되었습니다.,오답,-,True,매복변제거 사정,[],stop,The doctor's document mentioned retrocedent gout.
random,mastadenitis,젖샘염,망막위축,의사의 문서에 망막위축이 언급되었습니다.,오답,-,True,망막위축,[],stop,The doctor's document mentioned mastadenitis.
random,bladder neck contracture,방광목 위축,위팔,보고서는 이 환자에서 위팔을 기록했습니다.,오답,-,True,위팔,[],stop,The report documented bladder neck contracture in this patient.
random,organoid tumor,장기모양종양,불개미,의사의 문서에 불개미가 언급되었다.,오답,-,True,불개미,[],stop,The doctor's document mentioned organoid tumor.
random,oil red,오일레드,자가간호결핍,의사의 문서에 자가간호결핍이 언급되었다.,오답,-,True,자가간호결핍,[],stop,The doctor's document mentioned oil red.
random,t-colectomy,횡행결장절제술,근긴장증,보고서는 이 환자에서 근긴장증을 문서화했다.,오답,-,True,근긴장증,[],stop,The report documented t-colectomy in this patient.
random,ear probe,귀꽂이,중심난황-,의사의 문서에서 중심난황-을 언급했습니다.,오답,-,True,중심난황-,[],stop,The doctor's document mentioned ear probe.
random,hereditary mutilating keratoma,유전절단각화종,욕조,의사의 문서에는 욕조가 언급되어 있었다.,오답,-,True,욕조,[],stop,The doctor's document mentioned hereditary mutilating keratoma.
random,plasmablastic lymphoma,형질모세포성 림프종,목구멍 가려움증,이 보고서는 이 환자에서 목구멍 가려움증을 문서화했습니다.,오답,-,True,목구멍 가려움증,[],stop,The report documented plasmablastic lymphoma in this patient.
random,grain itch,곡물 소양증,정관절제술탐침,이 환자에서 정관절제술탐침을 보고서에 기록했다.,오답,-,True,정관절제술탐침,[],stop,The report documented grain itch in this patient.
random,video laryngoscopy,비디오후두경검사(법),오일레드,의사의 문서에 오일레드가 언급되었다.,오답,-,True,오일레드,[],stop,The doctor's document mentioned video laryngoscopy.
random,intermetatarsal joint structure,발허리간관절조직,신경속막종말,의사의 문서에 신경속막종말이 언급되었습니다.,오답,-,True,신경속막종말,[],stop,The doctor's document mentioned intermetatarsal joint structure.
random,deceleration,감속,샘창자옆주름,의사의 문서에 샘창자옆주름이 언급되었습니다.,오답,-,True,샘창자옆주름,[],stop,The doctor's document mentioned deceleration.
random,alcohol swab,알코올솜,집먼지진드기(과),의사의 문서에는 집먼지진드기(과)가 언급되어 있었다.,오답,-,True,집먼지진드기(과),['bad_chars'],stop,The doctor's document mentioned alcohol swab.
random,trichroism,삼색상,동조곡선,의사의 문서에 동조곡선이 언급되었다.,오답,-,True,동조곡선,[],stop,The doctor's document mentioned trichroism.
random,thoracalgia,흉통,조기흥분,의사의 문서에 조기흥분이 언급되었습니다.,오답,-,True,조기흥분,[],stop,The doctor's document mentioned thoracalgia.
random,entire finger,온손가락,감소인공물,의사의 문서에 감소인공물이 언급되었습니다.,오답,-,True,감소인공물,[],stop,The doctor's document mentioned entire finger.
random,tricephalus,세머리태아,선천손발톱비대증,의사의 문서에 선천손발톱비대증이 언급되었습니다.,오답,-,True,선천손발톱비대증,[],stop,The doctor's document mentioned tricephalus.
random,ant. uveitis,전방포도막염,앙와위,보고서는 이 환자에게 앙와위를 기록했습니다.,오답,-,True,앙와위,[],stop,The report documented ant. uveitis in this patient.
random,antivitamin,항비타민물질,이중관대동맥,의사의 문서에서 이중관대동맥을 언급했습니다.,오답,-,True,이중관대동맥,[],stop,The doctor's document mentioned antivitamin.
random,parathyroid tetany,부갑상선테타니,내시경 이용 심근경유 혈관 재형성,이 보고서는 이 환자에서 내시경 이용 심근경유 혈관 재형성을 문서화했습니다.,오답,-,True,내시경 이용 심근경유 혈관 재형성,[],stop,The report documented parathyroid tetany in this patient.
random,outbreed,무작위교배계,치아진정처치,의사의 문서에 치아진정처치가 언급되었습니다.,오답,-,True,치아진정처치,[],stop,The doctor's document mentioned outbreed.
random,biopsy of adenoid,인두편도 생검,관절경 이용 초승달 절제,보고서는 이 환자에서 관절경 이용 초승달 절제를 기록했습니다.,오답,-,True,관절경 이용 초승달 절제,[],stop,The report documented biopsy of adenoid in this patient.
random,lichen planus tropicus,열대성 편평태선,혈관내 초음파촬영,이 환자에서 혈관내 초음파촬영을 문서화했다.,오답,-,True,혈관내 초음파촬영,[],stop,The report documented lichen planus tropicus in this patient.
random,hb-sc disease,헤모글로빈-SC병,다원기록기,보고서는 이 환자에서 다원기록기를 문서화했습니다.,오답,-,True,다원기록기,[],stop,The report documented hb-sc disease in this patient.
random,vertebro-basilar artery syndrome,척추-뇌기저동맥증후군,박테리오신,보고서는 이 환자에서 박테리오신을 기록했습니다.,오답,-,True,박테리오신,[],stop,The report documented vertebro-basilar artery syndrome in this patient.
random,impulse conducting system,심장흥분전도계통,해열,의사의 문서에 해열이 언급되었다.,오답,-,True,해열,[],stop,The doctor's document mentioned impulse conducting system.
random,oncogene,종양유전자,회전양극관,의사의 문서에서 회전양극관을 언급했습니다.,오답,-,True,회전양극관,[],stop,The doctor's document mentioned oncogene.
random,cholelithiasis,담석증,일회통과심장스캔-안정상태,보고서는 이 환자에서 일회통과심장스캔-안정상태를 문서화했습니다.,오답,-,True,일회통과심장스캔-안정상태,[],stop,The report documented cholelithiasis in this patient.
random,odontoprisis,이갈기,지속들숨,의사의 문서에 지속들숨이 언급되었습니다.,오답,-,True,지속들숨,[],stop,The doctor's document mentioned odontoprisis.
random,moniliform nucleus,염주핵,유두밑동맥그물,의사의 문서에 유두밑동맥그물이 언급되어 있었다.,오답,-,True,유두밑동맥그물,[],stop,The doctor's document mentioned moniliform nucleus.
random,medical genetics,의학유전학,간관루설치(술),의사의 문서에서는 간관루설치(술)가 언급되었습니다.,오답,-,True,간관루설치(술),['bad_chars'],stop,The doctor's document mentioned medical genetics.
random,meckel's imaging,메켈스 스캔,안쪽발바닥섬피판,보고서는 이 환자에서 안쪽발바닥섬피판을 문서화했습니다.,오답,-,True,안쪽발바닥섬피판,[],stop,The report documented meckel's imaging in this patient.
random,koop's modified pylomyotomy,쿱의 수정 유문근층 절개,무난개충란,보고서는 이 환자에서 무난개충란을 문서화했습니다.,오답,-,True,무난개충란,[],stop,The report documented koop's modified pylomyotomy in this patient.
random,endovascular ultrasonography,혈관내 초음파촬영,농축염색질,보고서는 이 환자에서 농축염색질을 문서화했습니다.,오답,-,True,농축염색질,[],stop,The report documented endovascular ultrasonography in this patient.
random,uterine arteriography,복부및골반동맥조영-자궁동맥,발치와골염 재소파술,이 환자에게 발치와골염 재소파술이 시행되었습니다.,오답,-,True,발치와골염 재소파술,[],stop,uterine arteriography was performed on this patient.
random,absolute scotoma,절대암점,손백선,의사의 문서에 손백선이 언급되었다.,오답,-,True,손백선,[],stop,The doctor's document mentioned absolute scotoma.
random,meshwork,섬유주,크립토콕쿠스수막대뇌염,의사의 문서에 크립토콕쿠스수막대뇌염이 언급되었습니다.,오답,-,True,크립토콕쿠스수막대뇌염,[],stop,The doctor's document mentioned meshwork.
random,myotonic disorders,근긴장장애,관료(顴髎),보고서는 이 환자에게서 관료(顴髎)를 문서화했다.,오답,-,True,관료(顴髎),['bad_chars'],stop,The report documented myotonic disorders in this patient.
random,hyperthyroxinemia,고티록신혈증,단순 처치,의사의 문서에는 단순 처치가 언급되어 있었다.,오답,-,True,단순 처치,[],stop,The doctor's document mentioned hyperthyroxinemia.
random,hyeopgye,협계(俠谿),귀지샘,의사의 문서에 귀지샘이 언급되었다.,오답,-,True,귀지샘,[],stop,The doctor's document mentioned hyeopgye.
random,video-urodynamic study,영상요역동학검사,중증도 분류,의사의 문서에서 중증도 분류가 언급되었습니다.,오답,-,True,중증도 분류,[],stop,The doctor's document mentioned video-urodynamic study.
random,gastroenteritis paratyphosa,파라티푸스위창자염,후두결절,의사의 문서에는 후두결절이 언급되어 있었다.,오답,-,True,후두결절,[],stop,The doctor's document mentioned gastroenteritis paratyphosa.
random,coffin-siris syndrome,코핀-시리스 증후군,쿱의 수정 유문근층 절개,보고서는 이 환자에게서 쿱의 수정 유문근층 절개를 기록했습니다.,오답,-,True,쿱의 수정 유문근층 절개,[],stop,The report documented coffin-siris syndrome in this patient.
random,proacrosomal granule,풋첨단체과립,헤모글로빈-SC병,의사의 문서는 헤모글로빈-SC병을 언급했습니다.,오답,-,True,헤모글로빈-SC병,['bad_chars'],stop,The doctor's document mentioned proacrosomal granule.
random,intermedia thalassaemia,중간형 지중해빈혈,원시양막,보고서는 이 환자에게서 원시양막을 기록했습니다.,오답,-,True,원시양막,[],stop,The report documented intermedia thalassaemia in this patient.
random,joint swelling non-inflammatory,비염증 관절 부기,말발굽샛길,의사의 문서에서 말발굽샛길이 언급되었습니다.,오답,-,True,말발굽샛길,[],stop,The doctor's document mentioned joint swelling non-inflammatory.
random,death,사,선천손발톱비대증,이 보고서는 이 환자에서 선천손발톱비대증을 문서화했습니다.,오답,-,True,선천손발톱비대증,[],stop,The report documented death in this patient.
random,assess enema,관장 사정,단일유출로심장,의사의 문서에 단일유출로심장이 언급되었습니다.,오답,-,True,단일유출로심장,[],stop,The doctor's document mentioned assess enema.
random,autonomic insufficiency,자율신경부전,바늘근전도검사(법),의사의 문서에 바늘근전도검사(법)이 언급되었다.,오답,-,True,바늘근전도검사(법),['bad_chars'],stop,The doctor's document mentioned autonomic insufficiency.
random,assess hospice,호스피스 사정,일회통과심장스캔-안정상태,의사의 문서는 일회통과심장스캔-안정상태를 언급했습니다.,오답,-,True,일회통과심장스캔-안정상태,[],stop,The doctor's document mentioned assess hospice.
random,multiple adenomatous polyps,다발성 샘종성 폴립,확산능,의사의 문서에 확산능이 언급되어 있었다.,오답,-,True,확산능,[],stop,The doctor's document mentioned multiple adenomatous polyps.
random,immature proglottid,미성숙편절,확산능,의사의 문서에 확산능이 언급되었다.,오답,-,True,확산능,[],stop,The doctor's document mentioned immature proglottid.
random,peptonization,펩톤화,편평안구,의사의 문서에서 편평안구가 언급되었습니다.,오답,-,True,편평안구,[],stop,The doctor's document mentioned peptonization.
random,rectal,곧창자-,이경,의사의 문서에서 이경을 언급했습니다.,오답,-,True,이경,[],stop,The doctor's document mentioned rectal.
random,transurethral intravesical electrotherapy,요도경유방광속전기요법,전백혈병(증후군),의사의 문서에는 전백혈병(증후군)이 언급되어 있었습니다.,오답,-,True,전백혈병(증후군),['bad_chars'],stop,The doctor's document mentioned transurethral intravesical electrotherapy.
random,hyposegmentation,저분절증,녹색시,의사의 문서에 녹색시가 언급되었다.,오답,-,True,녹색시,[],stop,The doctor's document mentioned hyposegmentation.
random,sirenomelia syndrome,인어다리 증후군,도리깨질(증),보고서는 이 환자에게서 도리깨질(증)을 기록했습니다.,오답,-,True,도리깨질(증),['bad_chars'],stop,The report documented sirenomelia syndrome in this patient.
random,paraphilia,성도착(증),요도경유방광속전기요법,의사의 문서에 요도경유방광속전기요법이 언급되었습니다.,오답,-,True,요도경유방광속전기요법,[],stop,The doctor's document mentioned paraphilia.
random,vaccination against staphylococcus,포도구균 예방접종,선천 이상각화증,이 보고서는 이 환자에서 선천 이상각화증을 문서화했습니다.,오답,-,True,선천 이상각화증,[],stop,The report documented vaccination against staphylococcus in this patient.
random,isosorbide,이소소르바이드,단백질소실장병(증),의사의 문서에 단백질소실장병(증)이 언급되었습니다.,오답,-,True,단백질소실장병(증),['bad_chars'],stop,The doctor's document mentioned isosorbide.
random,psoriatic spondylitis,건선척추염,생식 기관 곰팡이 감염,보고서는 이 환자에게서 생식 기관 곰팡이 감염을 문서화했습니다.,오답,-,True,생식 기관 곰팡이 감염,[],stop,The report documented psoriatic spondylitis in this patient.
random,bone inlay,골내재,태아쪽태반엽,의사의 문서에는 태아쪽태반엽이 언급되었습니다.,오답,-,True,태아쪽태반엽,[],stop,The doctor's document mentioned bone inlay.
random,podiatrist,발전문가,배막안,의사의 문서에 배막안이 언급되었다.,오답,-,True,배막안,[],stop,The doctor's document mentioned podiatrist.
random,perform infection control,감염통제 수행,세로칸절개(술),의사의 문서에 세로칸절개(술)이 언급되었습니다.,오답,-,True,세로칸절개(술),['bad_chars'],stop,The doctor's document mentioned perform infection control.
random,square root sign,제곱근모양징후,농축염색질,의사의 문서에 농축염색질이 언급되었습니다.,오답,-,True,농축염색질,[],stop,The doctor's document mentioned square root sign.
random,cromolyn,크로몰린,손상된 식습관 행위,의사의 문서에서는 손상된 식습관 행위를 언급했습니다.,오답,-,True,손상된 식습관 행위,[],stop,The doctor's document mentioned cromolyn.
random,macrocytic anemia,큰적혈구빈혈,독성 뇌병증,보고서는 이 환자에서 독성 뇌병증을 문서화했습니다.,오답,-,True,독성 뇌병증,[],stop,The report documented macrocytic anemia in this patient.
random,hyperlipidaemia,고지혈증,기능창자막힘증,의사의 문서에서 기능창자막힘증을 언급했습니다.,오답,-,True,기능창자막힘증,[],stop,The doctor's document mentioned hyperlipidaemia.
random,immunoglobulin class,면역글로불린계,무감각부위통증,의사의 문서에 무감각부위통증이 언급되었습니다.,오답,-,True,무감각부위통증,[],stop,The doctor's document mentioned immunoglobulin class.
random,subadventitial fibroplasia,외막밑섬유증식,기능저하,의사의 문서에 기능저하가 언급되었습니다.,오답,-,True,기능저하,[],stop,The doctor's document mentioned subadventitial fibroplasia.
random,supraclavicular approach,빗장위접근법,건초천식,의사의 문서에 건초천식이 언급되었다.,오답,-,True,건초천식,[],stop,The doctor's document mentioned supraclavicular approach.
random,post-traumatic polyarthrosis,외상후 다발관절증,자궁방광꿰맴(술),이 보고서는 이 환자에서 자궁방광꿰맴(술)을 문서화했다.,오답,-,True,자궁방광꿰맴(술),['bad_chars'],stop,The report documented post-traumatic polyarthrosis in this patient.
random,hemacytometry,혈구계수,이동성 홍반,의사의 문서에 이동성 홍반이 언급되었다.,오답,-,True,이동성 홍반,[],stop,The doctor's document mentioned hemacytometry.
random,single-step growth curve,일회증식곡선,집먼지진드기(과),의사의 문서에 집먼지진드기(과)가 언급되었다.,오답,-,True,집먼지진드기(과),['bad_chars'],stop,The doctor's document mentioned single-step growth curve.
random,fusiform layer,방추세포층,영적의식 지지하기,의사의 문서는 영적의식 지지하기를 언급했다.,오답,-,True,영적의식 지지하기,[],stop,The doctor's document mentioned fusiform layer.
random,apneusis,지속들숨,홍채결손,의사의 문서에 홍채결손이 언급되었습니다.,오답,-,True,홍채결손,[],stop,The doctor's document mentioned apneusis.
random,pupillary seclusion,동공차단,후장진법,보고서는 이 환자에서 후장진법을 문서화했다.,오답,-,True,후장진법,[],stop,The report documented pupillary seclusion in this patient.
random,nodular sclerosis,결절경화,눈미주신경반사,의사의 문서에 눈미주신경반사가 언급되었다.,오답,-,True,눈미주신경반사,[],stop,The doctor's document mentioned nodular sclerosis.
random,semidirected lead,반직접유도,머리갈림태아,의사의 문서에 머리갈림태아가 언급되었습니다.,오답,-,True,머리갈림태아,[],stop,The doctor's document mentioned semidirected lead.
random,closed reduction,비개방정복(술),일치시야결손,이 환자의 일치시야결손을 보고서에 기록하였다.,오답,-,True,일치시야결손,[],stop,The report documented closed reduction in this patient.
random,subspinous,가시돌기밑-,가압복,의사의 서류에서 가압복을 언급했습니다.,오답,-,True,가압복,[],stop,The doctor's document mentioned subspinous.
random,anterior resection,앞방향절제(술),갈비뼈각,의사의 문서에서 갈비뼈각을 언급했습니다.,오답,-,True,갈비뼈각,[],stop,The doctor's document mentioned anterior resection.
random,closed approach,폐쇄방법,근퇴행위축 보균자,의사의 문서에서는 근퇴행위축 보균자를 언급했습니다.,오답,-,True,근퇴행위축 보균자,[],stop,The doctor's document mentioned closed approach.
random,general microbiology test,일반미생물 검사,일반 미생물학 검사,의사의 문서에서는 일반 미생물학 검사가 언급되었습니다.,오답,-,False,흡입기,[],stop,The doctor's document mentioned general microbiology test.
random,dopa-responsive dystonia,도파-반응성 근긴장이상,섬광시,보고서에는 이 환자의 섬광시가 기록되어 있습니다.,오답,-,True,섬광시,[],stop,The report documented dopa-responsive dystonia in this patient.
random,ramus of pubis,두덩뼈가지,파라티푸스위창자염,의사의 문서에 파라티푸스위창자염이 언급되었습니다.,오답,-,True,파라티푸스위창자염,[],stop,The doctor's document mentioned ramus of pubis.
random,postpartum afibrinogenemia,분만후 무피브리노젠혈증,코오간병,보고서는 이 환자에서 코오간병을 기록하였다.,오답,-,True,코오간병,[],stop,The report documented postpartum afibrinogenemia in this patient.
random,tubal tonsil,귀인두관편도,돌잘룩창자동맥,의사의 문서에서 돌잘룩창자동맥이 언급되었습니다.,오답,-,True,돌잘룩창자동맥,[],stop,The doctor's document mentioned tubal tonsil.
random,posterior thoracic fusion,뒷쪽 가슴척추 유합,후방 흉부 융합술,보고서는 이 환자에서 후방 흉부 융합술을 기록했습니다.,오답,-,False,어깨세모근피판,[],stop,The report documented posterior thoracic fusion in this patient.
random,premenopause,폐경전,염주핵,의사의 문서에 염주핵이 언급되었습니다.,오답,-,True,염주핵,[],stop,The doctor's document mentioned premenopause.
random,myoclonia fibrillaris multiplex,다발잔떨림근대성대발작,뇌피부동,의사의 문서에 뇌피부동이 언급되었다.,오답,-,True,뇌피부동,[],stop,The doctor's document mentioned myoclonia fibrillaris multiplex.
random,hemoclastic reaction,혈구파괴반응,해마경화(증),의사의 문서에는 해마경화(증)가 언급되어 있었다.,오답,-,True,해마경화(증),['bad_chars'],stop,The doctor's document mentioned hemoclastic reaction.
random,phospholipidemia,인지질혈증,유사운동-,의사의 문서에 유사운동-가 언급되었습니다.,오답,-,True,유사운동-,[],stop,The doctor's document mentioned phospholipidemia.
random,cardiocele,심장류,표준화비율비,의사의 문서에 표준화비율비가 언급되었습니다.,오답,-,True,표준화비율비,[],stop,The doctor's document mentioned cardiocele.
random,polygraph,다원기록기,힘줄뼈되기,의사의 문서에 힘줄뼈되기가 언급되었다.,오답,-,True,힘줄뼈되기,[],stop,The doctor's document mentioned polygraph.
random,fourth heart sound,제4심(장)음,아편고약,의사의 문서에서 아편고약이 언급되었습니다.,오답,-,True,아편고약,[],stop,The doctor's document mentioned fourth heart sound.
random,sex cord-stromal tumor,성끈기질종양,중수소,의사의 문서에 중수소가 언급되었다.,오답,-,True,중수소,[],stop,The doctor's document mentioned sex cord-stromal tumor.
random,cardiodiaphragmatic angle,심장가로막각,의치지지조직,의사의 문서에서 의치지지조직을 언급했습니다.,오답,-,True,의치지지조직,[],stop,The doctor's document mentioned cardiodiaphragmatic angle.
random,avulsion fracture,찢김 골절,원기,의사의 문서에 원기가 언급되었다.,오답,-,True,원기,[],stop,The doctor's document mentioned avulsion fracture.
random,atrioventricular septal defect,심방실중격결손,정상칼륨혈-,보고서는 이 환자에서 정상칼륨혈-을 문서화했습니다.,오답,-,True,정상칼륨혈-,[],stop,The report documented atrioventricular septal defect in this patient.
random,cryptogenic sepsis,특발성패혈증,독성심장병(증),의사의 문서에 독성심장병(증)이 언급되었습니다.,오답,-,True,독성심장병(증),['bad_chars'],stop,The doctor's document mentioned cryptogenic sepsis.
random,primary syphilis,1기매독,비효율적 방어능력,의사의 문서에서 비효율적 방어능력을 언급했습니다.,오답,-,True,비효율적 방어능력,[],stop,The doctor's document mentioned primary syphilis.
random,dyslipoproteinemia,이상지질단백혈증,출산중 발열,의사의 문서에 출산중 발열이 언급되었습니다.,오답,-,True,출산중 발열,[],stop,The doctor's document mentioned dyslipoproteinemia.
random,insular sclerosis,섬경화증,안구 부기,의사의 문서에 안구 부기가 언급되었습니다.,오답,-,True,안구 부기,[],stop,The doctor's document mentioned insular sclerosis.
random,nasalis muscle,코근,비근육,의사의 문서에서는 비근육이 언급되었습니다.,오답,-,False,폰히펠-린다우병,[],stop,The doctor's document mentioned nasalis muscle.
random,pubovaginal,두덩질-,아편고약,의사의 문서에 아편고약이 언급되었다.,오답,-,True,아편고약,[],stop,The doctor's document mentioned pubovaginal.
random,triaging,중증도 분류,닌히드린검사,의사의 문서에 닌히드린검사가 언급되었다.,오답,-,True,닌히드린검사,[],stop,The doctor's document mentioned triaging.
random,opium plaster,아편고약,뒷쪽 가슴척추 유합,의사의 문서에는 뒷쪽 가슴척추 유합이 언급되어 있었다.,오답,-,True,뒷쪽 가슴척추 유합,[],stop,The doctor's document mentioned opium plaster.
random,curvature of spine,척주굽이,굴절부등약시,의사의 문서에서 굴절부등약시를 언급했습니다.,오답,-,True,굴절부등약시,[],stop,The doctor's document mentioned curvature of spine.
random,chloropsia,녹색시,빈대,의사의 문서에 빈대가 언급되었다.,오답,-,True,빈대,[],stop,The doctor's document mentioned chloropsia.
random,arsenic mirror,코거울,수반장애,의사의 문서에 수반장애가 언급되었다.,오답,-,True,수반장애,[],stop,The doctor's document mentioned arsenic mirror.
random,ulceroglandular tularaemia,궤양림프절야생토끼병,내시경 이용 심근경유 혈관 재형성,이 보고서는 이 환자에서 내시경 이용 심근경유 혈관 재형성을 문서화했습니다.,오답,-,True,내시경 이용 심근경유 혈관 재형성,[],stop,The report documented ulceroglandular tularaemia in this patient.
random,aerial infection,흡입감염,미숙아의 구루병,의사의 문서에 미숙아의 구루병이 언급되었다.,오답,-,True,미숙아의 구루병,[],stop,The doctor's document mentioned aerial infection.
random,phosphene,섬광시,프롤린효소,의사의 문서는 프롤린효소를 언급했다.,오답,-,True,프롤린효소,[],stop,The doctor's document mentioned phosphene.
random,hill-sachs lesion,힐-샥스 병터,관장 사정,의사의 문서에 관장 사정이 언급되었다.,오답,-,True,관장 사정,[],stop,The doctor's document mentioned hill-sachs lesion.
random,modified norwood operation,수정된 노우드수술,공기매개감염,이 보고서는 이 환자에서 공기매개감염을 문서화했습니다.,오답,-,True,공기매개감염,[],stop,The report documented modified norwood operation in this patient.
random,prootic,귀앞-,비장절제,의사의 문서에서 비장절제를 언급했습니다.,오답,-,True,비장절제,[],stop,The doctor's document mentioned prootic.
random,lenticonus,원뿔수정체,뒤옮김술,보고서는 이 환자에게 뒤옮김술을 기록했습니다.,오답,-,True,뒤옮김술,[],stop,The report documented lenticonus in this patient.
random,dense deposit disease,고밀도침착병,배막안,의사의 문서에서 배막안이 언급되었다.,오답,-,True,배막안,[],stop,The doctor's document mentioned dense deposit disease.
random,muscular atrophy,근위축,멕켈 게실절제술,보고서는 이 환자에게서 멕켈 게실절제술을 문서화했습니다.,오답,-,True,멕켈 게실절제술,[],stop,The report documented muscular atrophy in this patient.
random,hyperestrinism,여성호르몬과다(증),과잉결정관념,의사의 문서에서는 과잉결정관념을 언급했다.,오답,-,True,과잉결정관념,[],stop,The doctor's document mentioned hyperestrinism.
random,old tuberculin,재래식투베르쿨린,촉진하기,의사의 문서에 촉진하기가 언급되었다.,오답,-,True,촉진하기,[],stop,The doctor's document mentioned old tuberculin.
random,adenomatosis of colon,결장의 선종증,균열골절,이 환자에서 균열골절을 문서화했다.,오답,-,True,균열골절,[],stop,The report documented adenomatosis of colon in this patient.
random,running nose,코감기,후두기관협착(증),의사의 문서에서 후두기관협착(증)이 언급되었습니다.,오답,-,True,후두기관협착(증),['bad_chars'],stop,The doctor's document mentioned running nose.
random,deshielded proton,미차폐양성자,이동진료소,의사의 문서는 이동진료소를 언급했다.,오답,-,True,이동진료소,[],stop,The doctor's document mentioned deshielded proton.
random,stage of life,생명단계,흡입기,의사의 문서에서 흡입기가 언급되었습니다.,오답,-,True,흡입기,[],stop,The doctor's document mentioned stage of life.
random,endoscopic revision dacryocystorhinostomy,내시경 이용 눈물주머니코안 연결 교정,과레닌혈증,보고서는 이 환자에서 과레닌혈증을 문서화했습니다.,오답,-,True,과레닌혈증,[],stop,The report documented endoscopic revision dacryocystorhinostomy in this patient.
random,idiotype-anti-idiotype network,개별특이형항체조절망,영상요역동학검사,의사의 문서에 영상요역동학검사가 언급되었습니다.,오답,-,True,영상요역동학검사,[],stop,The doctor's document mentioned idiotype-anti-idiotype network.
random,total albinism,온백색증,물자궁증,의사의 서류에 물자궁증이 언급되었습니다.,오답,-,True,물자궁증,[],stop,The doctor's document mentioned total albinism.
random,dermoepidermal,진피표피-,이소소르바이드,의사의 문서는 이소소르바이드를 언급했습니다.,오답,-,True,이소소르바이드,[],stop,The doctor's document mentioned dermoepidermal.
random,blastomyces,분아진균(속),상내사위,의사의 문서에 상내사위가 언급되었다.,오답,-,True,상내사위,[],stop,The doctor's document mentioned blastomyces.
random,pulex,벼룩(속),절대암점,의사의 문서가 절대암점을 언급했다.,오답,-,True,절대암점,[],stop,The doctor's document mentioned pulex.
random,sucking disc,흉반,물공기가슴증,의사의 문서에 물공기가슴증이 언급되었다.,오답,-,True,물공기가슴증,[],stop,The doctor's document mentioned sucking disc.
random,medial nasal prominence,내측비융기,가성신경종,의사의 문서에서 가성신경종이 언급되었습니다.,오답,-,True,가성신경종,[],stop,The doctor's document mentioned medial nasal prominence.
random,melanoacanthoma,멜라닌가시세포종,젖꼭지,의사의 문서에 젖꼭지가 언급되었습니다.,오답,-,True,젖꼭지,[],stop,The doctor's document mentioned melanoacanthoma.
random,shifting reaction,편위반응,복재신경병증,의사의 문서에 복재신경병증이 언급되었다.,오답,-,True,복재신경병증,[],stop,The doctor's document mentioned shifting reaction.
random,primary amnion,원시양막,환경 치료요법,의사의 문서는 환경 치료요법을 언급했습니다.,오답,-,True,환경 치료요법,[],stop,The doctor's document mentioned primary amnion.
random,hyperreninemia,과레닌혈증,가시끝-,의사의 문서에 가시끝-가 언급되었습니다.,오답,-,True,가시끝-,[],stop,The doctor's document mentioned hyperreninemia.
random,periostitis,뼈막염,정맥염 및 혈전정맥염,의사의 문서에 정맥염 및 혈전정맥염이 언급되었습니다.,오답,-,True,정맥염 및 혈전정맥염,[],stop,The doctor's document mentioned periostitis.
random,uterine inversion,자궁뒤집힘,안드로젠탼모증,의사의 문서에서 안드로젠탼모증을 언급했습니다.,오답,-,False,안드로젠탈모증,[],stop,The doctor's document mentioned uterine inversion.
random,neonatal oesophageal reflux,신생아식도역류,회음결핍,이 보고서는 이 환자에서 회음결핍을 문서화했습니다.,오답,-,True,회음결핍,[],stop,The report documented neonatal oesophageal reflux in this patient.
random,cervical vertigo,경추성 현기증,갠트리,보고서는 이 환자의 갠트리를 기록했습니다.,오답,-,True,갠트리,[],stop,The report documented cervical vertigo in this patient.
random,negative pressure,음압,주간맹,의사의 문서에 주간맹이 언급되었다.,오답,-,True,주간맹,[],stop,The doctor's document mentioned negative pressure.
random,naegleria fowleri,파울러자유아메바,표준화비율비,의사의 문서에 표준화비율비가 언급되었습니다.,오답,-,True,표준화비율비,[],stop,The doctor's document mentioned naegleria fowleri.
random,fisher syndrome,피셔증후군,부고환관,의사의 문서에 부고환관이 언급되었다.,오답,-,True,부고환관,[],stop,The doctor's document mentioned fisher syndrome.
random,br. tx.,브릿지 치료,복잡메아리,의사의 문서에 복잡메아리가 언급되었습니다.,오답,-,True,복잡메아리,[],stop,The doctor's document mentioned br. tx..
random,glaucomatous cataract,녹내장성백내장,분비체류성낭,의사의 문서에 분비체류성낭이 언급되었다.,오답,-,True,분비체류성낭,[],stop,The doctor's document mentioned glaucomatous cataract.
random,hippuric acid,마뇨산,난소 낭종 적출술,의사의 문서에서 난소 낭종 적출술을 언급했습니다.,오답,-,True,난소 낭종 적출술,[],stop,The doctor's document mentioned hippuric acid.
random,maxillomandibular disharmony,위아래턱부조화,근(육)알부민,의사의 문서에서 근(육)알부민이 언급되었습니다.,오답,-,True,근(육)알부민,['bad_chars'],stop,The doctor's document mentioned maxillomandibular disharmony.
random,supernumeric impacted tooth,과잉매복치,재발성 갑상선암,보고서는 이 환자에서 재발성 갑상선암을 기록했습니다.,오답,-,True,재발성 갑상선암,[],stop,The report documented supernumeric impacted tooth in this patient.
random,calcification of bursa,윤활낭(의) 석회화,홍채결손,이 환자에서 홍채결손이 보고되었습니다.,오답,-,True,홍채결손,[],stop,The report documented calcification of bursa in this patient.
random,isomaltase,이소말타아제,심방목동맥간격,의사의 문서에 심방목동맥간격이 언급되었습니다.,오답,-,True,심방목동맥간격,[],stop,The doctor's document mentioned isomaltase.
random,hay asthma,건초천식,기능저하,의사의 문서에 기능저하가 언급되었습니다.,오답,-,True,기능저하,[],stop,The doctor's document mentioned hay asthma.
random,lambliasis,람블편모충증,로트문드 톰슨 증후,의사의 문서에 로트문드 톰슨 증후가 언급되었습니다.,오답,-,False,로트문드 톰슨 증후군,[],stop,The doctor's document mentioned lambliasis.
random,vaginography,질조영(술),의학유전학,의사의 문서에서 의학유전학을 언급했습니다.,오답,-,True,의학유전학,[],stop,The doctor's document mentioned vaginography.
random,hbab,간염 B형 표면항체,낭종 주머니형성,의사의 문서에 낭종 주머니형성이 언급되었다.,오답,-,True,낭종 주머니형성,[],stop,The doctor's document mentioned hbab.
random,calomel,감홍,회선사상충결절,의사의 문서에 회선사상충결절이 언급되었다.,오답,-,True,회선사상충결절,[],stop,The doctor's document mentioned calomel.
random,ricinism,리신증,콩팥깔때기-,의사의 문서에 콩팥깔때기-가 언급되었습니다.,오답,-,True,콩팥깔때기-,[],stop,The doctor's document mentioned ricinism.
random,first filial generation,일대잡종,원뿔수정체,의사의 문서에서 원뿔수정체를 언급했다.,오답,-,True,원뿔수정체,[],stop,The doctor's document mentioned first filial generation.
random,vague symptom,분명치않는증상,교정 사이막성형술,의사의 문서에서 교정 사이막성형술을 언급했습니다.,오답,-,True,교정 사이막성형술,[],stop,The doctor's document mentioned vague symptom.
random,depigmenting cream,탈색크림,정밀면역검사-C형간염항체,의사의 문서에 정밀면역검사-C형간염항체가 언급되었습니다.,오답,-,True,정밀면역검사-C형간염항체,['bad_chars'],stop,The doctor's document mentioned depigmenting cream.
random,afterloading technique,후장진법,샘창자위동맥,의사의 문서에 샘창자위동맥이 언급되었습니다.,오답,-,True,샘창자위동맥,[],stop,The doctor's document mentioned afterloading technique.
random,intracranial space-occupying lesion,두개내공간점유병변,창자독소,보고서는 이 환자에서 창자독소를 문서화했습니다.,오답,-,True,창자독소,[],stop,The report documented intracranial space-occupying lesion in this patient.
random,enema apparatus,관장기,요천부팽대,의사의 문서에 요천부팽대가 언급되어 있었다.,오답,-,True,요천부팽대,[],stop,The doctor's document mentioned enema apparatus.
random,core decompression,중핵감압,종양특이항원,보고서는 이 환자에서 종양특이항원을 문서화했습니다.,오답,-,True,종양특이항원,[],stop,The report documented core decompression in this patient.
random,opsin,옵신,샘창자위동맥,의사의 문서에 샘창자위동맥이 언급되었다.,오답,-,True,샘창자위동맥,[],stop,The doctor's document mentioned opsin.
random,retrouterine hematocele,자궁뒤혈액낭종,배안보개 이용 한쪽 자궁관난소 적출,의사의 문서에서 배안보개 이용 한쪽 자궁관난소 적출이 언급되었습니다.,오답,-,True,배안보개 이용 한쪽 자궁관난소 적출,[],stop,The doctor's document mentioned retrouterine hematocele.
random,picture frustration test,그림좌절검사,귀인두관편도,이 환자에게 귀인두관편도가 시행되었습니다.,오답,-,True,귀인두관편도,[],stop,picture frustration test was performed on this patient.
random,nephritic retinitis,콩팥염망막염,외막밑섬유증식,의사의 문서에서 외막밑섬유증식이 언급되었습니다.,오답,-,True,외막밑섬유증식,[],stop,The doctor's document mentioned nephritic retinitis.
random,buccal gland,협선,증식혈관내혈관내피종,의사의 문서에서 증식혈관내혈관내피종을 언급했습니다.,오답,-,True,증식혈관내혈관내피종,[],stop,The doctor's document mentioned buccal gland.
random,rodenticide,살서제,월경불규칙,의사의 문서에 월경불규칙이 언급되었습니다.,오답,-,True,월경불규칙,[],stop,The doctor's document mentioned rodenticide.
random,epididymal duct,부고환관,단순방사선사진,의사의 문서에서 단순방사선사진을 언급했습니다.,오답,-,True,단순방사선사진,[],stop,The doctor's document mentioned epididymal duct.
random,parrot fever,앵무새열,창자 확장,이 보고서는 이 환자에서 창자 확장을 문서화했습니다.,오답,-,True,창자 확장,[],stop,The report documented parrot fever in this patient.
random,halmatogenesis,돌연세대변이,심리학자-재활,의사의 문서는 심리학자-재활을 언급했습니다.,오답,-,True,심리학자-재활,[],stop,The doctor's document mentioned halmatogenesis.
random,ventriculopleural anastomosis,뇌실가슴막 연결,전방위,보고서는 이 환자에서 전방위를 문서화했습니다.,오답,-,True,전방위,[],stop,The report documented ventriculopleural anastomosis in this patient.
random,heart excess patterns,심실증,비장절제,보고서는 이 환자에서 비장절제를 문서화했습니다.,오답,-,True,비장절제,[],stop,The report documented heart excess patterns in this patient.
random,angiohyalinosis,혈관유리질증,외상성 지주막하출혈,의사의 문서에는 외상성 지주막하출혈이 언급되어 있었습니다.,오답,-,True,외상성 지주막하출혈,[],stop,The doctor's document mentioned angiohyalinosis.
random,mucopurulent,점액고름-,등 열상,의사의 문서에는 등 열상이 언급되어 있었다.,오답,-,True,등 열상,[],stop,The doctor's document mentioned mucopurulent.
random,semiadjustable articulator,반적응교합기,독성 뇌병증,의사의 문서에는 독성 뇌병증이 언급되었습니다.,오답,-,True,독성 뇌병증,[],stop,The doctor's document mentioned semiadjustable articulator.
random,tubular maximum,요세관최대값,영적의식 지지하기,의사의 문서에 영적의식 지지하기가 언급되었습니다.,오답,-,True,영적의식 지지하기,[],stop,The doctor's document mentioned tubular maximum.
random,protein-losing enteropathy,단백질소실장병(증),궤양림프절야생토끼병,의사의 문서에서 궤양림프절야생토끼병을 언급했습니다.,오답,-,True,궤양림프절야생토끼병,[],stop,The doctor's document mentioned protein-losing enteropathy.
random,pharyngoparalysis,인두마비,발전문가,의사의 문서에 발전문가가 언급되었습니다.,오답,-,True,발전문가,[],stop,The doctor's document mentioned pharyngoparalysis.
random,aortic(valve) stenosis,대동맥판협착,망막위축,이 환자의 보고서는 망막위축을 기록했습니다.,오답,-,True,망막위축,[],stop,The report documented aortic(valve) stenosis in this patient.
random,cyclamate,시클라메이트,다낭신장병,의사의 문서에는 다낭신장병이 언급되었습니다.,오답,-,True,다낭신장병,[],stop,The doctor's document mentioned cyclamate.
random,mr mapping,자기공명지도화,염색체외유전,의사의 문서에 염색체외유전이 언급되었습니다.,오답,-,True,염색체외유전,[],stop,The doctor's document mentioned mr mapping.
random,gwollyo,관료(顴髎),소육아종 유방염,의사의 문서에 소육아종 유방염이 언급되었습니다.,오답,-,True,소육아종 유방염,[],stop,The doctor's document mentioned gwollyo.
random,neoadjuvant chemotherapy,신보강화학요법,선행화학요법,의사의 문서에서는 선행화학요법이 언급되었습니다.,오답,-,False,컴퓨터 단층촬영 간 동맥조영술과 컴퓨터 단층촬영 문맥조영술,[],stop,The doctor's document mentioned neoadjuvant chemotherapy.
random,nuclear polyhedrosis virus,핵다면체형성바이러스,음압,의사의 문서에서는 음압을 언급했습니다.,오답,-,True,음압,[],stop,The doctor's document mentioned nuclear polyhedrosis virus.
random,microsomia,작은몸증,장크도말검사,의사의 문서에서 장크도말검사를 언급했습니다.,오답,-,True,장크도말검사,[],stop,The doctor's document mentioned microsomia.
random,toxic cardiopathy,독성심장병(증),뼈막염,의사의 문서에 뼈막염이 언급되었습니다.,오답,-,True,뼈막염,[],stop,The doctor's document mentioned toxic cardiopathy.
random,precipitate labor,급속 분만,지속들숨,이 환자의 지속들숨을 보고서에 기록하였다.,오답,-,True,지속들숨,[],stop,The report documented precipitate labor in this patient.
random,biceps femoris muscle,넙다리두갈래근,주혈흡충,의사의 문서에는 주혈흡충이 언급되어 있었습니다.,오답,-,True,주혈흡충,[],stop,The doctor's document mentioned biceps femoris muscle.
random,frontosphenoesthmoidectomy,이마나비사골동절제술,이형,보고서는 이 환자에서 이형을 문서화했습니다.,오답,-,True,이형,[],stop,The report documented frontosphenoesthmoidectomy in this patient.
random,gustatory hyperesthesia,미각과민(증),가슴막-척수막 연결,의사의 문서에 가슴막-척수막 연결이 언급되었습니다.,오답,-,True,가슴막-척수막 연결,[],stop,The doctor's document mentioned gustatory hyperesthesia.
random,hyposthenuric urine,저비중뇨,왕복진탕기,의사의 문서에 왕복진탕기가 언급되었다.,오답,-,True,왕복진탕기,[],stop,The doctor's document mentioned hyposthenuric urine.
random,non-exudative,삼출되지않은,체반,의사의 문서에 체반이 언급되었다.,오답,-,True,체반,[],stop,The doctor's document mentioned non-exudative.
random,laryngotracheal stenosis,후두기관협착(증),기질성 서경,이 환자의 기질성 서경이 보고서에 문서화되었습니다.,오답,-,True,기질성 서경,[],stop,The report documented laryngotracheal stenosis in this patient.
random,frontal suture,이마봉합선,지속들숨,의사의 문서에서는 지속들숨을 언급했습니다.,오답,-,True,지속들숨,[],stop,The doctor's document mentioned frontal suture.
random,colon cecum mass,막창자 종괴,손발톱병(증),의사의 문서에서 손발톱병(증)이 언급되었습니다.,오답,-,True,손발톱병(증),['bad_chars'],stop,The doctor's document mentioned colon cecum mass.
random,needle electromyography,바늘근전도검사(법),넙다리두갈래근,의사의 문서에서는 넙다리두갈래근이 언급되었습니다.,오답,-,True,넙다리두갈래근,[],stop,The doctor's document mentioned needle electromyography.
random,dendritic spine,수지상극,당뇨 혼수,의사의 문서에서 당뇨 혼수를 언급했습니다.,오답,-,True,당뇨 혼수,[],stop,The doctor's document mentioned dendritic spine.
random,auriculopalpebral reflex,이개안검반사,창자 확장,의사의 문서에 창자 확장이 언급되었습니다.,오답,-,True,창자 확장,[],stop,The doctor's document mentioned auriculopalpebral reflex.
random,laryngeal carcinoma,후두 암종,변형성 등병증,의사의 문서에서는 변형성 등병증이 언급되었습니다.,오답,-,True,변형성 등병증,[],stop,The doctor's document mentioned laryngeal carcinoma.
random,assess pulmonary care,호흡기계간호 사정,전도영향성-,의사의 문서에서는 전도영향성-을 언급했습니다.,오답,-,True,전도영향성-,[],stop,The doctor's document mentioned assess pulmonary care.
random,muscular dystrophy carrier,근퇴행위축 보균자,특발성 편측비대증,이 보고서는 이 환자에서 특발성 편측비대증을 기록했습니다.,오답,-,True,특발성 편측비대증,[],stop,The report documented muscular dystrophy carrier in this patient.
random,acentric occlusion,비중심교합,헤모글로빈C,의사의 문서에 헤모글로빈C가 언급되었습니다.,오답,-,True,헤모글로빈C,['bad_chars'],stop,The doctor's document mentioned acentric occlusion.
random,micromovement,미세운동,주시점맹점암점,의사의 문서에 주시점맹점암점이 언급되었다.,오답,-,True,주시점맹점암점,[],stop,The doctor's document mentioned micromovement.
random,descriptive epidemiology,기술역학,발의 관절 성형,의사의 문서에서 발의 관절 성형이 언급되었습니다.,오답,-,True,발의 관절 성형,[],stop,The doctor's document mentioned descriptive epidemiology.
random,heteromorphism,이형,간섭작용,의사의 문서는 간섭작용을 언급했다.,오답,-,True,간섭작용,[],stop,The doctor's document mentioned heteromorphism.
random,hydrorachis,수척추증,미세마찰음,보고서는 이 환자에게 미세마찰음이 있음을 기록했습니다.,오답,-,True,미세마찰음,[],stop,The report documented hydrorachis in this patient.
random,tingling,저림,결절 근막염,의사의 문서에 결절 근막염이 언급되었습니다.,오답,-,True,결절 근막염,[],stop,The doctor's document mentioned tingling.
random,torr,토르,불소화,의사의 문서에 불소화가 언급되었다.,오답,-,True,불소화,[],stop,The doctor's document mentioned torr.
random,penicillar arteriole,붓털세동맥,근관장측정검사,의사의 문서에서 근관장측정검사를 언급했습니다.,오답,-,True,근관장측정검사,[],stop,The doctor's document mentioned penicillar arteriole.
random,ovarian cystectomy,난소 낭종 적출술,편평안구,이 환자에서 편평안구가 문서화되었다.,오답,-,True,편평안구,[],stop,The report documented ovarian cystectomy in this patient.
random,hyperosmolar nonketotic coma,고삼투압성비케토산성혼수,간모세선충,의사의 문서에 간모세선충이 언급되었습니다.,오답,-,True,간모세선충,[],stop,The doctor's document mentioned hyperosmolar nonketotic coma.
random,chondrogen,연골원,메스칼린,의사의 문서에 메스칼린이 언급되었습니다.,오답,-,True,메스칼린,[],stop,The doctor's document mentioned chondrogen.
random,apraxia of speech,언어의 실행증,위턱굴보개,보고서는 이 환자에게 위턱굴보개가 있음을 문서화했다.,오답,-,True,위턱굴보개,[],stop,The report documented apraxia of speech in this patient.
random,deltoid flap,어깨세모근피판,편평안구,의사의 문서에 편평안구가 언급되어 있었다.,오답,-,True,편평안구,[],stop,The doctor's document mentioned deltoid flap.
random,platelet,혈소판,V-Y 성형술,의사의 문서에 V-Y 성형술이 언급되었다.,오답,-,True,V-Y 성형술,['bad_chars'],stop,The doctor's document mentioned platelet.
random,acropathy,말단병(증),전체 지방영양장애,의사의 문서에 전체 지방영양장애가 언급되었다.,오답,-,True,전체 지방영양장애,[],stop,The doctor's document mentioned acropathy.
random,normokalemic,정상칼륨혈-,간관루설치(술),의사의 문서에 간관루설치(술)가 언급되었습니다.,오답,-,True,간관루설치(술),['bad_chars'],stop,The doctor's document mentioned normokalemic.
random,traveling clinic,이동진료소,과칼슘혈증에서의 치매,의사의 문서에서는 과칼슘혈증에서의 치매를 언급했습니다.,오답,-,True,과칼슘혈증에서의 치매,[],stop,The doctor's document mentioned traveling clinic.
random,vibriocide,비브리오살균제,공기매개감염,의사의 문서에 공기매개감염이 언급되었다.,오답,-,True,공기매개감염,[],stop,The doctor's document mentioned vibriocide.
random,absence of muscle,근육의 결여,자가간호결핍,보고서는 이 환자에서 자가간호결핍을 문서화했다.,오답,-,True,자가간호결핍,[],stop,The report documented absence of muscle in this patient.
random,clean bench,무균실험대,호산성 비알레르기성 비염,의사의 문서에서 호산성 비알레르기성 비염을 언급했습니다.,오답,-,True,호산성 비알레르기성 비염,[],stop,The doctor's document mentioned clean bench.
random,pneumonia in ornithosis,비둘기병에서의 폐렴,전환간호 수행,이 보고서는 이 환자에서 전환간호 수행을 문서화했습니다.,오답,-,True,전환간호 수행,[],stop,The report documented pneumonia in ornithosis in this patient.
random,pulmonary atelectasis,무기폐,발바닥쪽 굽힘,이 환자에서 발바닥쪽 굽힘이 문서화되었다.,오답,-,True,발바닥쪽 굽힘,[],stop,The report documented pulmonary atelectasis in this patient.
random,hysterocystocleisis,자궁방광꿰맴(술),분아진균(속),의사의 문서에서는 분아진균(속)이 언급되었습니다.,오답,-,True,분아진균(속),['bad_chars'],stop,The doctor's document mentioned hysterocystocleisis.
random,mediterranean tick fever,지중해진드기열,척추병(증),보고서는 이 환자에서 척추병(증)을 문서화했습니다.,오답,-,True,척추병(증),['bad_chars'],stop,The report documented mediterranean tick fever in this patient.
random,recurrent thyroid ca,재발성 갑상선암,카트헤모글로빈,보고서는 이 환자에서 카트헤모글로빈을 문서화했습니다.,오답,-,True,카트헤모글로빈,[],stop,The report documented recurrent thyroid ca in this patient.
random,capillaria hepatica,간모세선충,피셔증후군,의사의 문서에 피셔증후군이 언급되었습니다.,오답,-,True,피셔증후군,[],stop,The doctor's document mentioned capillaria hepatica.
random,pallister-killian syndrome,팰리스터-킬리언 증후군,협숙주기생충,이 보고서는 이 환자에게서 협숙주기생충을 문서화했습니다.,오답,-,True,협숙주기생충,[],stop,The report documented pallister-killian syndrome in this patient.
random,genital infection fungal,생식 기관 곰팡이 감염,중증도 분류,의사의 문서는 중증도 분류를 언급했습니다.,오답,-,True,중증도 분류,[],stop,The doctor's document mentioned genital infection fungal.
random,nodular prurigo,결절가려움발진,실론구충,의사의 문서에 실론구충이 언급되었습니다.,오답,-,True,실론구충,[],stop,The doctor's document mentioned nodular prurigo.
random,tangential section,비스듬절단,유사운동-,의사의 문서에 유사운동-이 언급되었습니다.,오답,-,True,유사운동-,[],stop,The doctor's document mentioned tangential section.
random,heteropolysaccharide,이종다당류,손톱의 곤봉화,의사의 문서에 손톱의 곤봉화가 언급되었습니다.,오답,-,True,손톱의 곤봉화,[],stop,The doctor's document mentioned heteropolysaccharide.
random,dry socket recurettage,발치와골염 재소파술,유사운동-,의사의 문서에 유사운동-가 언급되었습니다.,오답,-,True,유사운동-,[],stop,The doctor's document mentioned dry socket recurettage.
random,endothelium-derived relaxing factor,내피유래이완인자,해마경화(증),의사의 문서에 해마경화(증)가 언급되었다.,오답,-,True,해마경화(증),['bad_chars'],stop,The doctor's document mentioned endothelium-derived relaxing factor.
random,puboprostatic,두덩전립샘-,막창자 종괴,의사의 문서에 막창자 종괴가 언급되었다.,오답,-,True,막창자 종괴,[],stop,The doctor's document mentioned puboprostatic.
random,filarial chylocele,사상충성 음낭암죽종,수지상극,보고서는 이 환자에서 수지상극을 문서화했습니다.,오답,-,True,수지상극,[],stop,The report documented filarial chylocele in this patient.
random,high-grade lymphoma,심한 림프종,귀지샘,보고서는 이 환자에게서 귀지샘을 기록했습니다.,오답,-,True,귀지샘,[],stop,The report documented high-grade lymphoma in this patient.
random,paraffinoma,파라핀종,신경속막종말,보고서는 이 환자에서 신경속막종말을 기록했습니다.,오답,-,True,신경속막종말,[],stop,The report documented paraffinoma in this patient.
random,technetium uptake test,Tc섭취율,다발성 샘종성 폴립,이 환자에게 다발성 샘종성 폴립이 시행되었습니다.,오답,-,True,다발성 샘종성 폴립,[],stop,technetium uptake test was performed on this patient.
random,androgenic alopecia,안드로젠탈모증,넙다리두갈래근,보고서는 이 환자에게서 넙다리두갈래근을 기록했습니다.,오답,-,True,넙다리두갈래근,[],stop,The report documented androgenic alopecia in this patient.
random,videolaseroscopy,비디오레이저검사,샘창자옆주름,의사의 문서에 샘창자옆주름이 언급되었습니다.,오답,-,True,샘창자옆주름,[],stop,The doctor's document mentioned videolaseroscopy.
random,uncovertebral,갈고리돌기-,유전성 아밀로이드 신장병증,의사의 문서에 유전성 아밀로이드 신장병증이 언급되었습니다.,오답,-,True,유전성 아밀로이드 신장병증,[],stop,The doctor's document mentioned uncovertebral.
random,apoplectic coma,중풍혼수,막힌샛길,의사의 문서에 막힌샛길이 언급되었다.,오답,-,True,막힌샛길,[],stop,The doctor's document mentioned apoplectic coma.
random,enteral feeding,위장관영양,회음결핍,의사의 문서에 회음결핍이 언급되었다.,오답,-,True,회음결핍,[],stop,The doctor's document mentioned enteral feeding.
random,spot retinoscope,점상망막검영기,환경 치료요법,의사의 문서에 환경 치료요법이 언급되었습니다.,오답,-,True,환경 치료요법,[],stop,The doctor's document mentioned spot retinoscope.
random,ophthalmologic surgical procedures,안과 수술방법,도리깨질(증),의사의 문서에 도리깨질(증)이 언급되었습니다.,오답,-,True,도리깨질(증),['bad_chars'],stop,The doctor's document mentioned ophthalmologic surgical procedures.
random,monorchidism,홑고환증,주기코염,보고서는 이 환자에게 주기코염이 있음을 기록했다.,오답,-,True,주기코염,[],stop,The report documented monorchidism in this patient.
random,laryngeal nodule,후두결절,힐-샥스 병터,보고서는 이 환자에게 힐-샥스 병터가 있음을 문서화했다.,오답,-,True,힐-샥스 병터,[],stop,The report documented laryngeal nodule in this patient.
random,reducing artifact,감소인공물,질조영(술),의사의 문서에서 질조영(술)이 언급되었다.,오답,-,True,질조영(술),['bad_chars'],stop,The doctor's document mentioned reducing artifact.
random,combustion,화상,급속 분만,의사의 문서에 급속 분만이 언급되었다.,오답,-,True,급속 분만,[],stop,The doctor's document mentioned combustion.
random,echinocyte,톱니적혈구,팰리스터-킬리언 증후군,의사의 문서에 팰리스터-킬리언 증후군이 언급되었습니다.,오답,-,True,팰리스터-킬리언 증후군,[],stop,The doctor's document mentioned echinocyte.
random,gastradenitis,위샘염,등 열상,의사의 서류에 등 열상이 언급되었다.,오답,-,True,등 열상,[],stop,The doctor's document mentioned gastradenitis.
random,coproporphyrinuria,코프로포르피린뇨,미세림프절이식,의사의 문서에서 미세림프절이식을 언급했습니다.,오답,-,True,미세림프절이식,[],stop,The doctor's document mentioned coproporphyrinuria.
random,scorbutic ulcer,괴혈병궤양,배측 정맥 동맥혈화,의사의 문서에서 배측 정맥 동맥혈화를 언급했습니다.,오답,-,True,배측 정맥 동맥혈화,[],stop,The doctor's document mentioned scorbutic ulcer.
random,sheathed artery,집형성동맥,노년치매,의사의 문서는 노년치매를 언급했다.,오답,-,True,노년치매,[],stop,The doctor's document mentioned sheathed artery.
random,brachiocephalic trunk,팔머리동맥,철적혈모구빈혈,의사의 문서에 철적혈모구빈혈이 언급되었습니다.,오답,-,True,철적혈모구빈혈,[],stop,The doctor's document mentioned brachiocephalic trunk.
random,elongation,신장,무노출인구,의사의 문서에 무노출인구가 언급되었다.,오답,-,True,무노출인구,[],stop,The doctor's document mentioned elongation.
random,third ventricle,셋째뇌실,후장진법,의사의 문서에서 후장진법을 언급했습니다.,오답,-,True,후장진법,[],stop,The doctor's document mentioned third ventricle.
random,ionophore antibiotic,이온투과차단항생제,이온포어 항생제,의사의 문서에 이온포어 항생제가 언급되었습니다.,오답,-,False,유방 입체정위 생검술,[],stop,The doctor's document mentioned ionophore antibiotic.
random,zoe filling,치아진정처치,물리적깊이민감도,의사의 문서는 물리적깊이민감도를 언급했다.,오답,-,True,물리적깊이민감도,[],stop,The doctor's document mentioned zoe filling.
random,undercorrection,부족교정,혈관내 초음파촬영,의사의 문서에 혈관내 초음파촬영이 언급되었습니다.,오답,-,True,혈관내 초음파촬영,[],stop,The doctor's document mentioned undercorrection.
random,vaginal discharge,대하,풋첨단체과립,보고서는 이 환자에서 풋첨단체과립을 기록했습니다.,오답,-,True,풋첨단체과립,[],stop,The report documented vaginal discharge in this patient.
random,reverberating circuit,반향회로,장크도말검사,의사의 문서에서 장크도말검사를 언급했습니다.,오답,-,True,장크도말검사,[],stop,The doctor's document mentioned reverberating circuit.
random,x-ray illumination,X선필름판독대,수술중 신경생리학적 검사,의사의 문서에 수술중 신경생리학적 검사가 언급되었습니다.,오답,-,True,수술중 신경생리학적 검사,[],stop,The doctor's document mentioned x-ray illumination.
random,post-term,만삭후,면역글로불린계,의사의 문서에 면역글로불린계가 언급되었다.,오답,-,True,면역글로불린계,[],stop,The doctor's document mentioned post-term.
random,rodent ulcer,잠식궤양,코오간병,의사의 문서에 코오간병이 언급되었다.,오답,-,True,코오간병,[],stop,The doctor's document mentioned rodent ulcer.
random,menometrorrhagia,불규칙과다월경,절대암점,보고서는 이 환자에게 절대암점을 기록했다.,오답,-,True,절대암점,[],stop,The report documented menometrorrhagia in this patient.
random,transistor hearing aid,트랜지스터보청기,폐경전,의사의 문서에서 폐경전을 언급했습니다.,오답,-,True,폐경전,[],stop,The doctor's document mentioned transistor hearing aid.
random,teat,젖꼭지,안구 부기,의사의 문서에 안구 부기가 언급되었다.,오답,-,True,안구 부기,[],stop,The doctor's document mentioned teat.
random,imitative attitude,모방태도,닌히드린검사,의사의 문서가 닌히드린검사를 언급했다.,오답,-,True,닌히드린검사,[],stop,The doctor's document mentioned imitative attitude.
random,orofaciodigital syndrome,구안지 증후군,물낭,이 보고서는 이 환자에게서 물낭을 문서화했습니다.,오답,-,True,물낭,[],stop,The report documented orofaciodigital syndrome in this patient.
random,bacteriocin,박테리오신,태아쪽태반엽,의사의 문서에 태아쪽태반엽이 언급되었습니다.,오답,-,True,태아쪽태반엽,[],stop,The doctor's document mentioned bacteriocin.
random,costal angle,갈비뼈각,목바로잡기반사,의사의 문서에 목바로잡기반사가 언급되었다.,오답,-,True,목바로잡기반사,[],stop,The doctor's document mentioned costal angle.
random,lyophobic,소액성,스테인레스금관 합착,의사의 문서에 스테인레스금관 합착이 언급되었습니다.,오답,-,True,스테인레스금관 합착,[],stop,The doctor's document mentioned lyophobic.
random,primitive neuroectodermal tumor,원시신경외배엽종양,층별무작위배정(법),보고서는 이 환자에서 층별무작위배정(법)을 기록했습니다.,오답,-,True,층별무작위배정(법),['bad_chars'],stop,The report documented primitive neuroectodermal tumor in this patient.
random,marsupialization of cyst,낭종 주머니형성,낭종의 유낭화,보고서는 이 환자에서 낭종의 유낭화를 문서화했습니다.,오답,-,False,배측 정맥 동맥혈화,[],stop,The report documented marsupialization of cyst in this patient.
random,pseudomonas aeruginosa,녹농균,포비유 증후군,의사의 문서에 포비유 증후군이 언급되었습니다.,오답,-,True,포비유 증후군,[],stop,The doctor's document mentioned pseudomonas aeruginosa.
random,smith's fracture,스미드골절,풍토병,보고서는 이 환자에게서 풍토병을 문서화했다.,오답,-,True,풍토병,[],stop,The report documented smith's fracture in this patient.
random,monopolar depression,단극성 우울병,가시끝-,보고서는 이 환자에서 가시끝-을 문서화했습니다.,오답,-,True,가시끝-,[],stop,The report documented monopolar depression in this patient.
random,mutiple myeloma,다발성 골수종,요코가와흡충,보고서는 이 환자에게서 요코가와흡충을 기록했습니다.,오답,-,True,요코가와흡충,[],stop,The report documented mutiple myeloma in this patient.
random,fenestrated capillary,창문모세혈관,삽입,의사의 문서에 삽입이 언급되었다.,오답,-,True,삽입,[],stop,The doctor's document mentioned fenestrated capillary.
random,aspergillus niger,아스페르길루스니게르,경추성 현기증,의사의 문서에 경추성 현기증이 언급되었습니다.,오답,-,True,경추성 현기증,[],stop,The doctor's document mentioned aspergillus niger.
random,eccrine poroma,외분비 한공종,지라콩팥-,보고서는 이 환자에게서 지라콩팥-을 기록했다.,오답,-,True,지라콩팥-,[],stop,The report documented eccrine poroma in this patient.
random,blood donation,헌혈,요관깔때기이음부,의사의 문서에서 요관깔때기이음부를 언급했습니다.,오답,-,True,요관깔때기이음부,[],stop,The doctor's document mentioned blood donation.
random,annulospiral ending,고리나선신경종말,기질성 서경,의사의 문서에 기질성 서경이 언급되었다.,오답,-,True,기질성 서경,[],stop,The doctor's document mentioned annulospiral ending.
random,sao paulo fever,상파울로열,표피포도알균,보고서는 이 환자에게서 표피포도알균을 기록했습니다.,오답,-,True,표피포도알균,[],stop,The report documented sao paulo fever in this patient.
random,adjustable suture,조정봉합,협선,의사의 문서에 협선이 언급되었다.,오답,-,True,협선,[],stop,The doctor's document mentioned adjustable suture.
random,antigenic reversion,항원복귀,유전성 아밀로이드 신장병증,의사의 문서에 유전성 아밀로이드 신장병증이 언급되었습니다.,오답,-,True,유전성 아밀로이드 신장병증,[],stop,The doctor's document mentioned antigenic reversion.
random,meckel's diverticulectomy,멕켈 게실절제술,이종다당류,보고서는 이 환자에서 이종다당류를 문서화했습니다.,오답,-,True,이종다당류,[],stop,The report documented meckel's diverticulectomy in this patient.
random,suggillation,광범피부밑출혈,세정맥,의사의 문서에 세정맥이 언급되었다.,오답,-,True,세정맥,[],stop,The doctor's document mentioned suggillation.
random,m line,중간가로막,혈난관,의사의 문서에 혈난관이 언급되었다.,오답,-,True,혈난관,[],stop,The doctor's document mentioned m line.
random,stenoxenous parasite,협숙주기생충,사,의사의 문서에 사가 언급되었다.,오답,-,True,사,[],stop,The doctor's document mentioned stenoxenous parasite.
random,punctal ectropion,눈물점겉말림,파동편모충박멸-,이 환자의 파동편모충박멸-을 보고서에 기록했다.,오답,-,True,파동편모충박멸-,[],stop,The report documented punctal ectropion in this patient.
random,presbyophrenia,노년치매,난소위체낭,의사의 문서에서는 난소위체낭이 언급되었습니다.,오답,-,True,난소위체낭,[],stop,The doctor's document mentioned presbyophrenia.
random,cholangioscopy,담관내시경(술),종양특이항원,의사의 문서에서 종양특이항원이 언급되었습니다.,오답,-,True,종양특이항원,[],stop,The doctor's document mentioned cholangioscopy.
random,balloon kyphoplasty,풍선 척추성형,인두,이 환자에서 인두를 시행한 것으로 보고되었습니다.,오답,-,True,인두,[],stop,The report documented balloon kyphoplasty in this patient.
random,root resection,치근 절제술,코프로포르피린뇨,보고서는 이 환자에서 코프로포르피린뇨를 기록했다.,오답,-,True,코프로포르피린뇨,[],stop,The report documented root resection in this patient.
random,horopter,단일시궤도,비기허,의사의 문서에 비기허가 언급되었다.,오답,-,True,비기허,[],stop,The doctor's document mentioned horopter.
random,classic abdominoplasty,전형적 복부성형술,코중격각,보고서는 이 환자에서 코중격각을 기록했습니다.,오답,-,True,코중격각,[],stop,The report documented classic abdominoplasty in this patient.
random,rheumatoid vasculitis,류마티스혈관염,구연산,보고서는 이 환자에서 구연산을 문서화했습니다.,오답,-,True,구연산,[],stop,The report documented rheumatoid vasculitis in this patient.
random,ocular fundus,안저,치근단 수술,의사의 문서에 치근단 수술이 언급되었습니다.,오답,-,True,치근단 수술,[],stop,The doctor's document mentioned ocular fundus.
random,thyroid nodule,갑상선소결절,큰적혈구빈혈,의사의 문서에서 큰적혈구빈혈을 언급했습니다.,오답,-,True,큰적혈구빈혈,[],stop,The doctor's document mentioned thyroid nodule.
random,hypofunction,기능저하,종양유전자,의사의 문서에 종양유전자가 언급되었습니다.,오답,-,True,종양유전자,[],stop,The doctor's document mentioned hypofunction.
random,postoperative nasopharynx cancer,"비인두암, 수술후 상태",배측 정맥 동맥혈화,보고서는 이 환자에서 배측 정맥 동맥혈화를 문서화했습니다.,오답,-,True,배측 정맥 동맥혈화,[],stop,The report documented postoperative nasopharynx cancer in this patient.
random,hearing impairment,청각 부전,해마경화(증),보고서는 이 환자의 해마경화(증)을 문서화했습니다.,오답,-,True,해마경화(증),['bad_chars'],stop,The report documented hearing impairment in this patient.
random,continuous,연속-,파울러자유아메바,의사의 문서에 파울러자유아메바가 언급되었다.,오답,-,True,파울러자유아메바,[],stop,The doctor's document mentioned continuous.
random,uncoupling,결합저지,판막이동수술,의사의 문서에 판막이동수술이 언급되었습니다.,오답,-,True,판막이동수술,[],stop,The doctor's document mentioned uncoupling.
random,subretinal,망막밑-,조약돌혀,의사의 문서에서 조약돌혀를 언급했습니다.,오답,-,True,조약돌혀,[],stop,The doctor's document mentioned subretinal.
random,venule,세정맥,실론구충,의사의 문서에 실론구충이 언급되었다.,오답,-,True,실론구충,[],stop,The doctor's document mentioned venule.
random,ceruminous gland,귀지샘,내시경 이용 눈물주머니코안 연결 교정,의사의 문서에서는 내시경 이용 눈물주머니코안 연결 교정을 언급했습니다.,오답,-,True,내시경 이용 눈물주머니코안 연결 교정,[],stop,The doctor's document mentioned ceruminous gland.
random,nitrogen dioxide,이산화질소,셋째뇌실,의사의 문서에서 셋째뇌실이 언급되었습니다.,오답,-,True,셋째뇌실,[],stop,The doctor's document mentioned nitrogen dioxide.
random,reverse mutation,역돌연변이,양측 목구멍 편도,의사의 문서에는 양측 목구멍 편도가 언급되어 있었다.,오답,-,True,양측 목구멍 편도,[],stop,The doctor's document mentioned reverse mutation.
random,familial polyposis,가족성폴립증,반향회로,의사의 문서에서는 반향회로를 언급했습니다.,오답,-,True,반향회로,[],stop,The doctor's document mentioned familial polyposis.
random,blood fluke,주혈흡충,미차폐양성자,의사의 문서에서 미차폐양성자를 언급했습니다.,오답,-,True,미차폐양성자,[],stop,The doctor's document mentioned blood fluke.
random,delay procedure,지연처치,기술역학,의사의 서류에 기술역학이 언급되었다.,오답,-,True,기술역학,[],stop,The doctor's document mentioned delay procedure.
random,eurytrema pancreaticum,췌질,삼중검사,의사의 문서에 삼중검사가 언급되어 있었다.,오답,-,True,삼중검사,[],stop,The doctor's document mentioned eurytrema pancreaticum.
random,intermittent explosive disorder,간헐폭발병,과칼슘혈증에서의 치매,보고서는 이 환자에서 과칼슘혈증에서의 치매를 문서화했습니다.,오답,-,True,과칼슘혈증에서의 치매,[],stop,The report documented intermittent explosive disorder in this patient.
random,interoceptive,내수용-,거짓눈꺼풀처짐,의사의 문서에 거짓눈꺼풀처짐이 언급되었습니다.,오답,-,True,거짓눈꺼풀처짐,[],stop,The doctor's document mentioned interoceptive.
random,onchocercoma,회선사상충결절,증식혈관내혈관내피종,의사의 문서에는 증식혈관내혈관내피종이 언급되어 있었습니다.,오답,-,True,증식혈관내혈관내피종,[],stop,The doctor's document mentioned onchocercoma.
random,endoscopic transmyocardial revascularization,내시경 이용 심근경유 혈관 재형성,타인중심-,이 보고서는 이 환자에서 타인중심-을 문서화했습니다.,오답,-,True,타인중심-,[],stop,The report documented endoscopic transmyocardial revascularization in this patient.
random,ctha and ctap,컴퓨터 단층촬영 간 동맥조영술과 컴퓨터 단층촬영 문맥조영술,횡행결장절제술,이 환자에서 횡행결장절제술이 보고되었습니다.,오답,-,True,횡행결장절제술,[],stop,The report documented ctha and ctap in this patient.
random,transcervical thymectomy,자궁목 경유 가슴샘 절제,식도 곁주머니염,이 보고서는 이 환자에서 식도 곁주머니염을 문서화했습니다.,오답,-,True,식도 곁주머니염,[],stop,The report documented transcervical thymectomy in this patient.
random,assess disimpaction,매복변제거 사정,두덩곧창자근,의사의 문서에 두덩곧창자근이 언급되었습니다.,오답,-,True,두덩곧창자근,[],stop,The doctor's document mentioned assess disimpaction.
random,pachyonychia congenita,선천손발톱비대증,주시점맹점암점,의사의 문서에 주시점맹점암점이 언급되었습니다.,오답,-,True,주시점맹점암점,[],stop,The doctor's document mentioned pachyonychia congenita.
random,retrograde impulse,역방향흥분,표준화비율비,의사의 문서에 표준화비율비가 언급되었습니다.,오답,-,True,표준화비율비,[],stop,The doctor's document mentioned retrograde impulse.
random,reactive,반응성-,의료급여대상자,의사의 서류에 의료급여대상자가 언급되었습니다.,오답,-,True,의료급여대상자,[],stop,The doctor's document mentioned reactive.
random,posttransplant lymphoproliferative disease,이식후림프세포증식병,진행성 반쪽얼굴 위축,의사의 문서에 진행성 반쪽얼굴 위축이 언급되었습니다.,오답,-,True,진행성 반쪽얼굴 위축,[],stop,The doctor's document mentioned posttransplant lymphoproliferative disease.
random,bionator,바이오네이터,골내재,의사의 문서에 골내재가 언급되었다.,오답,-,True,골내재,[],stop,The doctor's document mentioned bionator.
random,interim abutment,임시 지대주,전방위,의사의 문서는 전방위를 언급했다.,오답,-,True,전방위,[],stop,The doctor's document mentioned interim abutment.
random,tubular reabsorption,요세관재흡수,바깄귀길위오목,의사의 문서에서 바깥귀길위오목을 언급했습니다.,오답,-,False,바깥귀길위오목,['span_not_substring'],stop,The doctor's document mentioned tubular reabsorption.
random,ineffective protection,비효율적 방어능력,저비중뇨,의사의 문서에 저비중뇨가 언급되었습니다.,오답,-,True,저비중뇨,[],stop,The doctor's document mentioned ineffective protection.
random,antroscope,위턱굴보개,조기흥분,의사의 문서에 조기흥분이 언급되었다.,오답,-,True,조기흥분,[],stop,The doctor's document mentioned antroscope.
random,angioma cavernosum,해면혈관종,난소 낭종 적출술,의사의 문서에는 난소 낭종 적출술이 언급되었습니다.,오답,-,True,난소 낭종 적출술,[],stop,The doctor's document mentioned angioma cavernosum.
random,carbamino reaction,카르바미노반응,손톱의 곤봉화,의사의 문서에 손톱의 곤봉화가 언급되었습니다.,오답,-,True,손톱의 곤봉화,[],stop,The doctor's document mentioned carbamino reaction.
random,secretory cyst,분비체류성낭,파라믹소바이러스 감염,의사의 문서에서 파라믹소바이러스 감염을 언급했습니다.,오답,-,True,파라믹소바이러스 감염,[],stop,The doctor's document mentioned secretory cyst.
random,primary mover,주작용근,영아기,의사의 문서에서는 영아기를 언급했다.,오답,-,True,영아기,[],stop,The doctor's document mentioned primary mover.
random,laparoscopic appendectomy,배안보개 이용 막창자꼬리 절제,돌창자 신생물,이 환자에서 돌창자 신생물이 기록되었습니다.,오답,-,True,돌창자 신생물,[],stop,The report documented laparoscopic appendectomy in this patient.
random,columella lengthening,코기둥연장(술),두개내공간점유병변,의사의 문서에서는 두개내공간점유병변을 언급했습니다.,오답,-,True,두개내공간점유병변,[],stop,The doctor's document mentioned columella lengthening.
random,epidural nerve block,경막외 신경차단술,수지상극,의사의 문서에서는 수지상극이 언급되었습니다.,오답,-,True,수지상극,[],stop,The doctor's document mentioned epidural nerve block.
random,paraduodenal fold,샘창자옆주름,후적혈구,의사의 문서에서 후적혈구를 언급했습니다.,오답,-,True,후적혈구,[],stop,The doctor's document mentioned paraduodenal fold.
random,arm-to-retina circulation time,팔망막순환시간,복부및골반동맥조영-자궁동맥,의사의 문서에는 복부및골반동맥조영-자궁동맥이 언급되어 있었습니다.,오답,-,True,복부및골반동맥조영-자궁동맥,[],stop,The doctor's document mentioned arm-to-retina circulation time.
random,dental granuloma,뿌리끝육아종,간실질상,의사의 문서에 간실질상이 언급되었습니다.,오답,-,True,간실질상,[],stop,The doctor's document mentioned dental granuloma.
random,infraction,균열골절,결손간섭입자,의사의 문서에 결손간섭입자가 언급되었다.,오답,-,True,결손간섭입자,[],stop,The doctor's document mentioned infraction.
random,rickets of prematurity,미숙아의 구루병,부교감신경계통,보고서는 이 환자에서 부교감신경계통을 문서화했습니다.,오답,-,True,부교감신경계통,[],stop,The report documented rickets of prematurity in this patient.
random,personal identity disturbance,자아정체성장애,망막위축,의사의 문서에 망막위축이 언급되었다.,오답,-,True,망막위축,[],stop,The doctor's document mentioned personal identity disturbance.
random,acclimation fever,순화열,"콩팥요관방광촬영, 왼쪽측방향","의사의 문서에 콩팥요관방광촬영, 왼쪽측방향이 언급되었습니다.",오답,-,True,"콩팥요관방광촬영, 왼쪽측방향",[],stop,The doctor's document mentioned acclimation fever.
random,fasciola hepatica,간질,인공중이삽입물의 존재,의사의 문서에는 인공중이삽입물의 존재가 언급되어 있었습니다.,오답,-,True,인공중이삽입물의 존재,[],stop,The doctor's document mentioned fasciola hepatica.
random,egg yolk medium,달걀노른자배지,절단끈환각,의사의 문서에 절단끝환각이 언급되었다.,오답,-,False,절단끝환각,['span_not_substring'],stop,The doctor's document mentioned egg yolk medium.
random,enteral tube irrigation,위장관세척,혈관내 초음파촬영,의사의 문서에 혈관내 초음파촬영이 언급되었습니다.,오답,-,True,혈관내 초음파촬영,[],stop,The doctor's document mentioned enteral tube irrigation.
random,dorsal vein arterialization,배측 정맥 동맥혈화,편평안구,보고서는 이 환자에서 편평안구를 문서화했습니다.,오답,-,True,편평안구,[],stop,The report documented dorsal vein arterialization in this patient.
random,pilar cyst,모낭,이형,이 보고서는 이 환자의 이형을 기록했습니다.,오답,-,True,이형,[],stop,The report documented pilar cyst in this patient.
random,vasectomy seekers,정관절제술탐침,피지낭종,의사의 문서에 피지낭종이 언급되었습니다.,오답,-,True,피지낭종,[],stop,The doctor's document mentioned vasectomy seekers.
random,metathalamus,시상후부,항중성구세포질항체,의사의 문서에는 항중성구세포질항체가 언급되어 있었다.,오답,-,True,항중성구세포질항체,[],stop,The doctor's document mentioned metathalamus.
random,ocular prosthesis,의안,살리실아마이드,의사의 문서에 살리실아마이드가 언급되었습니다.,오답,-,True,살리실아마이드,[],stop,The doctor's document mentioned ocular prosthesis.
random,noonan syndrome,누난 증후군,세척,이 보고서는 이 환자에게서 세척을 문서화했습니다.,오답,-,True,세척,[],stop,The report documented noonan syndrome in this patient.
random,petrooccipital fissure,바위뒤통수틈새,교원 섬유 이식술,의사의 문서에 교원 섬유 이식술이 언급되었습니다.,오답,-,True,교원 섬유 이식술,[],stop,The doctor's document mentioned petrooccipital fissure.
random,analgesia dolorosa,무감각부위통증,시클라메이트,의사의 문서에 시클라메이트가 언급되었습니다.,오답,-,True,시클라메이트,[],stop,The doctor's document mentioned analgesia dolorosa.
random,surgical staging,외과적시기결정,맞물림이상(앞쪽)(뒤쪽),의사의 문서에 맞물림이상(앞쪽)(뒤쪽)이 언급되었습니다.,오답,-,True,맞물림이상(앞쪽)(뒤쪽),['bad_chars'],stop,The doctor's document mentioned surgical staging.
random,ear drum,고막,연합-,의사의 문서는 연합-을 언급했다.,오답,-,True,연합-,[],stop,The doctor's document mentioned ear drum.
random,retroactive inhibition,역행기억억제,체반,의사의 문서에는 체반이 언급되어 있었다.,오답,-,True,체반,[],stop,The doctor's document mentioned retroactive inhibition.
random,parasympathetic nervous system,부교감신경계통,치아진정처치,의사의 문서에서 치아진정처치를 언급했습니다.,오답,-,True,치아진정처치,[],stop,The doctor's document mentioned parasympathetic nervous system.
random,leukokeratosis nicotina palati,구개 니코틴성 백색각화증,람블편모충증,보고서는 이 환자에서 람블편모충증을 문서화했습니다.,오답,-,True,람블편모충증,[],stop,The report documented leukokeratosis nicotina palati in this patient.
random,radiodigital,노손가락-,교원 섬유 이식술,의사의 문서에서 교원 섬유 이식술을 언급했습니다.,오답,-,True,교원 섬유 이식술,[],stop,The doctor's document mentioned radiodigital.
random,worm-eaten soles,벌레먹은 발바닥,천증,보고서는 이 환자의 천증을 문서화했다.,오답,-,True,천증,[],stop,The report documented worm-eaten soles in this patient.
random,substantia nigra,흑(색)질,소리굽쇠,의사의 문서에서 소리굽쇠를 언급했다.,오답,-,True,소리굽쇠,[],stop,The doctor's document mentioned substantia nigra.
random,ureteroscopic,요도경검사에 의한,전립샘통증,의사의 문서에 전립샘통증이 언급되었습니다.,오답,-,True,전립샘통증,[],stop,The doctor's document mentioned ureteroscopic.
random,preexcitation ecg,조기흥분,내피유래이완인자,보고서는 이 환자에서 내피유래이완인자를 문서화했습니다.,오답,-,True,내피유래이완인자,[],stop,The report documented preexcitation ecg in this patient.
random,long labor,지연 진통,온코사이막,이 환자의 온코사이막을 보고서에 기록했다.,오답,-,True,온코사이막,[],stop,The report documented long labor in this patient.
random,status thymicus,가슴샘체질,로트문드 톰슨 증후군,의사의 문서에 로트문드 톰슨 증후군이 언급되었다.,오답,-,True,로트문드 톰슨 증후군,[],stop,The doctor's document mentioned status thymicus.
random,convalescence following chemotherapy,화학요법후 회복기,항암화학요법 후 회복기,보고서는 이 환자에서 항암화학요법 후 회복기를 문서화했습니다.,오답,-,False,요오드표지-,[],stop,The report documented convalescence following chemotherapy in this patient.
random,hereditary amyloid nephropathy,유전성 아밀로이드 신장병증,낭종 주머니형성,보고서는 이 환자에서 낭종 주머니형성을 문서화했습니다.,오답,-,True,낭종 주머니형성,[],stop,The report documented hereditary amyloid nephropathy in this patient.
random,thymopoietin,티모포이에틴,상대암점,의사의 문서에 상대암점이 언급되었습니다.,오답,-,True,상대암점,[],stop,The doctor's document mentioned thymopoietin.
random,uropoiesis,요생산,전두,의사의 문서는 전두를 언급했다.,오답,-,True,전두,[],stop,The doctor's document mentioned uropoiesis.
random,ileal neoplasms,돌창자 신생물,배측 정맥 동맥혈화,의사의 문서에 배측 정맥 동맥혈화가 언급되었습니다.,오답,-,True,배측 정맥 동맥혈화,[],stop,The doctor's document mentioned ileal neoplasms.
random,cap crown,금관,숨참기발작,의사의 문서에 숨참기발작이 언급되었다.,오답,-,True,숨참기발작,[],stop,The doctor's document mentioned cap crown.
random,aspirations (psychology),흡인,만삭후,의사의 문서가 만삭후를 언급했다.,오답,-,True,만삭후,[],stop,The doctor's document mentioned aspirations (psychology).
random,cervico-occipital neuralgia,목 뒤통수 신경통,거짓눈구석주름,보고서는 이 환자에서 거짓눈구석주름을 문서화했습니다.,오답,-,True,거짓눈구석주름,[],stop,The report documented cervico-occipital neuralgia in this patient.
random,orthognathic surgery,악교정수술,후두기관협착(증),의사의 문서에서 후두기관협착(증)이 언급되었습니다.,오답,-,True,후두기관협착(증),['bad_chars'],stop,The doctor's document mentioned orthognathic surgery.
random,polyneuralgia,다발신경통,위턱굴보개,의사의 문서에서 위턱굴보개를 언급했습니다.,오답,-,True,위턱굴보개,[],stop,The doctor's document mentioned polyneuralgia.
random,open-chain compound,열린사슬화합물,빈대,의사의 문서에 빈대가 언급되었다.,오답,-,True,빈대,[],stop,The doctor's document mentioned open-chain compound.
random,glycophorin,글리코포린,겉질기저 변성,의사의 문서에 겉질기저 변성이 언급되었다.,오답,-,True,겉질기저 변성,[],stop,The doctor's document mentioned glycophorin.
random,laparoscopic unilateral salpingo-oophorectomy,배안보개 이용 한쪽 자궁관난소 적출,흑색땀증,이 환자에서 흑색땀증이 보고되었습니다.,오답,-,True,흑색땀증,[],stop,The report documented laparoscopic unilateral salpingo-oophorectomy in this patient.
random,puborectalis muscle,두덩곧창자근,요골수근관절,의사의 문서에서 요골수근관절을 언급했습니다.,오답,-,True,요골수근관절,[],stop,The doctor's document mentioned puborectalis muscle.
random,dyspnea disorder,천증,코티솔결합글로불린,보고서는 이 환자에서 코티솔결합글로불린을 문서화했습니다.,오답,-,True,코티솔결합글로불린,[],stop,The report documented dyspnea disorder in this patient.
random,ureteropelvic junction,요관깔때기이음부,청각 부전,의사의 문서에서 청각 부전을 언급했습니다.,오답,-,True,청각 부전,[],stop,The doctor's document mentioned ureteropelvic junction.
random,eosinophilic non-allergic rhinitis,호산성 비알레르기성 비염,진행성 반쪽얼굴 위축,의사의 문서에는 진행성 반쪽얼굴 위축이 언급되어 있었다.,오답,-,True,진행성 반쪽얼굴 위축,[],stop,The doctor's document mentioned eosinophilic non-allergic rhinitis.
random,fixator muscle,고정근육,부고환관,의사의 문서에 부고환관이 언급되었다.,오답,-,True,부고환관,[],stop,The doctor's document mentioned fixator muscle.
random,endosome,엔도솜,단백질소실장병(증),의사의 문서에 단백질소실장병(증)이 언급되었습니다.,오답,-,True,단백질소실장병(증),['bad_chars'],stop,The doctor's document mentioned endosome.
random,stenopeic,가는틈-,위아래턱부조화,의사의 문서에 위아래턱부조화가 언급되었습니다.,오답,-,True,위아래턱부조화,[],stop,The doctor's document mentioned stenopeic.
random,femur,넙다리뼈,치관외-,의사의 문서에서 치관외-를 언급했습니다.,오답,-,True,치관외-,[],stop,The doctor's document mentioned femur.
random,autoeroticism,자기성애,손톱의 곤봉화,의사의 문서에 손톱의 곤봉화가 언급되었습니다.,오답,-,True,손톱의 곤봉화,[],stop,The doctor's document mentioned autoeroticism.
random,immunodiagnostic method,면역진단법,외상후 다발관절증,의사의 문서에서는 외상후 다발관절증을 언급했습니다.,오답,-,True,외상후 다발관절증,[],stop,The doctor's document mentioned immunodiagnostic method.
random,eye swelling,안구 부기,전립샘통증,의사의 문서에 전립샘통증이 언급되었습니다.,오답,-,True,전립샘통증,[],stop,The doctor's document mentioned eye swelling.
random,potential doubling time,잠재배가시간,수지상극,의사의 문서에 수지상극이 언급되었습니다.,오답,-,True,수지상극,[],stop,The doctor's document mentioned potential doubling time.
random,factor viii,제8인자,대하,의사의 문서에서는 대하를 언급했습니다.,오답,-,True,대하,[],stop,The doctor's document mentioned factor viii.
random,tzanck smear test,장크도말검사,척주굽이,의사의 문서에 척주굽이가 언급되었습니다.,오답,-,True,척주굽이,[],stop,The doctor's document mentioned tzanck smear test.
random,genuine diabetes,진성당뇨병,개별특이형항체조절망,의사의 문서에 개별특이형항체조절망이 언급되었습니다.,오답,-,True,개별특이형항체조절망,[],stop,The doctor's document mentioned genuine diabetes.
random,prostate mri,기본자기공명영상진단-복부-전립선-일반,근육긴장저하,이 환자에게 근육긴장저하가 시행되었습니다.,오답,-,True,근육긴장저하,[],stop,prostate mri was performed on this patient.
random,incretology,내분비학,질병 양상,의사의 문서에 질병 양상이 언급되었다.,오답,-,True,질병 양상,[],stop,The doctor's document mentioned incretology.
random,tracheobronchial,기관기관지-,기관지기관,의사의 문서에서 기관지기관을 언급했습니다.,오답,-,False,안구내-,[],stop,The doctor's document mentioned tracheobronchial.
random,dysostosis multiplex group,다발 집단 뼈발생이상,지속들숨,의사의 문서에 지속들숨이 언급되었다.,오답,-,True,지속들숨,[],stop,The doctor's document mentioned dysostosis multiplex group.
random,macrostomia cribrosa,체반,침샘관성형(술),의사의 문서에 침샘관성형(술)이 언급되었다.,오답,-,True,침샘관성형(술),['bad_chars'],stop,The doctor's document mentioned macrostomia cribrosa.
random,spireme,분산사구,합포체-,의사의 문서에 합포체-가 언급되었다.,오답,-,True,합포체-,[],stop,The doctor's document mentioned spireme.
random,enteral feeding regime,경장 섭취 요법,소육아종 유방염,의사의 문서에 소육아종 유방염이 언급되었습니다.,오답,-,True,소육아종 유방염,[],stop,The doctor's document mentioned enteral feeding regime.
random,posterior cordectomy,뒷쪽 성대 절제,신생아식도역류,보고서는 이 환자에서 신생아식도역류를 기록했다.,오답,-,True,신생아식도역류,[],stop,The report documented posterior cordectomy in this patient.
random,assess circulatory care,순환계간호 사정,사골동염근치술; 비내 접근법,의사의 문서에서는 사골동염근치술; 비내 접근법을 언급했습니다.,오답,-,True,사골동염근치술; 비내 접근법,[],stop,The doctor's document mentioned assess circulatory care.
random,radionuclide angiocardiography,방사성핵종심(장)혈관조영(술),Tc섭취율,의사의 문서에 Tc섭취율이 언급되었습니다.,오답,-,True,Tc섭취율,['bad_chars'],stop,The doctor's document mentioned radionuclide angiocardiography.
random,blood in stool,대변 속 혈액,재발성 갑상선암,의사의 문서에 재발성 갑상선암이 언급되었습니다.,오답,-,True,재발성 갑상선암,[],stop,The doctor's document mentioned blood in stool.
random,inhalator,흡입기,수술쓸개관조영(술),의사의 문서에 수술쓸개관조영(술)이 언급되었습니다.,오답,-,True,수술쓸개관조영(술),['bad_chars'],stop,The doctor's document mentioned inhalator.
random,counterfeit disease,꾀병,앵무새열,의사의 문서에 앵무새열이 언급되었습니다.,오답,-,True,앵무새열,[],stop,The doctor's document mentioned counterfeit disease.
random,supratentorial neoplasms,천막위 신생물,해면혈관종,의사의 문서에 해면혈관종이 언급되었습니다.,오답,-,True,해면혈관종,[],stop,The doctor's document mentioned supratentorial neoplasms.
random,entire nasal septum,온코사이막,갈리움 스캔,의사의 문서에서는 갈리움 스캔을 언급했습니다.,오답,-,True,갈리움 스캔,[],stop,The doctor's document mentioned entire nasal septum.
random,hairy-cell leukemia,털세포백혈병,흡입기,이 보고서는 이 환자에서 흡입기를 문서화했습니다.,오답,-,True,흡입기,[],stop,The report documented hairy-cell leukemia in this patient.
random,nonalcoholic steaohepatitis,비알코올성 지방간염,신보강화학요법,보고서는 이 환자에게 신보강화학요법이 있음을 문서화했습니다.,오답,-,True,신보강화학요법,[],stop,The report documented nonalcoholic steaohepatitis in this patient.
random,conjoined,연합-,불개미,의사의 문서에 불개미가 언급되었다.,오답,-,True,불개미,[],stop,The doctor's document mentioned conjoined.
random,cyst of prostate,전립샘 낭,발허리간관절조직,보고서는 이 환자에서 발허리간관절조직을 문서화했습니다.,오답,-,True,발허리간관절조직,[],stop,The report documented cyst of prostate in this patient.
random,fiberoptic endoscopic,광섬유내시경,요세관재흡수,의사의 문서에 요세관재흡수가 언급되었습니다.,오답,-,True,요세관재흡수,[],stop,The doctor's document mentioned fiberoptic endoscopic.
random,anaphylactoid crisis,아나필락시스유사위기,물공기가슴증,의사의 문서에 물공기가슴증이 언급되었습니다.,오답,-,True,물공기가슴증,[],stop,The doctor's document mentioned anaphylactoid crisis.
random,holoparasite,완전기생체,질방광탈출(증),의사의 문서에서 질방광탈출(증)이 언급되었습니다.,오답,-,True,질방광탈출(증),['bad_chars'],stop,The doctor's document mentioned holoparasite.
random,cataract ou,두눈 백내장,귓바퀴관자신경,의사의 문서에 귓바퀴관자신경이 언급되었습니다.,오답,-,True,귓바퀴관자신경,[],stop,The doctor's document mentioned cataract ou.
random,hydropneumothorax,물공기가슴증,긴장-수기흉,보고서는 이 환자에게 긴장-수기흉이 있음을 문서화했습니다.,오답,-,True,긴장-,[],stop,The report documented hydropneumothorax in this patient.
random,myotonia,근긴장증,이동진료소,보고서는 이 환자에게 이동진료소를 기록했습니다.,오답,-,True,이동진료소,[],stop,The report documented myotonia in this patient.
random,pericanalicular,소관주위-,방사선피부염,의사의 문서에 방사선피부염이 언급되었다.,오답,-,True,방사선피부염,[],stop,The doctor's document mentioned pericanalicular.
random,carpenter's syndrome,카펜터 증후군,비브리오살균제,이 보고서는 이 환자에서 비브리오살균제를 문서화했습니다.,오답,-,True,비브리오살균제,[],stop,The report documented carpenter's syndrome in this patient.
random,intermenstruum,월경간기,무감각부위통증,의사의 문서에 무감각부위통증이 언급되었습니다.,오답,-,True,무감각부위통증,[],stop,The doctor's document mentioned intermenstruum.
random,cabot ring bodies,카보트고리소체,독성심장병(증),의사의 문서에는 독성심장병(증)이 언급되어 있었다.,오답,-,True,독성심장병(증),['bad_chars'],stop,The doctor's document mentioned cabot ring bodies.
random,organic writer's cramp,기질성 서경,힐-샥스 병터,보고서는 이 환자의 힐-샥스 병터를 기록했다.,오답,-,True,힐-샥스 병터,[],stop,The report documented organic writer's cramp in this patient.
random,perform diversional care,전환간호 수행,다발신경통,의사의 문서에 다발신경통이 언급되었습니다.,오답,-,True,다발신경통,[],stop,The doctor's document mentioned perform diversional care.
random,postmenopausal bleeding,폐경기후 출혈,회전양극관,보고서는 이 환자에서 회전양극관을 문서화했습니다.,오답,-,True,회전양극관,[],stop,The report documented postmenopausal bleeding in this patient.
random,pit carries,오목부분 우식,신경절절제(술),보고서는 이 환자에서 신경절절제(술)를 기록했습니다.,오답,-,True,신경절절제(술),['bad_chars'],stop,The report documented pit carries in this patient.
random,ulcerative gingivitis (chronic),궤양성 치은염(잇몸염)(만성),탄분증,의사의 문서에 탄분증이 언급되었습니다.,오답,-,True,탄분증,[],stop,The doctor's document mentioned ulcerative gingivitis (chronic).
random,plating method,평판배양법,고티록신혈증,의사의 문서에 고티록신혈증이 언급되었습니다.,오답,-,True,고티록신혈증,[],stop,The doctor's document mentioned plating method.
random,macular holes,황반 원공,내시경 이용 눈물주머니코안 연결 교정,의사의 문서에서 내시경 이용 눈물주머니코안 연결 교정을 언급했습니다.,오답,-,True,내시경 이용 눈물주머니코안 연결 교정,[],stop,The doctor's document mentioned macular holes.
random,dying process deteriorated,임종과정 악화됨,종양태아-,의사의 문서에서 종양태아-가 언급되었습니다.,오답,-,True,종양태아-,[],stop,The doctor's document mentioned dying process deteriorated.
random,mediastinotomy,세로칸절개(술),특발성 편측비대증,의사의 문서에서는 특발성 편측비대증을 언급했습니다.,오답,-,True,특발성 편측비대증,[],stop,The doctor's document mentioned mediastinotomy.
random,vegetant intravascular hemangioendothelioma,증식혈관내혈관내피종,식생성 혈관내 혈관내피종,의사의 문서에서 식생성 혈관내 혈관내피종이 언급되었습니다.,오답,-,False,의학유전학,[],stop,The doctor's document mentioned vegetant intravascular hemangioendothelioma.
random,skull view,두부촬영,불완전프로파지,의사의 문서에 불완전프로파지가 언급되었다.,오답,-,True,불완전프로파지,[],stop,The doctor's document mentioned skull view.
random,nerve root injury,척추 신경뿌리의 손상,근육긴장저하,보고서는 이 환자에서 근육긴장저하를 문서화했습니다.,오답,-,True,근육긴장저하,[],stop,The report documented nerve root injury in this patient.
random,clay stool,회색변,앙와위,의사의 문서에 앙와위가 언급되었습니다.,오답,-,True,앙와위,[],stop,The doctor's document mentioned clay stool.
random,von hippel-lindau disease,폰히펠-린다우병,자궁목 절단,의사의 문서에 자궁목 절단이 언급되었습니다.,오답,-,True,자궁목 절단,[],stop,The doctor's document mentioned von hippel-lindau disease.
random,arthroscopic menisectomy,관절경 이용 초승달 절제,복부외-,이 환자에서 복부외-를 기록했다.,오답,-,True,복부외-,[],stop,The report documented arthroscopic menisectomy in this patient.
random,anthracosis,탄분증,폰히펠-린다우병,보고서는 이 환자에서 폰히펠-린다우병을 기록했다.,오답,-,True,폰히펠-린다우병,[],stop,The report documented anthracosis in this patient.
random,endocervical hyperplasia,자궁목내막과다형성,사지길이부동증,의사의 문서에서는 사지길이부동증이 언급되었습니다.,오답,-,True,사지길이부동증,[],stop,The doctor's document mentioned endocervical hyperplasia.
random,apicoectomy,치근첨절제(술),옆구리 찰과상,보고서는 이 환자에서 옆구리 찰과상을 문서화했습니다.,오답,-,True,옆구리 찰과상,[],stop,The report documented apicoectomy in this patient.
random,palpating,촉진하기,궤양림프절야생토끼병,의사의 문서에 궤양림프절야생토끼병이 언급되었습니다.,오답,-,True,궤양림프절야생토끼병,[],stop,The doctor's document mentioned palpating.
random,anesthesiologist,마취과의사,스테인레스금관 합착,의사의 문서에서 스테인레스금관 합착을 언급했습니다.,오답,-,True,스테인레스금관 합착,[],stop,The doctor's document mentioned anesthesiologist.
random,operative cholangiography,수술쓸개관조영(술),성끈기질종양,의사의 문서에 성끈기질종양이 언급되었습니다.,오답,-,True,성끈기질종양,[],stop,The doctor's document mentioned operative cholangiography.
random,pilomatrixoma,털바탕질종,항균안약,보고서는 이 환자에게서 항균안약을 기록했습니다.,오답,-,True,항균안약,[],stop,The report documented pilomatrixoma in this patient.
random,foville syndrome,포비유 증후군,욕조,보고서는 이 환자에서 욕조를 문서화했습니다.,오답,-,True,욕조,[],stop,The report documented foville syndrome in this patient.
random,ischial tuberosity structure,궁둥뼈결절,혈소판,의사의 문서에 혈소판이 언급되었습니다.,오답,-,True,혈소판,[],stop,The doctor's document mentioned ischial tuberosity structure.
random,frolement,미세마찰음,손목의 관절주위염,의사의 문서에 손목의 관절주위염이 언급되었다.,오답,-,True,손목의 관절주위염,[],stop,The doctor's document mentioned frolement.
random,neurodeatrophia,망막위축,절단끝환각,의사의 문서에 절단끝환각이 언급되었습니다.,오답,-,True,절단끝환각,[],stop,The doctor's document mentioned neurodeatrophia.
random,cold sore,입술헤르페스,사지길이부동증,의사의 문서에 사지길이부동증이 언급되었습니다.,오답,-,True,사지길이부동증,[],stop,The doctor's document mentioned cold sore.
random,assess breastfeeding support,모유수유지지 사정,내분비학,의사의 문서는 내분비학을 언급했습니다.,오답,-,True,내분비학,[],stop,The doctor's document mentioned assess breastfeeding support.
random,iridocoloboma,홍채결손,방광직장루,의사의 문서에 방광직장루가 언급되었다.,오답,-,True,방광직장루,[],stop,The doctor's document mentioned iridocoloboma.
random,basal seat,의치지지조직,망막밑-,의사의 문서에 망막밑-이 언급되었다.,오답,-,True,망막밑-,[],stop,The doctor's document mentioned basal seat.
random,senile(atrophic) vaginitis,노년(위축) 질염,닌히드린검사,보고서는 이 환자에게서 닌히드린검사를 기록했다.,오답,-,True,닌히드린검사,[],stop,The report documented senile(atrophic) vaginitis in this patient.
random,biopsy of cul-de-sac,막힌주머니 생검,교차얼굴,보고서는 이 환자에서 교차얼굴을 문서화했습니다.,오답,-,True,교차얼굴,[],stop,The report documented biopsy of cul-de-sac in this patient.
random,medullary canal,골수공간,반응성-,의사의 문서에 반응성-가 언급되었습니다.,오답,-,True,반응성-,[],stop,The doctor's document mentioned medullary canal.
random,cathemoglobin,카트헤모글로빈,귀지샘,의사의 문서에 귀지샘이 언급되었다.,오답,-,True,귀지샘,[],stop,The doctor's document mentioned cathemoglobin.
random,intrahepatic,간내-,방추세포층,의사의 문서에서 방추세포층을 언급했습니다.,오답,-,True,방추세포층,[],stop,The doctor's document mentioned intrahepatic.
random,multicystic kidney disease,다낭신장병,비염증 관절 부기,보고서는 이 환자에서 비염증 관절 부기를 문서화했습니다.,오답,-,True,비염증 관절 부기,[],stop,The report documented multicystic kidney disease in this patient.
random,wrist joint,요골수근관절,촉진하기,의사의 문서에 촉진하기가 언급되었습니다.,오답,-,True,촉진하기,[],stop,The doctor's document mentioned wrist joint.
random,reciprocal shaker,왕복진탕기,회전병,의사의 문서에 회전병이 언급되었다.,오답,-,True,회전병,[],stop,The doctor's document mentioned reciprocal shaker.
random,apical surgery,치근단 수술,결핵에서의 홍채섬모체염,의사의 문서에서 결핵에서의 홍채섬모체염이 언급되었습니다.,오답,-,True,결핵에서의 홍채섬모체염,[],stop,The doctor's document mentioned apical surgery.
random,erythema migrans,이동성 홍반,과레닌혈증,보고서는 이 환자에서 과레닌혈증을 문서화했습니다.,오답,-,True,과레닌혈증,[],stop,The report documented erythema migrans in this patient.
random,microencephaly,작은뇌증,망막위축,의사의 문서에 망막위축이 언급되었습니다.,오답,-,True,망막위축,[],stop,The doctor's document mentioned microencephaly.
random,antifibrinolysin,항섬유소용해소제,알레르기혈청,의사의 문서에 알레르기혈청이 언급되었습니다.,오답,-,True,알레르기혈청,[],stop,The doctor's document mentioned antifibrinolysin.
random,alpha thalassemia,알파 지중해빈혈,알파 지중해빈혈,보고서는 이 환자에게 알파 지중해빈혈이 있음을 기록했습니다.,정답(대표),exact,False,띠모양흑(색)점모반,[],stop,The report documented alpha thalassemia in this patient.
random,nonvascularized bone graft,비혈관뼈이식,기존 보철물 제거,의사의 문서에서 기존 보철물 제거를 언급했습니다.,오답,-,True,기존 보철물 제거,[],stop,The doctor's document mentioned nonvascularized bone graft.
random,in situ hybridization,제자리부합법,V-Y 성형술,의사의 문서에 V-Y 성형술이 언급되었습니다.,오답,-,True,V-Y 성형술,['bad_chars'],stop,The doctor's document mentioned in situ hybridization.
random,wry neck,기운목,화상,이 환자의 화상을 보고서에 기록했다.,오답,-,True,화상,[],stop,The report documented wry neck in this patient.
random,single outlet heart,단일유출로심장,이마봉합선,의사의 문서에서 이마봉합선이 언급되었습니다.,오답,-,True,이마봉합선,[],stop,The doctor's document mentioned single outlet heart.
random,lienorenal,지라콩팥-,요생산,의사의 문서에 요생산이 언급되었습니다.,오답,-,True,요생산,[],stop,The doctor's document mentioned lienorenal.
random,defervescence,해열,옵신,의사의 문서에 옵신이 언급되었다.,오답,-,True,옵신,[],stop,The doctor's document mentioned defervescence.
random,cheondol,천돌(天突),부적절한 자기 노출,의사의 문서는 부적절한 자기 노출을 언급했다.,오답,-,True,부적절한 자기 노출,[],stop,The doctor's document mentioned cheondol.
random,retrognathism,하악후퇴,수,의사의 문서에서 수가 언급되었습니다.,오답,-,True,수,[],stop,The doctor's document mentioned retrognathism.
random,antineutrophil cytoplasmic antibody,항중성구세포질항체,내피부착분자,의사의 문서에서 내피부착분자를 언급했습니다.,오답,-,True,내피부착분자,[],stop,The doctor's document mentioned antineutrophil cytoplasmic antibody.
random,myelalgia,척수통증,신경축,의사의 문서에 신경축이 언급되었습니다.,오답,-,True,신경축,[],stop,The doctor's document mentioned myelalgia.
random,rolling disease,회전병,힘줄뼈되기,의사의 문서에 힘줄뼈되기가 언급되었다.,오답,-,True,힘줄뼈되기,[],stop,The doctor's document mentioned rolling disease.
random,lumbosacral enlargement,요천부팽대,완전기생체,의사의 문서에서 완전기생체를 언급했습니다.,오답,-,True,완전기생체,[],stop,The doctor's document mentioned lumbosacral enlargement.
random,atriocarotid interval,심방목동맥간격,두풍,의사의 문서에 두풍이 언급되었다.,오답,-,False,두풍 ; 뇌풍,[],stop,The doctor's document mentioned atriocarotid interval.
random,septal angle,코중격각,글리코포린,의사의 문서에 글리코포린이 언급되었습니다.,오답,-,True,글리코포린,[],stop,The doctor's document mentioned septal angle.
random,transfusion tests,수혈혈액검사,전체 지방영양장애,의사의 문서에 전체 지방영양장애가 언급되었습니다.,오답,-,True,전체 지방영양장애,[],stop,The doctor's document mentioned transfusion tests.
random,impaired eating behaviour,손상된 식습관 행위,코핀-시리스 증후군,의사의 문서에서 코핀-시리스 증후군을 언급했습니다.,오답,-,True,코핀-시리스 증후군,[],stop,The doctor's document mentioned impaired eating behaviour.
random,thyroid notch,방패패임,알파 지중해빈혈,의사의 문서에 알파 지중해빈혈이 언급되었습니다.,오답,-,True,알파 지중해빈혈,[],stop,The doctor's document mentioned thyroid notch.
random,presence of mei,인공중이삽입물의 존재,자궁목 절단,보고서는 이 환자에게 자궁목 절단이 있음을 기록했다.,오답,-,True,자궁목 절단,[],stop,The report documented presence of mei in this patient.
random,fall risk deteriorated,낙상 위험성 악화됨,양측 목구멍 편도,의사의 문서에는 양측 목구멍 편도가 언급되었습니다.,오답,-,True,양측 목구멍 편도,[],stop,The doctor's document mentioned fall risk deteriorated.
random,breast stereotactic biopsy,유방 입체정위 생검술,월경불규칙,의사의 문서에 월경불규칙이 언급되었습니다.,오답,-,True,월경불규칙,[],stop,The doctor's document mentioned breast stereotactic biopsy.
random,refractive accomodative esotropia,굴절조절 내사시,람블편모충이질,이 환자에서 람블편모충이질을 보고한 기록이 있다.,오답,-,True,람블편모충이질,[],stop,The report documented refractive accomodative esotropia in this patient.
random,medical indigent,의료급여대상자,판막이동수술,의사의 문서에 판막이동수술이 언급되었다.,오답,-,True,판막이동수술,[],stop,The doctor's document mentioned medical indigent.
random,buryu,부류(復溜),발허리간관절조직,의사의 문서에 발허리간관절조직이 언급되었습니다.,오답,-,True,발허리간관절조직,[],stop,The doctor's document mentioned buryu.
random,dermatopathic lymphadenopathy,피부병림프절병(증),전방포도막염,의사의 문서에 전방포도막염이 언급되었습니다.,오답,-,True,전방포도막염,[],stop,The doctor's document mentioned dermatopathic lymphadenopathy.
random,bis in die,1일2회,징구,의사의 문서에 징구가 언급되었습니다.,오답,-,False,징후,[],stop,The doctor's document mentioned bis in die.
random,allocentric,타인중심-,배안보개 이용 막창자꼬리 절제,의사의 문서가 배안보개 이용 막창자꼬리 절제를 언급했다.,오답,-,True,배안보개 이용 막창자꼬리 절제,[],stop,The doctor's document mentioned allocentric.
random,internal carotid angiography,두경부동맥조영-내경동맥,두덩전립샘-,이 환자에게 두덩전립샘-가 시행되었습니다.,오답,-,True,두덩전립샘-,[],stop,internal carotid angiography was performed on this patient.
random,epidermolysis bullosa simplex,단순 수포성 표피박리증,거짓눈꺼풀처짐,보고서는 이 환자에서 거짓눈꺼풀처짐을 기록했다.,오답,-,True,거짓눈꺼풀처짐,[],stop,The report documented epidermolysis bullosa simplex in this patient.
random,ventricular asynergy,심실협동불능(증),감홍,의사의 문서에 감홍이 언급되었다.,오답,-,True,감홍,[],stop,The doctor's document mentioned ventricular asynergy.
random,upper extremity,위팔,심리학자-재활,의사의 문서에서 심리학자-재활을 언급했습니다.,오답,-,True,심리학자-재활,[],stop,The doctor's document mentioned upper extremity.
random,perianal haematoma,항문주위혈종,아마포착용자병,이 환자의 보고서에는 아마포착용자병이 기록되어 있다.,오답,-,True,아마포착용자병,[],stop,The report documented perianal haematoma in this patient.
random,diastasimetry,녹말효소측정법,로보진균증,의사의 문서에 로보진균증이 언급되었다.,오답,-,True,로보진균증,[],stop,The doctor's document mentioned diastasimetry.
random,waveform,파형,항원복귀,의사의 문서에 항원복귀가 언급되었습니다.,오답,-,True,항원복귀,[],stop,The doctor's document mentioned waveform.
random,framework try-in,금속구조물 시적,순환계간호 사정,의사의 문서에 순환계간호 사정이 언급되었다.,오답,-,True,순환계간호 사정,[],stop,The doctor's document mentioned framework try-in.
random,cystathionine,시스타티오닌,질조영(술),의사의 문서에 질조영(술)이 언급되었다.,오답,-,True,질조영(술),['bad_chars'],stop,The doctor's document mentioned cystathionine.
random,major amblyoscope,대형 약시경,신보강화학요법,의사의 문서에서 신보강화학요법을 언급했습니다.,오답,-,True,신보강화학요법,[],stop,The doctor's document mentioned major amblyoscope.
random,radiodermatitis,방사선피부염,털바탕질종,보고서는 이 환자에서 털바탕질종을 문서화했습니다.,오답,-,True,털바탕질종,[],stop,The report documented radiodermatitis in this patient.
random,turbidometric technique,혼탁도측정기법,글리사드,의사의 문서에 글리사드가 언급되었다.,오답,-,True,글리사드,[],stop,The doctor's document mentioned turbidometric technique.
random,tuning curve,동조곡선,슬픔 사정하기,의사의 문서에 슬픔 사정하기가 언급되었습니다.,오답,-,True,슬픔 사정하기,[],stop,The doctor's document mentioned tuning curve.
random,benign familial hematuria,양성 가족성 혈뇨,대변농축(법),보고서는 이 환자에서 대변농축(법)을 문서화했습니다.,오답,-,True,대변농축(법),['bad_chars'],stop,The report documented benign familial hematuria in this patient.
random,complex echo pattern,복잡메아리,내피부착분자,의사의 문서에서 내피부착분자를 언급했습니다.,오답,-,True,내피부착분자,[],stop,The doctor's document mentioned complex echo pattern.
random,preleukaemia (syndrome),전백혈병(증후군),심한 림프종,이 보고서는 이 환자에서 심한 림프종을 문서화했습니다.,오답,-,True,심한 림프종,[],stop,The report documented preleukaemia (syndrome) in this patient.
random,prolonged latent phase,지연된 잠복기,외분비 한공종,보고서는 이 환자에서 외분비 한공종을 문서화했습니다.,오답,-,True,외분비 한공종,[],stop,The report documented prolonged latent phase in this patient.
random,corynebacterium pseudotuberculosis,거짓결핵균,의안,의사의 문서에는 의안이 언급되어 있었다.,오답,-,True,의안,[],stop,The doctor's document mentioned corynebacterium pseudotuberculosis.
random,gonadoadvent,생식기능출현기,양성 가족성 혈뇨,의사의 문서에 양성 가족성 혈뇨가 언급되었습니다.,오답,-,True,양성 가족성 혈뇨,[],stop,The doctor's document mentioned gonadoadvent.
random,neck righting reflex,목바로잡기반사,타액 점조도 검사,의사의 문서에서는 타액 점조도 검사를 언급했습니다.,오답,-,True,타액 점조도 검사,[],stop,The doctor's document mentioned neck righting reflex.
random,peritomy,윤부결막절개(술),합포체-,의사의 문서에 합포체-가 언급되었다.,오답,-,True,합포체-,[],stop,The doctor's document mentioned peritomy.
random,haematosalpinx,혈난관,다발신경통,보고서는 이 환자에게서 다발신경통을 기록했습니다.,오답,-,True,다발신경통,[],stop,The report documented haematosalpinx in this patient.
random,stomatomy,자궁구절개(술),가슴막-척수막 연결,의사의 문서는 가슴막-척수막 연결을 언급했다.,오답,-,True,가슴막-척수막 연결,[],stop,The doctor's document mentioned stomatomy.
random,oncofetal,종양태아-,염주핵,의사의 문서에 염주핵이 언급되었다.,오답,-,True,염주핵,[],stop,The doctor's document mentioned oncofetal.
random,removal of restoration,기존 보철물 제거,폐경기후 출혈,보고서는 이 환자에서 폐경기후 출혈을 문서화했습니다.,오답,-,True,폐경기후 출혈,[],stop,The report documented removal of restoration in this patient.
random,hypothalamic-pituitary-adrenal axis,시상하부-뇌하수체-부신축,척추병(증),의사의 문서에 척추병(증)이 언급되었습니다.,오답,-,True,척추병(증),['bad_chars'],stop,The doctor's document mentioned hypothalamic-pituitary-adrenal axis.
random,late post-traumatic seizures,외상후 지연 발작,복부 촉지성 종괴,의사의 문서에는 복부 촉지성 종괴가 언급되어 있었다.,오답,-,True,복부 촉지성 종괴,[],stop,The doctor's document mentioned late post-traumatic seizures.
random,acne keloidalis,흉터종여드름,과도흥분,의사의 문서에 과도흥분이 언급되었습니다.,오답,-,True,과도흥분,[],stop,The doctor's document mentioned acne keloidalis.
random,direct coombs test,직접쿰즈검사,손백선,의사의 문서에서는 손백선이 언급되었습니다.,오답,-,True,손백선,[],stop,The doctor's document mentioned direct coombs test.
random,sequestrectomy of skull,머리뼈 부골 절제,끓는거품소리,보고서는 이 환자에서 끓는거품소리를 문서화했습니다.,오답,-,True,끓는거품소리,[],stop,The report documented sequestrectomy of skull in this patient.
random,periodic rhinitis,주기코염,일반미생물 검사,의사의 문서에 일반미생물 검사가 언급되었습니다.,오답,-,True,일반미생물 검사,[],stop,The doctor's document mentioned periodic rhinitis.
random,vesicorectal fistula,방광직장루,영상요역동학검사,이 환자의 보고서는 영상요역동학검사를 기록했습니다.,오답,-,True,영상요역동학검사,[],stop,The report documented vesicorectal fistula in this patient.
random,schistasis,갈림증,물자궁증,의사의 문서에는 물자궁증이 언급되어 있었다.,오답,-,True,물자궁증,[],stop,The doctor's document mentioned schistasis.
random,oxidizing color,산화염료,다발 집단 뼈발생이상,의사의 문서에는 다발 집단 뼈발생이상이 언급되어 있었다.,오답,-,True,다발 집단 뼈발생이상,[],stop,The doctor's document mentioned oxidizing color.
random,microincision,미세절개,층별무작위배정(법),의사의 문서에 층별무작위배정(법)이 언급되었다.,오답,-,True,층별무작위배정(법),['bad_chars'],stop,The doctor's document mentioned microincision.
random,rosacea,주사,두덩뼈가지,이 보고서는 이 환자에서 두덩뼈가지를 기록했다.,오답,-,True,두덩뼈가지,[],stop,The report documented rosacea in this patient.
random,coalescent mastoiditis,융합꼭지돌기염,의치지지조직,이 환자에서 의치지지조직이 보고되었습니다.,오답,-,True,의치지지조직,[],stop,The report documented coalescent mastoiditis in this patient.
random,intraocular,안구내-,근긴장증,의사의 문서에서는 근긴장증을 언급했습니다.,오답,-,True,근긴장증,[],stop,The doctor's document mentioned intraocular.
random,laceration of back,등 열상,중풍혼수,보고서는 이 환자의 중풍혼수를 기록했습니다.,오답,-,True,중풍혼수,[],stop,The report documented laceration of back in this patient.
random,colpocystocele,질방광탈출(증),상지-상행적상지정맥,의사의 문서에 상지-상행적상지정맥이 언급되었습니다.,오답,-,True,상지-상행적상지정맥,[],stop,The doctor's document mentioned colpocystocele.
random,protrusive position,전방위,안구 부기,의사의 문서에 안구 부기가 언급되었습니다.,오답,-,True,안구 부기,[],stop,The doctor's document mentioned protrusive position.
random,grafting,이식,박테리오신,의사의 문서에 박테리오신이 언급되었다.,오답,-,True,박테리오신,[],stop,The doctor's document mentioned grafting.
random,dislocation of midcarpal(joint),중간수근골(관절)의 탈구,정밀면역검사-C형간염항체,이 환자의 보고서는 정밀면역검사-C형간염항체를 문서화했습니다.,오답,-,True,정밀면역검사-C형간염항체,['bad_chars'],stop,The report documented dislocation of midcarpal(joint) in this patient.
random,fecal concentration,대변농축(법),갑상선소결절,의사의 문서에 갑상선소결절이 언급되었습니다.,오답,-,True,갑상선소결절,[],stop,The doctor's document mentioned fecal concentration.
random,recession operation,뒤옮김술,코기둥연장(술),의사의 문서에는 코기둥연장(술)이 언급되어 있었다.,오답,-,True,코기둥연장(술),['bad_chars'],stop,The doctor's document mentioned recession operation.
random,ebonation,뼈조각제거,치근첨절제(술),의사의 문서에 치근첨절제(술)가 언급되었다.,오답,-,True,치근첨절제(술),['bad_chars'],stop,The doctor's document mentioned ebonation.
random,zosteriform lentiginous nevus,띠모양흑(색)점모반,제자리부합법,의사의 문서에 제자리부합법이 언급되었습니다.,오답,-,True,제자리부합법,[],stop,The doctor's document mentioned zosteriform lentiginous nevus.
random,supraduodenal artery,샘창자위동맥,지속들숨,의사의 문서에서 지속들숨을 언급했습니다.,오답,-,True,지속들숨,[],stop,The doctor's document mentioned supraduodenal artery.
random,thyroidea ima artery,맨아래갑상동맥,인두,의사의 문서에는 인두가 언급되어 있었다.,오답,-,True,인두,[],stop,The doctor's document mentioned thyroidea ima artery.
random,cryptococcal meningocerebritis,크립토콕쿠스수막대뇌염,자궁목 절단,보고서는 이 환자에서 자궁목 절단을 문서화했습니다.,오답,-,True,자궁목 절단,[],stop,The report documented cryptococcal meningocerebritis in this patient.
random,endothelial adhesion molecule,내피부착분자,초음파,의사의 문서에 초음파가 언급되었습니다.,오답,-,True,초음파,[],stop,The doctor's document mentioned endothelial adhesion molecule.
random,pleurothecal anastomosis,가슴막-척수막 연결,샘창자옆주름,보고서는 이 환자에서 샘창자옆주름을 문서화했습니다.,오답,-,True,샘창자옆주름,[],stop,The report documented pleurothecal anastomosis in this patient.
random,polymyalgia rheumatica,류마티스성 다발근통,질조영(술),보고서는 이 환자에서 질조영(술)을 기록했습니다.,오답,-,True,질조영(술),['bad_chars'],stop,The report documented polymyalgia rheumatica in this patient.
random,voluntomotory,수의운동-,변증,의사의 문서가 변증을 언급했다.,오답,-,True,변증,[],stop,The doctor's document mentioned voluntomotory.
random,retention of urine,소변정체,요정체,보고서는 이 환자에서 요정체를 문서화했습니다.,오답,-,False,부갑상선테타니,[],stop,The report documented retention of urine in this patient.
random,supporting spiritual rituals,영적의식 지지하기,두경부동맥조영-내경동맥,의사의 문서에서 두경부동맥조영-내경동맥를 언급했습니다.,오답,-,True,두경부동맥조영-내경동맥,[],stop,The doctor's document mentioned supporting spiritual rituals.
random,epigastric artery,배벽동맥,류마티스성 다발근통,의사의 문서에서 류마티스성 다발근통이 언급되었습니다.,오답,-,True,류마티스성 다발근통,[],stop,The doctor's document mentioned epigastric artery.
random,source qi,원기,낙상 위험성 악화됨,의사의 문서에 낙상 위험성 악화됨이 언급되었습니다.,오답,-,True,낙상 위험성 악화됨,[],stop,The doctor's document mentioned source qi.
random,polychromatophilic erythrocyte,다염적혈구,괴혈병궤양,의사의 문서에 괴혈병궤양이 언급되었습니다.,오답,-,True,괴혈병궤양,[],stop,The doctor's document mentioned polychromatophilic erythrocyte.
random,endorectal pull-through operation,직장내 풀-스루식 수술,고지혈증,보고서는 이 환자에서 고지혈증을 문서화했습니다.,오답,-,True,고지혈증,[],stop,The report documented endorectal pull-through operation in this patient.
random,defective interfering particle,결손간섭입자,옵신,의사의 문서에는 옵신이 언급되었다.,오답,-,True,옵신,[],stop,The doctor's document mentioned defective interfering particle.
random,physics depth sensitivity,물리적깊이민감도,생식기능출현기,의사의 문서는 생식기능출현기를 언급했다.,오답,-,True,생식기능출현기,[],stop,The doctor's document mentioned physics depth sensitivity.
random,dialysis adequacy,투석충분도,도파-반응성 근긴장이상,의사의 문서에 도파-반응성 근긴장이상이 언급되었습니다.,오답,-,True,도파-반응성 근긴장이상,[],stop,The doctor's document mentioned dialysis adequacy.
random,apneustic respiration,지속흡입호흡,원시신경외배엽종양,의사의 문서에 원시신경외배엽종양이 언급되었습니다.,오답,-,True,원시신경외배엽종양,[],stop,The doctor's document mentioned apneustic respiration.
random,citrate,구연산,디스트로피성 수포성 표피박리증,의사의 문서에서 디스트로피성 수포성 표피박리증을 언급했습니다.,오답,-,True,디스트로피성 수포성 표피박리증,[],stop,The doctor's document mentioned citrate.
random,forehead,전두,의학유전학,의사의 문서에서 의학유전학을 언급했습니다.,오답,-,True,의학유전학,[],stop,The doctor's document mentioned forehead.
random,extracoronal,치관외-,실론구충,의사의 문서에서는 실론구충을 언급했습니다.,오답,-,True,실론구충,[],stop,The doctor's document mentioned extracoronal.
random,mongoloid slant,몽골인 모양 눈,미세운동,의사의 문서에 미세운동이 언급되었습니다.,오답,-,True,미세운동,[],stop,The doctor's document mentioned mongoloid slant.
random,altimeter sickness,고산병,운동신경섬유,보고서는 이 환자에게서 운동신경섬유를 기록했습니다.,오답,-,True,운동신경섬유,[],stop,The report documented altimeter sickness in this patient.
random,failed forceps,집게 사용 실패,위턱굴보개,보고서는 이 환자에서 위턱굴보개를 기록했다.,오답,-,True,위턱굴보개,[],stop,The report documented failed forceps in this patient.
random,trypanocidal,파동편모충박멸-,이경,의사의 문서는 이경을 언급했다.,오답,-,True,이경,[],stop,The doctor's document mentioned trypanocidal.
random,amphorophony,공동공명음,불완전프로파지,의사의 문서에서 불완전프로파지를 언급했다.,오답,-,True,불완전프로파지,[],stop,The doctor's document mentioned amphorophony.
random,pyroglyphidae,집먼지진드기(과),거짓눈구석주름,의사의 문서에서 거짓눈구석주름이 언급되었다.,오답,-,True,거짓눈구석주름,[],stop,The doctor's document mentioned pyroglyphidae.
random,rhabdomyomyxoma,횡문근점액종,팔머리동맥,의사의 문서에는 팔머리동맥이 언급되어 있었다.,오답,-,True,팔머리동맥,[],stop,The doctor's document mentioned rhabdomyomyxoma.
random,cranial dermal sinus,뇌피부동,외분비 한공종,이 환자의 보고서는 외분비 한공종을 기록했습니다.,오답,-,True,외분비 한공종,[],stop,The report documented cranial dermal sinus in this patient.
random,suprapubic prostatectomy,두덩뼈 위쪽 경유 전립샘 절제,치골상 전립선 절제술,보고서는 이 환자에서 치골상 전립선 절제술을 기록했습니다.,오답,-,False,안구내-,[],stop,The report documented suprapubic prostatectomy in this patient.
random,platymorphia,편평안구,후두 암종,의사의 문서에 후두 암종이 언급되었습니다.,오답,-,True,후두 암종,[],stop,The doctor's document mentioned platymorphia.
random,cimex lectularius,빈대,이경,의사의 문서에 이경이 언급되었다.,오답,-,True,이경,[],stop,The doctor's document mentioned cimex lectularius.
random,salbutamol,살부타몰,저비중뇨,의사의 문서에 저비중뇨가 언급되었습니다.,오답,-,True,저비중뇨,[],stop,The doctor's document mentioned salbutamol.
random,tuning fork,소리굽쇠,두덩전립샘-,의사의 문서에 두덩전립샘-가 언급되었습니다.,오답,-,True,두덩전립샘-,[],stop,The doctor's document mentioned tuning fork.
random,chest expiration,가슴 날숨촬영,Tc섭취율,이 환자에게 Tc섭취율이 시행되었습니다.,오답,-,True,Tc섭취율,['bad_chars'],stop,chest expiration was performed on this patient.
random,syphilogen,매독원,두덩곧창자근,의사의 문서에는 두덩곧창자근이 언급되어 있었다.,오답,-,True,두덩곧창자근,[],stop,The doctor's document mentioned syphilogen.
random,ischial ramus,궁둥뼈가지,구안지 증후군,의사의 문서에서 구안지 증후군을 언급했습니다.,오답,-,True,구안지 증후군,[],stop,The doctor's document mentioned ischial ramus.
random,supraspinous,가시끝-,지속흡입호흡,의사의 문서에 지속흡입호흡이 언급되었습니다.,오답,-,True,지속흡입호흡,[],stop,The doctor's document mentioned supraspinous.
random,intranasal ethmoidectomy,사골동염근치술; 비내 접근법,로트문드 톰슨 증후군,의사의 문서에 로트문드 톰슨 증후군이 언급되었습니다.,오답,-,True,로트문드 톰슨 증후군,[],stop,The doctor's document mentioned intranasal ethmoidectomy.
random,breathing bag reservoir,호흡주머니,혈소판,의사의 문서에 혈소판이 언급되었다.,오답,-,True,혈소판,[],stop,The doctor's document mentioned breathing bag reservoir.
random,growth fever,변증,말단병(증),보고서는 이 환자의 말단병(증)을 문서화했다.,오답,-,True,말단병(증),['bad_chars'],stop,The report documented growth fever in this patient.
random,neurostearic acid,신경지방산,비혈관뼈이식,의사의 문서에 비혈관뼈이식이 언급되었습니다.,오답,-,True,비혈관뼈이식,[],stop,The doctor's document mentioned neurostearic acid.
random,operative ultrasound,수술중초음파검사,발치와골염 재소파술,의사의 문서에서는 발치와골염 재소파술이 언급되었습니다.,오답,-,True,발치와골염 재소파술,[],stop,The doctor's document mentioned operative ultrasound.
random,abortive prophage,불완전프로파지,방수,의사의 문서에 방수가 언급되었다.,오답,-,True,방수,[],stop,The doctor's document mentioned abortive prophage.
random,vetebra,척추,흑색땀증,의사의 문서에 흑색땀증이 언급되었습니다.,오답,-,True,흑색땀증,[],stop,The doctor's document mentioned vetebra.
random,incisor tooth,절치,혼탁도측정기법,의사의 문서에 혼탁도측정기법이 언급되었습니다.,오답,-,True,혼탁도측정기법,[],stop,The doctor's document mentioned incisor tooth.
random,stump hallucination,절단끝환각,감염되지않은,의사의 문서에 감염되지않은가 언급되었습니다.,오답,-,True,감염되지않은,[],stop,The doctor's document mentioned stump hallucination.
random,hyalomere,투명부위,생식 기관 곰팡이 감염,의사의 문서는 생식 기관 곰팡이 감염을 언급했다.,오답,-,True,생식 기관 곰팡이 감염,[],stop,The doctor's document mentioned hyalomere.
random,inspirator,흡입기,항문주위혈종,의사의 문서에 항문주위혈종이 언급되었다.,오답,-,True,항문주위혈종,[],stop,The doctor's document mentioned inspirator.
random,tense,긴장-,전두,의사의 문서가 전두를 언급했다.,오답,-,True,전두,[],stop,The doctor's document mentioned tense.
random,fluoridation,불소화,항비타민물질,의사의 문서가 항비타민물질을 언급했다.,오답,-,True,항비타민물질,[],stop,The doctor's document mentioned fluoridation.
random,varicose vein stripping,정맥류 제거,거동불편자,보고서는 이 환자에서 거동불편자를 문서화했습니다.,오답,-,True,거동불편자,[],stop,The report documented varicose vein stripping in this patient.
random,urethrotomy,요도 절개,실조성반부전마비,이 환자에서 실조성반부전마비를 보고한 것으로 문서화되었다.,오답,-,True,실조성반부전마비,[],stop,The report documented urethrotomy in this patient.
random,virgin population,무노출인구,밴드제거,의사의 문서에 밴드제거가 언급되었다.,오답,-,True,밴드제거,[],stop,The doctor's document mentioned virgin population.
random,gracilis muscle,두덩정강근,망막위축,의사의 문서에 망막위축이 언급되었습니다.,오답,-,True,망막위축,[],stop,The doctor's document mentioned gracilis muscle.
random,paraganglion,곁신경절,무노출인구,의사의 문서에 무노출인구가 언급되었다.,오답,-,True,무노출인구,[],stop,The doctor's document mentioned paraganglion.
random,hemianopsia,편측시야결손,코굴염,의사의 문서에서 코굴염이 언급되었습니다.,오답,-,True,코굴염,[],stop,The doctor's document mentioned hemianopsia.
random,relative scotoma,상대암점,비효율적 방어능력,의사의 문서에 비효율적 방어능력이 언급되었습니다.,오답,-,True,비효율적 방어능력,[],stop,The doctor's document mentioned relative scotoma.
random,ballism,도리깨질(증),분명치않는증상,의사의 문서에 분명치않는증상이 언급되었다.,오답,-,True,분명치않는증상,[],stop,The doctor's document mentioned ballism.
random,tuberculosis of oesophagus,식도의 결핵,곁신경절,이 보고서는 이 환자의 곁신경절을 기록했습니다.,오답,-,True,곁신경절,[],stop,The report documented tuberculosis of oesophagus in this patient.
random,appendix ultrasound,맹장 초음파,산후기,의사의 문서에 산후기가 언급되었습니다.,오답,-,True,산후기,[],stop,The doctor's document mentioned appendix ultrasound.
random,kub left lateral,"콩팥요관방광촬영, 왼쪽측방향",기능성 유뇨증,이 환자에게 기능성 유뇨증이 시행되었습니다.,오답,-,True,기능성 유뇨증,[],stop,kub left lateral was performed on this patient.
random,menstrual irregularity,월경불규칙,마뇨산,보고서는 이 환자의 마뇨산을 문서화했습니다.,오답,-,True,마뇨산,[],stop,The report documented menstrual irregularity in this patient.
random,pressure suit,가압복,뼈조각제거,의사의 문서에 뼈조각제거가 언급되었다.,오답,-,True,뼈조각제거,[],stop,The doctor's document mentioned pressure suit.
random,postprocedural subglottic stenosis,처치후 성문하협착,포도구균 예방접종,이 환자의 보고서는 포도구균 예방접종을 기록했습니다.,오답,-,True,포도구균 예방접종,[],stop,The report documented postprocedural subglottic stenosis in this patient.
random,puerperium,산후기,촉진하기,의사의 문서에서 촉진하기를 언급했습니다.,오답,-,True,촉진하기,[],stop,The doctor's document mentioned puerperium.
random,non-infected,감염되지않은,창문비침,의사의 문서가 창문비침을 언급했다.,오답,-,True,창문비침,[],stop,The doctor's document mentioned non-infected.
random,overdetermined idea,과잉결정관념,물리적깊이민감도,의사의 문서는 물리적깊이민감도를 언급했다.,오답,-,True,물리적깊이민감도,[],stop,The doctor's document mentioned overdetermined idea.
random,agenesis of lung,폐의 무발생,변형성 등병증,이 보고서는 이 환자에서 변형성 등병증을 문서화했습니다.,오답,-,True,변형성 등병증,[],stop,The report documented agenesis of lung in this patient.
random,toilet,세척,V-Y 성형술,의사의 문서에 V-Y 성형술이 언급되었다.,오답,-,True,V-Y 성형술,['bad_chars'],stop,The doctor's document mentioned toilet.
random,coxalgic pelvis,엉덩관절병골반,무릎뼈의 장애,의사의 문서에 무릎뼈의 장애가 언급되었습니다.,오답,-,True,무릎뼈의 장애,[],stop,The doctor's document mentioned coxalgic pelvis.
random,clasp repair,클라스프 수리,전방포도막염,의사의 문서에 전방포도막염이 언급되었다.,오답,-,True,전방포도막염,[],stop,The doctor's document mentioned clasp repair.
random,horseshoe fistula,말발굽샛길,혈관내 초음파촬영,의사의 문서에서 혈관내 초음파촬영을 언급했습니다.,오답,-,True,혈관내 초음파촬영,[],stop,The doctor's document mentioned horseshoe fistula.
random,taenia solium,유구조충,달걀노른자배지,의사의 문서에는 달걀노른자배지가 언급되어 있었습니다.,오답,-,True,달걀노른자배지,[],stop,The doctor's document mentioned taenia solium.
random,dermatitis verrucosa,사마귀피부염,도리깨질(증),보고서는 이 환자에서 도리깨질(증)을 기록했다.,오답,-,True,도리깨질(증),['bad_chars'],stop,The report documented dermatitis verrucosa in this patient.
random,expectorant mixture,복합거담제,거담제 혼합물,의사의 문서에 거담제 혼합물이 언급되었습니다.,오답,-,False,사,[],stop,The doctor's document mentioned expectorant mixture.
random,prescription group,처방묶음,광범피부밑출혈,의사의 문서에서 광범피부밑출혈을 언급했습니다.,오답,-,True,광범피부밑출혈,[],stop,The doctor's document mentioned prescription group.
random,progressive hemifacial atrophy,진행성 반쪽얼굴 위축,비디오레이저검사,이 보고서는 이 환자에서 비디오레이저검사를 문서화했습니다.,오답,-,True,비디오레이저검사,[],stop,The report documented progressive hemifacial atrophy in this patient.
random,plain radiograph,단순방사선사진,내반경골,의사의 문서에 내반경골이 언급되었습니다.,오답,-,True,내반경골,[],stop,The doctor's document mentioned plain radiograph.
random,iridocyclitis in tuberculosis,결핵에서의 홍채섬모체염,전방위,보고서는 이 환자에서 전방위를 기록했습니다.,오답,-,True,전방위,[],stop,The report documented iridocyclitis in tuberculosis in this patient.
random,uremic convulsion,요독경련,눈물점겉말림,의사의 문서에 눈물점겉말림이 언급되었습니다.,오답,-,True,눈물점겉말림,[],stop,The doctor's document mentioned uremic convulsion.
random,ophthalmophacometer,수정체굴절력측정계,외상후 다발관절증,의사의 문서에 외상후 다발관절증이 언급되었습니다.,오답,-,True,외상후 다발관절증,[],stop,The doctor's document mentioned ophthalmophacometer.
random,reconstruction of thumb,엄지 손가락 재건,경막의 동정맥루,이 환자에서 엄지손가락의 경막의 동정맥루를 문서화했다.,오답,-,True,경막의 동정맥루,[],stop,The report documented reconstruction of thumb in this patient.
random,tetrastichiasis,네줄속눈썹(증),혈액가슴막폐렴증후군,의사의 문서에 혈액가슴막폐렴증후군이 언급되었습니다.,오답,-,True,혈액가슴막폐렴증후군,[],stop,The doctor's document mentioned tetrastichiasis.
random,fundus photography,안저사진,요도 절개,보고서는 이 환자에서 요도 절개를 문서화했습니다.,오답,-,True,요도 절개,[],stop,The report documented fundus photography in this patient.
random,rotalix tube,회전양극관,맨아래갑상동맥,의사의 문서에서 맨아래갑상동맥이 언급되었다.,오답,-,True,맨아래갑상동맥,[],stop,The doctor's document mentioned rotalix tube.
random,invasive mole,침윤기태,임종과정 악화됨,의사의 문서에 임종과정 악화됨이 언급되었습니다.,오답,-,True,임종과정 악화됨,[],stop,The doctor's document mentioned invasive mole.
random,ulcerated external hemorrhoids,궤양성 외치핵,궤양성 외치핵,보고서는 이 환자에게 궤양성 외치핵이 있음을 문서화했습니다.,정답(대표),exact,False,돌연세대변이,[],stop,The report documented ulcerated external hemorrhoids in this patient.
random,standardized rate ratio,표준화비율비,물리적깊이민감도,의사의 문서는 물리적깊이민감도를 언급했습니다.,오답,-,True,물리적깊이민감도,[],stop,The doctor's document mentioned standardized rate ratio.
random,encephalopathy toxic,독성 뇌병증,횡문근점액종,의사의 문서에 횡문근점액종이 언급되었습니다.,오답,-,True,횡문근점액종,[],stop,The doctor's document mentioned encephalopathy toxic.
random,teach personal care,개인간호 교육,처치후 갑상선기능저하증,의사의 문서에서 처치후 갑상선기능저하증을 언급했습니다.,오답,-,True,처치후 갑상선기능저하증,[],stop,The doctor's document mentioned teach personal care.
random,hydrocyst,물낭,"콩팥요관방광촬영, 왼쪽측방향","의사의 문서에 콩팥요관방광촬영, 왼쪽측방향이 언급되어 있었다.",오답,-,True,"콩팥요관방광촬영, 왼쪽측방향",[],stop,The doctor's document mentioned hydrocyst.
random,muscular artery,근육형동맥,회선사상충결절,의사의 문서에서 회선사상충결절을 언급했습니다.,오답,-,True,회선사상충결절,[],stop,The doctor's document mentioned muscular artery.
random,ataxic hemiparesis,실조성반부전마비,요독경련,의사의 문서에 요독경련이 언급되었습니다.,오답,-,True,요독경련,[],stop,The doctor's document mentioned ataxic hemiparesis.
random,mitokinetic,유사운동-,과잉결정관념,의사의 문서가 과잉결정관념을 언급했다.,오답,-,True,과잉결정관념,[],stop,The doctor's document mentioned mitokinetic.
random,dementia in hypercalcaemia,과칼슘혈증에서의 치매,신경축,이 보고서는 이 환자에서 신경축을 문서화했습니다.,오답,-,True,신경축,[],stop,The report documented dementia in hypercalcaemia in this patient.
random,neurofibromatosis of spine,척수 신경섬유종증,척추 신경섬유종증,의사의 문서에는 척추 신경섬유종증이 언급되어 있었다.,오답,-,False,혈관내 초음파촬영,[],stop,The doctor's document mentioned neurofibromatosis of spine.
random,amputation of cervix,자궁목 절단,갠트리,보고서는 이 환자에서 갠트리를 문서화했다.,오답,-,True,갠트리,[],stop,The report documented amputation of cervix in this patient.
random,osteoarthritis,뼈관절염,골관절염,의사의 문서에 골관절염이 언급되었습니다.,정답(동의어),exact,False,안저,[],stop,The doctor's document mentioned osteoarthritis.
random,head wind,두풍 ; 뇌풍,누난 증후군,이 보고서는 이 환자에서 누난 증후군을 문서화했습니다.,오답,-,True,누난 증후군,[],stop,The report documented head wind in this patient.
random,bovine granulomatous mastitis,소육아종 유방염,교정 사이막성형술,의사의 문서에 교정 사이막성형술이 언급되었습니다.,오답,-,True,교정 사이막성형술,[],stop,The doctor's document mentioned bovine granulomatous mastitis.
random,hand,수,골수공간,의사의 문서에 골수공간이 언급되었다.,오답,-,True,골수공간,[],stop,The doctor's document mentioned hand.
random,idiopathic hemihypertrophy,특발성 편측비대증,온코사이막,보고서는 이 환자에서 온코사이막을 문서화했습니다.,오답,-,True,온코사이막,[],stop,The report documented idiopathic hemihypertrophy in this patient.
random,ileocolic artery,돌잘룩창자동맥,내시경적 경막외강 신경성형술,의사의 문서에서 내시경적 경막외강 신경성형술을 언급했습니다.,오답,-,True,내시경적 경막외강 신경성형술,[],stop,The doctor's document mentioned ileocolic artery.
random,nummular dermatitis,동전모양피부염,아스페르길루스니게르,보고서는 이 환자에서 아스페르길루스니게르를 기록했습니다.,오답,-,True,아스페르길루스니게르,[],stop,The report documented nummular dermatitis in this patient.
random,ecdysis,허물벗기,파울러자유아메바,의사의 문서에 파울러자유아메바가 언급되었습니다.,오답,-,True,파울러자유아메바,[],stop,The doctor's document mentioned ecdysis.
random,congenital leukonychia,선천 손발톱백반,선천성 백색증,보고서는 이 환자에서 선천성 백색증을 기록했습니다.,오답,-,False,연속-,[],stop,The report documented congenital leukonychia in this patient.
random,total lipodystrophy,전체 지방영양장애,두부촬영,의사의 문서에 두부촬영이 언급되었습니다.,오답,-,True,두부촬영,[],stop,The doctor's document mentioned total lipodystrophy.
random,near field potential,근접부위전위,활동정도,의사의 문서에 활동정도가 언급되었습니다.,오답,-,True,활동정도,[],stop,The doctor's document mentioned near field potential.
random,unequal limb length,사지길이부동증,궤양성 비궤양성 소화불량,의사의 문서에 궤양성 비궤양성 소화불량이 언급되었습니다.,오답,-,True,궤양성 비궤양성 소화불량,[],stop,The doctor's document mentioned unequal limb length.
random,drug induce pruritus,약물 유발성 가려움,팰리스터-킬리언 증후군,이 환자에서 팰리스터-킬리언 증후군을 문서화했다.,오답,-,True,팰리스터-킬리언 증후군,[],stop,The report documented drug induce pruritus in this patient.
random,saphenous neuropathy,복재신경병증,방광주혈흡충이질,보고서는 이 환자에게서 방광주혈흡충이질을 문서화했습니다.,오답,-,True,방광주혈흡충이질,[],stop,The report documented saphenous neuropathy in this patient.
random,extra-abdominal,복부외-,선천 이상각화증,의사의 문서에는 선천 이상각화증이 언급되었습니다.,오답,-,True,선천 이상각화증,[],stop,The doctor's document mentioned extra-abdominal.
random,endolymphatic duct,속림프관,배안보개 이용 막창자꼬리 절제,의사의 문서에서 배안보개 이용 막창자꼬리 절제를 언급했습니다.,오답,-,True,배안보개 이용 막창자꼬리 절제,[],stop,The doctor's document mentioned endolymphatic duct.
random,intra-operative neurophysiologic testing,수술중 신경생리학적 검사,전방포도막염,이 보고서는 이 환자에서 전방포도막염을 문서화했습니다.,오답,-,True,전방포도막염,[],stop,The report documented intra-operative neurophysiologic testing in this patient.
random,hammerhead ribozyme,망치머리형리보자임,중증도 분류,의사의 문서에서 중증도 분류를 언급했습니다.,오답,-,True,중증도 분류,[],stop,The doctor's document mentioned hammerhead ribozyme.
random,photogene,잔상,조기흥분,의사의 문서에 조기흥분이 언급되었다.,오답,-,True,조기흥분,[],stop,The doctor's document mentioned photogene.
random,hot bag,더운물 주머니,뒷쪽 성대 절제,보고서는 이 환자의 뒷쪽 성대 절제를 문서화했습니다.,오답,-,True,뒷쪽 성대 절제,[],stop,The report documented hot bag in this patient.
random,bougienage of esophagus,식도 부우지법,식도 부지에제,보고서는 이 환자에서 식도 부지에제를 기록했습니다.,오답,-,False,자율방광,[],stop,The report documented bougienage of esophagus in this patient.
random,oculovagal reflex,눈미주신경반사,고산병,의사의 문서에 고산병이 언급되었다.,오답,-,True,고산병,[],stop,The doctor's document mentioned oculovagal reflex.
random,physically handicapped,거동불편자,주사,의사의 서류에 주사가 언급되었습니다.,오답,-,True,주사,[],stop,The doctor's document mentioned physically handicapped.
random,morbidity aspects,질병 양상,겉질기저 변성,의사의 문서에서 겉질기저 변성을 언급했습니다.,오답,-,True,겉질기저 변성,[],stop,The doctor's document mentioned morbidity aspects.
random,auriculotemporal nerve,귓바퀴관자신경,고정근육,의사의 문서에 고정근육이 언급되었습니다.,오답,-,True,고정근육,[],stop,The doctor's document mentioned auriculotemporal nerve.
random,perseveration,고집증,내강경유 심장혈관 죽종절제,의사의 문서에 내강경유 심장혈관 죽종절제가 언급되었습니다.,오답,-,True,내강경유 심장혈관 죽종절제,[],stop,The doctor's document mentioned perseveration.
random,purpura annularis telangiectodes,고리모세혈관확장자색반,티모포이에틴,의사의 문서에 티모포이에틴이 언급되었습니다.,오답,-,True,티모포이에틴,[],stop,The doctor's document mentioned purpura annularis telangiectodes.
random,endoscopic retrograde pancreatography,내시경역행이자관조영(술),성도착(증),이 환자에서 성도착(증)이 문서화되었다.,오답,-,True,성도착(증),['bad_chars'],stop,The report documented endoscopic retrograde pancreatography in this patient.
random,leukotaxis,백혈구쏠림성,온손가락,의사의 문서에서 온손가락이 언급되었다.,오답,-,True,온손가락,[],stop,The doctor's document mentioned leukotaxis.
random,myoalbumin,근(육)알부민,언어의 실행증,의사의 문서에 언어의 실행증이 언급되었습니다.,오답,-,True,언어의 실행증,[],stop,The doctor's document mentioned myoalbumin.
random,urethroscopic surgery,요도경하 수술,깍임골절,보고서는 이 환자에서 깍임골절을 기록했습니다.,오답,-,True,깍임골절,[],stop,The report documented urethroscopic surgery in this patient.
random,hippocampal sclerosis,해마경화(증),땀악취증,보고서는 이 환자에게 땀악취증을 기록했습니다.,오답,-,True,땀악취증,[],stop,The report documented hippocampal sclerosis in this patient.
random,excitometabolic,대사촉진-,간모세선충,의사의 문서에서는 간모세선충을 언급했습니다.,오답,-,True,간모세선충,[],stop,The doctor's document mentioned excitometabolic.
random,bronchus t-tube insertion,기관지 T-삽관,기관지 T-튜브 삽입,이 환자의 보고서는 기관지 T-튜브 삽입을 기록했습니다.,오답,-,False,해열,['bad_chars'],stop,The report documented bronchus t-tube insertion in this patient.
random,lead gown,납가운,요도경검사에 의한,의사의 문서에 요도경검사에 의한이 언급되었습니다.,오답,-,True,요도경검사에 의한,[],stop,The doctor's document mentioned lead gown.
random,flat position,앙와위,비둘기병에서의 폐렴,의사의 문서에서 비둘기병에서의 폐렴을 언급했습니다.,오답,-,True,비둘기병에서의 폐렴,[],stop,The doctor's document mentioned flat position.
random,bubbling rale,끓는거품소리,전체 지방영양장애,의사의 문서는 전체 지방영양장애를 언급했다.,오답,-,True,전체 지방영양장애,[],stop,The doctor's document mentioned bubbling rale.
random,acanthamoeba keratitis,가시아메바각막염,부고환관,의사의 문서에 부고환관이 언급되었습니다.,오답,-,True,부고환관,[],stop,The doctor's document mentioned acanthamoeba keratitis.
random,arachnoid cyst,거미막하 낭종,무감각부위통증,보고서는 이 환자에서 무감각부위통증을 기록했습니다.,오답,-,True,무감각부위통증,[],stop,The report documented arachnoid cyst in this patient.
random,clubbing of nails,손톱의 곤봉화,무릎뼈의 장애,보고서는 이 환자의 무릎뼈의 장애를 기록했습니다.,오답,-,True,무릎뼈의 장애,[],stop,The report documented clubbing of nails in this patient.
random,water bath,욕조,마취과의사,의사의 문서에 마취과의사가 언급되었다.,오답,-,True,마취과의사,[],stop,The doctor's document mentioned water bath.
random,molding,두개몰딩,땀악취증,의사의 문서에 땀악취증이 언급되었습니다.,오답,-,True,땀악취증,[],stop,The doctor's document mentioned molding.
