mode,para_id,en,rep,span,span_why,aligned_grade,aligned_level,aligned_hit,contains_hit,decoy,followed_decoy
none,P001,autoeroticism,자기성애,자기애적 행위,ok,오답,-,False,False,,
none,P001,combustion,화상,연소,ok,오답,-,False,False,,
none,P001,digit preference,끝수선호,수지 선호도,ok,오답,-,False,False,,
none,P002,fusiform layer,방추세포층,방추상층,ok,오답,-,False,False,,
none,P002,imitative attitude,모방태도,모방 태도,ok,정답(대표),variant,True,True,,
none,P002,hyeopgye,협계(俠谿),협계,ok,정답(대표),variant,True,False,,
none,P003,secretory cyst,분비체류성낭,분비성 낭종,ok,오답,-,False,False,,
none,P003,ricinism,리신증,리신 중독,ok,오답,-,False,True,,
none,P003,glaucomatous cataract,녹내장성백내장,녹내장성 백내장,ok,정답(대표),variant,True,True,,
none,P004,nodular sclerosis,결절경화,결절성 경화증,ok,오답,-,False,False,,
none,P004,cross-face,교차얼굴,교차 안면,ok,오답,-,False,False,,
none,P004,blind fistula,막힌샛길,막단 누공,ok,오답,-,False,False,,
none,P005,varicose vein stripping,정맥류 제거,정맥류 발거술,ok,오답,-,False,False,,
none,P005,rotalix tube,회전양극관,회전 양극관,ok,정답(대표),variant,True,True,,
none,P005,smith's fracture,스미드골절,스미스 골절,ok,정답(동의어),exact,True,True,,
none,P006,framework try-in,금속구조물 시적,프레임워크 시의,ok,오답,-,False,False,,
none,P006,parrot fever,앵무새열,앵무병,ok,오답,-,False,False,,
none,P006,frontal suture,이마봉합선,관상봉합,ok,오답,-,False,False,,
none,P007,binder,결합체,붕대,ok,오답,-,False,False,,
none,P007,water bath,욕조,수욕조,ok,정답(대표),partial,True,True,,
none,P007,torr,토르,torr,ok,오답,-,False,False,,
none,P008,cercosporomycosis,세르코스포라진균증,세르코스포로미코시스,ok,오답,-,False,False,,
none,P008,lipoid dermatoarthritis,리포이드피부관절염,유지 관절염,ok,오답,-,False,False,,
none,P008,fisher syndrome,피셔증후군,피셔 증후군,ok,정답(대표),variant,True,True,,
none,P009,benign familial hematuria,양성 가족성 혈뇨,양성 가족성 혈뇨,ok,정답(대표),exact,True,True,,
none,P009,marsupialization of cyst,낭종 주머니형성,낭종 유피술,ok,오답,-,False,False,,
none,P009,lumbosacral enlargement,요천부팽대,요천수 비대 부위,ok,오답,-,False,False,,
none,P010,retrocedent gout,내공성통풍,후퇴성 통풍,ok,오답,-,False,False,,
none,P010,hemianopsia,편측시야결손,편맹,ok,오답,-,False,False,,
none,P010,enteral feeding,위장관영양,장관 영양 공급,ok,오답,-,False,False,,
none,P011,ocular fundus,안저,안저,ok,정답(대표),exact,True,True,,
none,P011,condensed chromatin,농축염색질,응축된 염색질,ok,오답,-,False,False,,
none,P011,hemacytometry,혈구계수,혈구 계수,ok,정답(대표),variant,True,True,,
none,P012,cimex lectularius,빈대,침대벼룩,ok,오답,-,False,False,,
none,P012,vaginography,질조영(술),질조영술,ok,정답(대표),partial,True,False,,
none,P012,ear drum,고막,고막,ok,정답(대표),exact,True,True,,
none,P013,dilation of intestine,창자 확장,장관 확장,ok,오답,-,False,False,,
none,P013,myoclonia fibrillaris multiplex,다발잔떨림근대성대발작,다발성 섬유성 근간대성 수축,ok,오답,-,False,False,,
none,P013,gitelman syndrome,지텔만 증후군,지텔만 증후군,ok,정답(대표),exact,True,True,,
none,P014,source qi,원기,원기,ok,정답(대표),exact,True,True,,
none,P014,hyperlipidaemia,고지혈증,고지질혈증,ok,오답,-,False,False,,
none,P014,ladder splint,사다리형덧대,사다리 부목,ok,오답,-,False,False,,
none,P015,dermatopathic lymphadenopathy,피부병림프절병(증),피부병성 림프절종,ok,오답,-,False,False,,
none,P015,oil red,오일레드,oil red,ok,오답,-,False,False,,
none,P015,defervescence,해열,해열,ok,정답(대표),exact,True,True,,
none,P016,intracranial space-occupying lesion,두개내공간점유병변,두개강 내 공간 점유 병변,ok,오답,-,False,False,,
none,P016,picture frustration test,그림좌절검사,그림 좌절 검사,ok,정답(대표),variant,True,True,,
none,P016,pyroglyphidae,집먼지진드기(과),비로그립파에대과,ok,오답,-,False,False,,
none,P017,dorsal vein arterialization,배측 정맥 동맥혈화,족배동맥화,ok,오답,-,False,False,,
none,P017,macrocephalus,큰머리증,대두증,ok,정답(동의어),exact,True,True,,
none,P017,aqueous fluid,방수,방수,ok,정답(대표),exact,True,True,,
none,P018,colon cecum mass,막창자 종괴,결장 맹관 종괴,ok,오답,-,False,False,,
none,P018,cyematocardia,태아심음,cyematocardia,ok,오답,-,False,False,,
none,P018,dyskeratosis congenita,선천 이상각화증,이형각화증 congenita,ok,오답,-,False,False,,
none,P019,supernumeric impacted tooth,과잉매복치,과잉 매복치,ok,정답(대표),variant,True,True,,
none,P019,biopsy of cul-de-sac,막힌주머니 생검,자궁직장와(Cul-de-sac) 생검,ok,오답,-,False,False,,
none,P019,gantry,갠트리,회전기,ok,오답,-,False,False,,
none,P020,onychopathy,손발톱병(증),조갑 병변,ok,오답,-,False,False,,
none,P020,intermetatarsal joint structure,발허리간관절조직,중족간 관절 구조,ok,오답,-,False,False,,
none,P021,sex cord-stromal tumor,성끈기질종양,성샘-기질 종양,ok,오답,-,False,False,,
none,P021,cardiac murmur,심잡음,심잡음,ok,정답(대표),exact,True,True,,
none,P021,coupling color,커플링염료,커플링 컬러,ok,오답,-,False,False,,
none,P022,clostridium histolyticum,클로스트리듐히스톨리티쿰,클로스트리듐 히스톨리티쿰,ok,정답(대표),variant,True,True,,
none,P022,total lipodystrophy,전체 지방영양장애,전신 지방이영양증,ok,오답,-,False,False,,
none,P022,ulceroglandular tularaemia,궤양림프절야생토끼병,궤선형 야토병,ok,오답,-,False,False,,
none,P023,open-chain compound,열린사슬화합물,개방형 사슬 화합물,ok,오답,-,False,False,,
none,P023,z-plasty,Z성형(술),Z-성형술,ok,오답,-,False,False,,
none,P023,isosorbide,이소소르바이드,이소소르비드,ok,오답,-,False,False,,
none,P024,intramuscular nerve stimulation,근육내신경자극치료,근육내 신경 자극,ok,오답,-,False,False,,
none,P024,developmental retardation child,발달 부진아,발달 지연 아동,ok,오답,-,False,False,,
none,P024,holoparasite,완전기생체,홀로기생충,ok,오답,-,False,False,,
none,P025,instep island flap,안쪽발바닥섬피판,족내측 종피판,ok,오답,-,False,False,,
none,P025,shifting reaction,편위반응,경미한 반응,ok,오답,-,False,False,,
none,P025,membranous endometritis,막자궁내막염,막성 자궁내막염,ok,오답,-,False,False,,
none,P026,phosphene,섬광시,인광 현상,ok,오답,-,False,False,,
none,P026,odontoprisis,이갈기,치아 마모증,ok,오답,-,False,False,,
none,P026,cardiography,심장도검사,심전도 검사,ok,오답,-,False,False,,
none,P027,transistor hearing aid,트랜지스터보청기,트랜지스터 보청기,ok,정답(대표),variant,True,True,,
none,P027,phlebitis and thrombophlebitis,정맥염 및 혈전정맥염,정맥염 및 혈전성 정맥염,ok,오답,-,False,False,,
none,P027,urethroscopic surgery,요도경하 수술,요도내시경 수술,ok,오답,-,False,False,,
none,P028,epidural nerve block,경막외 신경차단술,경막외 신경차단술,ok,정답(대표),exact,True,True,,
none,P028,ataxic hemiparesis,실조성반부전마비,운동실조성 편마비,ok,오답,-,False,False,,
none,P028,organoid tumor,장기모양종양,기관양 종양,ok,오답,-,False,False,,
none,P029,sclerosing retroperitonitis,경화뒤배막염,경화성 후복막염,ok,오답,-,False,False,,
none,P029,plate,평판,지지 판,ok,오답,-,False,True,,
none,P030,acropathy,말단병(증),말초병증,ok,오답,-,False,False,,
none,P030,uncoupling,결합저지,언커플링,ok,오답,-,False,False,,
none,P030,cyst of prostate,전립샘 낭,전립선 낭종,ok,정답(동의어),partial,True,True,,
none,P031,chorea gravidarum,임신무도병,임신성 무도증,ok,오답,-,False,False,,
none,P031,clay stool,회색변,점토색 변,ok,오답,-,False,False,,
none,P031,gorei-san,오령산,gorei-san,ok,오답,-,False,True,,
none,P032,graves' ophthalmopathy,그레이브스 눈병증,그레이브스 안병증,ok,오답,-,False,False,,
none,P032,non-exudative,삼출되지않은,비삼출성,ok,오답,-,False,False,,
none,P032,endolymphatic duct,속림프관,내림프관,ok,정답(동의어),exact,True,True,,
none,P033,arsenic mirror,코거울,비소 거울,ok,오답,-,False,False,,
none,P033,supporting spiritual rituals,영적의식 지지하기,영적 의식을 지원하는,ok,오답,-,False,False,,
none,P033,muscular atrophy,근위축,근위축,ok,정답(대표),exact,True,True,,
none,P034,spondylopathy,척추병(증),척추증,ok,오답,-,False,False,,
none,P034,thyroidea ima artery,맨아래갑상동맥,하갑상동맥,ok,오답,-,False,False,,
none,P034,orthognathic surgery,악교정수술,악교정술,ok,오답,-,False,False,,
none,P035,lcp disease,넙다리뼈머리뼈끝뼈연골증,레그-칼베-페르테스병(LCP disease),ok,정답(동의어),partial,True,True,,
none,P035,deforming dorsopathies,변형성 등병증,변형성 등 질환,ok,오답,-,False,False,,
none,P035,bacteriocin,박테리오신,박테리오신,ok,정답(대표),exact,True,True,,
none,P036,thoracalgia,흉통,흉통,ok,정답(대표),exact,True,True,,
none,P036,delay procedure,지연처치,시술을 연기,ok,오답,-,False,False,,
none,P036,tricephalus,세머리태아,삼두,ok,오답,-,False,False,,
none,P037,supraclavicular approach,빗장위접근법,쇄골상 접근법,ok,정답(동의어),variant,True,True,,
none,P037,eosinophilic non-allergic rhinitis,호산성 비알레르기성 비염,호산구성 비알레르기성 비염,ok,오답,-,False,False,,
none,P037,papilloma of cerviv,자궁경부의 유두종,자궁경부 유두종,ok,오답,-,False,False,,
none,P038,hypothalamic-pituitary-adrenal axis,시상하부-뇌하수체-부신축,시상하부-뇌하수체-부신 축,ok,정답(대표),variant,True,True,,
none,P038,androgenic alopecia,안드로젠탈모증,남성형 탈모,ok,오답,-,False,False,,
none,P038,halmatogenesis,돌연세대변이,조혈,ok,오답,-,False,False,,
none,P039,isomaltase,이소말타아제,이말타아제,ok,오답,-,False,False,,
none,P039,postprocedural subglottic stenosis,처치후 성문하협착,시술 후 성문하 협착,ok,오답,-,False,False,,
none,P039,acclimation fever,순화열,순응열,ok,오답,-,False,False,,
none,P040,intromission,삽입,삽입,ok,정답(대표),exact,True,True,,
none,P040,microlymphatic graft,미세림프절이식,미세 림프계 이식,ok,오답,-,False,False,,
none,P040,lenticonus,원뿔수정체,렌티코누스,ok,오답,-,False,False,,
none,P041,metagonimus yokogawai,요코가와흡충,요코가와이흡충,ok,오답,-,False,False,,
none,P041,enema apparatus,관장기,관장 기구,ok,정답(대표),partial,True,True,,
none,P041,rash purpuric,자색반 발진,자반성 발진,ok,오답,-,False,False,,
none,P042,factor viii,제8인자,제 8 인자,ok_nospace,정답(대표),variant,True,True,,
none,P042,bony excrescence,뼈이상돌출,골성 돌기,ok,오답,-,False,False,,
none,P042,biopsy of adenoid,인두편도 생검,아데노이드 조직 생검,ok,오답,-,False,False,,
none,P043,undercorrection,부족교정,교정이 부족했을,ok,오답,-,False,False,,
none,P043,transluminal coronary atherectomy,내강경유 심장혈관 죽종절제,경관경 관상동맥 죽상반제거술,ok,오답,-,False,False,,
none,P043,stump hallucination,절단끝환각,단지 환각,ok,오답,-,False,False,,
none,P044,proenzyme,풋효소,프로효소,ok,오답,-,False,False,,
none,P044,traveling clinic,이동진료소,이동 순회 진료소,ok,오답,-,False,False,,
none,P044,pallister-killian syndrome,팰리스터-킬리언 증후군,팔리스터-킬리안 증후군,ok,정답(동의어),exact,True,True,,
none,P045,leukokeratosis nicotina palati,구개 니코틴성 백색각화증,담배성 구개 각화증,ok,오답,-,False,False,,
none,P045,monorchidism,홑고환증,단고환증,ok,오답,-,False,False,,
none,P045,steatocystoma,피지낭종,지방낭종,ok,오답,-,False,False,,
none,P046,vaginal discharge,대하,질 분비물,ok,오답,-,False,False,,
none,P046,posterior thoracic fusion,뒷쪽 가슴척추 유합,후방 흉추 융합술,ok,오답,-,False,False,,
none,P046,sucking disc,흉반,흡반,ok,정답(동의어),exact,True,True,,
none,P047,rectal,곧창자-,직장,ok,오답,-,False,False,,
none,P047,pyrexia during labour,출산중 발열,,not_substring,미검출,-,False,False,,
none,P047,genital infection fungal,생식 기관 곰팡이 감염,진균성 기원의 생식기 감염,ok,오답,-,False,False,,
none,P048,dense deposit disease,고밀도침착병,침착질환,ok,오답,-,False,False,,
none,P048,endoscopic transmyocardial revascularization,내시경 이용 심근경유 혈관 재형성,내시경적 경심근 혈관재건술,ok,오답,-,False,False,,
none,P048,vasectomy seekers,정관절제술탐침,정관수술 대상자,ok,오답,-,False,False,,
none,P049,convalescence following chemotherapy,화학요법후 회복기,항암화학요법 이후의 긴 회복 기간,ok,오답,-,False,False,,
none,P049,apneustic respiration,지속흡입호흡,무호흡성 호흡,ok,오답,-,False,False,,
none,P049,carpometacarpal joint structure,손목손허리관절,수근중수골 관절 구조,ok,오답,-,False,False,,
none,P050,window defect,창문비침,창문 결손,ok,오답,-,False,False,,
none,P050,metathalamus,시상후부,후시상부,ok,오답,-,False,False,,
none,P050,patent medicine,특허약,처방약 제제,ok,오답,-,False,False,,
none,P051,pulex,벼룩(속),벼룩,ok,정답(대표),variant,True,False,,
none,P051,genu valgum,외반슬,슬관절 외반,ok,오답,-,False,False,,
none,P051,thymopoietin,티모포이에틴,티모포이에틴,ok,정답(대표),exact,True,True,,
none,P052,arthroscopic menisectomy,관절경 이용 초승달 절제,관절경적 반월상연골절제술,ok,오답,-,False,False,,
none,P052,heart rate variability,심박변이도,심박수 변이도,ok,오답,-,False,False,,
none,P052,subretinal,망막밑-,막하,ok,오답,-,False,False,,
none,P053,waveform,파형,파형,ok,정답(대표),exact,True,True,,
none,P053,closed reduction,비개방정복(술),폐쇄적 정복,ok,오답,-,False,False,,
none,P053,pilomatrixoma,털바탕질종,모낭기질종,ok,오답,-,False,False,,
none,P054,prostatodynia,전립샘통증,전립선통,ok,오답,-,False,False,,
none,P054,uropoiesis,요생산,요형성,ok,오답,-,False,False,,
none,P055,schistocephalus,머리갈림태아,흡충류(schistocephalus),ok,오답,-,False,False,,
none,P055,modified norwood operation,수정된 노우드수술,변형 노우드 수술,ok,오답,-,False,False,,
none,P055,peptonization,펩톤화,펩톤화,ok,정답(대표),exact,True,True,,
none,P056,apoplectic coma,중풍혼수,뇌졸중성 혼수 상태,ok,오답,-,False,False,,
none,P056,atrioventricular septal defect,심방실중격결손,방실 중격 결손,ok,오답,-,False,False,,
none,P056,assess hospice,호스피스 사정,호스피스를 가장 적절한 다음 단계로 평가하기로,ok,오답,-,False,False,,
none,P057,continuous,연속-,지속적인,ok,정답(동의어),partial,True,False,,
none,P057,zoe filling,치아진정처치,산화아연유지놀(ZOE) 충전재,ok,오답,-,False,False,,
none,P057,oxidizing color,산화염료,산화로 인한 색조 변화,ok,오답,-,False,False,,
none,P058,hammerhead ribozyme,망치머리형리보자임,해머헤드 리보자임,ok,오답,-,False,False,,
none,P058,infanthood,영아기,영아기,ok,정답(대표),exact,True,True,,
none,P059,ulcerlike nud,궤양성 비궤양성 소화불량,궤양양 결절,ok,오답,-,False,False,,
none,P059,gwollyo,관료(顴髎),괄요,ok,오답,-,False,False,,
none,P059,double bladder,중복방광,이중 방광,ok,오답,-,False,False,,
none,P060,auriculotemporal nerve,귓바퀴관자신경,이두신경,ok,오답,-,False,False,,
none,P060,annulospiral ending,고리나선신경종말,환상나선종말,ok,오답,-,False,False,,
none,P060,ascending arm venography,상지-상행적상지정맥,상행 상지 정맥조영술,ok,오답,-,False,False,,
none,P061,epidermophyton,표피사상균(속),표피균,ok,오답,-,False,False,,
none,P061,tubal tonsil,귀인두관편도,이관 편도,ok,오답,-,False,False,,
none,P061,single-step growth curve,일회증식곡선,단일 단계 성장 곡선,ok,오답,-,False,False,,
none,P062,antineutrophil cytoplasmic antibody,항중성구세포질항체,항호중구 세포질 항체,ok,오답,-,False,False,,
none,P062,pharyngoparalysis,인두마비,인두마비,ok,정답(대표),exact,True,True,,
none,P062,vasa previa,전치 맥관,전치혈관,ok,오답,-,False,False,,
none,P063,tzanck smear test,장크도말검사,Tzanck 도말 검사,ok,오답,-,False,False,,
none,P063,ecdysis,허물벗기,탈피,ok,정답(동의어),exact,True,True,,
none,P063,major amblyoscope,대형 약시경,대형 암실시계,ok,오답,-,False,False,,
none,P064,closed approach,폐쇄방법,폐쇄적 접근법,ok,오답,-,False,False,,
none,P064,thyroid notch,방패패임,갑상연골절흠,ok,오답,-,False,False,,
none,P064,intraocular,안구내-,안내,ok,오답,-,False,False,,
none,P065,precipitate labor,급속 분만,급속 분만,ok,정답(대표),exact,True,True,,
none,P065,dental granuloma,뿌리끝육아종,치아 육아종,ok,오답,-,False,False,,
none,P065,rickets of prematurity,미숙아의 구루병,미숙아 구루병,ok,오답,-,False,False,,
none,P066,frontosphenoesthmoidectomy,이마나비사골동절제술,접형사골절제술,ok,오답,-,False,False,,
none,P066,poor sucking reflex,빨기 반사 어려움,빨기 반사 저하,ok,오답,-,False,False,,
none,P066,assessing waste service,쓰레기처리 능력 사정하기,폐기물 처리 규정 평가,ok,오답,-,False,False,,
none,P067,epiduroscopic neuroplasty,내시경적 경막외강 신경성형술,경막외경 신경성형술,ok,오답,-,False,False,,
none,P067,relative scotoma,상대암점,상대 암점,ok,정답(대표),variant,True,True,,
none,P067,multiple adenomatous polyps,다발성 샘종성 폴립,다발성 선종성 용종,ok,오답,-,False,False,,
none,P068,solenopsis invicta,불개미,솔레놉시스 인빅타,ok,오답,-,False,False,,
none,P068,sheathed artery,집형성동맥,피막으로 덮인 동맥,ok,오답,-,False,False,,
none,P068,ureteroscopic,요도경검사에 의한,요관경적,ok,오답,-,False,False,,
none,P069,multidrug resistance,다약제내성,다제내성,ok,오답,-,False,False,,
none,P069,gonadoadvent,생식기능출현기,생식샘,ok,오답,-,False,False,,
none,P069,pa x-ray,치근단 방사선촬영,흉부 X 선 촬영,ok_nospace,오답,-,False,False,,
none,P070,physically handicapped,거동불편자,신체적 장애가 있는,ok,오답,-,False,False,,
none,P070,centrolecithal,중심난황-,중앙난황,ok,오답,-,False,False,,
none,P070,entire nasal septum,온코사이막,비중격 전반부,ok,오답,-,False,False,,
none,P071,posterior cordectomy,뒷쪽 성대 절제,후방 성대 절제술,ok,정답(동의어),partial,True,True,,
none,P071,intra-operative neurophysiologic testing,수술중 신경생리학적 검사,수술 중 신경생리검사,ok,오답,-,False,False,,
none,P072,enteropathic arthritis,창자질환성 관절염,장병성 관절염,ok,오답,-,False,False,,
none,P072,oncogene,종양유전자,종양유전자,ok,정답(대표),exact,True,True,,
none,P072,protein-losing enteropathy,단백질소실장병(증),단백 상실성 장병증,ok,오답,-,False,False,,
none,P073,urethrocutaneous fistula,요도피부샛길,요도피부루,ok,정답(동의어),variant,True,True,,
none,P073,anesthesiologist,마취과의사,마취과 의사,ok,정답(대표),variant,True,True,,
none,P073,old tuberculin,재래식투베르쿨린,구결핵균,ok,오답,-,False,False,,
none,P074,microsomia,작은몸증,미소증,ok,오답,-,False,False,,
none,P074,pericanalicular,소관주위-,관주위형,ok,오답,-,False,False,,
none,P074,penicillar arteriole,붓털세동맥,편모세동맥,ok,오답,-,False,False,,
none,P075,posttransplant lymphoproliferative disease,이식후림프세포증식병,이식후 림프증식성 질환,ok,오답,-,False,False,,
none,P075,epididymal duct,부고환관,부고환관,ok,정답(대표),exact,True,True,,
none,P075,urethrotomy,요도 절개,요도절개술,ok,정답(대표),partial,True,True,,
none,P076,inhalator,흡입기,흡입기,ok,정답(대표),exact,True,True,,
none,P076,omsk haemorrhagic fever,옴스크출혈열,옴스크 출혈열,ok,정답(대표),variant,True,True,,
none,P076,ramus of pubis,두덩뼈가지,치골 상지,ok,오답,-,False,False,,
none,P077,dry weight,투석목표체중,건체중,ok,오답,-,False,False,,
none,P077,macular holes,황반 원공,황반원공,ok,정답(대표),variant,True,True,,
none,P077,subpapillary arterial network,유두밑동맥그물,유두하 동맥망,ok,정답(동의어),variant,True,True,,
none,P078,syphilogen,매독원,매균원,ok,오답,-,False,False,,
none,P078,cardiodiaphragmatic angle,심장가로막각,심장횡격막각,ok,정답(동의어),exact,True,True,,
none,P078,ebonation,뼈조각제거,흑색화,ok,오답,-,False,False,,
none,P079,diving reflex,잠수반사,잠수 반사,ok,정답(대표),variant,True,True,,
none,P079,pungji,풍지(風池),풍지,ok,정답(대표),variant,True,True,,
none,P079,vertebro-basilar artery syndrome,척추-뇌기저동맥증후군,추골-기저동맥 증후군,ok,오답,-,False,False,,
none,P080,chest expiration,가슴 날숨촬영,호기,ok,오답,-,False,False,,
none,P080,rhinoantritis,코굴염,비부비동염,ok,정답(동의어),partial,True,True,,
none,P080,uremic convulsion,요독경련,요독성 경련,ok,오답,-,False,False,,
none,P081,cobblestone tongue,조약돌혀,둥근돌기 혀,ok,오답,-,False,False,,
none,P081,small-and light-for-dates,과소 및 과소체중아,소태아(small-for-dates) 및 저체중아(light-for-dates),ok,오답,-,False,False,,
none,P081,saliva viscosity test,타액 점조도 검사,타액 점도 검사,ok,오답,-,False,False,,
none,P082,progressive hemifacial atrophy,진행성 반쪽얼굴 위축,진행성 반측안면위축,ok,오답,-,False,False,,
none,P082,afterloading technique,후장진법,후장전(afterloading) 기법,ok,오답,-,False,False,,
none,P082,assess disimpaction,매복변제거 사정,,not_substring,미검출,-,False,False,,
none,P083,nodular fasciitis,결절 근막염,결절성 근막염,ok,오답,-,False,False,,
none,P083,zosteriform lentiginous nevus,띠모양흑(색)점모반,대상포진 모양 점소성 모반,ok,오답,-,False,False,,
none,P083,nodular prurigo,결절가려움발진,결절성 가려움증,ok,오답,-,False,False,,
none,P084,encephalopathy toxic,독성 뇌병증,독성 뇌병증,ok,정답(대표),exact,True,True,,
none,P084,medial nasal prominence,내측비융기,내측 비부 돌기,ok,오답,-,False,False,,
none,P084,anisometropic amblyopia,굴절부등약시,부동시 약시,ok,오답,-,False,False,,
none,P085,t-colectomy,횡행결장절제술,전결장절제술,ok,오답,-,False,False,,
none,P085,bone inlay,골내재,골 이식,ok,오답,-,False,False,,
none,P085,sequestrectomy of skull,머리뼈 부골 절제,두개골 사골절제술,ok,오답,-,False,False,,
none,P086,associated disorder,수반장애,연관 질환,ok,오답,-,False,False,,
none,P086,uncovertebral,갈고리돌기-,골성 후관절,ok,오답,-,False,False,,
none,P086,cholelithiasis,담석증,담석증,ok,정답(대표),exact,True,True,,
none,P087,meckel's imaging,메켈스 스캔,메켈(Meckel) 영상 검사,ok,오답,-,False,False,,
none,P087,arm-to-retina circulation time,팔망막순환시간,상완-망막 순환시간,ok,오답,-,False,False,,
none,P088,tubular reabsorption,요세관재흡수,세관 재흡수,ok,오답,-,False,False,,
none,P088,rothmund thomson syndrome,로트문드 톰슨 증후군,로트문트-톰슨 증후군,ok,오답,-,False,False,,
none,P088,muscle twitch,근육 경련,근육 경련,ok,정답(대표),exact,True,True,,
none,P089,bis in die,1일2회,하루 두 회,ok,오답,-,False,False,,
none,P089,abrasion of flank,옆구리 찰과상,측복부의 표재성 찰과상,ok,오답,-,False,False,,
none,P089,gustatory hyperesthesia,미각과민(증),미각 과민증,ok,정답(동의어),partial,True,True,,
none,P090,epidermolysis bullosa simplex,단순 수포성 표피박리증,단순형 수포성 표피박리증,ok,오답,-,False,False,,
none,P090,enteral feeding regime,경장 섭취 요법,장관영양 요법,ok,오답,-,False,False,,
none,P090,high quality-hcv ab,정밀면역검사-C형간염항체,고품질 HCV 항체 양성,ok,오답,-,False,False,,
none,P091,hepaticostomy,간관루설치(술),간담도조루술,ok,오답,-,False,False,,
none,P091,root pain,신경뿌리통증,신경근통,ok,오답,-,False,False,,
none,P091,parasympathetic nervous system,부교감신경계통,부교감신경계,ok,정답(동의어),exact,True,True,,
none,P092,x-ray illumination,X선필름판독대,엑스선 조명,ok,오답,-,False,False,,
none,P092,angioma cavernosum,해면혈관종,해면상혈관종,ok,오답,-,False,False,,
none,P092,cap crown,금관,모관관정,ok,오답,-,False,True,,
none,P093,coffin-siris syndrome,코핀-시리스 증후군,코핀-시리스 증후군,ok,정답(대표),exact,True,True,,
none,P093,working length distance,근관장측정검사,작업 길이,ok,오답,-,False,False,,
none,P093,uterine arteriography,복부및골반동맥조영-자궁동맥,자궁 동맥 조영술,ok,오답,-,False,False,,
none,P094,cirsophthalmia,결막정맥류,결막충혈,ok,오답,-,False,False,,
none,P094,interarytenoid notch,모뿔사이패임,윤상후두간 절흡,ok,오답,-,False,False,,
none,P094,hot bag,더운물 주머니,온찜질,ok,오답,-,False,False,,
none,P095,agenesis of lung,폐의 무발생,폐 무발생,ok,오답,-,False,False,,
none,P095,perform diversional care,전환간호 수행,전환 요법(diversional care)을 시행할 것이다,ok,오답,-,False,False,,
none,P095,opsin,옵신,옵신,ok,정답(대표),exact,True,True,,
none,P096,growth fever,변증,성장열,ok,오답,-,False,False,,
none,P096,scorbutic ulcer,괴혈병궤양,괴혈병성 궤양,ok,오답,-,False,False,,
none,P096,false neuroma,가성신경종,가성 신경종,ok,정답(대표),variant,True,True,,
none,P097,neoadjuvant chemotherapy,신보강화학요법,유도화학요법,ok,오답,-,False,False,,
none,P097,death,사,사망,ok,오답,-,False,True,,
none,P097,supraspinous,가시끝-,극상,ok,정답(동의어),variant,True,False,,
none,P098,functional ileus,기능창자막힘증,기능성 장마비,ok,오답,-,False,False,,
none,P098,endorectal pull-through operation,직장내 풀-스루식 수술,경직장 당겨내기 수술,ok,오답,-,False,False,,
none,P098,counterfeit disease,꾀병,가짜 질환,ok,오답,-,False,False,,
none,P099,micromovement,미세운동,미세한 움직임,ok,오답,-,False,False,,
none,P099,stenoxenous parasite,협숙주기생충,협숙주성 기생충,ok,오답,-,False,False,,
none,P099,surgical staging,외과적시기결정,수술적 병기 결정,ok,오답,-,False,False,,
none,P100,overdetermined idea,과잉결정관념,과도하게 굳은 관념,ok,오답,-,False,False,,
none,P100,hyperesophoria,상내사위,과내사시,ok,오답,-,False,False,,
none,P101,soryo,소료(素髎),소료,ok,정답(대표),variant,True,False,,
none,P101,endemic disease,풍토병,풍토병,ok,정답(대표),exact,True,True,,
none,P101,eurytrema pancreaticum,췌질,췌장확충,ok,오답,-,False,False,,
none,P102,rotational irradiation coach,회전방사선치료대,회전 조사 코치,ok,오답,-,False,False,,
none,P102,outbreed,무작위교배계,발현 빈도가 증가하는,ok,오답,-,False,False,,
none,P103,pharynx,인두,인두,ok,정답(대표),exact,True,True,,
none,P103,ctha and ctap,컴퓨터 단층촬영 간 동맥조영술과 컴퓨터 단층촬영 문맥조영술,CTHA 및 CTAP,ok,오답,-,False,False,,
none,P103,cyclamate,시클라메이트,사이클라메이트,ok,오답,-,False,False,,
none,P104,nuclear polyhedrosis virus,핵다면체형성바이러스,핵다면체바이러스,ok,오답,-,False,False,,
none,P104,platymorphia,편평안구,platymorphia,ok,오답,-,False,False,,
none,P104,square root sign,제곱근모양징후,제곱근 징후,ok,오답,-,False,False,,
none,P105,holy fire,에르고트중독증,성화,ok,오답,-,False,False,,
none,P105,hemeralopia,주간맹,명소증,ok,오답,-,False,False,,
none,P105,avulsion fracture,찢김 골절,견열 골절,ok,정답(동의어),variant,True,True,,
none,P106,salicylamide,살리실아마이드,살리실아마이드,ok,정답(대표),exact,True,True,,
none,P106,volume elasticity coefficient,용적탄력률,용적 탄성 계수,ok,오답,-,False,False,,
none,P106,lead gown,납가운,납 가운,ok,정답(대표),variant,True,True,,
none,P107,anthracosis,탄분증,탄저증,ok,오답,-,False,False,,
none,P107,proacrosomal granule,풋첨단체과립,전체세포 과립,ok,오답,-,False,False,,
none,P107,cromolyn,크로몰린,크로몰린,ok,정답(대표),exact,True,True,,
none,P108,diffusing capacity,확산능,폐확산능,ok,정답(대표),partial,True,True,,
none,P108,venule,세정맥,세정맥,ok,정답(대표),exact,True,True,,
none,P108,mucopurulent,점액고름-,점액농성,ok,정답(동의어),partial,True,False,,
none,P109,blastomyces,분아진균(속),블라스토미세스,ok,오답,-,False,False,,
none,P109,bubbling rale,끓는거품소리,수포음,ok,오답,-,False,False,,
none,P109,reverberating circuit,반향회로,반향 회로,ok,정답(대표),variant,True,True,,
none,P110,ischial tuberosity structure,궁둥뼈결절,좌골 결절 구조물,ok,정답(동의어),partial,True,True,,
none,P110,cold pack,찬물 주머니,냉찜질,ok,오답,-,False,False,,
none,P110,airborne infection,공기매개감염,공기 매개 감염,ok,정답(대표),variant,True,True,,
none,P111,columella lengthening,코기둥연장(술),비중격연장,ok,오답,-,False,False,,
none,P111,antivitamin,항비타민물질,항비타민제,ok,오답,-,False,False,,
none,P111,pyelic,콩팥깔때기-,신우,ok,정답(동의어),variant,True,False,,
none,P112,apical surgery,치근단 수술,근단 수술,ok,오답,-,False,False,,
none,P112,fetal cotyledon,태아쪽태반엽,태반 융모엽,ok,오답,-,False,False,,
none,P112,trypanocidal,파동편모충박멸-,살크루파동충,ok,오답,-,False,False,,
none,P113,laceration of back,등 열상,등 부위의 심한 열상,ok,오답,-,False,False,,
none,P113,cardiac pet-ct,심장 양전자방출단층촬영술,심장 PET-CT,ok,오답,-,False,False,,
none,P113,epidermolysis bullosa dystrophica,디스트로피성 수포성 표피박리증,영양불량형 수포성 표피박리증,ok,오답,-,False,False,,
none,P114,endoscopic revision dacryocystorhinostomy,내시경 이용 눈물주머니코안 연결 교정,내시경적 교정 누낭비강문합술,ok,오답,-,False,False,,
none,P114,oncofetal,종양태아-,태아성 종양,ok,오답,-,False,False,,
none,P114,hydrorachis,수척추증,수뇌증,ok,오답,-,False,False,,
none,P115,stenopeic,가는틈-,핀홀,ok,오답,-,False,False,,
none,P115,extracoronal,치관외-,관외,ok,오답,-,False,False,,
none,P115,buccal gland,협선,볼 근육,ok,오답,-,False,False,,
none,P116,ileal neoplasms,돌창자 신생물,회장 종양,ok,오답,-,False,False,,
none,P116,prostate mri,기본자기공명영상진단-복부-전립선-일반,전립선 MRI,ok,오답,-,False,False,,
none,P116,puerility,소아기,유아기적 행동,ok,오답,-,False,False,,
none,P117,genuine diabetes,진성당뇨병,진성 당뇨병,ok,정답(대표),variant,True,True,,
none,P117,cervical vertigo,경추성 현기증,경성 어지럼증,ok,오답,-,False,False,,
none,P117,dermatitis verrucosa,사마귀피부염,사마귀모피염,ok,오답,-,False,False,,
none,P118,antimicrobial eye drop,항균안약,항균성 안약,ok,오답,-,False,False,,
none,P118,pressure suit,가압복,압력복,ok,오답,-,False,False,,
none,P118,derangement of patella,무릎뼈의 장애,슬개골 장애,ok,오답,-,False,False,,
none,P119,postmenopausal bleeding,폐경기후 출혈,폐경 후 출혈,ok,오답,-,False,False,,
none,P119,tense,긴장-,긴장한,ok,정답(대표),partial,True,False,,
none,P119,congruous field defect,일치시야결손,일치된 시야 결손,ok,오답,-,False,False,,
none,P120,metarubricyte,후적혈구,후적혈구,ok,정답(대표),exact,True,True,,
none,P120,multiple v-y plasties,V-Y 성형술,다수의 V-Y 피판술,ok,오답,-,False,False,,
none,P120,neonatal oesophageal reflux,신생아식도역류,신생아 식도 역류,ok,정답(대표),variant,True,True,,
none,P121,cryptogenic sepsis,특발성패혈증,원인 불명의 패혈증,ok,오답,-,False,False,,
none,P121,acne keloidalis,흉터종여드름,여드름성 켈로이드,ok,오답,-,False,False,,
none,P121,cheondol,천돌(天突),결절종,ok,오답,-,False,False,,
none,P122,stratified randomization,층별무작위배정(법),층화 무작위 배정,ok,오답,-,False,False,,
none,P122,interferential action,간섭작용,간섭전류 요법,ok,오답,-,False,False,,
none,P122,psoas shadow,허리근음영,장요근 음영,ok,정답(동의어),partial,True,True,,
none,P123,plain radiograph,단순방사선사진,단순 방사선 사진,ok,정답(대표),variant,True,True,,
none,P123,carbamino reaction,카르바미노반응,카르바민 반응,ok,오답,-,False,False,,
none,P123,alpha thalassemia,알파 지중해빈혈,알파 지중해빈혈,ok,정답(대표),exact,True,True,,
none,P124,immunoglobulin class,면역글로불린계,면역글로불린 클래스,ok,오답,-,False,False,,
none,P124,assessing grief,슬픔 사정하기,슬픔을 평가하는,ok,오답,-,False,False,,
none,P124,purpura annularis telangiectodes,고리모세혈관확장자색반,모세혈관확장성 고리자반,ok,오답,-,False,False,,
none,P125,di guglielmo's disease,디구글리엘모병,Di Guglielmo병,ok,오답,-,False,False,,
none,P125,video-urodynamic study,영상요역동학검사,비디오 요동역 검사,ok,오답,-,False,False,,
none,P125,primary syphilis,1기매독,1 기 매독,ok_nospace,정답(대표),variant,True,True,,
none,P126,deep mycosis,심재성 진균증,심부 진균증,ok,오답,-,False,False,,
none,P126,endothelium-derived relaxing factor,내피유래이완인자,내피 유래 이완 인자,ok,정답(대표),variant,True,True,,
none,P126,descriptive epidemiology,기술역학,기술 역학,ok,정답(대표),variant,True,True,,
none,P127,drug induce pruritus,약물 유발성 가려움,약물 유발성 소양증,ok,오답,-,False,False,,
none,P127,goitrogenic,갑상샘종유발물질-,갑상선종 유발,ok,오답,-,False,False,,
none,P127,suturing of wound,창상봉합술,상처 가장자리를 세심하게 봉합,ok,오답,-,False,False,,
none,P128,expectorant mixture,복합거담제,거담제 혼합제,ok,오답,-,False,False,,
none,P128,reducing artifact,감소인공물,인공물을 줄이기,ok,오답,-,False,False,,
none,P128,bilaminar vitelline placenta,두겹난황태반,양층 난황 태반,ok,오답,-,False,False,,
none,P129,iridocoloboma,홍채결손,홍채 결손증,ok,정답(대표),partial,True,True,,
none,P129,glissade,글리사드,글리사드,ok,정답(대표),exact,True,True,,
none,P129,anecdotal,증례서술적,일화적,ok,정답(동의어),exact,True,True,,
none,P130,hypofunction,기능저하,기능 저하,ok,정답(대표),variant,True,True,,
none,P130,ardor,작열감,작열감,ok,정답(대표),exact,True,True,,
none,P130,impulse conducting system,심장흥분전도계통,충격 전도계,ok,오답,-,False,False,,
none,P131,hyalomere,투명부위,투명부,ok,오답,-,False,False,,
none,P131,protrusive position,전방위,전방 돌출 위치,ok,오답,-,False,False,,
none,P131,joint swelling non-inflammatory,비염증 관절 부기,염증성이 아닌 특징의 뚜렷한 관절 부종,ok,오답,-,False,False,,
none,P132,osteoarthritis,뼈관절염,골관절염,ok,정답(동의어),exact,True,True,,
none,P132,colpocystocele,질방광탈출(증),콜포방광류,ok,오답,-,False,False,,
none,P132,subspinous,가시돌기밑-,극하,ok,오답,-,False,False,,
none,P133,refractive accomodative esotropia,굴절조절 내사시,굴절성 조절성 내사시,ok,오답,-,False,False,,
none,P133,apicoectomy,치근첨절제(술),근단 절제술,ok,오답,-,False,False,,
none,P133,flushing,홍조,세척,ok,오답,-,False,False,,
none,P134,mutiple myeloma,다발성 골수종,다발성 골수종,ok,정답(대표),exact,True,True,,
none,P134,dermoepidermal,진피표피-,진피표피,ok,정답(대표),variant,True,False,,
none,P135,entire finger,온손가락,전체 손가락,ok,오답,-,False,False,,
none,P135,appendix ultrasound,맹장 초음파,맹장 초음파,ok,정답(대표),exact,True,True,,
none,P136,operative cholangiography,수술쓸개관조영(술),수술적 담관조영술,ok,오답,-,False,False,,
none,P136,ionophore antibiotic,이온투과차단항생제,이온포어 항생제,ok,오답,-,False,False,,
none,P136,peritoneocentesis,복막천자,복강천자,ok,오답,-,False,False,,
none,P137,invasive mole,침윤기태,침윤성 포상기태,ok,오답,-,False,False,,
none,P137,vetebra,척추,,none,미검출,-,False,False,,
none,P137,kub left lateral,"콩팥요관방광촬영, 왼쪽측방향",KUB 좌측면,ok,오답,-,False,False,,
none,P138,colonic serosa,잘록창자장막층,결장 장막,ok,오답,-,False,False,,
none,P138,nasalis muscle,코근,비근육,ok,정답(동의어),partial,True,True,,
none,P138,onchocercoma,회선사상충결절,결절종,ok,오답,-,False,False,,
none,P139,corticobasal degeneration,겉질기저 변성,피질기저핵 변성,ok,오답,-,False,False,,
none,P139,nonalcoholic steaohepatitis,비알코올성 지방간염,비알코올성 지방간염,ok,정답(동의어),variant,True,True,,
none,P139,laryngeal carcinoma,후두 암종,후두암,ok,오답,-,False,False,,
none,P140,pseudoepicanthus,거짓눈구석주름,가성 내안각피부,ok,오답,-,False,False,,
none,P140,hydropneumothorax,물공기가슴증,수흉기흉,ok,오답,-,False,False,,
none,P140,cathemoglobin,카트헤모글로빈,카트헤모글로빈,ok,정답(대표),exact,True,True,,
none,P141,endoscopic retrograde pancreatography,내시경역행이자관조영(술),내시경 역행성 췌관조영술,ok,오답,-,False,False,,
none,P141,koop's modified pylomyotomy,쿱의 수정 유문근층 절개,Koop 변법 유문근절개술,ok,오답,-,False,False,,
none,P141,brachiocephalic trunk,팔머리동맥,완두동맥,ok,오답,-,False,False,,
none,P142,pubovaginal,두덩질-,치골질대,ok,오답,-,False,False,,
none,P142,ulcerated external hemorrhoids,궤양성 외치핵,궤양성 외치핵,ok,정답(대표),exact,True,True,,
none,P142,school childhood,학령기,학령기,ok,정답(대표),exact,True,True,,
none,P143,horopter,단일시궤도,호르프터,ok,오답,-,False,False,,
none,P143,vesicorectal fistula,방광직장루,방광직장루,ok,정답(대표),exact,True,True,,
none,P143,dysostosis multiplex group,다발 집단 뼈발생이상,이골성장부전증(dysostosis multiplex) 군,ok,오답,-,False,False,,
none,P144,parathyroid tetany,부갑상선테타니,부갑상선 테타니,ok,정답(대표),variant,True,True,,
none,P144,sideroblastic anaemia,철적혈모구빈혈,철아구성 빈혈,ok,오답,-,False,False,,
none,P144,meshwork,섬유주,망상 조직,ok,오답,-,False,False,,
none,P145,infantile automatism,젖먹이자동증,영아 자동증,ok,오답,-,False,False,,
none,P145,stomatomy,자궁구절개(술),구강개구술,ok,오답,-,False,False,,
none,P145,familial polyposis,가족성폴립증,가족성 용종증,ok,오답,-,False,False,,
none,P146,prootic,귀앞-,전이골,ok,오답,-,False,False,,
none,P146,microencephaly,작은뇌증,소두증,ok,오답,-,False,False,,
none,P147,vaccination against staphylococcus,포도구균 예방접종,포도구균 예방 접종,ok,정답(대표),variant,True,True,,
none,P147,photogene,잔상,포토진,ok,오답,-,False,False,,
none,P147,cortisol-binding globulin,코티솔결합글로불린,코르티솔 결합 글로불린,ok,오답,-,False,False,,
none,P148,prolinase,프롤린효소,프로리나아제,ok,오답,-,False,False,,
none,P148,vibratory auscultation,진동청진,흉부 진동 청진,ok,정답(대표),partial,True,True,,
none,P148,iridocyclitis in tuberculosis,결핵에서의 홍채섬모체염,결핵에 동반된 홍채모양체염,ok,오답,-,False,False,,
none,P149,egg yolk medium,달걀노른자배지,난황 배지,ok,오답,-,False,False,,
none,P149,mescaline,메스칼린,메스칼린,ok,정답(대표),exact,True,True,,
none,P149,polymyalgia rheumatica,류마티스성 다발근통,류마티스성 다발성 근육통,ok,오답,-,False,False,,
none,P150,ossidesmosis,힘줄뼈되기,골유착증,ok,오답,-,False,False,,
none,P150,endoenteritis,창자점막염,내장염,ok,오답,-,False,False,,
none,P150,heart excess patterns,심실증,심기항진 양상,ok,오답,-,False,False,,
none,P151,rodent ulcer,잠식궤양,쥐구멍양,ok,오답,-,False,False,,
none,P151,dopa-responsive dystonia,도파-반응성 근긴장이상,도파 반응성 이긴장증,ok,오답,-,False,False,,
none,P151,plating method,평판배양법,표준 배양법,ok,오답,-,False,False,,
none,P152,toilet,세척,화장실,ok,오답,-,False,False,,
none,P152,intermedia thalassaemia,중간형 지중해빈혈,중간형 지중해빈혈,ok,정답(대표),exact,True,True,,
none,P152,superexcitation,과도흥분,과흥분,ok,오답,-,False,False,,
none,P153,naevus portwine,포도주색 모반,포도주색 모반,ok,정답(대표),exact,True,True,,
none,P153,in situ hybridization,제자리부합법,원위치 부합,ok,오답,-,False,False,,
none,P153,subadventitial fibroplasia,외막밑섬유증식,외막하 섬유증,ok,오답,-,False,False,,
none,P154,aerial infection,흡입감염,공기 매개 감염,ok,오답,-,False,False,,
none,P154,intranasal ethmoidectomy,사골동염근치술; 비내 접근법,경비내 사골개방술,ok,오답,-,False,False,,
none,P154,hand,수,손,ok,오답,-,False,True,,
none,P155,normokalemic,정상칼륨혈-,정칼륨혈증,ok,오답,-,False,False,,
none,P155,polygraph,다원기록기,폴리그래프,ok,오답,-,False,False,,
none,P155,video laryngoscopy,비디오후두경검사(법),비디오 후두내시경,ok,오답,-,False,False,,
none,P156,salbutamol,살부타몰,살부타몰,ok,정답(대표),exact,True,True,,
none,P156,reverse mutation,역돌연변이,역돌연변이,ok,정답(대표),exact,True,True,,
none,P156,single outlet heart,단일유출로심장,단일 구심장,ok,오답,-,False,False,,
none,P157,blood donation,헌혈,헌혈,ok,정답(대표),exact,True,True,,
none,P157,mitokinetic,유사운동-,미토케네틱,ok,오답,-,False,False,,
none,P157,distraction therapy,골신장술,주의 전환 요법,ok,오답,-,False,False,,
none,P158,angiohyalinosis,혈관유리질증,혈관유리양변성,ok,오답,-,False,False,,
none,P158,prolonged latent phase,지연된 잠복기,연장된 잠복기,ok,오답,-,False,False,,
none,P158,rolling disease,회전병,rolling disease,ok,오답,-,False,False,,
none,P159,anaphylactoid crisis,아나필락시스유사위기,아나필락토이드 위기,ok,오답,-,False,False,,
none,P159,nitrogen dioxide,이산화질소,이산화질소,ok,정답(대표),exact,True,True,,
none,P159,pulmonary atelectasis,무기폐,폐무기폐,ok,정답(대표),partial,True,True,,
none,P160,macrocytic anemia,큰적혈구빈혈,거대적혈구성 빈혈,ok,오답,-,False,False,,
none,P160,retrognathism,하악후퇴,하악 후퇴증,ok,정답(동의어),partial,True,True,,
none,P160,removal of restoration,기존 보철물 제거,수복물 제거,ok,오답,-,False,False,,
none,P161,clubbing of nails,손톱의 곤봉화,못치질,ok,오답,-,False,False,,
none,P161,carpenter's syndrome,카펜터 증후군,카펜터 증후군,ok,정답(대표),exact,True,True,,
none,P161,immature proglottid,미성숙편절,미성숙 절편,ok,오답,-,False,False,,
none,P162,toxic cardiopathy,독성심장병(증),독성 심근증,ok,오답,-,False,False,,
none,P162,amphorophony,공동공명음,공동성 강음,ok,오답,-,False,False,,
none,P162,blood in stool,대변 속 혈액,대변 내 혈액,ok,오답,-,False,False,,
none,P163,nephritic retinitis,콩팥염망막염,신염성 망막염,ok,오답,-,False,False,,
none,P163,hemopleuropneumonic syndrome,혈액가슴막폐렴증후군,혈흉수폐렴 증후군,ok,오답,-,False,False,,
none,P163,operative ultrasound,수술중초음파검사,수술 중 초음파,ok,오답,-,False,False,,
none,P164,transfusion tests,수혈혈액검사,수혈 검사,ok,오답,-,False,False,,
none,P164,throat pruritus,목구멍 가려움증,인두 가려움증,ok,오답,-,False,False,,
none,P164,cholangioscopy,담관내시경(술),담관경 검사,ok,오답,-,False,False,,
none,P165,filarial chylocele,사상충성 음낭암죽종,사상충성 유미종,ok,오답,-,False,False,,
none,P165,nummular dermatitis,동전모양피부염,화폐상 습진,ok,오답,-,False,False,,
none,P165,bronchus t-tube insertion,기관지 T-삽관,기관 T-관 삽입술,ok,오답,-,False,False,,
none,P166,ramicotomy,신경분지절단(술),하악지 절제술,ok,오답,-,False,False,,
none,P166,incretology,내분비학,인크레틴 내분비학,ok,정답(대표),partial,True,True,,
none,P167,masticatory dysfunction,씹기 기능장애,저작 기능 장애,ok,오답,-,False,False,,
none,P167,semidirected lead,반직접유도,반유도형 리드,ok,오답,-,False,False,,
none,P167,auriculopalpebral reflex,이개안검반사,이안검 반사,ok,오답,-,False,False,,
none,P168,psoriatic spondylitis,건선척추염,건선성 척추염,ok,오답,-,False,False,,
none,P168,absence of muscle,근육의 결여,근육량이 뚜렷하게 결손,ok,오답,-,False,False,,
none,P168,debanding,밴드제거,박리,ok,오답,-,False,False,,
none,P169,opium plaster,아편고약,아편 플라스터,ok,오답,-,False,False,,
none,P169,melanidrosis,흑색땀증,흑색증,ok,오답,-,False,False,,
none,P169,elongation,신장,연장,ok,오답,-,False,False,,
none,P170,double-barreled aorta,이중관대동맥,이중강 대동맥,ok,오답,-,False,False,,
none,P170,deceleration,감속,급감속,ok,정답(대표),partial,True,True,,
none,P170,autonomic bladder,자율방광,자율방광,ok,정답(대표),exact,True,True,,
none,P171,perseveration,고집증,지속증,ok,오답,-,False,False,,
none,P171,leukotaxis,백혈구쏠림성,백혈구 주화,ok,오답,-,False,False,,
none,P171,idiotype-anti-idiotype network,개별특이형항체조절망,이디오타입-항이디오타입 네트워크,ok,오답,-,False,False,,
none,P172,bovine granulomatous mastitis,소육아종 유방염,소아 육아종성 유선염,ok,오답,-,False,False,,
none,P172,gallium scan,갈리움 스캔,갈륨 스캔,ok,오답,-,False,False,,
none,P172,cecocentral scotoma,주시점맹점암점,중심맹점성 암점,ok,오답,-,False,False,,
none,P173,semiadjustable articulator,반적응교합기,반조절성 교합기,ok,오답,-,False,False,,
none,P173,assess pulmonary care,호흡기계간호 사정,폐 관리 평가를 진행하였다,ok,오답,-,False,False,,
none,P173,punctal ectropion,눈물점겉말림,누점 외반,ok,정답(동의어),variant,True,True,,
none,P174,alcohol swab,알코올솜,알코올 솜,ok,정답(대표),variant,True,True,,
none,P174,chondrogen,연골원,연골 생성,ok,오답,-,False,False,,
none,P174,periostitis,뼈막염,골막염,ok,정답(동의어),exact,True,True,,
none,P175,primary amnion,원시양막,1 차 양막,ok_nospace,오답,-,False,False,,
none,P175,naegleria fowleri,파울러자유아메바,나이글레리아 파울레리,ok,오답,-,False,False,,
none,P175,psychosocial development,정신사회발달,심리사회적 발달,ok,오답,-,False,False,,
none,P176,breathing bag reservoir,호흡주머니,호흡백 저장소,ok,오답,-,False,False,,
none,P176,hodgkin disease,호지킨병,호지킨병,ok,정답(대표),exact,True,True,,
none,P176,rheumatoid vasculitis,류마티스혈관염,류마티스 혈관염,ok,정답(대표),variant,True,True,,
none,P177,fundus photography,안저사진,안저 사진 촬영,ok,정답(대표),partial,True,True,,
none,P177,suprameatal foveola,바깥귀길위오목,상이와와,ok,오답,-,False,False,,
none,P177,upper extremity,위팔,상지,ok,정답(동의어),exact,True,True,,
none,P178,classic abdominoplasty,전형적 복부성형술,고전적 복부성형술,ok,오답,-,False,False,,
none,P178,intrahepatic,간내-,간내,ok,정답(대표),variant,True,False,,
none,P178,immunodiagnostic method,면역진단법,면역진단법,ok,정답(대표),exact,True,True,,
none,P179,radiodigital,노손가락-,방사선 디지털,ok,오답,-,False,False,,
none,P179,meckel's diverticulectomy,멕켈 게실절제술,메켈 게실절제술,ok,오답,-,False,False,,
none,P179,stage of life,생명단계,생의 어떤 단계,ok,오답,-,False,False,,
none,P180,peritomy,윤부결막절개(술),광범위 절개,ok,오답,-,False,False,,
none,P180,induced malaria,접종말라리아,유발 말라리아,ok,오답,-,False,False,,
none,P180,sacrococcygeal,엉치꼬리-,천미골,ok,정답(동의어),partial,True,False,,
none,P181,standardized rate ratio,표준화비율비,표준화된 비율비,ok,오답,-,False,False,,
none,P181,conjoined,연합-,유합된,ok,오답,-,False,False,,
none,P182,taenia solium,유구조충,돼지촌충,ok,오답,-,False,False,,
none,P182,polymerism,분절과다증,중합체 현상,ok,오답,-,False,False,,
none,P182,pachyonychia congenita,선천손발톱비대증,선천성 조갑비후증,ok,오답,-,False,False,,
none,P183,intermenstruum,월경간기,월경 간기,ok,정답(대표),variant,True,True,,
none,P183,petrooccipital fissure,바위뒤통수틈새,측두후두골 균열,ok,오답,-,False,False,,
none,P183,vibriocide,비브리오살균제,비브리오균 제거제,ok,오답,-,False,False,,
none,P184,triketohydrindene hydrate test,닌히드린검사,트리케토히드린덴 수화물 검사,ok,오답,-,False,False,,
none,P184,videolaseroscopy,비디오레이저검사,비디오 레이저 내시경 검사,ok,오답,-,False,False,,
none,P184,tetrastichiasis,네줄속눈썹(증),사중모증,ok,오답,-,False,False,,
none,P185,retrouterine hematocele,자궁뒤혈액낭종,자궁후방 혈종,ok,오답,-,False,False,,
none,P185,enteral tube irrigation,위장관세척,장관내 튜브 세척,ok,오답,-,False,False,,
none,P185,pit carries,오목부분 우식,소와 우식증,ok,오답,-,False,False,,
none,P186,hereditary mutilating keratoma,유전절단각화종,유전성 변형 각화증,ok,오답,-,False,False,,
none,P186,lochioschesis,산후질분비물정체,악로 정체,ok,오답,-,False,False,,
none,P186,blood fluke,주혈흡충,혈흡충란,ok,오답,-,False,False,,
none,P187,uterine inversion,자궁뒤집힘,자궁 내번증,ok,정답(동의어),variant,True,True,,
none,P187,suture thread,봉합사,봉합사,ok,정답(대표),exact,True,True,,
none,P187,schistasis,갈림증,열개,ok,오답,-,False,False,,
none,P188,moniliform nucleus,염주핵,염주 모양 핵,ok,오답,-,False,False,,
none,P188,saphenous neuropathy,복재신경병증,음신경병증,ok,오답,-,False,False,,
none,P188,morbidity aspects,질병 양상,이환율(morbidity) 측면,ok,오답,-,False,False,,
none,P189,deltoid flap,어깨세모근피판,델토이드 피판,ok,오답,-,False,False,,
none,P189,cogan's disease,코오간병,코간병,ok,오답,-,False,False,,
none,P189,paraganglion,곁신경절,신경절,ok,오답,-,False,False,,
none,P190,nonvascularized bone graft,비혈관뼈이식,비혈관화 골 이식,ok,오답,-,False,False,,
none,P190,macrostomia cribrosa,체반,다공성 거구증,ok,오답,-,False,False,,
none,P190,myotonia,근긴장증,근강직,ok,오답,-,False,False,,
none,P191,frolement,미세마찰음,마찰음,ok,오답,-,False,False,,
none,P191,ineffective protection,비효율적 방어능력,비효과적 보호,ok,오답,-,False,False,,
none,P191,eye swelling,안구 부기,눈 부종,ok,오답,-,False,False,,
none,P192,needle electromyography,바늘근전도검사(법),근전도 검사,ok,오답,-,False,False,,
none,P192,functional enuresis,기능성 유뇨증,기능성 야뇨증,ok,오답,-,False,False,,
none,P192,muscle flap,근(육)판,근육 피판,ok,오답,-,False,False,,
none,P193,clasp repair,클라스프 수리,클래스프 교정술,ok,오답,-,False,False,,
none,P193,ventricular asynergy,심실협동불능(증),심실 비수축,ok,오답,-,False,False,,
none,P193,jisil,지실(志室),지실,ok,정답(대표),variant,True,False,,
none,P194,depigmenting cream,탈색크림,탈색 크림,ok,정답(대표),variant,True,True,,
none,P194,neck righting reflex,목바로잡기반사,경부 교정 반사,ok,오답,-,False,False,,
none,P194,dyslipoproteinemia,이상지질단백혈증,이상지질단백혈증,ok,정답(대표),exact,True,True,,
none,P195,conglutinogen activating factor,교착원활성인자,콩글루티노겐 활성화 인자,ok,오답,-,False,False,,
none,P195,lambliasis,람블편모충증,람블리아증,ok,오답,-,False,False,,
none,P195,conn adenoma,콘 샘종,콘 선종,ok,오답,-,False,False,,
none,P196,inspirator,흡입기,흡입기,ok,정답(대표),exact,True,True,,
none,P196,suggillation,광범피부밑출혈,피하출혈,ok,오답,-,False,False,,
none,P196,hippocampal sclerosis,해마경화(증),해마 경화증,ok,정답(대표),partial,True,False,,
none,P197,ear probe,귀꽂이,이내 프로브,ok,오답,-,False,False,,
none,P197,osteochondroma,뼈연골종,골연골종,ok,정답(동의어),exact,True,True,,
none,P197,clean bench,무균실험대,클린 벤치,ok,오답,-,False,False,,
none,P198,speech loss,언어 손실,언어 상실,ok,오답,-,False,False,,
none,P198,hemocytometry,혈구계수(법),혈구 계수,ok,정답(대표),variant,True,False,,
none,P198,congenital leukonychia,선천 손발톱백반,선천성 백색조갑증,ok,오답,-,False,False,,
none,P199,hemoclastic reaction,혈구파괴반응,혈구용해 반응,ok,오답,-,False,False,,
none,P199,perform infection control,감염통제 수행,감염 관리 조치를 시행,ok,오답,-,False,False,,
none,P199,endothelial adhesion molecule,내피부착분자,내피 부착 분자,ok,정답(대표),variant,True,True,,
none,P200,chloropsia,녹색시,녹시증,ok,오답,-,False,False,,
none,P200,homogeneous,균일,동질적으로,ok,정답(동의어),partial,True,True,,
none,P200,extrachromosomal inheritance,염색체외유전,염색체 외 유전,ok,정답(대표),variant,True,True,,
none,P201,coproporphyrinuria,코프로포르피린뇨,코프로포르피린뇨,ok,정답(대표),exact,True,True,,
none,P201,retroactive inhibition,역행기억억제,역행성 간섭,ok,오답,-,False,False,,
none,P201,dyspnea disorder,천증,호흡곤란 장애,ok,정답(동의어),partial,True,True,,
none,P202,premenopause,폐경전,폐경 전,ok,정답(대표),variant,True,True,,
none,P202,thymus,가슴샘,흉선,ok,정답(동의어),exact,True,True,,
none,P202,microincision,미세절개,미세 절개,ok,정답(대표),variant,True,True,,
none,P203,neurodeatrophia,망막위축,신경위축,ok,오답,-,False,False,,
none,P203,fasciola hepatica,간질,간흡충,ok,오답,-,False,False,,
none,P203,cystica ureteritis,낭성 요관염,요관낭종,ok,오답,-,False,False,,
none,P204,dying process deteriorated,임종과정 악화됨,임종 과정이 급격히 진행되었습니다,ok,오답,-,False,False,,
none,P204,puboprostatic,두덩전립샘-,치골전립샘,ok,오답,-,False,False,,
none,P204,bilharzial dysentery,방광주혈흡충이질,비대혈리(주혈흡충성 이질),ok,오답,-,False,False,,
none,P205,orofaciodigital syndrome,구안지 증후군,구강안면지증후군,ok,오답,-,False,False,,
none,P205,laparoscopic unilateral salpingo-oophorectomy,배안보개 이용 한쪽 자궁관난소 적출,복강경 편측 난관-난소절제술,ok,오답,-,False,False,,
none,P205,apneusis,지속들숨,무호흡증,ok,오답,-,False,False,,
none,P206,citrate,구연산,구연산,ok,정답(대표),exact,True,True,,
none,P206,trichroism,삼색상,삼색성,ok,오답,-,False,False,,
none,P206,antigenic reversion,항원복귀,항원 역전,ok,오답,-,False,False,,
none,P207,annular nucleus,고리핵,섬유륜 핵,ok,오답,-,False,False,,
none,P207,entire trapezius muscle,온등세모근,전체 승모근,ok,오답,-,False,False,,
none,P207,cervico-occipital neuralgia,목 뒤통수 신경통,경추-후두부 신경통,ok,오답,-,False,False,,
none,P208,bougienage of esophagus,식도 부우지법,식도 부지에지,ok,오답,-,False,False,,
none,P208,diabetic coma,당뇨 혼수,당뇨병성 혼수,ok,오답,-,False,False,,
none,P208,atlas-axis spinal fusion,고리뼈-중쇠뼈 척추 유합,환축추 척추 유합술,ok,오답,-,False,False,,
none,P209,postpartum afibrinogenemia,분만후 무피브리노젠혈증,산후 무피브리노겐혈증,ok,오답,-,False,False,,
none,P209,lamblial dysentery,람블편모충이질,람블성 이질,ok,오답,-,False,False,,
none,P209,technetium uptake test,Tc섭취율,테크네튬 섭취 검사,ok,오답,-,False,False,,
none,P210,tubular maximum,요세관최대값,세관 최대치,ok,오답,-,False,False,,
none,P210,apraxia of speech,언어의 실행증,말장애,ok,오답,-,False,False,,
none,P210,ovarian cystectomy,난소 낭종 적출술,난소낭종적출술,ok,정답(대표),variant,True,True,,
none,P211,tumor-specific antigen,종양특이항원,종양 특이 항원,ok,정답(대표),variant,True,True,,
none,P211,autonomic insufficiency,자율신경부전,자율신경계 기능 부전,ok,오답,-,False,False,,
none,P211,vulvovaginal,음문질-,외음질,ok,정답(동의어),variant,True,False,,
none,P212,acrotrophodynia,말단영양통증,말단부 동통,ok,오답,-,False,False,,
none,P212,interfascicular graft,다발사이이식,신경다발간 이식편,ok,오답,-,False,False,,
none,P212,acentric occlusion,비중심교합,편심성 교합,ok,오답,-,False,False,,
none,P213,von hippel-lindau disease,폰히펠-린다우병,폰히펠린다우병,ok,오답,-,False,False,,
none,P213,chemohormonal,화학호르몬-,화학호르몬,ok,정답(대표),variant,True,False,,
none,P213,radiodermatitis,방사선피부염,방사선피부염,ok,정답(대표),exact,True,True,,
none,P214,lipomelanotic reticulosis,지방흑색증성 세망증,지흑색망상증,ok,오답,-,False,False,,
none,P214,parovarian cystoma,난소위체낭,난관旁 낭종,ok,오답,-,False,False,,
none,P214,suprapubic prostatectomy,두덩뼈 위쪽 경유 전립샘 절제,치골상 전립선절제술,ok,오답,-,False,False,,
none,P215,corynebacterium pseudotuberculosis,거짓결핵균,코리네박테리움 슈도투베르쿨로시스,ok,오답,-,False,False,,
none,P215,laparoscopic appendectomy,배안보개 이용 막창자꼬리 절제,복강경 충수절제술,ok,오답,-,False,False,,
none,P215,spleen qi deficiency,비기허,비기허,ok,정답(대표),exact,True,True,,
none,P216,hepatogram,간실질상,간 기능 검사,ok,오답,-,False,False,,
none,P216,maxillomandibular disharmony,위아래턱부조화,상하악 부조화,ok,정답(동의어),variant,True,True,,
none,P216,radiostrontium,방사성스트론튬,방사성 스트론튬,ok,정답(대표),variant,True,True,,
none,P217,amputation of cervix,자궁목 절단,자궁경부 절제술,ok,정답(동의어),partial,True,False,,
none,P217,hydrometra,물자궁증,자궁수종,ok,오답,-,False,False,,
none,P217,calcification of bursa,윤활낭(의) 석회화,,not_substring,미검출,-,False,False,,
none,P218,arachnoid cyst,거미막하 낭종,거미막 낭종,ok,정답(동의어),exact,True,True,,
none,P218,cold sore,입술헤르페스,구혜포,ok,오답,-,False,False,,
none,P218,coxalgic pelvis,엉덩관절병골반,동통성 골반,ok,오답,-,False,False,,
none,P219,resecting fracture,깍임골절,골절 골편을 절제하는,ok,오답,-,False,False,,
none,P219,enterotoxin,창자독소,장독소,ok,정답(동의어),exact,True,True,,
none,P219,hypotonus,근육긴장저하,근긴장도 저하,ok,오답,-,False,False,,
none,P220,fourth heart sound,제4심(장)음,제4심음,ok,정답(대표),variant,True,False,,
none,P220,milieu therapy,환경 치료요법,환경 치료,ok,오답,-,False,False,,
none,P220,haematosalpinx,혈난관,혈종난관,ok,오답,-,False,False,,
none,P221,revaccination,재접종,재접종,ok,정답(대표),exact,True,True,,
none,P221,impaired eating behaviour,손상된 식습관 행위,식행동 장애,ok,오답,-,False,False,,
none,P221,presbyophrenia,노년치매,노인성 치매,ok,오답,-,False,False,,
none,P222,spireme,분산사구,스파이레임,ok,오답,-,False,False,,
none,P222,polychromatophilic erythrocyte,다염적혈구,다염성 적혈구,ok,오답,-,False,False,,
none,P222,running nose,코감기,콧물,ok,오답,-,False,False,,
none,P223,excitometabolic,대사촉진-,흥분대사,ok,오답,-,False,False,,
none,P223,qrs widened,큐알에스(QRS) 넓힘,,not_substring,미검출,-,False,False,,
none,P223,neuraxis,신경축,신경축,ok,정답(대표),exact,True,True,,
none,P224,direct coombs test,직접쿰즈검사,직접 쿰스 검사,ok,오답,-,False,False,,
none,P224,fenestrated capillary,창문모세혈관,창문형 모세혈관,ok,오답,-,False,False,,
none,P224,physics depth sensitivity,물리적깊이민감도,물리적 심도 감도,ok,오답,-,False,False,,
none,P225,pseudomonas aeruginosa,녹농균,녹농균(Pseudomonas aeruginosa),ok,정답(대표),variant,True,True,,
none,P225,altered uterine contractions,자궁수축 변화,자궁 수축의 변화,ok,오답,-,False,False,,
none,P225,assess circulatory care,순환계간호 사정,순환 관리를 세밀하게 평가,ok,오답,-,False,False,,
none,P226,grafting,이식,이식,ok,정답(대표),exact,True,True,,
none,P226,mediastinotomy,세로칸절개(술),종격동 절개술,ok,오답,-,False,False,,
none,P226,hill-sachs lesion,힐-샥스 병터,힐삭스 병변,ok,오답,-,False,False,,
none,P227,bilateral palatine tonsils,양측 목구멍 편도,양측 구개편도,ok,오답,-,False,False,,
none,P227,manage immobilizer care,부동간호 관리,고정 장치 관리,ok,오답,-,False,False,,
none,P227,head wind,두풍 ; 뇌풍,맞바람,ok,오답,-,False,False,,
none,P228,preexcitation ecg,조기흥분,심실예흥분 심전도,ok,오답,-,False,False,,
none,P228,pneumonia in ornithosis,비둘기병에서의 폐렴,앵무병 폐렴,ok,오답,-,False,False,,
none,P228,hydrocyst,물낭,수낭종,ok,정답(동의어),partial,True,True,,
none,P229,triple test,삼중검사,삼중 검사,ok,정답(대표),variant,True,True,,
none,P229,heteropolysaccharide,이종다당류,헤테로다당류,ok,오답,-,False,False,,
none,P229,labilizer,불안정제,안정화제,ok,오답,-,False,False,,
none,P230,breath holding spell,숨참기발작,본 기절,ok,오답,-,False,False,,
none,P230,diverticulitis oesophageal,식도 곁주머니염,식도 게실염,ok,오답,-,False,False,,
none,P230,neurostearic acid,신경지방산,신경스테아르산,ok,오답,-,False,False,,
none,P231,bryant's traction,브리언트 당김,브라이언트 견인,ok,오답,-,False,False,,
none,P232,cystathionine,시스타티오닌,시스타티오닌,ok,정답(대표),exact,True,True,,
none,P232,medical care division,의료급여구분,진료 부서,ok,오답,-,False,False,,
none,P232,medical genetics,의학유전학,의료유전학,ok,오답,-,False,False,,
none,P233,puerperium,산후기,산욕기,ok,오답,-,False,True,,
none,P233,evacuation of empyema,축농 제거,농흉 배액,ok,오답,-,False,False,,
none,P233,simple dressing,단순 처치,단순 드레싱,ok,오답,-,False,False,,
none,P234,heteromorphism,이형,이형성,ok,정답(대표),partial,True,True,,
none,P234,atriocarotid interval,심방목동맥간격,심방경동맥 간격,ok,오답,-,False,False,,
none,P234,muscular dystrophy carrier,근퇴행위축 보균자,근이영양증 보인자,ok,오답,-,False,False,,
none,P235,dry arthritis,건성관절염,건성 관절염,ok,정답(대표),variant,True,True,,
none,P235,foville syndrome,포비유 증후군,포빌 증후군,ok,오답,-,False,False,,
none,P235,chromophilic cell,호색소세포,호염기성 세포,ok,오답,-,False,False,,
none,P236,mediterranean tick fever,지중해진드기열,지중해 진드기열,ok,정답(대표),variant,True,True,,
none,P236,pseudoptosis,거짓눈꺼풀처짐,가성안검하수,ok,정답(동의어),exact,True,True,,
none,P236,flax-dresser disease,아마포착용자병,아마 모질병,ok,오답,-,False,False,,
none,P237,personal identity disturbance,자아정체성장애,자아정체성 장애,ok,정답(대표),variant,True,True,,
none,P237,glucuronic acid,글루쿠론산,글루쿠론산,ok,정답(대표),exact,True,True,,
none,P237,glycophorin,글리코포린,글리코포린,ok,정답(대표),exact,True,True,,
none,P238,pilar cyst,모낭,모낭종,ok,정답(대표),partial,True,True,,
none,P238,revision septoplasty,교정 사이막성형술,교정 비중격성형술,ok,오답,-,False,False,,
none,P238,late post-traumatic seizures,외상후 지연 발작,후기 외상후 발작,ok,오답,-,False,False,,
none,P239,total albinism,온백색증,전신 백반증,ok,오답,-,False,False,,
none,P239,prescription group,처방묶음,처방 그룹,ok,오답,-,False,False,,
none,P239,antroscope,위턱굴보개,내시경,ok,오답,-,False,False,,
none,P240,linear craniectomy,선상 머리뼈 절제,선형 두개골 절제술,ok,오답,-,False,False,,
none,P240,myelodysplastic syndromes,골수형성이상증후군,골수이형성증후군,ok,오답,-,False,False,,
none,P240,first responder,일차반응자,최초 대응자,ok,오답,-,False,False,,
none,P241,peritoneal cavity,배막안,복막강,ok,오답,-,False,False,,
none,P241,ileocolic artery,돌잘룩창자동맥,회결장 동맥,ok,오답,-,False,False,,
none,P241,cryptococcal meningocerebritis,크립토콕쿠스수막대뇌염,크립토코커스 뇌막뇌염,ok,오답,-,False,False,,
none,P242,hearing impairment,청각 부전,청력 장애,ok,오답,-,False,False,,
none,P242,hysterocystocleisis,자궁방광꿰맴(술),자궁방광탈장폐쇄,ok,오답,-,False,False,,
none,P242,muscular artery,근육형동맥,근육 동맥,ok,오답,-,False,False,,
none,P243,splenectomy,비장절제,비장적출술,ok,오답,-,False,False,,
none,P243,tibia vara,내반경골,경골내반증,ok,오답,-,False,False,,
none,P243,platelet,혈소판,혈소판,ok,정답(대표),exact,True,True,,
none,P244,allergenic serum,알레르기혈청,알레르겐 혈청,ok,오답,-,False,False,,
none,P244,hyperthyroxinemia,고티록신혈증,고티록신혈증,ok,정답(대표),exact,True,True,,
none,P244,grain itch,곡물 소양증,곡진증,ok,오답,-,False,False,,
none,P245,lymphopoiesis,림프구형성,림프구 생성,ok,오답,-,False,False,,
none,P245,melanoacanthoma,멜라닌가시세포종,멜라노아칸토마,ok,오답,-,False,False,,
none,P245,anterior resection,앞방향절제(술),전방 절제술,ok,오답,-,False,False,,
none,P246,oculovagal reflex,눈미주신경반사,안구미주신경반사,ok,오답,-,False,False,,
none,P246,tracheobronchial,기관기관지-,기관지 기관지,ok,오답,-,False,False,,
none,P246,abdominal wall strained,배벽 긴장,복벽이 눈에 띄게 긴장하여,ok,오답,-,False,False,,
none,P247,neurofibromatosis of spine,척수 신경섬유종증,척추 신경섬유종증,ok,오답,-,False,False,,
none,P247,pleurothecal anastomosis,가슴막-척수막 연결,흉추막 문합술,ok,오답,-,False,False,,
none,P247,deshielded proton,미차폐양성자,차폐 제거 양성자,ok,오답,-,False,False,,
none,P248,endocervical hyperplasia,자궁목내막과다형성,자궁경관선 증식증,ok,오답,-,False,False,,
none,P248,vague symptom,분명치않는증상,모호한 증상,ok,오답,-,False,False,,
none,P248,deficient perineum,회음결핍,회음부 결손,ok,오답,-,False,False,,
none,P249,spot retinoscope,점상망막검영기,망막검사기,ok,오답,-,False,False,,
none,P249,biceps femoris muscle,넙다리두갈래근,대퇴이두근,ok,정답(동의어),exact,True,True,,
none,P249,tuning fork,소리굽쇠,진동음차,ok,정답(동의어),partial,True,True,,
none,P250,buryu,부류(復溜),어지럼증,ok,오답,-,False,False,,
none,P250,dilation of rectum,곧창자 확장,직장의 현저한 확장,ok,오답,-,False,False,,
none,P250,tinea manuum,손백선,수부백선,ok,오답,-,False,False,,
none,P251,diastasimetry,녹말효소측정법,이완측정술,ok,오답,-,False,False,,
none,P251,perfluorocarbon,과불화탄소,과불화탄소,ok,정답(대표),exact,True,True,,
none,P251,myelalgia,척수통증,골수통,ok,오답,-,False,False,,
none,P252,third ventricle,셋째뇌실,제3뇌실,ok,정답(동의어),exact,True,True,,
none,P252,cystitomy,수정체낭절개(술),방광절개술,ok,오답,-,False,False,,
none,P252,inappropriate self disclosure,부적절한 자기 노출,부적절하게 개인적인 정보를 공개하는,ok,오답,-,False,False,,
none,P253,erythema migrans,이동성 홍반,홍반성 이동성 발진,ok,오답,-,False,False,,
none,P253,medical indigent,의료급여대상자,의료 혜택을 받기 어려운 경제적 취약계층,ok,오답,-,False,False,,
none,P253,unequal limb length,사지길이부동증,하지 길이 불일치,ok,오답,-,False,False,,
none,P254,primary mover,주작용근,주된 움직임 근육,ok,오답,-,False,False,,
none,P254,motor fiber,운동신경섬유,운동 섬유,ok,정답(동의어),variant,True,True,,
none,P254,tuberculosis of oesophagus,식도의 결핵,식도 결핵,ok,오답,-,False,False,,
none,P255,primitive neuroectodermal tumor,원시신경외배엽종양,원시 신경외배엽 종양,ok,정답(대표),variant,True,True,,
none,P255,endovascular ultrasonography,혈관내 초음파촬영,혈관내 초음파 검사,ok,오답,-,False,False,,
none,P255,failed forceps,집게 사용 실패,생검 겸자 전개에 실패,ok,오답,-,False,False,,
none,P256,ceruminous gland,귀지샘,이선,ok,오답,-,False,True,,
none,P256,synclonus,동조근간대,동클로누스,ok,오답,-,False,False,,
none,P256,lienorenal,지라콩팥-,비장신장,ok,오답,-,False,False,,
none,P257,affectivity,정동성,감정,ok,오답,-,False,False,,
none,P257,ureteropelvic junction,요관깔때기이음부,요관신우 접합부,ok,오답,-,False,False,,
none,P257,gangliectomy,신경절절제(술),신경절 절제술,ok,정답(대표),partial,True,False,,
none,P258,dry socket recurettage,발치와골염 재소파술,건조 치조와 재소파술,ok,오답,-,False,False,,
none,P258,epigastric artery,배벽동맥,하복벽 동맥,ok,정답(동의어),partial,True,True,,
none,P258,transurethral intravesical electrotherapy,요도경유방광속전기요법,경요도 방광내 전기요법,ok,정답(동의어),variant,True,True,,
none,P259,micromanipulation,미세조작(술),미세조작,ok,정답(대표),variant,True,False,,
none,P259,negative pressure,음압,음압,ok,정답(대표),exact,True,True,,
none,P259,puborectalis muscle,두덩곧창자근,치골직장근,ok,정답(동의어),exact,True,True,,
none,P260,costal angle,갈비뼈각,늑골각,ok,정답(동의어),exact,True,True,,
none,P260,abdominal palpable mass,복부 촉지성 종괴,복부 촉진 종괴,ok,오답,-,False,False,,
none,P260,interim abutment,임시 지대주,임시 지대주,ok,정답(대표),exact,True,True,,
none,P261,recession operation,뒤옮김술,후퇴술,ok,오답,-,False,False,,
none,P261,podiatrist,발전문가,발 전문의,ok,정답(대표),variant,True,False,,
none,P261,recurrent thyroid ca,재발성 갑상선암,재발성 갑상선암,ok,정답(대표),exact,True,True,,
none,P262,noonan syndrome,누난 증후군,누난 증후군,ok,정답(대표),exact,True,True,,
none,P262,high-grade lymphoma,심한 림프종,고등급 림프종,ok,정답(동의어),exact,True,True,,
none,P262,hereditary amyloid nephropathy,유전성 아밀로이드 신장병증,유전성 아밀로이드 신병증,ok,오답,-,False,False,,
none,P263,collagen fiber graft,교원 섬유 이식술,콜라겐 섬유 이식편,ok,오답,-,False,False,,
none,P263,ocular prosthesis,의안,안구 보철물,ok,오답,-,False,True,,
none,P263,laryngopharyngitis,후두인두염,후두인두염,ok,정답(대표),exact,True,True,,
none,P264,postoperative nasopharynx cancer,"비인두암, 수술후 상태",수술 후 비인두암,ok,오답,-,False,False,,
none,P264,oath of hippocrates,히포크라테스선서,히포크라이트스 선서,ok,오답,-,False,False,,
none,P264,postprocedural hypothyroidism,처치후 갑상선기능저하증,시술 후 갑상선 기능 저하증,ok,오답,-,False,False,,
none,P265,scintillating hemianopia,섬광반맹,섬광성 반맹,ok,오답,-,False,False,,
none,P265,dislocation of wrist,손목의 탈구,손목 탈구,ok,오답,-,False,False,,
none,P265,aspergillus niger,아스페르길루스니게르,아스퍼질루스 니거,ok,오답,-,False,False,,
none,P266,paraspasm,대칭성연축,척추 옆 근육 경련,ok,오답,-,False,False,,
none,P266,molding,두개몰딩,압흔,ok,오답,-,False,False,,
none,P266,retention of urine,소변정체,요저류,ok,정답(동의어),exact,True,True,,
none,P267,cranial dermal sinus,뇌피부동,두개 피부강동,ok,오답,-,False,False,,
none,P267,retrograde impulse,역방향흥분,역행성 전달,ok,오답,-,False,False,,
none,P267,iodinated,요오드표지-,요오드계,ok,오답,-,False,False,,
none,P268,spinal injuries,척수 손상,척추 손상,ok,오답,-,False,False,,
none,P268,facial nucleus,얼굴신경핵,안면 신경 핵,ok,오답,-,False,False,,
none,P268,alert,명료함,의식이 명료,ok,오답,-,False,False,,
none,P269,dendritic spine,수지상극,수상돌기 가시,ok,오답,-,False,False,,
none,P269,hyperestrinism,여성호르몬과다(증),고에스트로겐혈증,ok,정답(동의어),exact,True,True,,
none,P269,absolute scotoma,절대암점,절대 암점,ok,정답(대표),variant,True,True,,
none,P270,paramyxoviridae infection,파라믹소바이러스 감염,파라믹소바이러스과(paramyxoviridae) 감염,ok,오답,-,False,False,,
none,P270,hb-sc disease,헤모글로빈-SC병,hb-sc 질환,ok,오답,-,False,False,,
none,P270,echo pulse,초음파,심초음파,ok,정답(대표),partial,True,True,,
none,P271,teat,젖꼭지,유두,ok,정답(동의어),exact,True,True,,
none,P271,organic writer's cramp,기질성 서경,기질성 서경련,ok,정답(대표),partial,True,True,,
none,P271,esthiomene,만성 외음궤양,음부상피종,ok,오답,-,False,False,,
none,P272,triaging,중증도 분류,분진,ok,오답,-,False,False,,
none,P272,fistula of gallbladder,담낭의 누공,담낭 누공,ok,오답,-,False,False,,
none,P272,periarthritis of wrist,손목의 관절주위염,수근관절주위염,ok,오답,-,False,False,,
none,P273,inverse-ratio ventilation,역비환기,역비율 인공호흡기,ok,오답,-,False,False,,
none,P273,forehead,전두,이마,ok,오답,-,False,False,,
none,P273,complex echo pattern,복잡메아리,복잡한 심초음파 소견,ok,오답,-,False,False,,
none,P274,blood tinged sputum,혈액흔적가래,혈성 객담,ok,오답,-,False,False,,
none,P274,kakidrosis,땀악취증,각화증(가피드로시스),ok,오답,-,False,False,,
none,P274,hippuric acid,마뇨산,마뇨산(히푸르산),ok,정답(대표),variant,True,True,,
none,P275,ophthalmophacometer,수정체굴절력측정계,안구측정기,ok,오답,-,False,False,,
none,P275,radioimmunoelectrophoresis,방사면역전기이동(법),방사면역전기영동,ok,오답,-,False,False,,
none,P275,sirenomelia syndrome,인어다리 증후군,사이레노멜리아 증후군,ok,오답,-,False,False,,
none,P276,defective interfering particle,결손간섭입자,결함 간섭 입자,ok,오답,-,False,False,,
none,P276,ancylostoma ceylanicum,실론구충,아닐로스토마 세일라니쿰,ok,오답,-,False,False,,
none,P276,pupillary seclusion,동공차단,동공 폐쇄,ok,오답,-,False,False,,
none,P277,mastadenitis,젖샘염,유선염,ok,정답(동의어),exact,True,True,,
none,P277,ophthalmologic surgical procedures,안과 수술방법,안과적 수술,ok,오답,-,False,False,,
none,P277,catatonic shizophrenia,긴장형 정신분열병,긴장성 분열증,ok,오답,-,False,False,,
none,P278,drug-induced,약물유발-,약물 유발성,ok,정답(대표),partial,True,False,,
none,P278,coalescent mastoiditis,융합꼭지돌기염,융합성 유양돌기염,ok,오답,-,False,False,,
none,P278,major calyx,큰콩팥잔,대신우,ok,오답,-,False,False,,
none,P279,bladder neck contracture,방광목 위축,방광경부 협착,ok,오답,-,False,False,,
none,P279,sign,징후,징후,ok,정답(대표),exact,True,True,,
none,P279,juvenile chronic iridocyclitis,연소성 만성 홍채섬모체염,소아 만성 홍채모양체염,ok,오답,-,False,False,,
none,P280,dural avf,경막의 동정맥루,경막 동정맥루,ok,정답(동의어),variant,True,True,,
none,P280,myoalbumin,근(육)알부민,마이오알부민,ok,오답,-,False,False,,
none,P280,hay asthma,건초천식,건초성 천식,ok,오답,-,False,False,,
none,P281,post-traumatic polyarthrosis,외상후 다발관절증,외상 후 다발성 관절증,ok,오답,-,False,False,,
none,P281,insular sclerosis,섬경화증,도장성 경화,ok,오답,-,False,False,,
none,P281,intestinal polypectomy,장 폴립 절제,장 폴립 절제술,ok,정답(대표),partial,True,True,,
none,P282,pubocapsular,두덩관절피막-,치골-관절낭,ok,오답,-,False,False,,
none,P282,substantia nigra,흑(색)질,흑질,ok,정답(대표),variant,True,False,,
none,P282,core decompression,중핵감압,중심부 감압술,ok,오답,-,False,False,,
none,P283,nonoperculated egg,무난개충란,비개구란,ok,오답,-,False,False,,
none,P283,transcervical thymectomy,자궁목 경유 가슴샘 절제,경경부 흉선절제술,ok,오답,-,False,False,,
none,P283,phospholipidemia,인지질혈증,인지질혈증,ok,정답(대표),exact,True,True,,
none,P284,infraction,균열골절,경색,ok,오답,-,False,False,,
none,P284,epilemmal termination,신경속막종말,경막 반사부,ok,오답,-,False,False,,
none,P284,hairy-cell leukemia,털세포백혈병,모세포 백혈병,ok,오답,-,False,False,,
none,P285,thyroid nodule,갑상선소결절,갑상선 결절,ok,오답,-,False,False,,
none,P285,paraphilia,성도착(증),성도착증,ok,정답(대표),partial,True,False,,
none,P285,antifibrinolysin,항섬유소용해소제,항섬유소용해제,ok,오답,-,False,False,,
none,P286,talipes calcaneus,발끝들린휜발증,족배근,ok,오답,-,False,False,,
none,P286,lyophobic,소액성,소수성,ok,오답,-,False,False,,
none,P286,long labor,지연 진통,지연되고 어려운 진통,ok,오답,-,False,False,,
none,P287,allocentric,타인중심-,타중심,ok,오답,-,False,False,,
none,P287,vegetant intravascular hemangioendothelioma,증식혈관내혈관내피종,증식성 혈관내 혈관내피종,ok,오답,-,False,False,,
none,P287,cervix dilatation,자궁경부개대,자궁경부 비정상 확장,ok,오답,-,False,False,,
none,P288,lobectomy of lung,폐엽 절제,폐 조직 엽절제술,ok,오답,-,False,False,,
none,P288,supratentorial neoplasms,천막위 신생물,대뇌종양,ok,오답,-,False,False,,
none,P288,basal seat,의치지지조직,기저 상태,ok,오답,-,False,False,,
none,P289,mongoloid slant,몽골인 모양 눈,안검열사(mongoloid slant),ok,오답,-,False,False,,
none,P289,internal carotid angiography,두경부동맥조영-내경동맥,내경동맥 혈관조영술,ok,오답,-,False,False,,
none,P289,bionator,바이오네이터,바이네이터,ok,오답,-,False,False,,
none,P290,syncytial,합포체-,동세포성,ok,오답,-,False,False,,
none,P290,tangential section,비스듬절단,접선 절편,ok,오답,-,False,False,,
none,P290,incisor tooth,절치,절치,ok,정답(대표),exact,True,True,,
none,P291,bird-shot chorioretinopathy,산탄맥락망막병(증),조막막염,ok,오답,-,False,False,,
none,P291,guinea pig,기니피그,기니피그,ok,정답(대표),exact,True,True,,
none,P291,multicystic kidney disease,다낭신장병,다낭성 신장 질환,ok,오답,-,False,False,,
none,P292,endometrial stromal sarcoma,자궁내막버팀질육종,자궁내막 간질 육종,ok,정답(동의어),variant,True,True,,
none,P292,voluntomotory,수의운동-,자발적,ok,오답,-,False,False,,
none,P292,m line,중간가로막,M 선,ok_nospace,오답,-,False,False,,
none,P293,turbidometric technique,혼탁도측정기법,비탁법,ok,오답,-,False,False,,
none,P293,retaining harness,장치유지,고정 해네스,ok,오답,-,False,False,,
none,P293,femur,넙다리뼈,대퇴골,ok,정답(동의어),exact,True,True,,
none,P294,sarcoma of lung,폐 육종,육종종,ok,오답,-,False,False,,
none,P294,hyposthenuric urine,저비중뇨,저비중뇨,ok,정답(대표),exact,True,True,,
none,P294,rhabdomyomyxoma,횡문근점액종,횡문근점액종,ok,정답(대표),exact,True,True,,
none,P295,menometrorrhagia,불규칙과다월경,월경과다 및 부정출혈,ok,오답,-,False,False,,
none,P295,tuning curve,동조곡선,튜닝 곡선,ok,오답,-,False,False,,
none,P295,horseshoe fistula,말발굽샛길,철상 누공,ok,오답,-,False,False,,
none,P296,ballism,도리깨질(증),발린증,ok,오답,-,False,False,,
none,P296,paraffinoma,파라핀종,파라핀종,ok,정답(대표),exact,True,True,,
none,P296,virgin population,무노출인구,미경험 집단,ok,오답,-,False,False,,
none,P297,esterapenia,에스테라아제감소,esterapenia,ok,오답,-,False,False,,
none,P297,reconstruction of thumb,엄지 손가락 재건,엄지 재건술,ok,오답,-,False,False,,
none,P297,analgesia dolorosa,무감각부위통증,진통성 통증,ok,오답,-,False,False,,
none,P298,cabot ring bodies,카보트고리소체,카봇 환,ok,오답,-,False,False,,
none,P298,paraduodenal fold,샘창자옆주름,십이지장곁 주름,ok,오답,-,False,False,,
none,P298,hemoglobin c,헤모글로빈C,헤모글로빈 C,ok,정답(대표),variant,True,True,,
none,P299,presence of mei,인공중이삽입물의 존재,지방 입자(mei)의 존재,ok,오답,-,False,False,,
none,P299,mamillitis,유두염,유두염,ok,정답(대표),exact,True,True,,
none,P299,oxyhydrocephalus,뾰족물머리증,산소수두증,ok,오답,-,False,False,,
none,P300,root resection,치근 절제술,근단 절제술,ok,오답,-,False,False,,
none,P300,breast stereotactic biopsy,유방 입체정위 생검술,유방 정위생검,ok,오답,-,False,False,,
none,P300,myotonic disorders,근긴장장애,강직성 근디스트로피 질환군,ok,오답,-,False,False,,
none,P301,ionometer,이온화선량계,이온측정기,ok,오답,-,False,False,,
none,P301,tingling,저림,저림,ok,정답(대표),exact,True,True,,
none,P301,first filial generation,일대잡종,제 1 자녀세대,ok_nospace,오답,-,False,False,,
none,P302,endosome,엔도솜,엔도좀,ok,오답,-,False,False,,
none,P302,mr mapping,자기공명지도화,MR 매핑,ok,오답,-,False,False,,
none,P302,hyposegmentation,저분절증,분절화 저하,ok,오답,-,False,False,,
none,P303,intermittent explosive disorder,간헐폭발병,간헐적 폭발 장애,ok,오답,-,False,False,,
none,P303,gastroenteritis paratyphosa,파라티푸스위창자염,장티푸스성 위장염,ok,오답,-,False,False,,
none,P303,fixator muscle,고정근육,고정근군,ok,오답,-,False,False,,
none,P304,sao paulo fever,상파울로열,상파울루 열병,ok,오답,-,False,False,,
none,P304,palpating,촉진하기,촉진할 때,ok,오답,-,False,False,,
none,P304,balloon kyphoplasty,풍선 척추성형,풍선 척추성형술,ok,정답(대표),partial,True,True,,
none,P305,assess breastfeeding support,모유수유지지 사정,모유 수유 지원을 평가하는,ok,오답,-,False,False,,
none,P305,monopolar depression,단극성 우울병,단극성 우울증,ok,오답,-,False,False,,
none,P305,positioned flap,판막이동수술,고정된 피판,ok,오답,-,False,False,,
none,P306,prandial,식사-,식사 관련,ok,정답(대표),partial,True,False,,
none,P306,acanthamoeba keratitis,가시아메바각막염,아칸타메바 각막염,ok,오답,-,False,False,,
none,P306,adjustable suture,조정봉합,조절 가능한 봉합술,ok,오답,-,False,False,,
none,P307,hyperosmolar nonketotic coma,고삼투압성비케토산성혼수,고삼투압성 비케톤성 혼수,ok,오답,-,False,False,,
none,P307,gracilis muscle,두덩정강근,박근,ok,정답(동의어),exact,True,True,,
none,P307,lobomycosis,로보진균증,로보미코시스,ok,오답,-,False,False,,
none,P308,flat position,앙와위,반듯한 자세,ok,오답,-,False,False,,
none,P308,plantar flexion,발바닥쪽 굽힘,저측 굴곡,ok,오답,-,False,False,,
none,P308,status thymicus,가슴샘체질,흉선 중증 상태,ok,오답,-,False,False,,
none,P309,septal angle,코중격각,비강각,ok,오답,-,False,False,,
none,P309,dementia in hypercalcaemia,과칼슘혈증에서의 치매,고칼슘혈증에 동반된 치매,ok,오답,-,False,False,,
none,P309,teach personal care,개인간호 교육,개인 위생 관리 기술을 교육,ok,오답,-,False,False,,
none,P310,interoceptive,내수용-,내장 감각,ok,오답,-,False,False,,
none,P310,multicystic renal dysplasia,다낭성 신장의 형성이상,다낭성 신 이형성증,ok,오답,-,False,False,,
none,P310,fecal concentration,대변농축(법),변의 농도,ok,오답,-,False,False,,
none,P311,in utero,자궁내,자궁 내,ok,정답(대표),variant,True,True,,
none,P311,bidiscoidal placenta,두원반태반,양엽 태반,ok,오답,-,False,False,,
none,P311,high-tension pulse,고긴장맥박,고장력 맥박,ok,오답,-,False,False,,
none,P312,idiopathic hemihypertrophy,특발성 편측비대증,특발성 반비대,ok,오답,-,False,False,,
none,P312,skull view,두부촬영,두개골 촬영,ok,오답,-,False,False,,
none,P312,general microbiology test,일반미생물 검사,일반 미생물 검사,ok,정답(대표),variant,True,True,,
none,P313,tufting enteropathy,터프팅장증,터프팅 장병증,ok,오답,-,False,False,,
none,P313,supraduodenal artery,샘창자위동맥,십이지장상 동맥,ok,정답(동의어),variant,True,True,,
none,P313,exteroceptive stimulus,외수용자극,외부 자극,ok,오답,-,False,False,,
none,P314,reciprocal shaker,왕복진탕기,왕복 진탕기,ok,정답(대표),variant,True,True,,
none,P314,potential doubling time,잠재배가시간,잠재적 세포 배가 시간,ok,오답,-,False,False,,
none,P314,staphylococcus epidermidis,표피포도알균,표피포도상구균,ok,오답,-,False,False,,
none,P315,rodenticide,살서제,살서제,ok,정답(대표),exact,True,True,,
none,P315,cataract ou,두눈 백내장,양안 백내장,ok,오답,-,False,False,,
none,P315,wry neck,기운목,사경,ok,정답(동의어),exact,True,True,,
none,P316,curvature of spine,척주굽이,척추 만곡,ok,오답,-,False,False,,
none,P316,cardiocele,심장류,심장탈출증,ok,오답,-,False,False,,
none,P316,hyperreninemia,과레닌혈증,고레닌혈증,ok,오답,-,False,False,,
none,P317,sp crown setting,스테인레스금관 합착,sp crown,ok,오답,-,False,False,,
none,P317,calomel,감홍,칼로멜,ok,오답,-,False,False,,
none,P317,fiberoptic endoscopic,광섬유내시경,섬유내시경,ok,오답,-,False,False,,
none,P318,ventriculopleural anastomosis,뇌실가슴막 연결,뇌실-흉막 문합술,ok,오답,-,False,False,,
none,P318,laryngeal nodule,후두결절,후두 결절,ok,정답(대표),variant,True,True,,
none,P318,hbab,간염 B형 표면항체,hbab,ok,오답,-,False,False,,
none,P319,arthroplasty of foot,발의 관절 성형,족부 관절성형술,ok,오답,-,False,False,,
none,P319,perianal haematoma,항문주위혈종,항문 주위 혈종,ok,정답(대표),variant,True,True,,
none,P319,lichen planus tropicus,열대성 편평태선,열대성 편평태선,ok,정답(대표),exact,True,True,,
none,P320,comparator,비교측정기,대조약,ok,오답,-,False,False,,
none,P320,menstrual irregularity,월경불규칙,월경 불순,ok,정답(동의어),variant,True,True,,
none,P320,wrist joint,요골수근관절,손목 관절,ok,오답,-,False,False,,
none,P321,third ventricle structure,제3뇌구조,제 3 뇌실 구조,ok_nospace,오답,-,False,False,,
none,P321,reactive,반응성-,반응성,ok,정답(동의어),exact,True,True,,
none,P321,medullary canal,골수공간,척수관,ok,오답,-,False,False,,
none,P322,fall risk deteriorated,낙상 위험성 악화됨,낙상 위험이 유의하게 악화된,ok,오답,-,False,False,,
none,P322,salpingography and plasty,난관조영촬영 및 개통술,난관조영술 및 성형술,ok,오답,-,False,False,,
none,P322,abortive prophage,불완전프로파지,중단형 프로파지,ok,오답,-,False,False,,
none,P323,radionuclide angiocardiography,방사성핵종심(장)혈관조영(술),방사성 동위원소 혈관조영술,ok,오답,-,False,False,,
none,P323,nerve root injury,척추 신경뿌리의 손상,신경근 손상,ok,오답,-,False,False,,
none,P324,sialodochoplasty,침샘관성형(술),타액관성형술,ok,정답(동의어),partial,True,False,,
none,P324,plasmablastic lymphoma,형질모세포성 림프종,형질모세포성 림프종,ok,정답(대표),exact,True,True,,
none,P325,assess enema,관장 사정,관장 투여 프로토콜을 평가할,ok,오답,-,False,False,,
none,P325,periodic rhinitis,주기코염,주기적 비염,ok,오답,-,False,False,,
none,P325,echinocyte,톱니적혈구,에키노사이트,ok,오답,-,False,False,,
none,P326,polyneuralgia,다발신경통,다발성 신경통,ok,오답,-,False,False,,
none,P326,dromotropic,전도영향성-,드로모트로픽,ok,오답,-,False,False,,
none,P326,altimeter sickness,고산병,고산병,ok,정답(대표),exact,True,True,,
none,P327,gastradenitis,위샘염,위선염,ok,오답,-,False,False,,
none,P327,near field potential,근접부위전위,근접장 전위,ok,오답,-,False,False,,
none,P327,auriscope,이경,이경,ok,정답(대표),exact,True,True,,
none,P328,self-care deficit,자가간호결핍,자가 간호 결핍,ok,정답(대표),variant,True,True,,
none,P328,laryngotracheal stenosis,후두기관협착(증),후두기관 협착,ok,정답(대표),variant,True,False,,
none,P328,deuterium,중수소,중수소,ok,정답(대표),exact,True,True,,
none,P329,dialysis adequacy,투석충분도,투석 적절성,ok,오답,-,False,False,,
none,P329,non-infected,감염되지않은,감염되지 않은,ok,정답(대표),variant,True,True,,
none,P329,worm-eaten soles,벌레먹은 발바닥,충식(蟲蝕)성 발바닥,ok,오답,-,False,False,,
none,P330,ischial ramus,궁둥뼈가지,좌골하지,ok,오답,-,False,False,,
none,P330,traumatic sah,외상성 지주막하출혈,외상성 지주막하출혈(SAH),ok,정답(대표),variant,True,True,,
none,P330,extroverted personality,외향인격,외향적인 성격,ok,오답,-,False,False,,
none,P331,extra-abdominal,복부외-,복부 외,ok,정답(대표),variant,True,False,,
none,P331,eccrine poroma,외분비 한공종,에크린 포로마,ok,오답,-,False,False,,
none,P331,activity grade,활동정도,활동 등급,ok,오답,-,False,False,,
none,P332,phlebography,정맥조영(술),정맥조영술,ok,정답(대표),partial,True,False,,
none,P332,myoclonia fibrillaris multiplex,다발잔떨림근대성대발작,다발성 섬유성 근간대경련,ok,오답,-,False,False,,
none,P332,femur,넙다리뼈,대퇴부,ok,오답,-,False,True,,
term,P001,autoeroticism,자기성애,자기성애,ok,정답(대표),exact,True,True,,
term,P001,combustion,화상,화상,ok,정답(대표),exact,True,True,,
term,P001,digit preference,끝수선호,끝수선호,ok,정답(대표),exact,True,True,,
term,P002,fusiform layer,방추세포층,방추세포층,ok,정답(대표),exact,True,True,,
term,P002,imitative attitude,모방태도,모방태도,ok,정답(대표),exact,True,True,,
term,P002,hyeopgye,협계(俠谿),협계(俠谿),ok,정답(대표),exact,True,True,,
term,P003,secretory cyst,분비체류성낭,분비체류성낭,ok,정답(대표),exact,True,True,,
term,P003,ricinism,리신증,리신증,ok,정답(대표),exact,True,True,,
term,P003,glaucomatous cataract,녹내장성백내장,녹내장성백내장,ok,정답(대표),exact,True,True,,
term,P004,nodular sclerosis,결절경화,결절경화,ok,정답(대표),exact,True,True,,
term,P004,cross-face,교차얼굴,교차얼굴,ok,정답(대표),exact,True,True,,
term,P004,blind fistula,막힌샛길,막힌샛길,ok,정답(대표),exact,True,True,,
term,P005,varicose vein stripping,정맥류 제거,정맥류 제거,ok,정답(대표),exact,True,True,,
term,P005,rotalix tube,회전양극관,회전양극관,ok,정답(대표),exact,True,True,,
term,P005,smith's fracture,스미드골절,스미드골절,ok,정답(대표),exact,True,True,,
term,P006,framework try-in,금속구조물 시적,금속구조물 시적,ok,정답(대표),exact,True,True,,
term,P006,parrot fever,앵무새열,앵무새열,ok,정답(대표),exact,True,True,,
term,P006,frontal suture,이마봉합선,이마봉합선,ok,정답(대표),exact,True,True,,
term,P007,binder,결합체,결합체,ok,정답(대표),exact,True,True,,
term,P007,water bath,욕조,조절- 욕조,ok,정답(대표),partial,True,True,,
term,P007,torr,토르,토르,ok,정답(대표),exact,True,True,,
term,P008,cercosporomycosis,세르코스포라진균증,세르코스포라진균증,ok,정답(대표),exact,True,True,,
term,P008,lipoid dermatoarthritis,리포이드피부관절염,리포이드피부관절염,ok,정답(대표),exact,True,True,,
term,P008,fisher syndrome,피셔증후군,피셔증후군,ok,정답(대표),exact,True,True,,
term,P009,benign familial hematuria,양성 가족성 혈뇨,양성 가족성 혈뇨,ok,정답(대표),exact,True,True,,
term,P009,marsupialization of cyst,낭종 주머니형성,낭종 주머니형성,ok,정답(대표),exact,True,True,,
term,P009,lumbosacral enlargement,요천부팽대,요천부팽대,ok,정답(대표),exact,True,True,,
term,P010,retrocedent gout,내공성통풍,내공성통풍,ok,정답(대표),exact,True,True,,
term,P010,hemianopsia,편측시야결손,편측시야결손,ok,정답(대표),exact,True,True,,
term,P010,enteral feeding,위장관영양,위장관영양,ok,정답(대표),exact,True,True,,
term,P011,ocular fundus,안저,안저,ok,정답(대표),exact,True,True,,
term,P011,condensed chromatin,농축염색질,농축염색질,ok,정답(대표),exact,True,True,,
term,P011,hemacytometry,혈구계수,혈구계수,ok,정답(대표),exact,True,True,,
term,P012,cimex lectularius,빈대,빈대,ok,정답(대표),exact,True,True,,
term,P012,vaginography,질조영(술),질조영(술),ok,정답(대표),exact,True,True,,
term,P012,ear drum,고막,고막,ok,정답(대표),exact,True,True,,
term,P013,dilation of intestine,창자 확장,창자 확장,ok,정답(대표),exact,True,True,,
term,P013,myoclonia fibrillaris multiplex,다발잔떨림근대성대발작,다발잔떨림근대성대발작,ok,정답(대표),exact,True,True,,
term,P013,gitelman syndrome,지텔만 증후군,지텔만 증후군,ok,정답(대표),exact,True,True,,
term,P014,source qi,원기,원기,ok,정답(대표),exact,True,True,,
term,P014,hyperlipidaemia,고지혈증,고지혈증,ok,정답(대표),exact,True,True,,
term,P014,ladder splint,사다리형덧대,사다리형덧대,ok,정답(대표),exact,True,True,,
term,P015,dermatopathic lymphadenopathy,피부병림프절병(증),피부병림프절병(증),ok,정답(대표),exact,True,True,,
term,P015,oil red,오일레드,오일레드,ok,정답(대표),exact,True,True,,
term,P015,defervescence,해열,해열,ok,정답(대표),exact,True,True,,
term,P016,intracranial space-occupying lesion,두개내공간점유병변,두개내공간점유병변,ok,정답(대표),exact,True,True,,
term,P016,picture frustration test,그림좌절검사,그림좌절검사,ok,정답(대표),exact,True,True,,
term,P016,pyroglyphidae,집먼지진드기(과),집먼지진드기(과),ok,정답(대표),exact,True,True,,
term,P017,dorsal vein arterialization,배측 정맥 동맥혈화,배측 정맥 동맥혈화,ok,정답(대표),exact,True,True,,
term,P017,macrocephalus,큰머리증,큰머리증,ok,정답(대표),exact,True,True,,
term,P017,aqueous fluid,방수,방수,ok,정답(대표),exact,True,True,,
term,P018,colon cecum mass,막창자 종괴,막창자 종괴,ok,정답(대표),exact,True,True,,
term,P018,cyematocardia,태아심음,태아심음,ok,정답(대표),exact,True,True,,
term,P018,dyskeratosis congenita,선천 이상각화증,선천 이상각화증,ok,정답(대표),exact,True,True,,
term,P019,supernumeric impacted tooth,과잉매복치,과잉매복치,ok,정답(대표),exact,True,True,,
term,P019,biopsy of cul-de-sac,막힌주머니 생검,막힌주머니 생검,ok,정답(대표),exact,True,True,,
term,P019,gantry,갠트리,갠트리,ok,정답(대표),exact,True,True,,
term,P020,onychopathy,손발톱병(증),손발톱병(증),ok,정답(대표),exact,True,True,,
term,P020,intermetatarsal joint structure,발허리간관절조직,발허리간관절조직,ok,정답(대표),exact,True,True,,
term,P021,sex cord-stromal tumor,성끈기질종양,성끈기질종양,ok,정답(대표),exact,True,True,,
term,P021,cardiac murmur,심잡음,심잡음,ok,정답(대표),exact,True,True,,
term,P021,coupling color,커플링염료,커플링염료,ok,정답(대표),exact,True,True,,
term,P022,clostridium histolyticum,클로스트리듐히스톨리티쿰,클로스트리듐히스톨리티쿰,ok,정답(대표),exact,True,True,,
term,P022,total lipodystrophy,전체 지방영양장애,전체 지방영양장애,ok,정답(대표),exact,True,True,,
term,P022,ulceroglandular tularaemia,궤양림프절야생토끼병,궤양림프절야생토끼병,ok,정답(동의어),variant,True,True,,
term,P023,open-chain compound,열린사슬화합물,열린사슬화합물,ok,정답(대표),exact,True,True,,
term,P023,z-plasty,Z성형(술),z-plasty,ok,오답,-,False,False,,
term,P023,isosorbide,이소소르바이드,이소소르바이드,ok,정답(대표),exact,True,True,,
term,P024,intramuscular nerve stimulation,근육내신경자극치료,근육내신경자극치료,ok,정답(대표),exact,True,True,,
term,P024,developmental retardation child,발달 부진아,발달 부진아,ok,정답(대표),exact,True,True,,
term,P024,holoparasite,완전기생체,완전기생체,ok,정답(대표),exact,True,True,,
term,P025,instep island flap,안쪽발바닥섬피판,안쪽발바닥섬피판,ok,정답(대표),exact,True,True,,
term,P025,shifting reaction,편위반응,편위반응,ok,정답(대표),exact,True,True,,
term,P025,membranous endometritis,막자궁내막염,막자궁내막염,ok,정답(대표),exact,True,True,,
term,P026,phosphene,섬광시,섬광시,ok,정답(대표),exact,True,True,,
term,P026,odontoprisis,이갈기,이갈기,ok,정답(대표),exact,True,True,,
term,P026,cardiography,심장도검사,심장도검사,ok,정답(대표),exact,True,True,,
term,P027,transistor hearing aid,트랜지스터보청기,트랜지스터보청기,ok,정답(대표),exact,True,True,,
term,P027,phlebitis and thrombophlebitis,정맥염 및 혈전정맥염,정맥염 및 혈전정맥염,ok,정답(대표),exact,True,True,,
term,P027,urethroscopic surgery,요도경하 수술,요도경하 수술,ok,정답(대표),exact,True,True,,
term,P028,epidural nerve block,경막외 신경차단술,경막외 신경차단술,ok,정답(대표),exact,True,True,,
term,P028,ataxic hemiparesis,실조성반부전마비,실조성반부전마비,ok,정답(대표),exact,True,True,,
term,P028,organoid tumor,장기모양종양,장기모양종양,ok,정답(대표),exact,True,True,,
term,P029,sclerosing retroperitonitis,경화뒤배막염,경화뒤배막염,ok,정답(대표),exact,True,True,,
term,P029,plate,평판,평판,ok,정답(대표),exact,True,True,,
term,P030,acropathy,말단병(증),말단병(증),ok,정답(대표),exact,True,True,,
term,P030,uncoupling,결합저지,결합저지,ok,정답(대표),exact,True,True,,
term,P030,cyst of prostate,전립샘 낭,전립샘 낭,ok,정답(대표),exact,True,True,,
term,P031,chorea gravidarum,임신무도병,임신무도병,ok,정답(대표),exact,True,True,,
term,P031,clay stool,회색변,회색변,ok,정답(대표),exact,True,True,,
term,P031,gorei-san,오령산,오령산,ok,정답(대표),exact,True,True,,
term,P032,graves' ophthalmopathy,그레이브스 눈병증,그레이브스 눈병증,ok,정답(대표),exact,True,True,,
term,P032,non-exudative,삼출되지않은,삼출되지않은,ok,정답(대표),exact,True,True,,
term,P032,endolymphatic duct,속림프관,속림프관,ok,정답(대표),exact,True,True,,
term,P033,arsenic mirror,코거울,코거울,ok,정답(대표),exact,True,True,,
term,P033,supporting spiritual rituals,영적의식 지지하기,영적의식 지지하기,ok,정답(대표),exact,True,True,,
term,P033,muscular atrophy,근위축,근위축,ok,정답(대표),exact,True,True,,
term,P034,spondylopathy,척추병(증),척추병 (증),ok_nospace,정답(대표),variant,True,True,,
term,P034,thyroidea ima artery,맨아래갑상동맥,맨아래갑상동맥,ok,정답(대표),exact,True,True,,
term,P034,orthognathic surgery,악교정수술,악교정수술,ok,정답(대표),exact,True,True,,
term,P035,lcp disease,넙다리뼈머리뼈끝뼈연골증,넙다리뼈머리뼈끝뼈연골증,ok,정답(대표),exact,True,True,,
term,P035,deforming dorsopathies,변형성 등병증,변형성 등병증,ok,정답(대표),exact,True,True,,
term,P035,bacteriocin,박테리오신,박테리오신,ok,정답(대표),exact,True,True,,
term,P036,thoracalgia,흉통,흉통,ok,정답(대표),exact,True,True,,
term,P036,delay procedure,지연처치,지연처치,ok,정답(대표),exact,True,True,,
term,P036,tricephalus,세머리태아,세머리태아,ok,정답(대표),exact,True,True,,
term,P037,supraclavicular approach,빗장위접근법,빗장위접근법,ok,정답(대표),exact,True,True,,
term,P037,eosinophilic non-allergic rhinitis,호산성 비알레르기성 비염,호산성 비알레르기성 비염,ok,정답(대표),exact,True,True,,
term,P037,papilloma of cerviv,자궁경부의 유두종,자궁경부의 유두종,ok,정답(대표),exact,True,True,,
term,P038,hypothalamic-pituitary-adrenal axis,시상하부-뇌하수체-부신축,시상하부-뇌하수체-부신축,ok,정답(대표),exact,True,True,,
term,P038,androgenic alopecia,안드로젠탈모증,안드로젠탈모증,ok,정답(대표),exact,True,True,,
term,P038,halmatogenesis,돌연세대변이,,none,미검출,-,False,True,,
term,P039,isomaltase,이소말타아제,이소말타아제,ok,정답(대표),exact,True,True,,
term,P039,postprocedural subglottic stenosis,처치후 성문하협착,처치후 성문하협착,ok,정답(대표),exact,True,True,,
term,P039,acclimation fever,순화열,순화열,ok,정답(대표),exact,True,True,,
term,P040,intromission,삽입,삽입,ok,정답(대표),exact,True,True,,
term,P040,microlymphatic graft,미세림프절이식,미세림프절이식,ok,정답(대표),exact,True,True,,
term,P040,lenticonus,원뿔수정체,원뿔수정체,ok,정답(대표),exact,True,True,,
term,P041,metagonimus yokogawai,요코가와흡충,요코가와흡충,ok,정답(대표),exact,True,True,,
term,P041,enema apparatus,관장기,관장기,ok,정답(대표),exact,True,True,,
term,P041,rash purpuric,자색반 발진,자색반 발진,ok,정답(대표),exact,True,True,,
term,P042,factor viii,제8인자,제 8 인자,ok_nospace,정답(대표),variant,True,True,,
term,P042,bony excrescence,뼈이상돌출,뼈이상돌출,ok,정답(대표),exact,True,True,,
term,P042,biopsy of adenoid,인두편도 생검,인두편도 생검,ok,정답(대표),exact,True,True,,
term,P043,undercorrection,부족교정,부족교정,ok,정답(대표),exact,True,True,,
term,P043,transluminal coronary atherectomy,내강경유 심장혈관 죽종절제,내강경유 심장혈관 죽종절제,ok,정답(대표),exact,True,True,,
term,P043,stump hallucination,절단끝환각,절단끝환각,ok,정답(대표),exact,True,True,,
term,P044,proenzyme,풋효소,풋효소,ok,정답(대표),exact,True,True,,
term,P044,traveling clinic,이동진료소,이동진료소,ok,정답(대표),exact,True,True,,
term,P044,pallister-killian syndrome,팰리스터-킬리언 증후군,팰리스터-킬리언 증후군,ok,정답(대표),exact,True,True,,
term,P045,leukokeratosis nicotina palati,구개 니코틴성 백색각화증,구개 니코틴성 백색각화증,ok,정답(대표),exact,True,True,,
term,P045,monorchidism,홑고환증,홑고환증,ok,정답(대표),exact,True,True,,
term,P045,steatocystoma,피지낭종,피지낭종,ok,정답(대표),exact,True,True,,
term,P046,vaginal discharge,대하,대하,ok,정답(대표),exact,True,True,,
term,P046,posterior thoracic fusion,뒷쪽 가슴척추 유합,뒷쪽 가슴척추 유합,ok,정답(대표),exact,True,True,,
term,P046,sucking disc,흉반,흉반,ok,정답(대표),exact,True,True,,
term,P047,rectal,곧창자-,곧창자,ok,정답(대표),variant,True,True,,
term,P047,pyrexia during labour,출산중 발열,출산중 발열,ok,정답(대표),exact,True,True,,
term,P047,genital infection fungal,생식 기관 곰팡이 감염,생식 기관 곰팡이 감염,ok,정답(대표),exact,True,True,,
term,P048,dense deposit disease,고밀도침착병,고밀도침착병,ok,정답(대표),exact,True,True,,
term,P048,endoscopic transmyocardial revascularization,내시경 이용 심근경유 혈관 재형성,내시경 이용 심근경유 혈관 재형성,ok,정답(대표),exact,True,True,,
term,P048,vasectomy seekers,정관절제술탐침,정관절제술탐침,ok,정답(대표),exact,True,True,,
term,P049,convalescence following chemotherapy,화학요법후 회복기,화학요법후 회복기,ok,정답(대표),exact,True,True,,
term,P049,apneustic respiration,지속흡입호흡,지속흡입호흡,ok,정답(대표),exact,True,True,,
term,P049,carpometacarpal joint structure,손목손허리관절,손목손허리관절,ok,정답(대표),exact,True,True,,
term,P050,window defect,창문비침,창문비침,ok,정답(대표),exact,True,True,,
term,P050,metathalamus,시상후부,시상후부,ok,정답(대표),exact,True,True,,
term,P050,patent medicine,특허약,특허약,ok,정답(대표),exact,True,True,,
term,P051,pulex,벼룩(속),벼룩(속),ok,정답(대표),exact,True,True,,
term,P051,genu valgum,외반슬,외반슬,ok,정답(대표),exact,True,True,,
term,P051,thymopoietin,티모포이에틴,티모포이에틴,ok,정답(대표),exact,True,True,,
term,P052,arthroscopic menisectomy,관절경 이용 초승달 절제,관절경 이용 초승달 절제,ok,정답(대표),exact,True,True,,
term,P052,heart rate variability,심박변이도,심박변이도,ok,정답(대표),exact,True,True,,
term,P052,subretinal,망막밑-,망막밑,ok,정답(대표),variant,True,False,,
term,P053,waveform,파형,파형,ok,정답(대표),exact,True,True,,
term,P053,closed reduction,비개방정복(술),비개방정복,ok,정답(대표),variant,True,True,,
term,P053,pilomatrixoma,털바탕질종,털바탕질종,ok,정답(대표),exact,True,True,,
term,P054,prostatodynia,전립샘통증,전립샘통증,ok,정답(대표),exact,True,True,,
term,P054,uropoiesis,요생산,요생산,ok,정답(대표),exact,True,True,,
term,P055,schistocephalus,머리갈림태아,머리갈림태아,ok,정답(대표),exact,True,True,,
term,P055,modified norwood operation,수정된 노우드수술,수정된 노우드수술,ok,정답(대표),exact,True,True,,
term,P055,peptonization,펩톤화,펩톤화,ok,정답(대표),exact,True,True,,
term,P056,apoplectic coma,중풍혼수,중풍혼수,ok,정답(대표),exact,True,True,,
term,P056,atrioventricular septal defect,심방실중격결손,심방실중격결손,ok,정답(대표),exact,True,True,,
term,P056,assess hospice,호스피스 사정,호스피스 사정,ok,정답(대표),exact,True,True,,
term,P057,continuous,연속-,연속,ok,정답(대표),variant,True,False,,
term,P057,zoe filling,치아진정처치,치아진정처치,ok,정답(대표),exact,True,True,,
term,P057,oxidizing color,산화염료,산화염료,ok,정답(대표),exact,True,True,,
term,P058,hammerhead ribozyme,망치머리형리보자임,망치머리형리보자임,ok,정답(대표),exact,True,True,,
term,P058,infanthood,영아기,영아기,ok,정답(대표),exact,True,True,,
term,P059,ulcerlike nud,궤양성 비궤양성 소화불량,,none,미검출,-,False,True,,
term,P059,gwollyo,관료(顴髎),관료(顴髎),ok,정답(대표),exact,True,True,,
term,P059,double bladder,중복방광,중복방광,ok,정답(대표),exact,True,True,,
term,P060,auriculotemporal nerve,귓바퀴관자신경,귓바퀴관자신경,ok,정답(대표),exact,True,True,,
term,P060,annulospiral ending,고리나선신경종말,고리나선신경종말,ok,정답(대표),exact,True,True,,
term,P060,ascending arm venography,상지-상행적상지정맥,상지-상행적상지정맥,ok,정답(대표),exact,True,True,,
term,P061,epidermophyton,표피사상균(속),표피사상균,ok,정답(대표),variant,True,True,,
term,P061,tubal tonsil,귀인두관편도,귀인두관편도,ok,정답(대표),exact,True,True,,
term,P061,single-step growth curve,일회증식곡선,일회증식곡선,ok,정답(대표),exact,True,True,,
term,P062,antineutrophil cytoplasmic antibody,항중성구세포질항체,항중성구세포질항체,ok,정답(대표),exact,True,True,,
term,P062,pharyngoparalysis,인두마비,인두마비,ok,정답(대표),exact,True,True,,
term,P062,vasa previa,전치 맥관,전치 맥관,ok,정답(대표),exact,True,True,,
term,P063,tzanck smear test,장크도말검사,장크도말검사,ok,정답(대표),exact,True,True,,
term,P063,ecdysis,허물벗기,허물벗기,ok,정답(대표),exact,True,True,,
term,P063,major amblyoscope,대형 약시경,대형 약시경,ok,정답(대표),exact,True,True,,
term,P064,closed approach,폐쇄방법,폐쇄방법,ok,정답(대표),exact,True,True,,
term,P064,thyroid notch,방패패임,방패패임,ok,정답(대표),exact,True,True,,
term,P064,intraocular,안구내-,안구내,ok,정답(대표),variant,True,False,,
term,P065,precipitate labor,급속 분만,급속 분만,ok,정답(대표),exact,True,True,,
term,P065,dental granuloma,뿌리끝육아종,뿌리끝육아종,ok,정답(대표),exact,True,True,,
term,P065,rickets of prematurity,미숙아의 구루병,미숙아의 구루병,ok,정답(대표),exact,True,True,,
term,P066,frontosphenoesthmoidectomy,이마나비사골동절제술,이마나비사골동절제술,ok,정답(대표),exact,True,True,,
term,P066,poor sucking reflex,빨기 반사 어려움,빨기 반사 어려움,ok,정답(대표),exact,True,True,,
term,P066,assessing waste service,쓰레기처리 능력 사정하기,쓰레기처리 능력 사정하기,ok,정답(대표),exact,True,True,,
term,P067,epiduroscopic neuroplasty,내시경적 경막외강 신경성형술,내시경적 경막외강 신경성형술,ok,정답(대표),exact,True,True,,
term,P067,relative scotoma,상대암점,상대암점,ok,정답(대표),exact,True,True,,
term,P067,multiple adenomatous polyps,다발성 샘종성 폴립,다발성 샘종성 폴립,ok,정답(대표),exact,True,True,,
term,P068,solenopsis invicta,불개미,불개미,ok,정답(대표),exact,True,True,,
term,P068,sheathed artery,집형성동맥,집형성동맥,ok,정답(대표),exact,True,True,,
term,P068,ureteroscopic,요도경검사에 의한,요도경검사에 의한,ok,정답(대표),exact,True,True,,
term,P069,multidrug resistance,다약제내성,다약제내성,ok,정답(대표),exact,True,True,,
term,P069,gonadoadvent,생식기능출현기,생식기능출현기,ok,정답(대표),exact,True,True,,
term,P069,pa x-ray,치근단 방사선촬영,치근단 방사선촬영,ok,정답(대표),exact,True,True,,
term,P070,physically handicapped,거동불편자,거동불편자,ok,정답(대표),exact,True,True,,
term,P070,centrolecithal,중심난황-,중심난황,ok,정답(대표),variant,True,False,,
term,P070,entire nasal septum,온코사이막,온코사이막,ok,정답(대표),exact,True,True,,
term,P071,posterior cordectomy,뒷쪽 성대 절제,뒷쪽 성대 절제,ok,정답(대표),exact,True,True,,
term,P071,intra-operative neurophysiologic testing,수술중 신경생리학적 검사,수술중 신경생리학적 검사,ok,정답(대표),exact,True,True,,
term,P072,enteropathic arthritis,창자질환성 관절염,창자질환성 관절염,ok,정답(대표),exact,True,True,,
term,P072,oncogene,종양유전자,종양유전자,ok,정답(대표),exact,True,True,,
term,P072,protein-losing enteropathy,단백질소실장병(증),전위 단백질소실장병(증),ok,정답(대표),partial,True,True,,
term,P073,urethrocutaneous fistula,요도피부샛길,잔류요도피부샛길,ok,정답(대표),partial,True,True,,
term,P073,anesthesiologist,마취과의사,마취과의사,ok,정답(대표),exact,True,True,,
term,P073,old tuberculin,재래식투베르쿨린,재래식투베르쿨린,ok,정답(대표),exact,True,True,,
term,P074,microsomia,작은몸증,작은몸증,ok,정답(대표),exact,True,True,,
term,P074,pericanalicular,소관주위-,소관주위,ok,정답(대표),variant,True,True,,
term,P074,penicillar arteriole,붓털세동맥,붓털세동맥,ok,정답(대표),exact,True,True,,
term,P075,posttransplant lymphoproliferative disease,이식후림프세포증식병,이식후림프세포증식병,ok,정답(대표),exact,True,True,,
term,P075,epididymal duct,부고환관,부고환관,ok,정답(대표),exact,True,True,,
term,P075,urethrotomy,요도 절개,요도절개술,ok,정답(대표),partial,True,True,,
term,P076,inhalator,흡입기,흡입기,ok,정답(대표),exact,True,True,,
term,P076,omsk haemorrhagic fever,옴스크출혈열,옴스크출혈열,ok,정답(대표),exact,True,True,,
term,P076,ramus of pubis,두덩뼈가지,두덩뼈가지,ok,정답(대표),exact,True,True,,
term,P077,dry weight,투석목표체중,투석목표체중,ok,정답(대표),exact,True,True,,
term,P077,macular holes,황반 원공,황반 원공,ok,정답(대표),exact,True,True,,
term,P077,subpapillary arterial network,유두밑동맥그물,유두밑동맥그물,ok,정답(대표),exact,True,True,,
term,P078,syphilogen,매독원,매독원,ok,정답(대표),exact,True,True,,
term,P078,cardiodiaphragmatic angle,심장가로막각,심장가로막각,ok,정답(대표),exact,True,True,,
term,P078,ebonation,뼈조각제거,뼈조각제거,ok,정답(대표),exact,True,True,,
term,P079,diving reflex,잠수반사,잠수반사,ok,정답(대표),exact,True,True,,
term,P079,pungji,풍지(風池),풍지,ok,정답(대표),variant,True,True,,
term,P079,vertebro-basilar artery syndrome,척추-뇌기저동맥증후군,척추-뇌기저동맥증후군,ok,정답(대표),exact,True,True,,
term,P080,chest expiration,가슴 날숨촬영,가슴 날숨촬영,ok,정답(대표),exact,True,True,,
term,P080,rhinoantritis,코굴염,코굴염,ok,정답(대표),exact,True,True,,
term,P080,uremic convulsion,요독경련,요독경련,ok,정답(대표),exact,True,True,,
term,P081,cobblestone tongue,조약돌혀,조약돌혀,ok,정답(대표),exact,True,True,,
term,P081,small-and light-for-dates,과소 및 과소체중아,과소 및 과소체중아,ok,정답(대표),exact,True,True,,
term,P081,saliva viscosity test,타액 점조도 검사,타액 점조도 검사,ok,정답(대표),exact,True,True,,
term,P082,progressive hemifacial atrophy,진행성 반쪽얼굴 위축,진행성 반쪽얼굴 위축,ok,정답(대표),exact,True,True,,
term,P082,afterloading technique,후장진법,후장진법,ok,정답(대표),exact,True,True,,
term,P082,assess disimpaction,매복변제거 사정,매복변제거 사정,ok,정답(대표),exact,True,True,,
term,P083,nodular fasciitis,결절 근막염,결절 근막염,ok,정답(대표),exact,True,True,,
term,P083,zosteriform lentiginous nevus,띠모양흑(색)점모반,띠모양흑 (색) 점모반,ok_nospace,정답(대표),variant,True,True,,
term,P083,nodular prurigo,결절가려움발진,결절가려움발진,ok,정답(대표),exact,True,True,,
term,P084,encephalopathy toxic,독성 뇌병증,독성 뇌병증,ok,정답(대표),exact,True,True,,
term,P084,medial nasal prominence,내측비융기,내측비융기,ok,정답(대표),exact,True,True,,
term,P084,anisometropic amblyopia,굴절부등약시,굴절부등약시,ok,정답(대표),exact,True,True,,
term,P085,t-colectomy,횡행결장절제술,횡행결장절제술,ok,정답(대표),exact,True,True,,
term,P085,bone inlay,골내재,골내재,ok,정답(대표),exact,True,True,,
term,P085,sequestrectomy of skull,머리뼈 부골 절제,머리뼈 부골 절제,ok,정답(대표),exact,True,True,,
term,P086,associated disorder,수반장애,수반장애,ok,정답(대표),exact,True,True,,
term,P086,uncovertebral,갈고리돌기-,갈고리돌기,ok,정답(대표),variant,True,False,,
term,P086,cholelithiasis,담석증,담석증,ok,정답(대표),exact,True,True,,
term,P087,meckel's imaging,메켈스 스캔,메켈스 스캔,ok,정답(대표),exact,True,True,,
term,P087,arm-to-retina circulation time,팔망막순환시간,팔망막순환시간,ok,정답(대표),exact,True,True,,
term,P088,tubular reabsorption,요세관재흡수,요세관재흡수,ok,정답(대표),exact,True,True,,
term,P088,rothmund thomson syndrome,로트문드 톰슨 증후군,로트문드 톰슨 증후군,ok,정답(대표),exact,True,True,,
term,P088,muscle twitch,근육 경련,근육 움찔수축,ok,오답,-,False,True,,
term,P089,bis in die,1일2회,1 일 2 회,ok_nospace,정답(대표),variant,True,True,,
term,P089,abrasion of flank,옆구리 찰과상,표면 측복부 찰과상,ok,오답,-,False,False,,
term,P089,gustatory hyperesthesia,미각과민(증),미각과민(증),ok,정답(동의어),variant,True,True,,
term,P090,epidermolysis bullosa simplex,단순 수포성 표피박리증,상병 단순 수포성 표피박리증,ok,정답(대표),partial,True,True,,
term,P090,enteral feeding regime,경장 섭취 요법,특수 경장 섭취 요법,ok,정답(대표),partial,True,True,,
term,P090,high quality-hcv ab,정밀면역검사-C형간염항체,정밀면역검사-C 형간염항체,ok_nospace,정답(대표),variant,True,True,,
term,P091,hepaticostomy,간관루설치(술),간관루설치(술),ok,정답(대표),exact,True,True,,
term,P091,root pain,신경뿌리통증,신경뿌리통증,ok,정답(대표),exact,True,True,,
term,P091,parasympathetic nervous system,부교감신경계통,부교감신경계통,ok,정답(대표),exact,True,True,,
term,P092,x-ray illumination,X선필름판독대,X 선필름판독대,ok_nospace,정답(대표),variant,True,True,,
term,P092,angioma cavernosum,해면혈관종,해면혈관종,ok,정답(대표),exact,True,True,,
term,P092,cap crown,금관,금관,ok,정답(대표),exact,True,True,,
term,P093,coffin-siris syndrome,코핀-시리스 증후군,코핀-시리스 증후군,ok,정답(대표),exact,True,True,,
term,P093,working length distance,근관장측정검사,근관장측정검사,ok,정답(대표),exact,True,True,,
term,P093,uterine arteriography,복부및골반동맥조영-자궁동맥,복부및골반동맥조영-자궁동맥,ok,정답(대표),exact,True,True,,
term,P094,cirsophthalmia,결막정맥류,결막정맥류,ok,정답(대표),exact,True,True,,
term,P094,interarytenoid notch,모뿔사이패임,모뿔사이패임,ok,정답(대표),exact,True,True,,
term,P094,hot bag,더운물 주머니,더운물 주머니,ok,정답(대표),exact,True,True,,
term,P095,agenesis of lung,폐의 무발생,폐의 무발생,ok,정답(대표),exact,True,True,,
term,P095,perform diversional care,전환간호 수행,전환간호 수행,ok,정답(대표),exact,True,True,,
term,P095,opsin,옵신,옵신,ok,정답(대표),exact,True,True,,
term,P096,growth fever,변증,변증,ok,정답(대표),exact,True,True,,
term,P096,scorbutic ulcer,괴혈병궤양,괴혈병궤양,ok,정답(대표),exact,True,True,,
term,P096,false neuroma,가성신경종,가성신경종,ok,정답(대표),exact,True,True,,
term,P097,neoadjuvant chemotherapy,신보강화학요법,신보강화학요법,ok,정답(대표),exact,True,True,,
term,P097,death,사,사,ok,정답(대표),exact,True,True,,
term,P097,supraspinous,가시끝-,가시끝,ok,정답(대표),variant,True,True,,
term,P098,functional ileus,기능창자막힘증,기능창자막힘증,ok,정답(대표),exact,True,True,,
term,P098,endorectal pull-through operation,직장내 풀-스루식 수술,직장내 풀-스루식 수술,ok,정답(대표),exact,True,True,,
term,P098,counterfeit disease,꾀병,꾀병,ok,정답(대표),exact,True,True,,
term,P099,micromovement,미세운동,미세운동,ok,정답(대표),exact,True,True,,
term,P099,stenoxenous parasite,협숙주기생충,협숙주기생충,ok,정답(대표),exact,True,True,,
term,P099,surgical staging,외과적시기결정,외과적시기결정,ok,정답(대표),exact,True,True,,
term,P100,overdetermined idea,과잉결정관념,과잉결정관념,ok,정답(대표),exact,True,True,,
term,P100,hyperesophoria,상내사위,상내사위,ok,정답(대표),exact,True,True,,
term,P101,soryo,소료(素髎),소료,ok,정답(대표),variant,True,True,,
term,P101,endemic disease,풍토병,풍토병,ok,정답(대표),exact,True,True,,
term,P101,eurytrema pancreaticum,췌질,췌질,ok,정답(대표),exact,True,True,,
term,P102,rotational irradiation coach,회전방사선치료대,회전방사선치료대,ok,정답(대표),exact,True,True,,
term,P102,outbreed,무작위교배계,,none,미검출,-,False,True,,
term,P103,pharynx,인두,인두,ok,정답(대표),exact,True,True,,
term,P103,ctha and ctap,컴퓨터 단층촬영 간 동맥조영술과 컴퓨터 단층촬영 문맥조영술,컴퓨터 단층촬영 간 동맥조영술과 컴퓨터 단층촬영 문맥조영술,ok,정답(대표),exact,True,True,,
term,P103,cyclamate,시클라메이트,시클라메이트,ok,정답(대표),exact,True,True,,
term,P104,nuclear polyhedrosis virus,핵다면체형성바이러스,핵다면체형성바이러스,ok,정답(대표),exact,True,True,,
term,P104,platymorphia,편평안구,편평안구,ok,정답(대표),exact,True,True,,
term,P104,square root sign,제곱근모양징후,제곱근모양징후,ok,정답(대표),exact,True,True,,
term,P105,holy fire,에르고트중독증,,none,미검출,-,False,True,,
term,P105,hemeralopia,주간맹,주간맹,ok,정답(대표),exact,True,True,,
term,P105,avulsion fracture,찢김 골절,찢김 골절,ok,정답(대표),exact,True,True,,
term,P106,salicylamide,살리실아마이드,살리실아마이드,ok,정답(대표),exact,True,True,,
term,P106,volume elasticity coefficient,용적탄력률,용적탄력률,ok,정답(대표),exact,True,True,,
term,P106,lead gown,납가운,납가운,ok,정답(대표),exact,True,True,,
term,P107,anthracosis,탄분증,탄분증,ok,정답(대표),exact,True,True,,
term,P107,proacrosomal granule,풋첨단체과립,풋첨단체과립,ok,정답(대표),exact,True,True,,
term,P107,cromolyn,크로몰린,크로몰린,ok,정답(대표),exact,True,True,,
term,P108,diffusing capacity,확산능,확산능,ok,정답(대표),exact,True,True,,
term,P108,venule,세정맥,세정맥,ok,정답(대표),exact,True,True,,
term,P108,mucopurulent,점액고름-,점액고름,ok,정답(대표),variant,True,False,,
term,P109,blastomyces,분아진균(속),분아진균(속),ok,정답(대표),exact,True,True,,
term,P109,bubbling rale,끓는거품소리,끓는거품소리,ok,정답(대표),exact,True,True,,
term,P109,reverberating circuit,반향회로,반향회로,ok,정답(대표),exact,True,True,,
term,P110,ischial tuberosity structure,궁둥뼈결절,궁둥뼈결절,ok,정답(대표),exact,True,True,,
term,P110,cold pack,찬물 주머니,찬물 주머니,ok,정답(대표),exact,True,True,,
term,P110,airborne infection,공기매개감염,공기매개감염,ok,정답(대표),exact,True,True,,
term,P111,columella lengthening,코기둥연장(술),코기둥연장(술),ok,정답(대표),exact,True,True,,
term,P111,antivitamin,항비타민물질,항비타민물질,ok,정답(대표),exact,True,True,,
term,P111,pyelic,콩팥깔때기-,콩팥깔때기,ok,정답(대표),variant,True,True,,
term,P112,apical surgery,치근단 수술,치근단 수술,ok,정답(대표),exact,True,True,,
term,P112,fetal cotyledon,태아쪽태반엽,태아쪽태반엽,ok,정답(대표),exact,True,True,,
term,P112,trypanocidal,파동편모충박멸-,파동편모충박멸,ok,정답(대표),variant,True,True,,
term,P113,laceration of back,등 열상,등 열상,ok,정답(대표),exact,True,True,,
term,P113,cardiac pet-ct,심장 양전자방출단층촬영술,심장 양전자방출단층촬영술,ok,정답(대표),exact,True,True,,
term,P113,epidermolysis bullosa dystrophica,디스트로피성 수포성 표피박리증,디스트로피성 수포성 표피박리증,ok,정답(대표),exact,True,True,,
term,P114,endoscopic revision dacryocystorhinostomy,내시경 이용 눈물주머니코안 연결 교정,내시경 이용 눈물주머니코안 연결 교정,ok,정답(대표),exact,True,True,,
term,P114,oncofetal,종양태아-,종양태아,ok,정답(대표),variant,True,True,,
term,P114,hydrorachis,수척추증,수척추증,ok,정답(대표),exact,True,True,,
term,P115,stenopeic,가는틈-,가는틈,ok,정답(대표),variant,True,True,,
term,P115,extracoronal,치관외-,치관외,ok,정답(대표),variant,True,True,,
term,P115,buccal gland,협선,협선,ok,정답(대표),exact,True,True,,
term,P116,ileal neoplasms,돌창자 신생물,전위 돌창자 신생물,ok,정답(대표),partial,True,True,,
term,P116,prostate mri,기본자기공명영상진단-복부-전립선-일반,기본자기공명영상진단-복부-전립선-일반,ok,정답(대표),exact,True,True,,
term,P116,puerility,소아기,소아기,ok,정답(대표),exact,True,True,,
term,P117,genuine diabetes,진성당뇨병,진성당뇨병,ok,정답(대표),exact,True,True,,
term,P117,cervical vertigo,경추성 현기증,경추성 현기증,ok,정답(대표),exact,True,True,,
term,P117,dermatitis verrucosa,사마귀피부염,사마귀피부염,ok,정답(대표),exact,True,True,,
term,P118,antimicrobial eye drop,항균안약,항균안약,ok,정답(대표),exact,True,True,,
term,P118,pressure suit,가압복,가압복,ok,정답(대표),exact,True,True,,
term,P118,derangement of patella,무릎뼈의 장애,무릎뼈의 장애,ok,정답(대표),exact,True,True,,
term,P119,postmenopausal bleeding,폐경기후 출혈,폐경기후 출혈,ok,정답(대표),exact,True,True,,
term,P119,tense,긴장-,긴장한,ok,정답(대표),partial,True,False,,
term,P119,congruous field defect,일치시야결손,일치시야결손,ok,정답(대표),exact,True,True,,
term,P120,metarubricyte,후적혈구,후적혈구,ok,정답(대표),exact,True,True,,
term,P120,multiple v-y plasties,V-Y 성형술,다중 V-Y 성형술,ok,정답(대표),partial,True,True,,
term,P120,neonatal oesophageal reflux,신생아식도역류,신생아식도역류,ok,정답(대표),exact,True,True,,
term,P121,cryptogenic sepsis,특발성패혈증,특발성패혈증,ok,정답(대표),exact,True,True,,
term,P121,acne keloidalis,흉터종여드름,흉터종여드름,ok,정답(대표),exact,True,True,,
term,P121,cheondol,천돌(天突),천돌,ok,정답(대표),variant,True,True,,
term,P122,stratified randomization,층별무작위배정(법),층별무작위배정(법),ok,정답(대표),exact,True,True,,
term,P122,interferential action,간섭작용,간섭작용,ok,정답(대표),exact,True,True,,
term,P122,psoas shadow,허리근음영,허리근음영,ok,정답(대표),exact,True,True,,
term,P123,plain radiograph,단순방사선사진,단순방사선사진,ok,정답(대표),exact,True,True,,
term,P123,carbamino reaction,카르바미노반응,카르바미노반응,ok,정답(대표),exact,True,True,,
term,P123,alpha thalassemia,알파 지중해빈혈,알파 지중해빈혈,ok,정답(대표),exact,True,True,,
term,P124,immunoglobulin class,면역글로불린계,면역글로불린계,ok,정답(대표),exact,True,True,,
term,P124,assessing grief,슬픔 사정하기,슬픔 사정하기,ok,정답(대표),exact,True,True,,
term,P124,purpura annularis telangiectodes,고리모세혈관확장자색반,고리모세혈관확장자색반,ok,정답(대표),exact,True,True,,
term,P125,di guglielmo's disease,디구글리엘모병,디구글리엘모병,ok,정답(대표),exact,True,True,,
term,P125,video-urodynamic study,영상요역동학검사,영상요역동학검사,ok,정답(대표),exact,True,True,,
term,P125,primary syphilis,1기매독,1 기매독,ok_nospace,정답(대표),variant,True,True,,
term,P126,deep mycosis,심재성 진균증,심재성 진균증,ok,정답(대표),exact,True,True,,
term,P126,endothelium-derived relaxing factor,내피유래이완인자,내피유래이완인자,ok,정답(대표),exact,True,True,,
term,P126,descriptive epidemiology,기술역학,기술역학,ok,정답(대표),exact,True,True,,
term,P127,drug induce pruritus,약물 유발성 가려움,약물 유발성 가려움,ok,정답(대표),exact,True,True,,
term,P127,goitrogenic,갑상샘종유발물질-,갑상샘종유발물질,ok,정답(동의어),exact,True,True,,
term,P127,suturing of wound,창상봉합술,창상봉합술,ok,정답(대표),exact,True,True,,
term,P128,expectorant mixture,복합거담제,복합거담제,ok,정답(대표),exact,True,True,,
term,P128,reducing artifact,감소인공물,감소인공물,ok,정답(대표),exact,True,True,,
term,P128,bilaminar vitelline placenta,두겹난황태반,두겹난황태반,ok,정답(대표),exact,True,True,,
term,P129,iridocoloboma,홍채결손,홍채결손,ok,정답(대표),exact,True,True,,
term,P129,glissade,글리사드,글리사드,ok,정답(대표),exact,True,True,,
term,P129,anecdotal,증례서술적,증례서술적,ok,정답(대표),exact,True,True,,
term,P130,hypofunction,기능저하,기능저하,ok,정답(대표),exact,True,True,,
term,P130,ardor,작열감,작열감,ok,정답(대표),exact,True,True,,
term,P130,impulse conducting system,심장흥분전도계통,심장흥분전도계통,ok,정답(대표),exact,True,True,,
term,P131,hyalomere,투명부위,투명부위,ok,정답(대표),exact,True,True,,
term,P131,protrusive position,전방위,전방위,ok,정답(대표),exact,True,True,,
term,P131,joint swelling non-inflammatory,비염증 관절 부기,비염증 관절 부기,ok,정답(대표),exact,True,True,,
term,P132,osteoarthritis,뼈관절염,뼈관절염,ok,정답(대표),exact,True,True,,
term,P132,colpocystocele,질방광탈출(증),질방광탈출(증),ok,정답(대표),exact,True,True,,
term,P132,subspinous,가시돌기밑-,가시돌기밑,ok,정답(대표),variant,True,True,,
term,P133,refractive accomodative esotropia,굴절조절 내사시,굴절조절 내사시,ok,정답(대표),exact,True,True,,
term,P133,apicoectomy,치근첨절제(술),치근첨절제(술),ok,정답(동의어),variant,True,True,,
term,P133,flushing,홍조,홍조,ok,정답(대표),exact,True,True,,
term,P134,mutiple myeloma,다발성 골수종,다발성 골수종,ok,정답(대표),exact,True,True,,
term,P134,dermoepidermal,진피표피-,진피표피,ok,정답(대표),variant,True,False,,
term,P135,entire finger,온손가락,온손가락,ok,정답(대표),exact,True,True,,
term,P135,appendix ultrasound,맹장 초음파,맹장 초음파,ok,정답(대표),exact,True,True,,
term,P136,operative cholangiography,수술쓸개관조영(술),수술쓸개관조영(술),ok,정답(대표),exact,True,True,,
term,P136,ionophore antibiotic,이온투과차단항생제,이온투과차단항생제,ok,정답(대표),exact,True,True,,
term,P136,peritoneocentesis,복막천자,복막천자,ok,정답(대표),exact,True,True,,
term,P137,invasive mole,침윤기태,침윤기태,ok,정답(대표),exact,True,True,,
term,P137,vetebra,척추,척추,ok,정답(대표),exact,True,True,,
term,P137,kub left lateral,"콩팥요관방광촬영, 왼쪽측방향","콩팥요관방광촬영, 왼쪽측방향 관점",ok,정답(대표),partial,True,True,,
term,P138,colonic serosa,잘록창자장막층,잘록창자장막층,ok,정답(대표),exact,True,True,,
term,P138,nasalis muscle,코근,코근,ok,정답(대표),exact,True,True,,
term,P138,onchocercoma,회선사상충결절,회선사상충결절,ok,정답(대표),exact,True,True,,
term,P139,corticobasal degeneration,겉질기저 변성,겉질기저 변성,ok,정답(대표),exact,True,True,,
term,P139,nonalcoholic steaohepatitis,비알코올성 지방간염,비알코올성 지방간염,ok,정답(동의어),variant,True,True,,
term,P139,laryngeal carcinoma,후두 암종,후두 암종,ok,정답(대표),exact,True,True,,
term,P140,pseudoepicanthus,거짓눈구석주름,거짓눈구석주름,ok,정답(대표),exact,True,True,,
term,P140,hydropneumothorax,물공기가슴증,물공기가슴증,ok,정답(대표),exact,True,True,,
term,P140,cathemoglobin,카트헤모글로빈,카트헤모글로빈,ok,정답(대표),exact,True,True,,
term,P141,endoscopic retrograde pancreatography,내시경역행이자관조영(술),내시경역행이자관조영,ok,정답(대표),variant,True,True,,
term,P141,koop's modified pylomyotomy,쿱의 수정 유문근층 절개,쿱의 수정 유문근층 절개,ok,정답(대표),exact,True,True,,
term,P141,brachiocephalic trunk,팔머리동맥,팔머리동맥,ok,정답(대표),exact,True,True,,
term,P142,pubovaginal,두덩질-,두덩질,ok,정답(대표),variant,True,False,,
term,P142,ulcerated external hemorrhoids,궤양성 외치핵,궤양성 외치핵,ok,정답(대표),exact,True,True,,
term,P142,school childhood,학령기,학령기,ok,정답(대표),exact,True,True,,
term,P143,horopter,단일시궤도,단일시궤도,ok,정답(대표),exact,True,True,,
term,P143,vesicorectal fistula,방광직장루,방광직장루,ok,정답(대표),exact,True,True,,
term,P143,dysostosis multiplex group,다발 집단 뼈발생이상,다발 집단 뼈발생이상 군,ok,정답(대표),partial,True,True,,
term,P144,parathyroid tetany,부갑상선테타니,부갑상선테타니,ok,정답(대표),exact,True,True,,
term,P144,sideroblastic anaemia,철적혈모구빈혈,철적혈모구빈혈,ok,정답(대표),exact,True,True,,
term,P144,meshwork,섬유주,그물 섬유주,ok,정답(대표),partial,True,True,,
term,P145,infantile automatism,젖먹이자동증,젖먹이자동증,ok,정답(대표),exact,True,True,,
term,P145,stomatomy,자궁구절개(술),자궁구절개(술),ok,정답(대표),exact,True,True,,
term,P145,familial polyposis,가족성폴립증,가족성폴립증,ok,정답(대표),exact,True,True,,
term,P146,prootic,귀앞-,귀앞,ok,정답(대표),variant,True,True,,
term,P146,microencephaly,작은뇌증,작은뇌증,ok,정답(대표),exact,True,True,,
term,P147,vaccination against staphylococcus,포도구균 예방접종,포도구균 예방접종,ok,정답(대표),exact,True,True,,
term,P147,photogene,잔상,잔상,ok,정답(대표),exact,True,True,,
term,P147,cortisol-binding globulin,코티솔결합글로불린,코티솔결합글로불린,ok,정답(대표),exact,True,True,,
term,P148,prolinase,프롤린효소,프롤린효소,ok,정답(대표),exact,True,True,,
term,P148,vibratory auscultation,진동청진,흉부 진동청진,ok,정답(대표),partial,True,True,,
term,P148,iridocyclitis in tuberculosis,결핵에서의 홍채섬모체염,결핵에서의 홍채섬모체염,ok,정답(대표),exact,True,True,,
term,P149,egg yolk medium,달걀노른자배지,달걀노른자배지,ok,정답(대표),exact,True,True,,
term,P149,mescaline,메스칼린,메스칼린,ok,정답(대표),exact,True,True,,
term,P149,polymyalgia rheumatica,류마티스성 다발근통,류마티스성 다발근통,ok,정답(대표),exact,True,True,,
term,P150,ossidesmosis,힘줄뼈되기,힘줄뼈되기,ok,정답(대표),exact,True,True,,
term,P150,endoenteritis,창자점막염,창자점막염,ok,정답(대표),exact,True,True,,
term,P150,heart excess patterns,심실증,심실증,ok,정답(대표),exact,True,True,,
term,P151,rodent ulcer,잠식궤양,잠식궤양,ok,정답(대표),exact,True,True,,
term,P151,dopa-responsive dystonia,도파-반응성 근긴장이상,도파-반응성 근긴장이상,ok,정답(대표),exact,True,True,,
term,P151,plating method,평판배양법,평판배양법,ok,정답(대표),exact,True,True,,
term,P152,toilet,세척,세척,ok,정답(대표),exact,True,True,,
term,P152,intermedia thalassaemia,중간형 지중해빈혈,중간형 지중해빈혈,ok,정답(대표),exact,True,True,,
term,P152,superexcitation,과도흥분,과도흥분,ok,정답(대표),exact,True,True,,
term,P153,naevus portwine,포도주색 모반,포도주색 모반,ok,정답(대표),exact,True,True,,
term,P153,in situ hybridization,제자리부합법,제자리부합법,ok,정답(대표),exact,True,True,,
term,P153,subadventitial fibroplasia,외막밑섬유증식,외막밑섬유증식,ok,정답(대표),exact,True,True,,
term,P154,aerial infection,흡입감염,흡입감염,ok,정답(대표),exact,True,True,,
term,P154,intranasal ethmoidectomy,사골동염근치술; 비내 접근법,사골동염근치술; 비내 접근법,ok,정답(대표),exact,True,True,,
term,P154,hand,수,수,ok,정답(대표),exact,True,True,,
term,P155,normokalemic,정상칼륨혈-,정상칼륨혈,ok,정답(대표),variant,True,True,,
term,P155,polygraph,다원기록기,다원기록기,ok,정답(대표),exact,True,True,,
term,P155,video laryngoscopy,비디오후두경검사(법),비디오후두경검사,ok,정답(대표),variant,True,True,,
term,P156,salbutamol,살부타몰,살부타몰,ok,정답(대표),exact,True,True,,
term,P156,reverse mutation,역돌연변이,역돌연변이,ok,정답(대표),exact,True,True,,
term,P156,single outlet heart,단일유출로심장,단일유출로심장,ok,정답(대표),exact,True,True,,
term,P157,blood donation,헌혈,헌혈,ok,정답(대표),exact,True,True,,
term,P157,mitokinetic,유사운동-,유사운동,ok,정답(대표),variant,True,True,,
term,P157,distraction therapy,골신장술,골신장술,ok,정답(대표),exact,True,True,,
term,P158,angiohyalinosis,혈관유리질증,혈관유리질증,ok,정답(대표),exact,True,True,,
term,P158,prolonged latent phase,지연된 잠복기,지연된 잠복기,ok,정답(대표),exact,True,True,,
term,P158,rolling disease,회전병,회전병,ok,정답(대표),exact,True,True,,
term,P159,anaphylactoid crisis,아나필락시스유사위기,아나필락시스유사위기,ok,정답(대표),exact,True,True,,
term,P159,nitrogen dioxide,이산화질소,이산화질소,ok,정답(대표),exact,True,True,,
term,P159,pulmonary atelectasis,무기폐,무기폐,ok,정답(대표),exact,True,True,,
term,P160,macrocytic anemia,큰적혈구빈혈,큰적혈구빈혈,ok,정답(대표),exact,True,True,,
term,P160,retrognathism,하악후퇴,하악후퇴,ok,정답(대표),exact,True,True,,
term,P160,removal of restoration,기존 보철물 제거,기존 보철물 제거,ok,정답(대표),exact,True,True,,
term,P161,clubbing of nails,손톱의 곤봉화,손톱의 곤봉화,ok,정답(대표),exact,True,True,,
term,P161,carpenter's syndrome,카펜터 증후군,카펜터 증후군,ok,정답(대표),exact,True,True,,
term,P161,immature proglottid,미성숙편절,미성숙편절,ok,정답(대표),exact,True,True,,
term,P162,toxic cardiopathy,독성심장병(증),독성심장병(증),ok,정답(대표),exact,True,True,,
term,P162,amphorophony,공동공명음,공동공명음,ok,정답(대표),exact,True,True,,
term,P162,blood in stool,대변 속 혈액,대변 속 혈액,ok,정답(대표),exact,True,True,,
term,P163,nephritic retinitis,콩팥염망막염,콩팥염망막염,ok,정답(대표),exact,True,True,,
term,P163,hemopleuropneumonic syndrome,혈액가슴막폐렴증후군,혈액가슴막폐렴증후군,ok,정답(대표),exact,True,True,,
term,P163,operative ultrasound,수술중초음파검사,수술중초음파검사,ok,정답(대표),exact,True,True,,
term,P164,transfusion tests,수혈혈액검사,수혈혈액검사,ok,정답(대표),exact,True,True,,
term,P164,throat pruritus,목구멍 가려움증,목구멍 가려움증,ok,정답(대표),exact,True,True,,
term,P164,cholangioscopy,담관내시경(술),담관내시경,ok,정답(대표),variant,True,True,,
term,P165,filarial chylocele,사상충성 음낭암죽종,사상충성 음낭암죽종,ok,정답(대표),exact,True,True,,
term,P165,nummular dermatitis,동전모양피부염,동전모양피부염,ok,정답(대표),exact,True,True,,
term,P165,bronchus t-tube insertion,기관지 T-삽관,기관지 T-삽관,ok,정답(대표),exact,True,True,,
term,P166,ramicotomy,신경분지절단(술),신경분지절단술,ok,정답(대표),partial,True,False,,
term,P166,incretology,내분비학,내분비학,ok,정답(대표),exact,True,True,,
term,P167,masticatory dysfunction,씹기 기능장애,씹기 기능장애,ok,정답(대표),exact,True,True,,
term,P167,semidirected lead,반직접유도,반직접유도,ok,정답(대표),exact,True,True,,
term,P167,auriculopalpebral reflex,이개안검반사,이개안검반사,ok,정답(대표),exact,True,True,,
term,P168,psoriatic spondylitis,건선척추염,건선척추염,ok,정답(대표),exact,True,True,,
term,P168,absence of muscle,근육의 결여,근육의 결여,ok,정답(대표),exact,True,True,,
term,P168,debanding,밴드제거,밴드제거,ok,정답(대표),exact,True,True,,
term,P169,opium plaster,아편고약,아편고약,ok,정답(대표),exact,True,True,,
term,P169,melanidrosis,흑색땀증,흑색땀증,ok,정답(대표),exact,True,True,,
term,P169,elongation,신장,신장,ok,정답(대표),exact,True,True,,
term,P170,double-barreled aorta,이중관대동맥,이중관대동맥,ok,정답(대표),exact,True,True,,
term,P170,deceleration,감속,감속,ok,정답(대표),exact,True,True,,
term,P170,autonomic bladder,자율방광,자율방광,ok,정답(대표),exact,True,True,,
term,P171,perseveration,고집증,고집증,ok,정답(대표),exact,True,True,,
term,P171,leukotaxis,백혈구쏠림성,백혈구쏠림성,ok,정답(대표),exact,True,True,,
term,P171,idiotype-anti-idiotype network,개별특이형항체조절망,개별특이형항체조절망,ok,정답(대표),exact,True,True,,
term,P172,bovine granulomatous mastitis,소육아종 유방염,소육아종 유방염,ok,정답(대표),exact,True,True,,
term,P172,gallium scan,갈리움 스캔,갈리움 스캔,ok,정답(대표),exact,True,True,,
term,P172,cecocentral scotoma,주시점맹점암점,종 시각 주시점맹점암점,ok,정답(대표),partial,True,True,,
term,P173,semiadjustable articulator,반적응교합기,반적응교합기,ok,정답(대표),exact,True,True,,
term,P173,assess pulmonary care,호흡기계간호 사정,호흡기계간호 사정,ok,정답(대표),exact,True,True,,
term,P173,punctal ectropion,눈물점겉말림,눈물점겉말림,ok,정답(대표),exact,True,True,,
term,P174,alcohol swab,알코올솜,알코올솜,ok,정답(대표),exact,True,True,,
term,P174,chondrogen,연골원,연골원,ok,정답(대표),exact,True,True,,
term,P174,periostitis,뼈막염,뼈막염,ok,정답(대표),exact,True,True,,
term,P175,primary amnion,원시양막,원시양막,ok,정답(대표),exact,True,True,,
term,P175,naegleria fowleri,파울러자유아메바,파울러자유아메바,ok,정답(대표),exact,True,True,,
term,P175,psychosocial development,정신사회발달,정신사회발달,ok,정답(대표),exact,True,True,,
term,P176,breathing bag reservoir,호흡주머니,호흡주머니,ok,정답(대표),exact,True,True,,
term,P176,hodgkin disease,호지킨병,호지킨병,ok,정답(대표),exact,True,True,,
term,P176,rheumatoid vasculitis,류마티스혈관염,류마티스혈관염,ok,정답(대표),exact,True,True,,
term,P177,fundus photography,안저사진,안저사진,ok,정답(대표),exact,True,True,,
term,P177,suprameatal foveola,바깥귀길위오목,바깥귀길위오목,ok,정답(대표),exact,True,True,,
term,P177,upper extremity,위팔,위팔,ok,정답(대표),exact,True,True,,
term,P178,classic abdominoplasty,전형적 복부성형술,전형적 복부성형술,ok,정답(대표),exact,True,True,,
term,P178,intrahepatic,간내-,간내,ok,정답(대표),variant,True,False,,
term,P178,immunodiagnostic method,면역진단법,면역진단법,ok,정답(대표),exact,True,True,,
term,P179,radiodigital,노손가락-,,none,미검출,-,False,True,,
term,P179,meckel's diverticulectomy,멕켈 게실절제술,멕켈 게실절제술,ok,정답(대표),exact,True,True,,
term,P179,stage of life,생명단계,생명단계,ok,정답(대표),exact,True,True,,
term,P180,peritomy,윤부결막절개(술),윤부결막절개(술),ok,정답(대표),exact,True,True,,
term,P180,induced malaria,접종말라리아,접종말라리아,ok,정답(대표),exact,True,True,,
term,P180,sacrococcygeal,엉치꼬리-,엉치꼬리,ok,정답(대표),variant,True,True,,
term,P181,standardized rate ratio,표준화비율비,표준화비율비,ok,정답(대표),exact,True,True,,
term,P181,conjoined,연합-,연합-된,ok,정답(대표),partial,True,True,,
term,P182,taenia solium,유구조충,유구조충,ok,정답(대표),exact,True,True,,
term,P182,polymerism,분절과다증,분절과다증,ok,정답(대표),exact,True,True,,
term,P182,pachyonychia congenita,선천손발톱비대증,선천손발톱비대증,ok,정답(대표),exact,True,True,,
term,P183,intermenstruum,월경간기,월경간기,ok,정답(대표),exact,True,True,,
term,P183,petrooccipital fissure,바위뒤통수틈새,바위뒤통수틈새,ok,정답(대표),exact,True,True,,
term,P183,vibriocide,비브리오살균제,비브리오살균제,ok,정답(대표),exact,True,True,,
term,P184,triketohydrindene hydrate test,닌히드린검사,닌히드린검사,ok,정답(대표),exact,True,True,,
term,P184,videolaseroscopy,비디오레이저검사,비디오레이저검사,ok,정답(대표),exact,True,True,,
term,P184,tetrastichiasis,네줄속눈썹(증),네줄속눈썹(증),ok,정답(대표),exact,True,True,,
term,P185,retrouterine hematocele,자궁뒤혈액낭종,자궁뒤혈액낭종,ok,정답(대표),exact,True,True,,
term,P185,enteral tube irrigation,위장관세척,위장관세척,ok,정답(대표),exact,True,True,,
term,P185,pit carries,오목부분 우식,오목부분 우식,ok,정답(대표),exact,True,True,,
term,P186,hereditary mutilating keratoma,유전절단각화종,유전절단각화종,ok,정답(대표),exact,True,True,,
term,P186,lochioschesis,산후질분비물정체,산후질분비물정체,ok,정답(대표),exact,True,True,,
term,P186,blood fluke,주혈흡충,주혈흡충,ok,정답(대표),exact,True,True,,
term,P187,uterine inversion,자궁뒤집힘,자궁뒤집힘,ok,정답(대표),exact,True,True,,
term,P187,suture thread,봉합사,봉합사,ok,정답(대표),exact,True,True,,
term,P187,schistasis,갈림증,갈림증,ok,정답(대표),exact,True,True,,
term,P188,moniliform nucleus,염주핵,염주핵,ok,정답(대표),exact,True,True,,
term,P188,saphenous neuropathy,복재신경병증,복재신경병증,ok,정답(대표),exact,True,True,,
term,P188,morbidity aspects,질병 양상,질병 양상,ok,정답(대표),exact,True,True,,
term,P189,deltoid flap,어깨세모근피판,어깨세모근피판,ok,정답(대표),exact,True,True,,
term,P189,cogan's disease,코오간병,코오간병,ok,정답(대표),exact,True,True,,
term,P189,paraganglion,곁신경절,곁신경절,ok,정답(대표),exact,True,True,,
term,P190,nonvascularized bone graft,비혈관뼈이식,비혈관뼈이식,ok,정답(대표),exact,True,True,,
term,P190,macrostomia cribrosa,체반,체반,ok,정답(대표),exact,True,True,,
term,P190,myotonia,근긴장증,근긴장증,ok,정답(대표),exact,True,True,,
term,P191,frolement,미세마찰음,미세마찰음,ok,정답(대표),exact,True,True,,
term,P191,ineffective protection,비효율적 방어능력,비효율적 방어능력,ok,정답(대표),exact,True,True,,
term,P191,eye swelling,안구 부기,안구 부기,ok,정답(대표),exact,True,True,,
term,P192,needle electromyography,바늘근전도검사(법),바늘근전도검사,ok,정답(대표),variant,True,True,,
term,P192,functional enuresis,기능성 유뇨증,기능성 유뇨증,ok,정답(대표),exact,True,True,,
term,P192,muscle flap,근(육)판,근(육)판,ok,정답(대표),exact,True,True,,
term,P193,clasp repair,클라스프 수리,클라스프 수리,ok,정답(대표),exact,True,True,,
term,P193,ventricular asynergy,심실협동불능(증),심실협동불능,ok,정답(대표),variant,True,True,,
term,P193,jisil,지실(志室),지실,ok,정답(대표),variant,True,True,,
term,P194,depigmenting cream,탈색크림,탈색크림,ok,정답(대표),exact,True,True,,
term,P194,neck righting reflex,목바로잡기반사,목바로잡기반사,ok,정답(대표),exact,True,True,,
term,P194,dyslipoproteinemia,이상지질단백혈증,이상지질단백혈증,ok,정답(대표),exact,True,True,,
term,P195,conglutinogen activating factor,교착원활성인자,교착원활성인자,ok,정답(대표),exact,True,True,,
term,P195,lambliasis,람블편모충증,람블편모충증,ok,정답(대표),exact,True,True,,
term,P195,conn adenoma,콘 샘종,콘 샘종,ok,정답(대표),exact,True,True,,
term,P196,inspirator,흡입기,흡입기,ok,정답(대표),exact,True,True,,
term,P196,suggillation,광범피부밑출혈,광범피부밑출혈,ok,정답(대표),exact,True,True,,
term,P196,hippocampal sclerosis,해마경화(증),해마경화 (증),ok_nospace,정답(대표),variant,True,True,,
term,P197,ear probe,귀꽂이,귀꽂이,ok,정답(대표),exact,True,True,,
term,P197,osteochondroma,뼈연골종,뼈연골종,ok,정답(대표),exact,True,True,,
term,P197,clean bench,무균실험대,무균실험대,ok,정답(대표),exact,True,True,,
term,P198,speech loss,언어 손실,언어 손실,ok,정답(대표),exact,True,True,,
term,P198,hemocytometry,혈구계수(법),혈구계수 (법),ok_nospace,정답(대표),variant,True,True,,
term,P198,congenital leukonychia,선천 손발톱백반,선천 손발톱백반,ok,정답(대표),exact,True,True,,
term,P199,hemoclastic reaction,혈구파괴반응,혈구파괴반응,ok,정답(대표),exact,True,True,,
term,P199,perform infection control,감염통제 수행,감염통제 수행,ok,정답(대표),exact,True,True,,
term,P199,endothelial adhesion molecule,내피부착분자,내피부착분자,ok,정답(대표),exact,True,True,,
term,P200,chloropsia,녹색시,녹색시,ok,정답(대표),exact,True,True,,
term,P200,homogeneous,균일,균일하게,ok,정답(대표),partial,True,True,,
term,P200,extrachromosomal inheritance,염색체외유전,염색체외유전,ok,정답(대표),exact,True,True,,
term,P201,coproporphyrinuria,코프로포르피린뇨,코프로포르피린뇨,ok,정답(대표),exact,True,True,,
term,P201,retroactive inhibition,역행기억억제,역행기억억제,ok,정답(대표),exact,True,True,,
term,P201,dyspnea disorder,천증,천증,ok,정답(대표),exact,True,True,,
term,P202,premenopause,폐경전,폐경전,ok,정답(대표),exact,True,True,,
term,P202,thymus,가슴샘,가슴샘,ok,정답(대표),exact,True,True,,
term,P202,microincision,미세절개,미세절개,ok,정답(대표),exact,True,True,,
term,P203,neurodeatrophia,망막위축,,none,미검출,-,False,True,,
term,P203,fasciola hepatica,간질,간질,ok,정답(대표),exact,True,True,,
term,P203,cystica ureteritis,낭성 요관염,낭성 요관염,ok,정답(대표),exact,True,True,,
term,P204,dying process deteriorated,임종과정 악화됨,임종과정 악화됨,ok,정답(대표),exact,True,True,,
term,P204,puboprostatic,두덩전립샘-,두덩전립샘,ok,정답(대표),variant,True,False,,
term,P204,bilharzial dysentery,방광주혈흡충이질,방광주혈흡충이질,ok,정답(대표),exact,True,True,,
term,P205,orofaciodigital syndrome,구안지 증후군,구안지 증후군,ok,정답(대표),exact,True,True,,
term,P205,laparoscopic unilateral salpingo-oophorectomy,배안보개 이용 한쪽 자궁관난소 적출,배안보개 이용 한쪽 자궁관난소 적출,ok,정답(대표),exact,True,True,,
term,P205,apneusis,지속들숨,지속들숨,ok,정답(대표),exact,True,True,,
term,P206,citrate,구연산,구연산,ok,정답(대표),exact,True,True,,
term,P206,trichroism,삼색상,삼색상,ok,정답(대표),exact,True,True,,
term,P206,antigenic reversion,항원복귀,항원복귀,ok,정답(대표),exact,True,True,,
term,P207,annular nucleus,고리핵,고리핵,ok,정답(대표),exact,True,True,,
term,P207,entire trapezius muscle,온등세모근,온등세모근 전체,ok,정답(대표),partial,True,True,,
term,P207,cervico-occipital neuralgia,목 뒤통수 신경통,목 뒤통수 신경통,ok,정답(대표),exact,True,True,,
term,P208,bougienage of esophagus,식도 부우지법,식도 부우지법,ok,정답(대표),exact,True,True,,
term,P208,diabetic coma,당뇨 혼수,당뇨 혼수,ok,정답(대표),exact,True,True,,
term,P208,atlas-axis spinal fusion,고리뼈-중쇠뼈 척추 유합,고리뼈-중쇠뼈 척추 유합,ok,정답(대표),exact,True,True,,
term,P209,postpartum afibrinogenemia,분만후 무피브리노젠혈증,분만후 무피브리노젠혈증,ok,정답(대표),exact,True,True,,
term,P209,lamblial dysentery,람블편모충이질,람블편모충이질,ok,정답(대표),exact,True,True,,
term,P209,technetium uptake test,Tc섭취율,Tc섭취율 검사,ok,정답(대표),partial,True,True,,
term,P210,tubular maximum,요세관최대값,요세관최대값,ok,정답(대표),exact,True,True,,
term,P210,apraxia of speech,언어의 실행증,언어의 실행증,ok,정답(대표),exact,True,True,,
term,P210,ovarian cystectomy,난소 낭종 적출술,난소 낭종 적출술,ok,정답(대표),exact,True,True,,
term,P211,tumor-specific antigen,종양특이항원,종양특이항원,ok,정답(대표),exact,True,True,,
term,P211,autonomic insufficiency,자율신경부전,자율신경부전,ok,정답(대표),exact,True,True,,
term,P211,vulvovaginal,음문질-,음문질,ok,정답(대표),variant,True,True,,
term,P212,acrotrophodynia,말단영양통증,말단영양통증,ok,정답(대표),exact,True,True,,
term,P212,interfascicular graft,다발사이이식,다발사이이식,ok,정답(대표),exact,True,True,,
term,P212,acentric occlusion,비중심교합,비중심교합,ok,정답(대표),exact,True,True,,
term,P213,von hippel-lindau disease,폰히펠-린다우병,폰히펠-린다우병,ok,정답(대표),exact,True,True,,
term,P213,chemohormonal,화학호르몬-,화학호르몬,ok,정답(대표),variant,True,True,,
term,P213,radiodermatitis,방사선피부염,방사선피부염,ok,정답(대표),exact,True,True,,
term,P214,lipomelanotic reticulosis,지방흑색증성 세망증,지방흑색증성 세망증,ok,정답(대표),exact,True,True,,
term,P214,parovarian cystoma,난소위체낭,난소위체낭,ok,정답(대표),exact,True,True,,
term,P214,suprapubic prostatectomy,두덩뼈 위쪽 경유 전립샘 절제,두덩뼈 위쪽 경유 전립샘 절제,ok,정답(대표),exact,True,True,,
term,P215,corynebacterium pseudotuberculosis,거짓결핵균,거짓결핵균,ok,정답(대표),exact,True,True,,
term,P215,laparoscopic appendectomy,배안보개 이용 막창자꼬리 절제,배안보개 이용 막창자꼬리 절제,ok,정답(대표),exact,True,True,,
term,P215,spleen qi deficiency,비기허,비기허,ok,정답(대표),exact,True,True,,
term,P216,hepatogram,간실질상,간실질상,ok,정답(대표),exact,True,True,,
term,P216,maxillomandibular disharmony,위아래턱부조화,위아래턱부조화,ok,정답(대표),exact,True,True,,
term,P216,radiostrontium,방사성스트론튬,방사성스트론튬,ok,정답(대표),exact,True,True,,
term,P217,amputation of cervix,자궁목 절단,자궁목 절단,ok,정답(대표),exact,True,True,,
term,P217,hydrometra,물자궁증,물자궁증,ok,정답(대표),exact,True,True,,
term,P217,calcification of bursa,윤활낭(의) 석회화,윤활낭의 석회화,ok,오답,-,False,False,,
term,P218,arachnoid cyst,거미막하 낭종,거미맥하 낭종,ok,오답,-,False,False,,
term,P218,cold sore,입술헤르페스,입술헤르페스,ok,정답(대표),exact,True,True,,
term,P218,coxalgic pelvis,엉덩관절병골반,엉덩관절병골반,ok,정답(대표),exact,True,True,,
term,P219,resecting fracture,깍임골절,깍임골절,ok,정답(대표),exact,True,True,,
term,P219,enterotoxin,창자독소,창자독소,ok,정답(대표),exact,True,True,,
term,P219,hypotonus,근육긴장저하,근육긴장저하,ok,정답(동의어),variant,True,True,,
term,P220,fourth heart sound,제4심(장)음,제 4 심 (장) 음,ok_nospace,정답(대표),variant,True,True,,
term,P220,milieu therapy,환경 치료요법,환경 치료요법,ok,정답(대표),exact,True,True,,
term,P220,haematosalpinx,혈난관,혈난관,ok,정답(대표),exact,True,True,,
term,P221,revaccination,재접종,재접종,ok,정답(대표),exact,True,True,,
term,P221,impaired eating behaviour,손상된 식습관 행위,,not_substring,미검출,-,False,True,,
term,P221,presbyophrenia,노년치매,노년치매,ok,정답(대표),exact,True,True,,
term,P222,spireme,분산사구,분산사구,ok,정답(대표),exact,True,True,,
term,P222,polychromatophilic erythrocyte,다염적혈구,다염적혈구,ok,정답(대표),exact,True,True,,
term,P222,running nose,코감기,코감기,ok,정답(대표),exact,True,True,,
term,P223,excitometabolic,대사촉진-,대사촉진,ok,정답(대표),variant,True,False,,
term,P223,qrs widened,큐알에스(QRS) 넓힘,큐알에스(QRS)가 노르말 한계를 크게 넓힘,ok,오답,-,False,False,,
term,P223,neuraxis,신경축,신경축,ok,정답(대표),exact,True,True,,
term,P224,direct coombs test,직접쿰즈검사,직접쿰즈검사,ok,정답(대표),exact,True,True,,
term,P224,fenestrated capillary,창문모세혈관,창문모세혈관,ok,정답(대표),exact,True,True,,
term,P224,physics depth sensitivity,물리적깊이민감도,물리적깊이민감도,ok,정답(대표),exact,True,True,,
term,P225,pseudomonas aeruginosa,녹농균,녹농균,ok,정답(대표),exact,True,True,,
term,P225,altered uterine contractions,자궁수축 변화,자궁수축 변화,ok,정답(대표),exact,True,True,,
term,P225,assess circulatory care,순환계간호 사정,순환계간호 사정,ok,정답(대표),exact,True,True,,
term,P226,grafting,이식,이식,ok,정답(대표),exact,True,True,,
term,P226,mediastinotomy,세로칸절개(술),긴박- 세로칸절개(술),ok,정답(대표),partial,True,True,,
term,P226,hill-sachs lesion,힐-샥스 병터,힐-샥스 병터,ok,정답(대표),exact,True,True,,
term,P227,bilateral palatine tonsils,양측 목구멍 편도,양측 목구멍 편도,ok,정답(대표),exact,True,True,,
term,P227,manage immobilizer care,부동간호 관리,부동간호 관리,ok,정답(대표),exact,True,True,,
term,P227,head wind,두풍 ; 뇌풍,두풍 ; 뇌풍,ok,정답(대표),exact,True,True,,
term,P228,preexcitation ecg,조기흥분,조기흥분 양상,ok,정답(대표),partial,True,True,,
term,P228,pneumonia in ornithosis,비둘기병에서의 폐렴,비둘기병에서의 폐렴,ok,정답(대표),exact,True,True,,
term,P228,hydrocyst,물낭,물낭,ok,정답(대표),exact,True,True,,
term,P229,triple test,삼중검사,삼중검사,ok,정답(대표),exact,True,True,,
term,P229,heteropolysaccharide,이종다당류,이종다당류,ok,정답(대표),exact,True,True,,
term,P229,labilizer,불안정제,종 불안정제,ok,정답(대표),partial,True,True,,
term,P230,breath holding spell,숨참기발작,숨참기발작,ok,정답(대표),exact,True,True,,
term,P230,diverticulitis oesophageal,식도 곁주머니염,식도 곁주머니염,ok,정답(대표),exact,True,True,,
term,P230,neurostearic acid,신경지방산,신경지방산,ok,정답(대표),exact,True,True,,
term,P231,bryant's traction,브리언트 당김,브리언트 당김,ok,정답(대표),exact,True,True,,
term,P232,cystathionine,시스타티오닌,시스타티오닌,ok,정답(대표),exact,True,True,,
term,P232,medical care division,의료급여구분,의료급여구분,ok,정답(대표),exact,True,True,,
term,P232,medical genetics,의학유전학,의학유전학,ok,정답(대표),exact,True,True,,
term,P233,puerperium,산후기,산후기,ok,정답(대표),exact,True,True,,
term,P233,evacuation of empyema,축농 제거,축농 제거,ok,정답(대표),exact,True,True,,
term,P233,simple dressing,단순 처치,단순 처치,ok,정답(대표),exact,True,True,,
term,P234,heteromorphism,이형,이형,ok,정답(대표),exact,True,True,,
term,P234,atriocarotid interval,심방목동맥간격,심방목동맥간격,ok,정답(대표),exact,True,True,,
term,P234,muscular dystrophy carrier,근퇴행위축 보균자,근퇴행위축 보균자,ok,정답(대표),exact,True,True,,
term,P235,dry arthritis,건성관절염,건성관절염,ok,정답(대표),exact,True,True,,
term,P235,foville syndrome,포비유 증후군,포비유 증후군,ok,정답(대표),exact,True,True,,
term,P235,chromophilic cell,호색소세포,호색소세포,ok,정답(대표),exact,True,True,,
term,P236,mediterranean tick fever,지중해진드기열,지중해진드기열,ok,정답(대표),exact,True,True,,
term,P236,pseudoptosis,거짓눈꺼풀처짐,거짓눈꺼풀처짐,ok,정답(대표),exact,True,True,,
term,P236,flax-dresser disease,아마포착용자병,아마포착용자병,ok,정답(대표),exact,True,True,,
term,P237,personal identity disturbance,자아정체성장애,자아정체성장애,ok,정답(대표),exact,True,True,,
term,P237,glucuronic acid,글루쿠론산,글루쿠론산,ok,정답(대표),exact,True,True,,
term,P237,glycophorin,글리코포린,글리코포린,ok,정답(대표),exact,True,True,,
term,P238,pilar cyst,모낭,모낭,ok,정답(대표),exact,True,True,,
term,P238,revision septoplasty,교정 사이막성형술,교정 사이막성형술,ok,정답(대표),exact,True,True,,
term,P238,late post-traumatic seizures,외상후 지연 발작,외상후 지연 발작,ok,정답(대표),exact,True,True,,
term,P239,total albinism,온백색증,온백색증,ok,정답(대표),exact,True,True,,
term,P239,prescription group,처방묶음,처방묶음,ok,정답(대표),exact,True,True,,
term,P239,antroscope,위턱굴보개,위턱굴보개,ok,정답(대표),exact,True,True,,
term,P240,linear craniectomy,선상 머리뼈 절제,선상 머리뼈 절제,ok,정답(대표),exact,True,True,,
term,P240,myelodysplastic syndromes,골수형성이상증후군,골수형성이상증후군,ok,정답(대표),exact,True,True,,
term,P240,first responder,일차반응자,일차반응자,ok,정답(대표),exact,True,True,,
term,P241,peritoneal cavity,배막안,배막안,ok,정답(대표),exact,True,True,,
term,P241,ileocolic artery,돌잘룩창자동맥,돌잘룩창자동맥,ok,정답(대표),exact,True,True,,
term,P241,cryptococcal meningocerebritis,크립토콕쿠스수막대뇌염,크립토콕쿠스수막대뇌염,ok,정답(대표),exact,True,True,,
term,P242,hearing impairment,청각 부전,청각 부전,ok,정답(대표),exact,True,True,,
term,P242,hysterocystocleisis,자궁방광꿰맴(술),자궁방광꿰맴(술),ok,정답(대표),exact,True,True,,
term,P242,muscular artery,근육형동맥,근육형동맥,ok,정답(대표),exact,True,True,,
term,P243,splenectomy,비장절제,비장절제,ok,정답(대표),exact,True,True,,
term,P243,tibia vara,내반경골,내반경골,ok,정답(대표),exact,True,True,,
term,P243,platelet,혈소판,혈소판,ok,정답(대표),exact,True,True,,
term,P244,allergenic serum,알레르기혈청,알레르기혈청,ok,정답(대표),exact,True,True,,
term,P244,hyperthyroxinemia,고티록신혈증,고티록신혈증,ok,정답(대표),exact,True,True,,
term,P244,grain itch,곡물 소양증,곡물 소양증,ok,정답(대표),exact,True,True,,
term,P245,lymphopoiesis,림프구형성,림프구형성,ok,정답(대표),exact,True,True,,
term,P245,melanoacanthoma,멜라닌가시세포종,멜라닌가시세포종,ok,정답(대표),exact,True,True,,
term,P245,anterior resection,앞방향절제(술),앞방향절제,ok,정답(대표),variant,True,True,,
term,P246,oculovagal reflex,눈미주신경반사,눈미주신경반사,ok,정답(대표),exact,True,True,,
term,P246,tracheobronchial,기관기관지-,기관기관지,ok,정답(대표),variant,True,True,,
term,P246,abdominal wall strained,배벽 긴장,배벽 긴장,ok,정답(대표),exact,True,True,,
term,P247,neurofibromatosis of spine,척수 신경섬유종증,척수 신경섬유종증,ok,정답(대표),exact,True,True,,
term,P247,pleurothecal anastomosis,가슴막-척수막 연결,가슴막-척수막 연결,ok,정답(대표),exact,True,True,,
term,P247,deshielded proton,미차폐양성자,미차폐양성자,ok,정답(대표),exact,True,True,,
term,P248,endocervical hyperplasia,자궁목내막과다형성,자궁목내막과다형성,ok,정답(대표),exact,True,True,,
term,P248,vague symptom,분명치않는증상,분명치않는증상,ok,정답(대표),exact,True,True,,
term,P248,deficient perineum,회음결핍,회음결핍,ok,정답(대표),exact,True,True,,
term,P249,spot retinoscope,점상망막검영기,점상망막검영기,ok,정답(대표),exact,True,True,,
term,P249,biceps femoris muscle,넙다리두갈래근,넙다리두갈래근,ok,정답(대표),exact,True,True,,
term,P249,tuning fork,소리굽쇠,소리굽쇠,ok,정답(대표),exact,True,True,,
term,P250,buryu,부류(復溜),부류(復溜),ok,정답(대표),exact,True,True,,
term,P250,dilation of rectum,곧창자 확장,곧창자 확장,ok,정답(대표),exact,True,True,,
term,P250,tinea manuum,손백선,손백선,ok,정답(대표),exact,True,True,,
term,P251,diastasimetry,녹말효소측정법,녹말효소측정법,ok,정답(대표),exact,True,True,,
term,P251,perfluorocarbon,과불화탄소,과불화탄소,ok,정답(대표),exact,True,True,,
term,P251,myelalgia,척수통증,척수통증,ok,정답(대표),exact,True,True,,
term,P252,third ventricle,셋째뇌실,셋째뇌실,ok,정답(대표),exact,True,True,,
term,P252,cystitomy,수정체낭절개(술),수정체낭절개(술),ok,정답(대표),exact,True,True,,
term,P252,inappropriate self disclosure,부적절한 자기 노출,부적절한 자기 노출,ok,정답(대표),exact,True,True,,
term,P253,erythema migrans,이동성 홍반,이동성 홍반,ok,정답(대표),exact,True,True,,
term,P253,medical indigent,의료급여대상자,의료급여대상자,ok,정답(대표),exact,True,True,,
term,P253,unequal limb length,사지길이부동증,사지길이부동증,ok,정답(대표),exact,True,True,,
term,P254,primary mover,주작용근,주작용근,ok,정답(대표),exact,True,True,,
term,P254,motor fiber,운동신경섬유,운동신경섬유,ok,정답(대표),exact,True,True,,
term,P254,tuberculosis of oesophagus,식도의 결핵,식도의 결핵,ok,정답(대표),exact,True,True,,
term,P255,primitive neuroectodermal tumor,원시신경외배엽종양,원시신경외배엽종양,ok,정답(대표),exact,True,True,,
term,P255,endovascular ultrasonography,혈관내 초음파촬영,혈관내 초음파촬영,ok,정답(대표),exact,True,True,,
term,P255,failed forceps,집게 사용 실패,집게 사용 실패,ok,정답(대표),exact,True,True,,
term,P256,ceruminous gland,귀지샘,귀지샘,ok,정답(대표),exact,True,True,,
term,P256,synclonus,동조근간대,동조근간대,ok,정답(대표),exact,True,True,,
term,P256,lienorenal,지라콩팥-,지라콩팥-,ok,정답(대표),exact,True,True,,
term,P257,affectivity,정동성,정동성,ok,정답(대표),exact,True,True,,
term,P257,ureteropelvic junction,요관깔때기이음부,요관깔때기이음부,ok,정답(대표),exact,True,True,,
term,P257,gangliectomy,신경절절제(술),신경절절제,ok,정답(대표),variant,True,True,,
term,P258,dry socket recurettage,발치와골염 재소파술,발치와골염 재소파술,ok,정답(대표),exact,True,True,,
term,P258,epigastric artery,배벽동맥,하- 배벽동맥,ok,정답(대표),partial,True,True,,
term,P258,transurethral intravesical electrotherapy,요도경유방광속전기요법,요도경유방광속전기요법,ok,정답(대표),exact,True,True,,
term,P259,micromanipulation,미세조작(술),미세조작,ok,정답(대표),variant,True,True,,
term,P259,negative pressure,음압,음압,ok,정답(대표),exact,True,True,,
term,P259,puborectalis muscle,두덩곧창자근,두덩곧창자근,ok,정답(대표),exact,True,True,,
term,P260,costal angle,갈비뼈각,갈비뼈각,ok,정답(대표),exact,True,True,,
term,P260,abdominal palpable mass,복부 촉지성 종괴,복부 촉지성 종괴,ok,정답(대표),exact,True,True,,
term,P260,interim abutment,임시 지대주,임시 지대주,ok,정답(대표),exact,True,True,,
term,P261,recession operation,뒤옮김술,뒤옮김술,ok,정답(대표),exact,True,True,,
term,P261,podiatrist,발전문가,발전문가,ok,정답(대표),exact,True,True,,
term,P261,recurrent thyroid ca,재발성 갑상선암,재발성 갑상선암,ok,정답(대표),exact,True,True,,
term,P262,noonan syndrome,누난 증후군,누난 증후군,ok,정답(대표),exact,True,True,,
term,P262,high-grade lymphoma,심한 림프종,심한 림프종,ok,정답(대표),exact,True,True,,
term,P262,hereditary amyloid nephropathy,유전성 아밀로이드 신장병증,유전성 아밀로이드 신장병증,ok,정답(대표),exact,True,True,,
term,P263,collagen fiber graft,교원 섬유 이식술,교원 섬유 이식술,ok,정답(대표),exact,True,True,,
term,P263,ocular prosthesis,의안,의안,ok,정답(대표),exact,True,True,,
term,P263,laryngopharyngitis,후두인두염,후두인두염,ok,정답(대표),exact,True,True,,
term,P264,postoperative nasopharynx cancer,"비인두암, 수술후 상태","비인두암, 수술후 상태",ok,정답(대표),exact,True,True,,
term,P264,oath of hippocrates,히포크라테스선서,히포크라테스선서,ok,정답(대표),exact,True,True,,
term,P264,postprocedural hypothyroidism,처치후 갑상선기능저하증,처치후 갑상선기능저하증,ok,정답(대표),exact,True,True,,
term,P265,scintillating hemianopia,섬광반맹,섬광반맹,ok,정답(대표),exact,True,True,,
term,P265,dislocation of wrist,손목의 탈구,손목의 탈구,ok,정답(대표),exact,True,True,,
term,P265,aspergillus niger,아스페르길루스니게르,아스페르길루스니게르,ok,정답(대표),exact,True,True,,
term,P266,paraspasm,대칭성연축,대칭성연축,ok,정답(대표),exact,True,True,,
term,P266,molding,두개몰딩,두개몰딩,ok,정답(대표),exact,True,True,,
term,P266,retention of urine,소변정체,소변정체,ok,정답(대표),exact,True,True,,
term,P267,cranial dermal sinus,뇌피부동,뇌피부동,ok,정답(대표),exact,True,True,,
term,P267,retrograde impulse,역방향흥분,역방향흥분,ok,정답(대표),exact,True,True,,
term,P267,iodinated,요오드표지-,요오드표지,ok,정답(대표),variant,True,False,,
term,P268,spinal injuries,척수 손상,척수 손상,ok,정답(대표),exact,True,True,,
term,P268,facial nucleus,얼굴신경핵,얼굴신경핵,ok,정답(대표),exact,True,True,,
term,P268,alert,명료함,명료함,ok,정답(대표),exact,True,True,,
term,P269,dendritic spine,수지상극,수지상극,ok,정답(대표),exact,True,True,,
term,P269,hyperestrinism,여성호르몬과다(증),여성호르몬과다(증),ok,정답(대표),exact,True,True,,
term,P269,absolute scotoma,절대암점,절대암점,ok,정답(대표),exact,True,True,,
term,P270,paramyxoviridae infection,파라믹소바이러스 감염,파라믹소바이러스 감염,ok,정답(대표),exact,True,True,,
term,P270,hb-sc disease,헤모글로빈-SC병,헤모글로빈-SC병,ok,정답(대표),exact,True,True,,
term,P270,echo pulse,초음파,초음파,ok,정답(대표),exact,True,True,,
term,P271,teat,젖꼭지,젖꼭지,ok,정답(대표),exact,True,True,,
term,P271,organic writer's cramp,기질성 서경,기질성 서경,ok,정답(대표),exact,True,True,,
term,P271,esthiomene,만성 외음궤양,만성 외음궤양,ok,정답(대표),exact,True,True,,
term,P272,triaging,중증도 분류,중증도 분류,ok,정답(대표),exact,True,True,,
term,P272,fistula of gallbladder,담낭의 누공,담낭의 누공,ok,정답(대표),exact,True,True,,
term,P272,periarthritis of wrist,손목의 관절주위염,손목의 관절주위염,ok,정답(대표),exact,True,True,,
term,P273,inverse-ratio ventilation,역비환기,역비환기,ok,정답(대표),exact,True,True,,
term,P273,forehead,전두,전두부,ok,정답(대표),partial,True,True,,
term,P273,complex echo pattern,복잡메아리,복잡메아리,ok,정답(대표),exact,True,True,,
term,P274,blood tinged sputum,혈액흔적가래,혈액흔적가래,ok,정답(대표),exact,True,True,,
term,P274,kakidrosis,땀악취증,땀악취증,ok,정답(대표),exact,True,True,,
term,P274,hippuric acid,마뇨산,마뇨산,ok,정답(대표),exact,True,True,,
term,P275,ophthalmophacometer,수정체굴절력측정계,수정체굴절력측정계,ok,정답(대표),exact,True,True,,
term,P275,radioimmunoelectrophoresis,방사면역전기이동(법),방사면역전기이동,ok,정답(대표),variant,True,True,,
term,P275,sirenomelia syndrome,인어다리 증후군,인어다리 증후군,ok,정답(대표),exact,True,True,,
term,P276,defective interfering particle,결손간섭입자,결손간섭입자,ok,정답(대표),exact,True,True,,
term,P276,ancylostoma ceylanicum,실론구충,실론구충,ok,정답(대표),exact,True,True,,
term,P276,pupillary seclusion,동공차단,동공차단,ok,정답(대표),exact,True,True,,
term,P277,mastadenitis,젖샘염,젖샘염,ok,정답(대표),exact,True,True,,
term,P277,ophthalmologic surgical procedures,안과 수술방법,안과 수술방법,ok,정답(대표),exact,True,True,,
term,P277,catatonic shizophrenia,긴장형 정신분열병,긴장형 정신분열병,ok,정답(대표),exact,True,True,,
term,P278,drug-induced,약물유발-,약물유발,ok,정답(대표),variant,True,True,,
term,P278,coalescent mastoiditis,융합꼭지돌기염,융합꼭지돌기염,ok,정답(대표),exact,True,True,,
term,P278,major calyx,큰콩팥잔,큰콩팥잔,ok,정답(대표),exact,True,True,,
term,P279,bladder neck contracture,방광목 위축,방광목 위축,ok,정답(대표),exact,True,True,,
term,P279,sign,징후,징후,ok,정답(대표),exact,True,True,,
term,P279,juvenile chronic iridocyclitis,연소성 만성 홍채섬모체염,연소성 만성 홍채섬모체염,ok,정답(대표),exact,True,True,,
term,P280,dural avf,경막의 동정맥루,경막의 동정맥루,ok,정답(대표),exact,True,True,,
term,P280,myoalbumin,근(육)알부민,근(육)알부민,ok,정답(대표),exact,True,True,,
term,P280,hay asthma,건초천식,건초천식,ok,정답(대표),exact,True,True,,
term,P281,post-traumatic polyarthrosis,외상후 다발관절증,외상 후 다발관절증,ok,정답(대표),variant,True,True,,
term,P281,insular sclerosis,섬경화증,섬경화증,ok,정답(대표),exact,True,True,,
term,P281,intestinal polypectomy,장 폴립 절제,장 폴립 절제,ok,정답(대표),exact,True,True,,
term,P282,pubocapsular,두덩관절피막-,두덩관절피막,ok,정답(대표),variant,True,False,,
term,P282,substantia nigra,흑(색)질,흑(색)질,ok,정답(대표),exact,True,True,,
term,P282,core decompression,중핵감압,중핵감압,ok,정답(대표),exact,True,True,,
term,P283,nonoperculated egg,무난개충란,무난개충란,ok,정답(대표),exact,True,True,,
term,P283,transcervical thymectomy,자궁목 경유 가슴샘 절제,자궁목 경유 가슴샘 절제,ok,정답(대표),exact,True,True,,
term,P283,phospholipidemia,인지질혈증,인지질혈증,ok,정답(대표),exact,True,True,,
term,P284,infraction,균열골절,균열골절,ok,정답(대표),exact,True,True,,
term,P284,epilemmal termination,신경속막종말,신경속막종말,ok,정답(대표),exact,True,True,,
term,P284,hairy-cell leukemia,털세포백혈병,털세포백혈병,ok,정답(대표),exact,True,True,,
term,P285,thyroid nodule,갑상선소결절,갑상선소결절,ok,정답(대표),exact,True,True,,
term,P285,paraphilia,성도착(증),성도착(증),ok,정답(대표),exact,True,True,,
term,P285,antifibrinolysin,항섬유소용해소제,항섬유소용해소제,ok,정답(대표),exact,True,True,,
term,P286,talipes calcaneus,발끝들린휜발증,발끝들린휜발증,ok,정답(대표),exact,True,True,,
term,P286,lyophobic,소액성,소액성,ok,정답(대표),exact,True,True,,
term,P286,long labor,지연 진통,지연 진통,ok,정답(대표),exact,True,True,,
term,P287,allocentric,타인중심-,타인중심,ok,정답(대표),variant,True,True,,
term,P287,vegetant intravascular hemangioendothelioma,증식혈관내혈관내피종,증식혈관내혈관내피종,ok,정답(대표),exact,True,True,,
term,P287,cervix dilatation,자궁경부개대,자궁경부개대,ok,정답(대표),exact,True,True,,
term,P288,lobectomy of lung,폐엽 절제,폐엽 절제,ok,정답(대표),exact,True,True,,
term,P288,supratentorial neoplasms,천막위 신생물,천막위 신생물,ok,정답(대표),exact,True,True,,
term,P288,basal seat,의치지지조직,의치지지조직,ok,정답(대표),exact,True,True,,
term,P289,mongoloid slant,몽골인 모양 눈,몽골인 모양 눈,ok,정답(대표),exact,True,True,,
term,P289,internal carotid angiography,두경부동맥조영-내경동맥,두경부동맥조영-내경동맥,ok,정답(대표),exact,True,True,,
term,P289,bionator,바이오네이터,바이오네이터,ok,정답(대표),exact,True,True,,
term,P290,syncytial,합포체-,합포체,ok,정답(동의어),exact,True,True,,
term,P290,tangential section,비스듬절단,비스듬절단,ok,정답(대표),exact,True,True,,
term,P290,incisor tooth,절치,절치 이,ok,정답(대표),variant,True,True,,
term,P291,bird-shot chorioretinopathy,산탄맥락망막병(증),산탄맥락망막병,ok,정답(대표),variant,True,True,,
term,P291,guinea pig,기니피그,기니피그,ok,정답(대표),exact,True,True,,
term,P291,multicystic kidney disease,다낭신장병,다낭신장병,ok,정답(대표),exact,True,True,,
term,P292,endometrial stromal sarcoma,자궁내막버팀질육종,자궁내막버팀질육종,ok,정답(대표),exact,True,True,,
term,P292,voluntomotory,수의운동-,수의,ok,오답,-,False,True,,
term,P292,m line,중간가로막,,none,미검출,-,False,True,,
term,P293,turbidometric technique,혼탁도측정기법,혼탁도측정기법,ok,정답(대표),exact,True,True,,
term,P293,retaining harness,장치유지,장치유지,ok,정답(대표),exact,True,True,,
term,P293,femur,넙다리뼈,넙다리뼈,ok,정답(대표),exact,True,True,,
term,P294,sarcoma of lung,폐 육종,폐 육종,ok,정답(대표),exact,True,True,,
term,P294,hyposthenuric urine,저비중뇨,저비중뇨,ok,정답(대표),exact,True,True,,
term,P294,rhabdomyomyxoma,횡문근점액종,횡문근점액종,ok,정답(대표),exact,True,True,,
term,P295,menometrorrhagia,불규칙과다월경,불규칙과다월경,ok,정답(대표),exact,True,True,,
term,P295,tuning curve,동조곡선,동조곡선,ok,정답(대표),exact,True,True,,
term,P295,horseshoe fistula,말발굽샛길,말발굽샛길,ok,정답(대표),exact,True,True,,
term,P296,ballism,도리깨질(증),도리깨질(증),ok,정답(대표),exact,True,True,,
term,P296,paraffinoma,파라핀종,파라핀종,ok,정답(대표),exact,True,True,,
term,P296,virgin population,무노출인구,무노출인구,ok,정답(대표),exact,True,True,,
term,P297,esterapenia,에스테라아제감소,에스테라아제감소,ok,정답(대표),exact,True,True,,
term,P297,reconstruction of thumb,엄지 손가락 재건,엄지 손가락 재건,ok,정답(대표),exact,True,True,,
term,P297,analgesia dolorosa,무감각부위통증,무감각부위통증,ok,정답(대표),exact,True,True,,
term,P298,cabot ring bodies,카보트고리소체,카보트고리소체,ok,정답(대표),exact,True,True,,
term,P298,paraduodenal fold,샘창자옆주름,샘창자옆주름,ok,정답(대표),exact,True,True,,
term,P298,hemoglobin c,헤모글로빈C,헤모글로빈 C,ok_nospace,정답(대표),variant,True,True,,
term,P299,presence of mei,인공중이삽입물의 존재,인공중이삽입물의 존재,ok,정답(대표),exact,True,True,,
term,P299,mamillitis,유두염,유두염,ok,정답(대표),exact,True,True,,
term,P299,oxyhydrocephalus,뾰족물머리증,뾰족물머리증,ok,정답(대표),exact,True,True,,
term,P300,root resection,치근 절제술,치근 절제술,ok,정답(대표),exact,True,True,,
term,P300,breast stereotactic biopsy,유방 입체정위 생검술,유방 입체정위 생검술,ok,정답(대표),exact,True,True,,
term,P300,myotonic disorders,근긴장장애,근긴장장애,ok,정답(대표),exact,True,True,,
term,P301,ionometer,이온화선량계,이온화선량계,ok,정답(대표),exact,True,True,,
term,P301,tingling,저림,저림,ok,정답(대표),exact,True,True,,
term,P301,first filial generation,일대잡종,일대잡종,ok,정답(대표),exact,True,True,,
term,P302,endosome,엔도솜,엔도솜,ok,정답(대표),exact,True,True,,
term,P302,mr mapping,자기공명지도화,자기공명지도화,ok,정답(대표),exact,True,True,,
term,P302,hyposegmentation,저분절증,저분절증,ok,정답(대표),exact,True,True,,
term,P303,intermittent explosive disorder,간헐폭발병,간헐폭발병,ok,정답(대표),exact,True,True,,
term,P303,gastroenteritis paratyphosa,파라티푸스위창자염,파라티푸스위창자염,ok,정답(대표),exact,True,True,,
term,P303,fixator muscle,고정근육,고정근육군,ok,정답(대표),partial,True,True,,
term,P304,sao paulo fever,상파울로열,상파울로열,ok,정답(대표),exact,True,True,,
term,P304,palpating,촉진하기,촉진하기하는,ok,정답(대표),partial,True,True,,
term,P304,balloon kyphoplasty,풍선 척추성형,풍선 척추성형,ok,정답(대표),exact,True,True,,
term,P305,assess breastfeeding support,모유수유지지 사정,모유수유지지 사정,ok,정답(대표),exact,True,True,,
term,P305,monopolar depression,단극성 우울병,단극성 우울병,ok,정답(대표),exact,True,True,,
term,P305,positioned flap,판막이동수술,판막이동수술된 판막,ok,정답(대표),partial,True,True,,
term,P306,prandial,식사-,식사,ok,정답(대표),variant,True,True,,
term,P306,acanthamoeba keratitis,가시아메바각막염,가시아메바각막염,ok,정답(대표),exact,True,True,,
term,P306,adjustable suture,조정봉합,조정봉합,ok,정답(대표),exact,True,True,,
term,P307,hyperosmolar nonketotic coma,고삼투압성비케토산성혼수,고삼투압성비케토산성혼수,ok,정답(대표),exact,True,True,,
term,P307,gracilis muscle,두덩정강근,두덩정강근,ok,정답(대표),exact,True,True,,
term,P307,lobomycosis,로보진균증,로보진균증,ok,정답(대표),exact,True,True,,
term,P308,flat position,앙와위,앙와위,ok,정답(대표),exact,True,True,,
term,P308,plantar flexion,발바닥쪽 굽힘,발바닥쪽 굽힘,ok,정답(대표),exact,True,True,,
term,P308,status thymicus,가슴샘체질,가슴샘체질,ok,정답(대표),exact,True,True,,
term,P309,septal angle,코중격각,코중격각,ok,정답(대표),exact,True,True,,
term,P309,dementia in hypercalcaemia,과칼슘혈증에서의 치매,과칼슘혈증에서의 치매,ok,정답(대표),exact,True,True,,
term,P309,teach personal care,개인간호 교육,개인간호 교육 수기를 가르치,ok,정답(대표),partial,True,True,,
term,P310,interoceptive,내수용-,내수용,ok,정답(대표),variant,True,True,,
term,P310,multicystic renal dysplasia,다낭성 신장의 형성이상,다낭성 신장의 형성이상,ok,정답(대표),exact,True,True,,
term,P310,fecal concentration,대변농축(법),대변농축(법),ok,정답(대표),exact,True,True,,
term,P311,in utero,자궁내,자궁내,ok,정답(대표),exact,True,True,,
term,P311,bidiscoidal placenta,두원반태반,두원반태반,ok,정답(대표),exact,True,True,,
term,P311,high-tension pulse,고긴장맥박,고긴장맥박,ok,정답(대표),exact,True,True,,
term,P312,idiopathic hemihypertrophy,특발성 편측비대증,특발성 편측비대증,ok,정답(대표),exact,True,True,,
term,P312,skull view,두부촬영,두부촬영,ok,정답(대표),exact,True,True,,
term,P312,general microbiology test,일반미생물 검사,일반미생물 검사,ok,정답(대표),exact,True,True,,
term,P313,tufting enteropathy,터프팅장증,터프팅장증,ok,정답(대표),exact,True,True,,
term,P313,supraduodenal artery,샘창자위동맥,샘창자위동맥,ok,정답(대표),exact,True,True,,
term,P313,exteroceptive stimulus,외수용자극,외수용자극,ok,정답(대표),exact,True,True,,
term,P314,reciprocal shaker,왕복진탕기,왕복진탕기,ok,정답(대표),exact,True,True,,
term,P314,potential doubling time,잠재배가시간,잠재배가시간,ok,정답(대표),exact,True,True,,
term,P314,staphylococcus epidermidis,표피포도알균,표피포도알균,ok,정답(대표),exact,True,True,,
term,P315,rodenticide,살서제,살서제,ok,정답(대표),exact,True,True,,
term,P315,cataract ou,두눈 백내장,두눈 백내장,ok,정답(대표),exact,True,True,,
term,P315,wry neck,기운목,기운목,ok,정답(대표),exact,True,True,,
term,P316,curvature of spine,척주굽이,척주굽이,ok,정답(대표),exact,True,True,,
term,P316,cardiocele,심장류,심장류,ok,정답(대표),exact,True,True,,
term,P316,hyperreninemia,과레닌혈증,과레닌혈증,ok,정답(대표),exact,True,True,,
term,P317,sp crown setting,스테인레스금관 합착,스테인레스금관 합착,ok,정답(대표),exact,True,True,,
term,P317,calomel,감홍,감홍,ok,정답(대표),exact,True,True,,
term,P317,fiberoptic endoscopic,광섬유내시경,광섬유내시경,ok,정답(대표),exact,True,True,,
term,P318,ventriculopleural anastomosis,뇌실가슴막 연결,뇌실가슴막 연결,ok,정답(대표),exact,True,True,,
term,P318,laryngeal nodule,후두결절,후두결절,ok,정답(대표),exact,True,True,,
term,P318,hbab,간염 B형 표면항체,,none,미검출,-,False,True,,
term,P319,arthroplasty of foot,발의 관절 성형,발의 관절 성형,ok,정답(대표),exact,True,True,,
term,P319,perianal haematoma,항문주위혈종,항문주위혈종,ok,정답(대표),exact,True,True,,
term,P319,lichen planus tropicus,열대성 편평태선,열대성 편평태선,ok,정답(대표),exact,True,True,,
term,P320,comparator,비교측정기,비교측정기,ok,정답(대표),exact,True,True,,
term,P320,menstrual irregularity,월경불규칙,월경불규칙,ok,정답(대표),exact,True,True,,
term,P320,wrist joint,요골수근관절,요골수근관절,ok,정답(대표),exact,True,True,,
term,P321,third ventricle structure,제3뇌구조,제 3 뇌구조,ok_nospace,정답(대표),variant,True,True,,
term,P321,reactive,반응성-,반응성,ok,정답(동의어),exact,True,True,,
term,P321,medullary canal,골수공간,골수공간,ok,정답(대표),exact,True,True,,
term,P322,fall risk deteriorated,낙상 위험성 악화됨,낙상 위험성 악화됨,ok,정답(대표),exact,True,True,,
term,P322,salpingography and plasty,난관조영촬영 및 개통술,난관조영촬영 및 개통술,ok,정답(대표),exact,True,True,,
term,P322,abortive prophage,불완전프로파지,불완전프로파지,ok,정답(대표),exact,True,True,,
term,P323,radionuclide angiocardiography,방사성핵종심(장)혈관조영(술),방사성핵종심 (장) 혈관조영 (술),ok_nospace,정답(대표),variant,True,True,,
term,P323,nerve root injury,척추 신경뿌리의 손상,척추 신경뿌리의 손상,ok,정답(대표),exact,True,True,,
term,P324,sialodochoplasty,침샘관성형(술),침샘관성형(술),ok,정답(대표),exact,True,True,,
term,P324,plasmablastic lymphoma,형질모세포성 림프종,형질모세포성 림프종,ok,정답(대표),exact,True,True,,
term,P325,assess enema,관장 사정,관장 사정,ok,정답(대표),exact,True,True,,
term,P325,periodic rhinitis,주기코염,주기코염,ok,정답(대표),exact,True,True,,
term,P325,echinocyte,톱니적혈구,톱니적혈구,ok,정답(대표),exact,True,True,,
term,P326,polyneuralgia,다발신경통,다발신경통,ok,정답(대표),exact,True,True,,
term,P326,dromotropic,전도영향성-,전도영향성,ok,정답(대표),variant,True,True,,
term,P326,altimeter sickness,고산병,고산병,ok,정답(대표),exact,True,True,,
term,P327,gastradenitis,위샘염,위샘염,ok,정답(대표),exact,True,True,,
term,P327,near field potential,근접부위전위,근접부위전위,ok,정답(대표),exact,True,True,,
term,P327,auriscope,이경,이경,ok,정답(대표),exact,True,True,,
term,P328,self-care deficit,자가간호결핍,자가간호결핍,ok,정답(대표),exact,True,True,,
term,P328,laryngotracheal stenosis,후두기관협착(증),후두기관협착,ok,정답(대표),variant,True,True,,
term,P328,deuterium,중수소,중수소,ok,정답(대표),exact,True,True,,
term,P329,dialysis adequacy,투석충분도,투석충분도,ok,정답(대표),exact,True,True,,
term,P329,non-infected,감염되지않은,감염되지않은,ok,정답(대표),exact,True,True,,
term,P329,worm-eaten soles,벌레먹은 발바닥,벌레먹은 발바닥,ok,정답(대표),exact,True,True,,
term,P330,ischial ramus,궁둥뼈가지,궁둥뼈가지,ok,정답(대표),exact,True,True,,
term,P330,traumatic sah,외상성 지주막하출혈,외상성 지주막하출혈,ok,정답(대표),exact,True,True,,
term,P330,extroverted personality,외향인격,외향인격,ok,정답(대표),exact,True,True,,
term,P331,extra-abdominal,복부외-,복부외-,ok,정답(대표),exact,True,True,,
term,P331,eccrine poroma,외분비 한공종,외분비 한공종,ok,정답(대표),exact,True,True,,
term,P331,activity grade,활동정도,활동정도,ok,정답(대표),exact,True,True,,
term,P332,phlebography,정맥조영(술),정맥조영(술),ok,정답(대표),exact,True,True,,
term,P332,myoclonia fibrillaris multiplex,다발잔떨림근대성대발작,다발잔떨림근대성대발작,ok,정답(대표),exact,True,True,,
term,P332,femur,넙다리뼈,넙다리뼈,ok,정답(대표),exact,True,True,,
random,P001,autoeroticism,자기성애,심방목동맥간격,ok,오답,-,False,False,비디오후두경검사(법),True
random,P001,combustion,화상,,none,미검출,-,False,False,가시돌기밑-,True
random,P001,digit preference,끝수선호,양성 가족성 혈뇨,ok,오답,-,False,False,양성 가족성 혈뇨,True
random,P002,fusiform layer,방추세포층,,none,미검출,-,False,False,질조영(술),True
random,P002,imitative attitude,모방태도,수척추증,ok,오답,-,False,False,수척추증,True
random,P002,hyeopgye,협계(俠谿),,none,미검출,-,False,False,비효율적 방어능력,False
random,P003,secretory cyst,분비체류성낭,,none,미검출,-,False,False,비염증 관절 부기,True
random,P003,ricinism,리신증,기운목,ok,오답,-,False,False,기운목,True
random,P003,glaucomatous cataract,녹내장성백내장,,none,미검출,-,False,False,온등세모근,True
random,P004,nodular sclerosis,결절경화,,none,미검출,-,False,False,터프팅장증,False
random,P004,cross-face,교차얼굴,,none,미검출,-,False,False,혈난관,False
random,P004,blind fistula,막힌샛길,,none,미검출,-,False,False,균열골절,False
random,P005,varicose vein stripping,정맥류 제거,,none,미검출,-,False,False,무노출인구,True
random,P005,rotalix tube,회전양극관,명료함,ok,오답,-,False,False,명료함,True
random,P005,smith's fracture,스미드골절,신경축,ok,오답,-,False,False,신경축,True
random,P006,framework try-in,금속구조물 시적,교차얼굴,ok,오답,-,False,False,교차얼굴,True
random,P006,parrot fever,앵무새열,,none,미검출,-,False,False,표준화비율비,True
random,P006,frontal suture,이마봉합선,,none,미검출,-,False,False,부족교정,True
random,P007,binder,결합체,속림프관,ok,오답,-,False,False,속림프관,True
random,P007,water bath,욕조,궤양림프절야생토끼병,ok,오답,-,False,False,궤양림프절야생토끼병,True
random,P007,torr,토르,코중격각,ok,오답,-,False,False,코중격각,True
random,P008,cercosporomycosis,세르코스포라진균증,,none,미검출,-,False,False,메스칼린,True
random,P008,lipoid dermatoarthritis,리포이드피부관절염,,none,미검출,-,False,False,건선척추염,True
random,P008,fisher syndrome,피셔증후군,,none,미검출,-,False,False,내시경 이용 눈물주머니코안 연결 교정,True
random,P009,benign familial hematuria,양성 가족성 혈뇨,,none,미검출,-,False,False,혈구계수(법),True
random,P009,marsupialization of cyst,낭종 주머니형성,발달 부진아를 시행하여,ok,오답,-,False,False,발달 부진아,True
random,P009,lumbosacral enlargement,요천부팽대,,none,미검출,-,False,False,수술중초음파검사,True
random,P010,retrocedent gout,내공성통풍,,none,미검출,-,False,False,막창자 종괴,True
random,P010,hemianopsia,편측시야결손,도리깨질 (증),ok_nospace,오답,-,False,False,도리깨질(증),True
random,P010,enteral feeding,위장관영양,피지낭종,ok,오답,-,False,False,피지낭종,True
random,P011,ocular fundus,안저,인두,ok,오답,-,False,False,인두,True
random,P011,condensed chromatin,농축염색질,,none,미검출,-,False,False,편측시야결손,True
random,P011,hemacytometry,혈구계수,,none,미검출,-,False,False,언어의 실행증,True
random,P012,cimex lectularius,빈대,,none,미검출,-,False,False,고리뼈-중쇠뼈 척추 유합,True
random,P012,vaginography,질조영(술),왕복진탕기,ok,오답,-,False,False,왕복진탕기,True
random,P012,ear drum,고막,전치 맥관,ok,오답,-,False,False,전치 맥관,True
random,P013,dilation of intestine,창자 확장,,none,미검출,-,False,False,백혈구쏠림성,True
random,P013,myoclonia fibrillaris multiplex,다발잔떨림근대성대발작,,none,미검출,-,False,False,복재신경병증,True
random,P013,gitelman syndrome,지텔만 증후군,,none,미검출,-,False,False,속림프관,True
random,P014,source qi,원기,클로스트리듐히스톨리티쿰,ok,오답,-,False,False,클로스트리듐히스톨리티쿰,True
random,P014,hyperlipidaemia,고지혈증,,none,미검출,-,False,False,개별특이형항체조절망,True
random,P014,ladder splint,사다리형덧대,재발성 갑상선암,ok,오답,-,False,False,재발성 갑상선암,True
random,P015,dermatopathic lymphadenopathy,피부병림프절병(증),,none,미검출,-,False,False,고리뼈-중쇠뼈 척추 유합,True
random,P015,oil red,오일레드,알파 지중해빈혈 후장진법,ok,오답,-,False,False,후장진법,True
random,P015,defervescence,해열,온손가락,ok,오답,-,False,False,온손가락,True
random,P016,intracranial space-occupying lesion,두개내공간점유병변,,none,미검출,-,False,False,오령산,True
random,P016,picture frustration test,그림좌절검사,안구 부기,ok,오답,-,False,False,안구 부기,True
random,P016,pyroglyphidae,집먼지진드기(과),,none,미검출,-,False,False,부동간호 관리,True
random,P017,dorsal vein arterialization,배측 정맥 동맥혈화,,none,미검출,-,False,False,물공기가슴증,True
random,P017,macrocephalus,큰머리증,,none,미검출,-,False,False,일반미생물 검사,True
random,P017,aqueous fluid,방수,,none,미검출,-,False,False,손톱의 곤봉화,True
random,P018,colon cecum mass,막창자 종괴,,none,미검출,-,False,False,거짓결핵균,True
random,P018,cyematocardia,태아심음,,none,미검출,-,False,False,전백혈병(증후군),True
random,P018,dyskeratosis congenita,선천 이상각화증,,none,미검출,-,False,False,글루쿠론산,True
random,P019,supernumeric impacted tooth,과잉매복치,,none,미검출,-,False,False,종양특이항원,True
random,P019,biopsy of cul-de-sac,막힌주머니 생검,,none,미검출,-,False,False,자궁목내막과다형성,True
random,P019,gantry,갠트리,,none,미검출,-,False,False,젖먹이자동증,True
random,P020,onychopathy,손발톱병(증),,none,미검출,-,False,False,소아기,True
random,P020,intermetatarsal joint structure,발허리간관절조직,,none,미검출,-,False,False,궤양림프절야생토끼병,True
random,P021,sex cord-stromal tumor,성끈기질종양,,none,미검출,-,False,False,샘창자옆주름,True
random,P021,cardiac murmur,심잡음,,none,미검출,-,False,False,이마나비사골동절제술,True
random,P021,coupling color,커플링염료,,none,미검출,-,False,False,낙상 위험성 악화됨,True
random,P022,clostridium histolyticum,클로스트리듐히스톨리티쿰,,none,미검출,-,False,False,배벽 긴장,True
random,P022,total lipodystrophy,전체 지방영양장애,,none,미검출,-,False,False,제곱근모양징후,True
random,P022,ulceroglandular tularaemia,궤양림프절야생토끼병,,none,미검출,-,False,False,증례서술적,True
random,P023,open-chain compound,열린사슬화합물,외반슬,ok,오답,-,False,False,외반슬,True
random,P023,z-plasty,Z성형(술),z-plasty,ok,오답,-,False,False,의료급여대상자,True
random,P023,isosorbide,이소소르바이드,,none,미검출,-,False,False,네줄속눈썹(증),True
random,P024,intramuscular nerve stimulation,근육내신경자극치료,혈관내 초음파촬영,ok,오답,-,False,False,혈관내 초음파촬영,True
random,P024,developmental retardation child,발달 부진아,수의운동-과 만삭후 심실협동불능 (증) 지연 및 인지 장애를 보이는 아동,ok_nospace,오답,-,False,False,수의운동-,True
random,P024,holoparasite,완전기생체,,none,미검출,-,False,False,구안지 증후군,True
random,P025,instep island flap,안쪽발바닥섬피판,,none,미검출,-,False,False,기능창자막힘증,True
random,P025,shifting reaction,편위반응,대사촉진,ok,오답,-,False,False,대사촉진-,True
random,P025,membranous endometritis,막자궁내막염,,none,미검출,-,False,False,목 뒤통수 신경통,True
random,P026,phosphene,섬광시,,none,미검출,-,False,False,"비인두암, 수술후 상태",True
random,P026,odontoprisis,이갈기,,none,미검출,-,False,False,자궁경부의 유두종,True
random,P026,cardiography,심장도검사,창자독소,ok,오답,-,False,False,지속흡입호흡,True
random,P027,transistor hearing aid,트랜지스터보청기,,none,미검출,-,False,False,미각과민(증),True
random,P027,phlebitis and thrombophlebitis,정맥염 및 혈전정맥염,,none,미검출,-,False,False,부교감신경계통,True
random,P027,urethroscopic surgery,요도경하 수술,,none,미검출,-,False,False,관절경적 피막절제술,True
random,P028,epidural nerve block,경막외 신경차단술,,none,미검출,-,False,False,초음파,True
random,P028,ataxic hemiparesis,실조성반부전마비,손발톱병 (증),ok_nospace,오답,-,False,False,배벽동맥,True
random,P028,organoid tumor,장기모양종양,건선척추염,ok,오답,-,False,False,건선척추염,True
random,P029,sclerosing retroperitonitis,경화뒤배막염,,none,미검출,-,False,False,과잉매복치,True
random,P029,plate,평판,이갈기,ok,오답,-,False,False,이갈기,True
random,P030,acropathy,말단병(증),,none,미검출,-,False,False,모뿔사이패임,True
random,P030,uncoupling,결합저지,,none,미검출,-,False,False,대사촉진-,True
random,P030,cyst of prostate,전립샘 낭,,none,미검출,-,False,False,망막위축,True
random,P031,chorea gravidarum,임신무도병,,none,미검출,-,False,False,이식후림프세포증식병,True
random,P031,clay stool,회색변,투명부위,ok,오답,-,False,True,투명부위,True
random,P031,gorei-san,오령산,고삼투압성비케토산성혼수,ok,오답,-,False,False,작은몸증,True
random,P032,graves' ophthalmopathy,그레이브스 눈병증,,none,미검출,-,False,False,세정맥,True
random,P032,non-exudative,삼출되지않은,,none,미검출,-,False,False,결합저지,True
random,P032,endolymphatic duct,속림프관,,none,미검출,-,False,False,젖꼭지,True
random,P033,arsenic mirror,코거울,,none,미검출,-,False,False,분만후 무피브리노젠혈증,True
random,P033,supporting spiritual rituals,영적의식 지지하기,물자궁증,ok,오답,-,False,False,물자궁증,True
random,P033,muscular atrophy,근위축,,none,미검출,-,False,False,파울러자유아메바,True
random,P034,spondylopathy,척추병(증),,none,미검출,-,False,False,창자 확장,True
random,P034,thyroidea ima artery,맨아래갑상동맥,,none,미검출,-,False,False,폐쇄방법,True
random,P034,orthognathic surgery,악교정수술,,none,미검출,-,False,False,흑색땀증,True
random,P035,lcp disease,넙다리뼈머리뼈끝뼈연골증,,none,미검출,-,False,False,요세관재흡수,True
random,P035,deforming dorsopathies,변형성 등병증,,none,미검출,-,False,False,Tc섭취율,True
random,P035,bacteriocin,박테리오신,,none,미검출,-,False,False,용적탄력률,True
random,P036,thoracalgia,흉통,,none,미검출,-,False,False,넙다리뼈머리뼈끝뼈연골증,True
random,P036,delay procedure,지연처치,,none,미검출,-,False,False,내공성통풍,True
random,P036,tricephalus,세머리태아,,none,미검출,-,False,False,잘록창자장막층,True
random,P037,supraclavicular approach,빗장위접근법,돌창자 신생물을 통한,ok,오답,-,False,False,돌창자 신생물,True
random,P037,eosinophilic non-allergic rhinitis,호산성 비알레르기성 비염,,none,미검출,-,False,False,전백혈병(증후군),True
random,P037,papilloma of cerviv,자궁경부의 유두종,,none,미검출,-,False,False,매독원,True
random,P038,hypothalamic-pituitary-adrenal axis,시상하부-뇌하수체-부신축,,none,미검출,-,False,False,체반,True
random,P038,androgenic alopecia,안드로젠탈모증,,none,미검출,-,False,False,부적절한 자기 노출,True
random,P038,halmatogenesis,돌연세대변이,미각과민 (증),ok_nospace,오답,-,False,False,미각과민(증),True
random,P039,isomaltase,이소말타아제,,none,미검출,-,False,False,고리나선신경종말,True
random,P039,postprocedural subglottic stenosis,처치후 성문하협착,,none,미검출,-,False,False,흡입감염,True
random,P039,acclimation fever,순화열,,none,미검출,-,False,False,일반미생물 검사,True
random,P040,intromission,삽입,,none,미검출,-,False,False,골내재,True
random,P040,microlymphatic graft,미세림프절이식,,none,미검출,-,False,False,항중성구세포질항체,True
random,P040,lenticonus,원뿔수정체,난소위체낭,ok,오답,-,False,False,녹말효소측정법,False
random,P041,metagonimus yokogawai,요코가와흡충,,none,미검출,-,False,False,바늘근전도검사(법),True
random,P041,enema apparatus,관장기,,none,미검출,-,False,False,발달 부진아,True
random,P041,rash purpuric,자색반 발진,,none,미검출,-,False,False,자궁수축 변화,True
random,P042,factor viii,제8인자,,none,미검출,-,False,False,찬물 주머니,True
random,P042,bony excrescence,뼈이상돌출,,none,미검출,-,False,False,기능저하,True
random,P042,biopsy of adenoid,인두편도 생검,,none,미검출,-,False,False,과소 및 과소체중아,True
random,P043,undercorrection,부족교정,,none,미검출,-,False,False,평판,True
random,P043,transluminal coronary atherectomy,내강경유 심장혈관 죽종절제,,none,미검출,-,False,False,방광주혈흡충이질,True
random,P043,stump hallucination,절단끝환각,목 뒤통수 신경통 현상,ok,오답,-,False,False,에르고트중독증,True
random,P044,proenzyme,풋효소,,none,미검출,-,False,False,비염증 관절 부기,True
random,P044,traveling clinic,이동진료소,정맥류 제거,ok,오답,-,False,False,정맥류 제거,True
random,P044,pallister-killian syndrome,팰리스터-킬리언 증후군,,none,미검출,-,False,False,백혈구쏠림성,True
random,P045,leukokeratosis nicotina palati,구개 니코틴성 백색각화증,,none,미검출,-,False,False,항섬유소용해소제,True
random,P045,monorchidism,홑고환증,,none,미검출,-,False,False,코중격각,True
random,P045,steatocystoma,피지낭종,,none,미검출,-,False,False,망치머리형리보자임,True
random,P046,vaginal discharge,대하,소액성,ok,오답,-,False,False,소액성,True
random,P046,posterior thoracic fusion,뒷쪽 가슴척추 유합,,none,미검출,-,False,False,발의 관절 성형,True
random,P046,sucking disc,흉반,,none,미검출,-,False,False,요골수근관절,True
random,P047,rectal,곧창자-,,none,미검출,-,False,False,외분비 한공종,True
random,P047,pyrexia during labour,출산중 발열,,none,미검출,-,False,False,두풍 ; 뇌풍,True
random,P047,genital infection fungal,생식 기관 곰팡이 감염,,none,미검출,-,False,False,밴드제거,True
random,P048,dense deposit disease,고밀도침착병,,none,미검출,-,False,False,에스테라아제감소,True
random,P048,endoscopic transmyocardial revascularization,내시경 이용 심근경유 혈관 재형성,,none,미검출,-,False,False,표피사상균(속),True
random,P048,vasectomy seekers,정관절제술탐침,,none,미검출,-,False,False,혈구계수(법),True
random,P049,convalescence following chemotherapy,화학요법후 회복기,화학호르몬- 후 고리나선신경종말 기간,ok,오답,-,False,False,고리나선신경종말,True
random,P049,apneustic respiration,지속흡입호흡,,none,미검출,-,False,False,두풍 ; 뇌풍,True
random,P049,carpometacarpal joint structure,손목손허리관절,,none,미검출,-,False,False,부적절한 자기 노출,True
random,P050,window defect,창문비침,,none,미검출,-,False,False,토르,True
random,P050,metathalamus,시상후부,,none,미검출,-,False,False,궤양성 치은염(잇몸염)(만성),True
random,P050,patent medicine,특허약,비효율적 방어능력 제제,ok,오답,-,False,False,비효율적 방어능력,True
random,P051,pulex,벼룩(속),pulex,ok,오답,-,False,False,곧창자-,True
random,P051,genu valgum,외반슬,,none,미검출,-,False,False,집형성동맥,True
random,P051,thymopoietin,티모포이에틴,,none,미검출,-,False,False,달걀노른자배지,True
random,P052,arthroscopic menisectomy,관절경 이용 초승달 절제,,none,미검출,-,False,False,미세마찰음,True
random,P052,heart rate variability,심박변이도,,none,미검출,-,False,False,회선사상충결절,True
random,P052,subretinal,망막밑-,,none,미검출,-,False,False,후두인두염,False
random,P053,waveform,파형,,none,미검출,-,False,False,관절경적 피막절제술,True
random,P053,closed reduction,비개방정복(술),,none,미검출,-,False,False,목 뒤통수 신경통,True
random,P053,pilomatrixoma,털바탕질종,,none,미검출,-,False,False,복부 촉지성 종괴,True
random,P054,prostatodynia,전립샘통증,,none,미검출,-,False,False,혈관내 초음파촬영,True
random,P054,uropoiesis,요생산,,none,미검출,-,False,False,이동진료소,True
random,P055,schistocephalus,머리갈림태아,,none,미검출,-,False,False,저비중뇨,False
random,P055,modified norwood operation,수정된 노우드수술,,none,미검출,-,False,False,비효율적 방어능력,False
random,P055,peptonization,펩톤화,변증,ok,오답,-,False,False,변증,True
random,P056,apoplectic coma,중풍혼수,,none,미검출,-,False,False,브리언트 당김,True
random,P056,atrioventricular septal defect,심방실중격결손,,none,미검출,-,False,False,두개몰딩,True
random,P056,assess hospice,호스피스 사정,두개내공간점유병변을,ok,오답,-,False,False,두개내공간점유병변,True
random,P057,continuous,연속-,,none,미검출,-,False,False,호흡기계간호 사정,True
random,P057,zoe filling,치아진정처치,요오드표지-,ok,오답,-,False,False,요오드표지-,True
random,P057,oxidizing color,산화염료,풍지 (風池) 변화,ok_nospace,오답,-,False,False,풍지(風池),True
random,P058,hammerhead ribozyme,망치머리형리보자임,,none,미검출,-,False,False,두개내공간점유병변,True
random,P058,infanthood,영아기,,none,미검출,-,False,False,요도경검사에 의한,True
random,P059,ulcerlike nud,궤양성 비궤양성 소화불량,근접부위전위,ok,오답,-,False,False,근접부위전위,True
random,P059,gwollyo,관료(顴髎),근육 경련,ok,오답,-,False,False,근육 경련,True
random,P059,double bladder,중복방광,두 개의 뚜렷한 자궁목 경유 가슴샘 절제 공강,ok,오답,-,False,False,사다리형덧대,True
random,P060,auriculotemporal nerve,귓바퀴관자신경,,none,미검출,-,False,False,후두결절,True
random,P060,annulospiral ending,고리나선신경종말,,none,미검출,-,False,False,선천 손발톱백반,True
random,P060,ascending arm venography,상지-상행적상지정맥,,none,미검출,-,False,False,근긴장장애,True
random,P061,epidermophyton,표피사상균(속),,none,미검출,-,False,False,대변농축(법),True
random,P061,tubal tonsil,귀인두관편도,,none,미검출,-,False,False,항원복귀,True
random,P061,single-step growth curve,일회증식곡선,천증,ok,오답,-,False,False,천증,True
random,P062,antineutrophil cytoplasmic antibody,항중성구세포질항체,,none,미검출,-,False,False,초음파,True
random,P062,pharyngoparalysis,인두마비,,none,미검출,-,False,False,회선사상충결절,True
random,P062,vasa previa,전치 맥관,외반슬,ok,오답,-,False,False,외반슬,True
random,P063,tzanck smear test,장크도말검사,,none,미검출,-,False,False,쓰레기처리 능력 사정하기,True
random,P063,ecdysis,허물벗기,,none,미검출,-,False,False,요도경검사에 의한,True
random,P063,major amblyoscope,대형 약시경,근육 경련,ok,오답,-,False,False,근육 경련,True
random,P064,closed approach,폐쇄방법,중풍혈수 무릎뼈의 장애,ok,오답,-,False,False,중풍혼수,True
random,P064,thyroid notch,방패패임,,none,미검출,-,False,False,비스듬절단,True
random,P064,intraocular,안구내-,,none,미검출,-,False,False,무릎뼈의 장애,True
random,P065,precipitate labor,급속 분만,유구조충 빈대,ok,오답,-,False,False,유구조충,True
random,P065,dental granuloma,뿌리끝육아종,과립종,ok,오답,-,False,False,약물유발-,True
random,P065,rickets of prematurity,미숙아의 구루병,미숙아 구루병,ok,오답,-,False,False,유사운동-,False
random,P066,frontosphenoesthmoidectomy,이마나비사골동절제술,,none,미검출,-,False,False,순환계간호 사정,True
random,P066,poor sucking reflex,빨기 반사 어려움,,none,미검출,-,False,False,자궁목 절단,True
random,P066,assessing waste service,쓰레기처리 능력 사정하기,,none,미검출,-,False,False,기질성 서경,True
random,P067,epiduroscopic neuroplasty,내시경적 경막외강 신경성형술,,none,미검출,-,False,False,알코올솜,True
random,P067,relative scotoma,상대암점,,none,미검출,-,False,False,두덩곧창자근,True
random,P067,multiple adenomatous polyps,다발성 샘종성 폴립,이중관대동맥,ok,오답,-,False,False,이중관대동맥,True
random,P068,solenopsis invicta,불개미,solenopsis invicta,ok,오답,-,False,False,간내-,False
random,P068,sheathed artery,집형성동맥,,none,미검출,-,False,False,손톱의 곤봉화,True
random,P068,ureteroscopic,요도경검사에 의한,,none,미검출,-,False,False,이식후림프세포증식병,True
random,P069,multidrug resistance,다약제내성,체반,ok,오답,-,False,False,체반,True
random,P069,gonadoadvent,생식기능출현기,삼중검사,ok,오답,-,False,False,삼중검사,True
random,P069,pa x-ray,치근단 방사선촬영,,none,미검출,-,False,False,뒷쪽 성대 절제,True
random,P070,physically handicapped,거동불편자,,none,미검출,-,False,False,단순 수포성 표피박리증,False
random,P070,centrolecithal,중심난황-,,none,미검출,-,False,False,궁둥뼈가지,True
random,P070,entire nasal septum,온코사이막,,none,미검출,-,False,False,Tc섭취율,True
random,P071,posterior cordectomy,뒷쪽 성대 절제,완전기생체,ok,오답,-,False,False,완전기생체,True
random,P071,intra-operative neurophysiologic testing,수술중 신경생리학적 검사,,none,미검출,-,False,False,굴절부등약시,True
random,P072,enteropathic arthritis,창자질환성 관절염,,none,미검출,-,False,False,위턱굴보개,True
random,P072,oncogene,종양유전자,종양특이항원,ok,오답,-,False,False,모낭,True
random,P072,protein-losing enteropathy,단백질소실장병(증),,none,미검출,-,False,False,지실(志室),True
random,P073,urethrocutaneous fistula,요도피부샛길,,none,미검출,-,False,False,관료(顴髎),True
random,P073,anesthesiologist,마취과의사,마취과 의사,ok,정답(대표),variant,True,True,요도피부샛길,False
random,P073,old tuberculin,재래식투베르쿨린,,none,미검출,-,False,False,손톱의 곤봉화,True
random,P074,microsomia,작은몸증,,none,미검출,-,False,False,비혈관뼈이식,True
random,P074,pericanalicular,소관주위-,,none,미검출,-,False,False,모방태도,True
random,P074,penicillar arteriole,붓털세동맥,,none,미검출,-,False,False,가슴샘체질,True
random,P075,posttransplant lymphoproliferative disease,이식후림프세포증식병,,none,미검출,-,False,False,큰콩팥잔,True
random,P075,epididymal duct,부고환관,,none,미검출,-,False,False,용적탄력률,True
random,P075,urethrotomy,요도 절개,,none,미검출,-,False,False,배안보개 이용 한쪽 자궁관난소 적출,True
random,P076,inhalator,흡입기,협숙주기생충,ok,오답,-,False,False,협숙주기생충,True
random,P076,omsk haemorrhagic fever,옴스크출혈열,,none,미검출,-,False,False,발바닥쪽 굽힘,True
random,P076,ramus of pubis,두덩뼈가지,두덩뼈가지,ok,정답(대표),exact,True,True,배벽 긴장,True
random,P077,dry weight,투석목표체중,,none,미검출,-,False,False,힐-샥스 병터,True
random,P077,macular holes,황반 원공,,none,미검출,-,False,False,철적혈모구빈혈,True
random,P077,subpapillary arterial network,유두밑동맥그물,,none,미검출,-,False,False,의치지지조직,True
random,P078,syphilogen,매독원,,none,미검출,-,False,False,파라핀종,True
random,P078,cardiodiaphragmatic angle,심장가로막각,장기모양종양,ok,오답,-,False,False,장기모양종양,True
random,P078,ebonation,뼈조각제거,삼색상,ok,오답,-,False,False,삼색상,True
random,P079,diving reflex,잠수반사,고긴장맥박,ok,오답,-,False,False,고긴장맥박,True
random,P079,pungji,풍지(風池),왕복진탕기,ok,오답,-,False,False,왕복진탕기,True
random,P079,vertebro-basilar artery syndrome,척추-뇌기저동맥증후군,돌잘룩창자동맥,ok,오답,-,False,False,돌잘룩창자동맥,True
random,P080,chest expiration,가슴 날숨촬영,,none,미검출,-,False,False,멜라닌가시세포종,True
random,P080,rhinoantritis,코굴염,,none,미검출,-,False,False,곁신경절,True
random,P080,uremic convulsion,요독경련,,none,미검출,-,False,False,대사촉진-,True
random,P081,cobblestone tongue,조약돌혀,,none,미검출,-,False,False,사다리형덧대,True
random,P081,small-and light-for-dates,과소 및 과소체중아,,none,미검출,-,False,False,스미드골절,True
random,P081,saliva viscosity test,타액 점조도 검사,점막 개별특이형항체조절막,ok,오답,-,False,False,경화뒤배막염,True
random,P082,progressive hemifacial atrophy,진행성 반쪽얼굴 위축,,none,미검출,-,False,False,수척추증,True
random,P082,afterloading technique,후장진법,,none,미검출,-,False,False,토르,True
random,P082,assess disimpaction,매복변제거 사정,,none,미검출,-,False,False,선천 손발톱백반,True
random,P083,nodular fasciitis,결절 근막염,,none,미검출,-,False,False,궤양성 외치핵,True
random,P083,zosteriform lentiginous nevus,띠모양흑(색)점모반,,none,미검출,-,False,False,잠재배가시간,True
random,P083,nodular prurigo,결절가려움발진,,none,미검출,-,False,False,세척,True
random,P084,encephalopathy toxic,독성 뇌병증,,none,미검출,-,False,False,생식기능출현기,True
random,P084,medial nasal prominence,내측비융기,,none,미검출,-,False,False,횡행결장절제술,True
random,P084,anisometropic amblyopia,굴절부등약시,,none,미검출,-,False,False,풋효소,True
random,P085,t-colectomy,횡행결장절제술,뼈관절염,ok,오답,-,False,False,뼈관절염,True
random,P085,bone inlay,골내재,,none,미검출,-,False,False,표피사상균(속),True
random,P085,sequestrectomy of skull,머리뼈 부골 절제,,none,미검출,-,False,False,누난 증후군,True
random,P086,associated disorder,수반장애,무난개충란,ok,오답,-,False,False,무난개충란,True
random,P086,uncovertebral,갈고리돌기-,,none,미검출,-,False,False,다발신경통,True
random,P086,cholelithiasis,담석증,담석,ok,오답,-,False,False,공막 괴사/ 융해,True
random,P087,meckel's imaging,메켈스 스캔,,none,미검출,-,False,False,복부외-,True
random,P087,arm-to-retina circulation time,팔망막순환시간,,none,미검출,-,False,False,부족교정,True
random,P088,tubular reabsorption,요세관재흡수,,none,미검출,-,False,False,외분비 한공종,True
random,P088,rothmund thomson syndrome,로트문드 톰슨 증후군,어깨세모근피판,ok,오답,-,False,False,어깨세모근피판,True
random,P088,muscle twitch,근육 경련,사상충성 음낭암죽종,ok,오답,-,False,False,사상충성 음낭암죽종,True
random,P089,bis in die,1일2회,,none,미검출,-,False,False,성도착(증),True
random,P089,abrasion of flank,옆구리 찰과상,,none,미검출,-,False,False,홍조,False
random,P089,gustatory hyperesthesia,미각과민(증),,none,미검출,-,False,False,크립토콕쿠스수막대뇌염,True
random,P090,epidermolysis bullosa simplex,단순 수포성 표피박리증,,none,미검출,-,False,False,자기공명지도화,True
random,P090,enteral feeding regime,경장 섭취 요법,무난개충란,ok,오답,-,False,False,무난개충란,True
random,P090,high quality-hcv ab,정밀면역검사-C형간염항체,,none,미검출,-,False,False,판막이동수술,True
random,P091,hepaticostomy,간관루설치(술),,none,미검출,-,False,False,자궁구절개(술),True
random,P091,root pain,신경뿌리통증,풍토병,ok,오답,-,False,False,풍토병,True
random,P091,parasympathetic nervous system,부교감신경계통,,none,미검출,-,False,False,이중관대동맥,True
random,P092,x-ray illumination,X선필름판독대,,none,미검출,-,False,False,두덩질-,True
random,P092,angioma cavernosum,해면혈관종,,none,미검출,-,False,False,섬광반맹,True
random,P092,cap crown,금관,,none,미검출,-,False,True,단백질소실장병(증),True
random,P093,coffin-siris syndrome,코핀-시리스 증후군,,none,미검출,-,False,False,유사운동-,True
random,P093,working length distance,근관장측정검사,물리적깊이민감도,ok,오답,-,False,False,물리적깊이민감도,True
random,P093,uterine arteriography,복부및골반동맥조영-자궁동맥,,none,미검출,-,False,False,자기공명지도화,True
random,P094,cirsophthalmia,결막정맥류,끓는거품소리,ok,오답,-,False,False,끓는거품소리,True
random,P094,interarytenoid notch,모뿔사이패임,발의 관절 성형,ok,오답,-,False,False,발의 관절 성형,True
random,P094,hot bag,더운물 주머니,,none,미검출,-,False,False,임시 지대주,True
random,P095,agenesis of lung,폐의 무발생,,none,미검출,-,False,False,두풍 ; 뇌풍,True
random,P095,perform diversional care,전환간호 수행,,none,미검출,-,False,False,부족교정,True
random,P095,opsin,옵신,,none,미검출,-,False,False,기존 보철물 제거,True
random,P096,growth fever,변증,원시양막,ok,오답,-,False,False,원시양막,True
random,P096,scorbutic ulcer,괴혈병궤양,괴혈병궤양,ok,정답(대표),exact,True,True,비개방정복(술),True
random,P096,false neuroma,가성신경종,,none,미검출,-,False,True,직접쿰즈검사,True
random,P097,neoadjuvant chemotherapy,신보강화학요법,,none,미검출,-,False,False,지중해진드기열,True
random,P097,death,사,사망,ok,오답,-,False,True,손톱의 곤봉화,True
random,P097,supraspinous,가시끝-,,none,미검출,-,False,False,항비타민물질,True
random,P098,functional ileus,기능창자막힘증,경장 섭취 요법,ok,오답,-,False,False,경장 섭취 요법,True
random,P098,endorectal pull-through operation,직장내 풀-스루식 수술,엉덩관절병골반,ok,오답,-,False,False,엉덩관절병골반,True
random,P098,counterfeit disease,꾀병,정관절제술탐침,ok,오답,-,False,False,정관절제술탐침,True
random,P099,micromovement,미세운동,무노출인구,ok,오답,-,False,False,무노출인구,True
random,P099,stenoxenous parasite,협숙주기생충,,none,미검출,-,False,False,선천 이상각화증,True
random,P099,surgical staging,외과적시기결정,,none,미검출,-,False,False,회색변,True
random,P100,overdetermined idea,과잉결정관념,,none,미검출,-,False,False,두덩곧창자근,True
random,P100,hyperesophoria,상내사위,세머리태아,ok,오답,-,False,False,세머리태아,True
random,P101,soryo,소료(素髎),,none,미검출,-,False,False,기관지 T-삽관,True
random,P101,endemic disease,풍토병,,none,미검출,-,False,False,운동신경섬유,True
random,P101,eurytrema pancreaticum,췌질,,none,미검출,-,False,False,구안지 증후군,True
random,P102,rotational irradiation coach,회전방사선치료대,회전방사선치료대,ok,정답(대표),exact,True,True,봉합사,False
random,P102,outbreed,무작위교배계,,none,미검출,-,False,False,풍지(風池),True
random,P103,pharynx,인두,,none,미검출,-,False,False,심재성 진균증,True
random,P103,ctha and ctap,컴퓨터 단층촬영 간 동맥조영술과 컴퓨터 단층촬영 문맥조영술,,none,미검출,-,False,False,비디오레이저검사,True
random,P103,cyclamate,시클라메이트,,none,미검출,-,False,False,판막이동수술,True
random,P104,nuclear polyhedrosis virus,핵다면체형성바이러스,,none,미검출,-,False,False,위팔,True
random,P104,platymorphia,편평안구,,none,미검출,-,False,False,코중격각,True
random,P104,square root sign,제곱근모양징후,,none,미검출,-,False,False,두경부동맥조영-내경동맥,True
random,P105,holy fire,에르고트중독증,,none,미검출,-,False,False,척수 손상,True
random,P105,hemeralopia,주간맹,,none,미검출,-,False,False,단순 처치,True
random,P105,avulsion fracture,찢김 골절,,none,미검출,-,False,False,눈물점겉말림,True
random,P106,salicylamide,살리실아마이드,,none,미검출,-,False,False,용적탄력률,True
random,P106,volume elasticity coefficient,용적탄력률,용적탄력률,ok,정답(대표),exact,True,True,혈난관,True
random,P106,lead gown,납가운,가시돌기밑-,ok,오답,-,False,False,가시돌기밑-,True
random,P107,anthracosis,탄분증,,none,미검출,-,False,False,클라스프 수리,True
random,P107,proacrosomal granule,풋첨단체과립,,none,미검출,-,False,False,항중성구세포질항체,True
random,P107,cromolyn,크로몰린,,none,미검출,-,False,False,뒷쪽 성대 절제,True
random,P108,diffusing capacity,확산능,,none,미검출,-,False,False,당뇨 혼수,True
random,P108,venule,세정맥,,none,미검출,-,False,False,물공기가슴증,True
random,P108,mucopurulent,점액고름-,털바탕질종 삼색상,ok,오답,-,False,False,털바탕질종,True
random,P109,blastomyces,분아진균(속),,none,미검출,-,False,False,갈리움 스캔,True
random,P109,bubbling rale,끓는거품소리,,none,미검출,-,False,False,글리코포린,True
random,P109,reverberating circuit,반향회로,,none,미검출,-,False,False,갈리움 스캔,True
random,P110,ischial tuberosity structure,궁둥뼈결절,,none,미검출,-,False,False,코오간병,True
random,P110,cold pack,찬물 주머니,주혈흡충,ok,오답,-,False,False,주혈흡충,True
random,P110,airborne infection,공기매개감염,,none,미검출,-,False,False,만삭후,True
random,P111,columella lengthening,코기둥연장(술),,none,미검출,-,False,False,비혈관뼈이식,True
random,P111,antivitamin,항비타민물질,항균안약,ok,오답,-,False,False,항균안약,True
random,P111,pyelic,콩팥깔때기-,,none,미검출,-,False,False,리포이드피부관절염,True
random,P112,apical surgery,치근단 수술,,none,미검출,-,False,False,근육긴장저하,True
random,P112,fetal cotyledon,태아쪽태반엽,옆구리 찰과상,ok,오답,-,False,False,옆구리 찰과상,True
random,P112,trypanocidal,파동편모충박멸-,,none,미검출,-,False,False,신장,True
random,P113,laceration of back,등 열상,,none,미검출,-,False,False,긴장-,True
random,P113,cardiac pet-ct,심장 양전자방출단층촬영술,,none,미검출,-,False,False,내분비학,True
random,P113,epidermolysis bullosa dystrophica,디스트로피성 수포성 표피박리증,,none,미검출,-,False,False,크로몰린,True
random,P114,endoscopic revision dacryocystorhinostomy,내시경 이용 눈물주머니코안 연결 교정,,none,미검출,-,False,False,분비체류성낭,True
random,P114,oncofetal,종양태아-,소료 (素髎),ok_nospace,오답,-,False,False,소료(素髎),True
random,P114,hydrorachis,수척추증,언어 손실,ok,오답,-,False,False,언어 손실,True
random,P115,stenopeic,가는틈-,이경,ok,오답,-,False,False,이경,True
random,P115,extracoronal,치관외-,치관외,ok,정답(대표),variant,True,True,만삭후,True
random,P115,buccal gland,협선,,none,미검출,-,False,False,내피부착분자,True
random,P116,ileal neoplasms,돌창자 신생물,,none,미검출,-,False,False,물공기가슴증,True
random,P116,prostate mri,기본자기공명영상진단-복부-전립선-일반,,none,미검출,-,False,False,녹색시,True
random,P116,puerility,소아기,유치한,ok,오답,-,False,False,리포이드피부관절염,True
random,P117,genuine diabetes,진성당뇨병,,none,미검출,-,False,False,힘줄뼈되기,True
random,P117,cervical vertigo,경추성 현기증,곡물 소양증,ok,오답,-,False,False,곡물 소양증,True
random,P117,dermatitis verrucosa,사마귀피부염,,none,미검출,-,False,False,기능성 유뇨증,True
random,P118,antimicrobial eye drop,항균안약,성끈기질종양,ok,오답,-,False,False,성끈기질종양,True
random,P118,pressure suit,가압복,,none,미검출,-,False,False,장크도말검사,True
random,P118,derangement of patella,무릎뼈의 장애,,none,미검출,-,False,False,앞방향절제(술),True
random,P119,postmenopausal bleeding,폐경기후 출혈,,none,미검출,-,False,False,중증도 분류,True
random,P119,tense,긴장-,,none,미검출,-,False,False,징후,True
random,P119,congruous field defect,일치시야결손,,none,미검출,-,False,False,회색변,True
random,P120,metarubricyte,후적혈구,,none,미검출,-,False,False,류마티스성 다발근통,True
random,P120,multiple v-y plasties,V-Y 성형술,,none,미검출,-,False,False,천돌(天突),False
random,P120,neonatal oesophageal reflux,신생아식도역류,,none,미검출,-,False,False,수,True
random,P121,cryptogenic sepsis,특발성패혈증,,none,미검출,-,False,False,합포체-,True
random,P121,acne keloidalis,흉터종여드름,,none,미검출,-,False,False,풍선 척추성형,True
random,P121,cheondol,천돌(天突),치아진정처치,ok,오답,-,False,False,치아진정처치,True
random,P122,stratified randomization,층별무작위배정(법),,none,미검출,-,False,False,급속 분만,True
random,P122,interferential action,간섭작용,,none,미검출,-,False,False,흉터종여드름,True
random,P122,psoas shadow,허리근음영,,none,미검출,-,False,False,중간형 지중해빈혈,True
random,P123,plain radiograph,단순방사선사진,,none,미검출,-,False,False,잠재배가시간,True
random,P123,carbamino reaction,카르바미노반응,,none,미검출,-,False,False,다낭성 신장의 형성이상,True
random,P123,alpha thalassemia,알파 지중해빈혈,지라콩팥,ok,오답,-,False,False,지라콩팥-,True
random,P124,immunoglobulin class,면역글로불린계,,none,미검출,-,False,False,내피부착분자,True
random,P124,assessing grief,슬픔 사정하기,,none,미검출,-,False,False,카펜터 증후군,True
random,P124,purpura annularis telangiectodes,고리모세혈관확장자색반,,none,미검출,-,False,False,욕조,True
random,P125,di guglielmo's disease,디구글리엘모병,,none,미검출,-,False,False,관절경 이용 초승달 절제,True
random,P125,video-urodynamic study,영상요역동학검사,,none,미검출,-,False,False,월경불규칙,True
random,P125,primary syphilis,1기매독,,none,미검출,-,False,False,파라핀종,True
random,P126,deep mycosis,심재성 진균증,,none,미검출,-,False,False,재래식투베르쿨린,True
random,P126,endothelium-derived relaxing factor,내피유래이완인자,,none,미검출,-,False,False,브리언트 당김,True
random,P126,descriptive epidemiology,기술역학,,none,미검출,-,False,False,헌혈,True
random,P127,drug induce pruritus,약물 유발성 가려움,,none,미검출,-,False,False,망막위축,True
random,P127,goitrogenic,갑상샘종유발물질-,,none,미검출,-,False,False,결절 근막염,True
random,P127,suturing of wound,창상봉합술,,none,미검출,-,False,False,무균실험대,True
random,P128,expectorant mixture,복합거담제,,none,미검출,-,False,False,교원 섬유 이식술,True
random,P128,reducing artifact,감소인공물,셋째뇌실을 감소시키기 위해,ok,오답,-,False,False,셋째뇌실,True
random,P128,bilaminar vitelline placenta,두겹난황태반,,none,미검출,-,False,False,막창자 종괴,True
random,P129,iridocoloboma,홍채결손,,none,미검출,-,False,False,젖샘염,True
random,P129,glissade,글리사드,다발잔떨림근대성대발작,ok,오답,-,False,False,다발잔떨림근대성대발작,True
random,P129,anecdotal,증례서술적,,none,미검출,-,False,False,씹기 기능장애,True
random,P130,hypofunction,기능저하,,none,미검출,-,False,True,투석목표체중,True
random,P130,ardor,작열감,,none,미검출,-,False,False,붓털세동맥,True
random,P130,impulse conducting system,심장흥분전도계통,,none,미검출,-,False,False,저분절증,True
random,P131,hyalomere,투명부위,,none,미검출,-,False,False,외과적시기결정,True
random,P131,protrusive position,전방위,,none,미검출,-,False,False,알파 지중해빈혈,True
random,P131,joint swelling non-inflammatory,비염증 관절 부기,관절 부종,ok,오답,-,False,False,샘창자위동맥,True
random,P132,osteoarthritis,뼈관절염,,none,미검출,-,False,False,스테인레스금관 합착,True
random,P132,colpocystocele,질방광탈출(증),,none,미검출,-,False,False,증례서술적,True
random,P132,subspinous,가시돌기밑-,,none,미검출,-,False,False,이소소르바이드,True
random,P133,refractive accomodative esotropia,굴절조절 내사시,,none,미검출,-,False,False,두덩관절피막-,True
random,P133,apicoectomy,치근첨절제(술),,none,미검출,-,False,False,척주굽이,True
random,P133,flushing,홍조,,none,미검출,-,False,False,척수 신경섬유종증,True
random,P134,mutiple myeloma,다발성 골수종,,none,미검출,-,False,False,뼈관절염,True
random,P134,dermoepidermal,진피표피-,,none,미검출,-,False,False,단순 처치,True
random,P135,entire finger,온손가락,,none,미검출,-,False,True,탈색크림,True
random,P135,appendix ultrasound,맹장 초음파,,none,미검출,-,False,False,V-Y 성형술,True
random,P136,operative cholangiography,수술쓸개관조영(술),두개몰딩,ok,오답,-,False,False,두개몰딩,True
random,P136,ionophore antibiotic,이온투과차단항생제,치근첨절제 (술) 아나필락시스유사위기,ok_nospace,오답,-,False,False,치근첨절제(술),True
random,P136,peritoneocentesis,복막천자,,none,미검출,-,False,False,막창자 종괴,True
random,P137,invasive mole,침윤기태,,none,미검출,-,False,False,스미드골절,True
random,P137,vetebra,척추,,none,미검출,-,False,False,알파 지중해빈혈,True
random,P137,kub left lateral,"콩팥요관방광촬영, 왼쪽측방향",,none,미검출,-,False,False,공막 괴사/ 융해,True
random,P138,colonic serosa,잘록창자장막층,,none,미검출,-,False,False,정신사회발달,True
random,P138,nasalis muscle,코근,,none,미검출,-,False,False,손목의 탈구,True
random,P138,onchocercoma,회선사상충결절,관장기,ok,오답,-,False,False,관장기,True
random,P139,corticobasal degeneration,겉질기저 변성,,none,미검출,-,False,False,가슴 날숨촬영,True
random,P139,nonalcoholic steaohepatitis,비알코올성 지방간염,,none,미검출,-,False,False,무릎뼈의 장애,True
random,P139,laryngeal carcinoma,후두 암종,,none,미검출,-,False,False,경추성 현기증,True
random,P140,pseudoepicanthus,거짓눈구석주름,항중성구세포질항체,ok,오답,-,False,False,항중성구세포질항체,True
random,P140,hydropneumothorax,물공기가슴증,,none,미검출,-,False,False,자궁경부개대,True
random,P140,cathemoglobin,카트헤모글로빈,구개 니코틴성 백색각화증,ok,오답,-,False,False,구개 니코틴성 백색각화증,True
random,P141,endoscopic retrograde pancreatography,내시경역행이자관조영(술),,none,미검출,-,False,False,폰히펠-린다우병,True
random,P141,koop's modified pylomyotomy,쿱의 수정 유문근층 절개,,none,미검출,-,False,False,눈물점겉말림,True
random,P141,brachiocephalic trunk,팔머리동맥,,none,미검출,-,False,False,치근첨절제(술),True
random,P142,pubovaginal,두덩질-,,none,미검출,-,False,False,거동불편자,False
random,P142,ulcerated external hemorrhoids,궤양성 외치핵,,none,미검출,-,False,False,복부 촉지성 종괴,True
random,P142,school childhood,학령기,안드로젠탈모증,ok,오답,-,False,False,안드로젠탈모증,True
random,P143,horopter,단일시궤도,,none,미검출,-,False,False,옴스크출혈열,True
random,P143,vesicorectal fistula,방광직장루,,none,미검출,-,False,False,소료(素髎),True
random,P143,dysostosis multiplex group,다발 집단 뼈발생이상,명료함,ok,오답,-,False,False,명료함,True
random,P144,parathyroid tetany,부갑상선테타니,,none,미검출,-,False,False,심장 양전자방출단층촬영술,True
random,P144,sideroblastic anaemia,철적혈모구빈혈,이종다당류,ok,오답,-,False,False,절단끝환각,True
random,P144,meshwork,섬유주,,none,미검출,-,False,False,요독경련,True
random,P145,infantile automatism,젖먹이자동증,,none,미검출,-,False,False,긴장형 정신분열병,True
random,P145,stomatomy,자궁구절개(술),,none,미검출,-,False,False,감속,True
random,P145,familial polyposis,가족성폴립증,,none,미검출,-,False,False,유사운동-,True
random,P146,prootic,귀앞-,,none,미검출,-,False,False,이동진료소,True
random,P146,microencephaly,작은뇌증,,none,미검출,-,False,False,반적응교합기,True
random,P147,vaccination against staphylococcus,포도구균 예방접종,요천부팽대,ok,오답,-,False,False,요천부팽대,True
random,P147,photogene,잔상,티모포이에틴,ok,오답,-,False,False,신경지방산,True
random,P147,cortisol-binding globulin,코티솔결합글로불린,,none,미검출,-,False,False,표준화비율비,True
random,P148,prolinase,프롤린효소,,none,미검출,-,False,False,소변정체,True
random,P148,vibratory auscultation,진동청진,,none,미검출,-,False,False,막창자 종괴,True
random,P148,iridocyclitis in tuberculosis,결핵에서의 홍채섬모체염,,none,미검출,-,False,False,경막의 동정맥루,True
random,P149,egg yolk medium,달걀노른자배지,,none,미검출,-,False,False,신경축,True
random,P149,mescaline,메스칼린,,none,미검출,-,False,False,"콩팥요관방광촬영, 왼쪽측방향",True
random,P149,polymyalgia rheumatica,류마티스성 다발근통,,none,미검출,-,False,False,주작용근,True
random,P150,ossidesmosis,힘줄뼈되기,,none,미검출,-,False,False,섬경화증,True
random,P150,endoenteritis,창자점막염,신경축,ok,오답,-,False,False,신경축,True
random,P150,heart excess patterns,심실증,타액 점조도 검사,ok,오답,-,False,False,타액 점조도 검사,True
random,P151,rodent ulcer,잠식궤양,,none,미검출,-,False,False,결합체,True
random,P151,dopa-responsive dystonia,도파-반응성 근긴장이상,,none,미검출,-,False,False,불개미,True
random,P151,plating method,평판배양법,,none,미검출,-,False,False,지속흡입호흡,True
random,P152,toilet,세척,,none,미검출,-,False,False,골수공간,True
random,P152,intermedia thalassaemia,중간형 지중해빈혈,,none,미검출,-,False,False,씹기 기능장애,True
random,P152,superexcitation,과도흥분,,none,미검출,-,False,False,삼중검사,True
random,P153,naevus portwine,포도주색 모반,지텔만 증후군,ok,오답,-,False,False,지텔만 증후군,True
random,P153,in situ hybridization,제자리부합법,,none,미검출,-,False,False,사마귀피부염,True
random,P153,subadventitial fibroplasia,외막밑섬유증식,,none,미검출,-,False,False,종양특이항원,True
random,P154,aerial infection,흡입감염,,none,미검출,-,False,False,두개내공간점유병변,True
random,P154,intranasal ethmoidectomy,사골동염근치술; 비내 접근법,,none,미검출,-,False,False,부적절한 자기 노출,True
random,P154,hand,수,,none,미검출,-,False,True,조기흥분,True
random,P155,normokalemic,정상칼륨혈-,흉반,ok,오답,-,False,False,흉반,True
random,P155,polygraph,다원기록기,,none,미검출,-,False,False,1일2회,True
random,P155,video laryngoscopy,비디오후두경검사(법),비디오레이저검사,ok,오답,-,False,False,비디오레이저검사,True
random,P156,salbutamol,살부타몰,엉덩관절병골반,ok,오답,-,False,False,엉덩관절병골반,True
random,P156,reverse mutation,역돌연변이,정신사회발달,ok,오답,-,False,False,정신사회발달,True
random,P156,single outlet heart,단일유출로심장,,none,미검출,-,False,False,염색체외유전,True
random,P157,blood donation,헌혈,상내사위,ok,오답,-,False,True,상내사위,True
random,P157,mitokinetic,유사운동-,,none,미검출,-,False,False,고산병,True
random,P157,distraction therapy,골신장술,중간가로막 흉터종여드름,ok,오답,-,False,False,중간가로막,True
random,P158,angiohyalinosis,혈관유리질증,,none,미검출,-,False,False,난소 낭종 적출술,True
random,P158,prolonged latent phase,지연된 잠복기,,none,미검출,-,False,False,급속 분만,True
random,P158,rolling disease,회전병,세정맥,ok,오답,-,False,False,세정맥,True
random,P159,anaphylactoid crisis,아나필락시스유사위기,식도 곁주머니염,ok,오답,-,False,False,식도 곁주머니염,True
random,P159,nitrogen dioxide,이산화질소,,none,미검출,-,False,False,해마경화(증),True
random,P159,pulmonary atelectasis,무기폐,,none,미검출,-,False,False,담낭의 누공,True
random,P160,macrocytic anemia,큰적혈구빈혈,,none,미검출,-,False,False,혈관유리질증,True
random,P160,retrognathism,하악후퇴,,none,미검출,-,False,False,곧창자 확장,True
random,P160,removal of restoration,기존 보철물 제거,,none,미검출,-,False,False,엄지 손가락 재건,True
random,P161,clubbing of nails,손톱의 곤봉화,,none,미검출,-,False,False,두덩관절피막-,False
random,P161,carpenter's syndrome,카펜터 증후군,,none,미검출,-,False,False,다발잔떨림근대성대발작,False
random,P161,immature proglottid,미성숙편절,,none,미검출,-,False,False,두경부동맥조영-내경동맥,True
random,P162,toxic cardiopathy,독성심장병(증),,none,미검출,-,False,False,맹장 초음파,True
random,P162,amphorophony,공동공명음,,none,미검출,-,False,False,지실(志室),True
random,P162,blood in stool,대변 속 혈액,,none,미검출,-,False,False,외상후 지연 발작,True
random,P163,nephritic retinitis,콩팥염망막염,,none,미검출,-,False,False,경막의 동정맥루,True
random,P163,hemopleuropneumonic syndrome,혈액가슴막폐렴증후군,,none,미검출,-,False,False,정관절제술탐침,True
random,P163,operative ultrasound,수술중초음파검사,,none,미검출,-,False,False,낭종 주머니형성,True
random,P164,transfusion tests,수혈혈액검사,,none,미검출,-,False,False,매복변제거 사정,True
random,P164,throat pruritus,목구멍 가려움증,,none,미검출,-,False,False,에르고트중독증,True
random,P164,cholangioscopy,담관내시경(술),,none,미검출,-,False,False,클라스프 수리,True
random,P165,filarial chylocele,사상충성 음낭암죽종,,none,미검출,-,False,False,엉치꼬리-,True
random,P165,nummular dermatitis,동전모양피부염,선천 이상각화증,ok,오답,-,False,False,선천 이상각화증,True
random,P165,bronchus t-tube insertion,기관지 T-삽관,,none,미검출,-,False,False,앙와위,True
random,P166,ramicotomy,신경분지절단(술),,none,미검출,-,False,False,호스피스 사정,True
random,P166,incretology,내분비학,,none,미검출,-,False,True,발바닥쪽 굽힘,True
random,P167,masticatory dysfunction,씹기 기능장애,,none,미검출,-,False,False,녹색시,True
random,P167,semidirected lead,반직접유도,인두마비,ok,오답,-,False,False,인두마비,True
random,P167,auriculopalpebral reflex,이개안검반사,,none,미검출,-,False,False,"콩팥요관방광촬영, 왼쪽측방향",True
random,P168,psoriatic spondylitis,건선척추염,,none,미검출,-,False,False,신생아식도역류,True
random,P168,absence of muscle,근육의 결여,근육의 결여,ok,정답(대표),exact,True,True,풍토병,True
random,P168,debanding,밴드제거,발의 관절 성형,ok,오답,-,False,False,발의 관절 성형,True
random,P169,opium plaster,아편고약,,none,미검출,-,False,False,브릿지 치료,True
random,P169,melanidrosis,흑색땀증,,none,미검출,-,False,False,오령산,True
random,P169,elongation,신장,,none,미검출,-,False,True,유전성 아밀로이드 신장병증,True
random,P170,double-barreled aorta,이중관대동맥,,none,미검출,-,False,False,불규칙과다월경,True
random,P170,deceleration,감속,,none,미검출,-,False,False,알코올솜,True
random,P170,autonomic bladder,자율방광,,none,미검출,-,False,False,중심난황-,True
random,P171,perseveration,고집증,과잉매복치,ok,오답,-,False,False,과잉매복치,True
random,P171,leukotaxis,백혈구쏠림성,인지질혈증,ok,오답,-,False,False,인지질혈증,True
random,P171,idiotype-anti-idiotype network,개별특이형항체조절망,,none,미검출,-,False,False,비알코올성 지방간염,True
random,P172,bovine granulomatous mastitis,소육아종 유방염,,none,미검출,-,False,False,허물벗기,True
random,P172,gallium scan,갈리움 스캔,,none,미검출,-,False,False,자궁목 절단,True
random,P172,cecocentral scotoma,주시점맹점암점,,none,미검출,-,False,True,카트헤모글로빈,True
random,P173,semiadjustable articulator,반적응교합기,,none,미검출,-,False,False,대변농축(법),True
random,P173,assess pulmonary care,호흡기계간호 사정,,none,미검출,-,False,False,방사면역전기이동(법),True
random,P173,punctal ectropion,눈물점겉말림,도리깨질 (증),ok_nospace,오답,-,False,False,도리깨질(증),True
random,P174,alcohol swab,알코올솜,,none,미검출,-,False,False,담관내시경(술),True
random,P174,chondrogen,연골원,,none,미검출,-,False,False,실조성반부전마비,True
random,P174,periostitis,뼈막염,,none,미검출,-,False,False,두덩뼈 위쪽 경유 전립샘 절제,True
random,P175,primary amnion,원시양막,,none,미검출,-,False,False,언어 손실,True
random,P175,naegleria fowleri,파울러자유아메바,,none,미검출,-,False,False,단순방사선사진,True
random,P175,psychosocial development,정신사회발달,,none,미검출,-,False,False,편평안구,True
random,P176,breathing bag reservoir,호흡주머니,불소화,ok,오답,-,False,False,불소화,True
random,P176,hodgkin disease,호지킨병,,none,미검출,-,False,False,말단영양통증,True
random,P176,rheumatoid vasculitis,류마티스혈관염,,none,미검출,-,False,False,V-Y 성형술,True
random,P177,fundus photography,안저사진,,none,미검출,-,False,False,원뿔수정체,True
random,P177,suprameatal foveola,바깥귀길위오목,,none,미검출,-,False,False,글리사드,True
random,P177,upper extremity,위팔,,none,미검출,-,False,False,윤부결막절개(술),True
random,P178,classic abdominoplasty,전형적 복부성형술,풋효소 몽골인 모양 눈,ok,오답,-,False,False,풋효소,True
random,P178,intrahepatic,간내-,,none,미검출,-,False,False,미세림프절이식,True
random,P178,immunodiagnostic method,면역진단법,회선사상충결절,ok,오답,-,False,False,회선사상충결절,True
random,P179,radiodigital,노손가락-,,none,미검출,-,False,False,뼈조각제거,True
random,P179,meckel's diverticulectomy,멕켈 게실절제술,,none,미검출,-,False,False,세르코스포라진균증,True
random,P179,stage of life,생명단계,,none,미검출,-,False,True,불안정제,True
random,P180,peritomy,윤부결막절개(술),,none,미검출,-,False,False,연소성 만성 홍채섬모체염,True
random,P180,induced malaria,접종말라리아,악교정수술,ok,오답,-,False,False,악교정수술,True
random,P180,sacrococcygeal,엉치꼬리-,,none,미검출,-,False,False,물공기가슴증,True
random,P181,standardized rate ratio,표준화비율비,신경축,ok,오답,-,False,False,신경축,True
random,P181,conjoined,연합-,,none,미검출,-,False,False,고리핵,True
random,P182,taenia solium,유구조충,Z 성형 (술),ok_nospace,오답,-,False,False,Z성형(술),True
random,P182,polymerism,분절과다증,포비유 증후군 언어 손실 로보진균증,ok,오답,-,False,False,온백색증,True
random,P182,pachyonychia congenita,선천손발톱비대증,,none,미검출,-,False,False,파형,True
random,P183,intermenstruum,월경간기,,none,미검출,-,False,False,지텔만 증후군,True
random,P183,petrooccipital fissure,바위뒤통수틈새,,none,미검출,-,False,False,다발 집단 뼈발생이상,True
random,P183,vibriocide,비브리오살균제,꾀병,ok,오답,-,False,False,꾀병,True
random,P184,triketohydrindene hydrate test,닌히드린검사,대하,ok,오답,-,False,False,대하,True
random,P184,videolaseroscopy,비디오레이저검사,,none,미검출,-,False,False,관료(顴髎),True
random,P184,tetrastichiasis,네줄속눈썹(증),,none,미검출,-,False,False,골신장술,True
random,P185,retrouterine hematocele,자궁뒤혈액낭종,,none,미검출,-,False,False,신경분지절단(술),True
random,P185,enteral tube irrigation,위장관세척,,none,미검출,-,False,False,흑(색)질,True
random,P185,pit carries,오목부분 우식,,none,미검출,-,False,False,풍토병,True
random,P186,hereditary mutilating keratoma,유전절단각화종,,none,미검출,-,False,False,진행성 반쪽얼굴 위축,True
random,P186,lochioschesis,산후질분비물정체,,none,미검출,-,False,False,눈미주신경반사,False
random,P186,blood fluke,주혈흡충,,none,미검출,-,False,False,막힌주머니 생검,True
random,P187,uterine inversion,자궁뒤집힘,,none,미검출,-,False,False,심방실중격결손,True
random,P187,suture thread,봉합사,폐 육종,ok,오답,-,False,False,폐 육종,True
random,P187,schistasis,갈림증,,none,미검출,-,False,False,내시경 이용 눈물주머니코안 연결 교정,True
random,P188,moniliform nucleus,염주핵,,none,미검출,-,False,False,마취과의사,True
random,P188,saphenous neuropathy,복재신경병증,,none,미검출,-,False,False,경막의 동정맥루,True
random,P188,morbidity aspects,질병 양상,,none,미검출,-,False,False,자궁뒤혈액낭종,True
random,P189,deltoid flap,어깨세모근피판,,none,미검출,-,False,False,선천 손발톱백반,True
random,P189,cogan's disease,코오간병,,none,미검출,-,False,False,소료(素髎),True
random,P189,paraganglion,곁신경절,,none,미검출,-,False,False,방사성핵종심(장)혈관조영(술),True
random,P190,nonvascularized bone graft,비혈관뼈이식,,none,미검출,-,False,False,바위뒤통수틈새,True
random,P190,macrostomia cribrosa,체반,,none,미검출,-,False,False,노손가락-,True
random,P190,myotonia,근긴장증,,none,미검출,-,False,False,털세포백혈병,True
random,P191,frolement,미세마찰음,,none,미검출,-,False,False,말단영양통증,True
random,P191,ineffective protection,비효율적 방어능력,,none,미검출,-,False,False,두눈 백내장,True
random,P191,eye swelling,안구 부기,,none,미검출,-,False,False,소료(素髎),True
random,P192,needle electromyography,바늘근전도검사(법),,none,미검출,-,False,False,귀앞-,True
random,P192,functional enuresis,기능성 유뇨증,,none,미검출,-,False,False,임종과정 악화됨,True
random,P192,muscle flap,근(육)판,,none,미검출,-,False,False,거동불편자,True
random,P193,clasp repair,클라스프 수리,,none,미검출,-,False,False,비염증 관절 부기,True
random,P193,ventricular asynergy,심실협동불능(증),,none,미검출,-,False,False,단극성 우울병,True
random,P193,jisil,지실(志室),,none,미검출,-,False,False,막자궁내막염,True
random,P194,depigmenting cream,탈색크림,,none,미검출,-,False,False,곁신경절,True
random,P194,neck righting reflex,목바로잡기반사,,none,미검출,-,False,False,관장기,True
random,P194,dyslipoproteinemia,이상지질단백혈증,,none,미검출,-,False,False,류마티스성 다발근통,True
random,P195,conglutinogen activating factor,교착원활성인자,,none,미검출,-,False,False,연소성 만성 홍채섬모체염,True
random,P195,lambliasis,람블편모충증,,none,미검출,-,False,False,힘줄뼈되기,True
random,P195,conn adenoma,콘 샘종,,none,미검출,-,False,False,글리코포린,True
random,P196,inspirator,흡입기,,none,미검출,-,False,False,욕조,True
random,P196,suggillation,광범피부밑출혈,,none,미검출,-,False,False,회색변,True
random,P196,hippocampal sclerosis,해마경화(증),,none,미검출,-,False,False,여성호르몬과다(증),True
random,P197,ear probe,귀꽂이,,none,미검출,-,False,False,비디오레이저검사,True
random,P197,osteochondroma,뼈연골종,,none,미검출,-,False,False,저림,True
random,P197,clean bench,무균실험대,,none,미검출,-,False,False,브리언트 당김,True
random,P198,speech loss,언어 손실,,none,미검출,-,False,True,자가간호결핍,True
random,P198,hemocytometry,혈구계수(법),결합체,ok,오답,-,False,False,결합체,True
random,P198,congenital leukonychia,선천 손발톱백반,전립샘통증,ok,오답,-,False,False,전립샘통증,True
random,P199,hemoclastic reaction,혈구파괴반응,hemoclastic reaction,ok,오답,-,False,False,복부 촉지성 종괴,False
random,P199,perform infection control,감염통제 수행,perform infection control measures,ok,오답,-,False,False,결절가려움발진,False
random,P199,endothelial adhesion molecule,내피부착분자,endothelial adhesion molecule,ok,오답,-,False,False,약물 유발성 가려움,False
random,P200,chloropsia,녹색시,손발톱병 (증),ok_nospace,오답,-,False,False,심장가로막각,True
random,P200,homogeneous,균일,진동청진하게,ok,오답,-,False,True,진동청진,True
random,P200,extrachromosomal inheritance,염색체외유전,셋째뇌실 유전,ok,오답,-,False,False,셋째뇌실,True
random,P201,coproporphyrinuria,코프로포르피린뇨,,none,미검출,-,False,False,이온투과차단항생제,True
random,P201,retroactive inhibition,역행기억억제,,none,미검출,-,False,False,넙다리뼈,True
random,P201,dyspnea disorder,천증,,none,미검출,-,False,False,해마경화(증),True
random,P202,premenopause,폐경전,,none,미검출,-,False,False,부족교정,True
random,P202,thymus,가슴샘,,none,미검출,-,False,False,얼굴신경핵,True
random,P202,microincision,미세절개,,none,미검출,-,False,False,내시경 이용 심근경유 혈관 재형성,True
random,P203,neurodeatrophia,망막위축,,none,미검출,-,False,False,고리나선신경종말,True
random,P203,fasciola hepatica,간질,,none,미검출,-,False,False,위아래턱부조화,True
random,P203,cystica ureteritis,낭성 요관염,,none,미검출,-,False,False,청각 부전,True
random,P204,dying process deteriorated,임종과정 악화됨,,none,미검출,-,False,False,초음파,True
random,P204,puboprostatic,두덩전립샘-,,none,미검출,-,False,False,정맥염 및 혈전정맥염,True
random,P204,bilharzial dysentery,방광주혈흡충이질,,none,미검출,-,False,False,감염되지않은,True
random,P205,orofaciodigital syndrome,구안지 증후군,,none,미검출,-,False,False,에스테라아제감소,True
random,P205,laparoscopic unilateral salpingo-oophorectomy,배안보개 이용 한쪽 자궁관난소 적출,복강경 단측 난관난소절제술,ok,오답,-,False,False,더운물 주머니,False
random,P205,apneusis,지속들숨,무호흡 발작,ok,오답,-,False,False,맞물림이상(앞쪽)(뒤쪽),False
random,P206,citrate,구연산,,none,미검출,-,False,False,"비인두암, 수술후 상태",True
random,P206,trichroism,삼색상,두풍 ; 뇌풍,ok,오답,-,False,False,두풍 ; 뇌풍,True
random,P206,antigenic reversion,항원복귀,이전 표현형 상태로의 회귀,ok,오답,-,False,False,중간수근골(관절)의 탈구,True
random,P207,annular nucleus,고리핵,,none,미검출,-,False,False,기존 보철물 제거,True
random,P207,entire trapezius muscle,온등세모근,,none,미검출,-,False,False,산후질분비물정체,True
random,P207,cervico-occipital neuralgia,목 뒤통수 신경통,,none,미검출,-,False,False,두개내공간점유병변,True
random,P208,bougienage of esophagus,식도 부우지법,,none,미검출,-,False,False,질병 양상,True
random,P208,diabetic coma,당뇨 혼수,,none,미검출,-,False,False,다낭성 신장의 형성이상,True
random,P208,atlas-axis spinal fusion,고리뼈-중쇠뼈 척추 유합,,none,미검출,-,False,False,시스타티오닌,True
random,P209,postpartum afibrinogenemia,분만후 무피브리노젠혈증,,none,미검출,-,False,False,근(육)알부민,True
random,P209,lamblial dysentery,람블편모충이질,,none,미검출,-,False,False,근육긴장저하,True
random,P209,technetium uptake test,Tc섭취율,,none,미검출,-,False,False,경장 섭취 요법,True
random,P210,tubular maximum,요세관최대값,,none,미검출,-,False,False,혈관유리질증,True
random,P210,apraxia of speech,언어의 실행증,,none,미검출,-,False,False,두덩뼈 위쪽 경유 전립샘 절제,True
random,P210,ovarian cystectomy,난소 낭종 적출술,,none,미검출,-,False,False,전방포도막염,True
random,P211,tumor-specific antigen,종양특이항원,,none,미검출,-,False,False,빨기 반사 어려움,True
random,P211,autonomic insufficiency,자율신경부전,,none,미검출,-,False,False,수술쓸개관조영(술),True
random,P211,vulvovaginal,음문질-,,none,미검출,-,False,False,월경간기,True
random,P212,acrotrophodynia,말단영양통증,,none,미검출,-,False,False,요코가와흡충,True
random,P212,interfascicular graft,다발사이이식,,none,미검출,-,False,False,돌연세대변이,True
random,P212,acentric occlusion,비중심교합,,none,미검출,-,False,False,요오드표지-,True
random,P213,von hippel-lindau disease,폰히펠-린다우병,,none,미검출,-,False,False,관절경적 피막절제술,True
random,P213,chemohormonal,화학호르몬-,,none,미검출,-,False,False,근육의 결여,True
random,P213,radiodermatitis,방사선피부염,,none,미검출,-,False,False,농축염색질,True
random,P214,lipomelanotic reticulosis,지방흑색증성 세망증,,none,미검출,-,False,False,발의 관절 성형,True
random,P214,parovarian cystoma,난소위체낭,,none,미검출,-,False,False,기술역학,True
random,P214,suprapubic prostatectomy,두덩뼈 위쪽 경유 전립샘 절제,,none,미검출,-,False,False,산화염료,True
random,P215,corynebacterium pseudotuberculosis,거짓결핵균,,none,미검출,-,False,False,달걀노른자배지,True
random,P215,laparoscopic appendectomy,배안보개 이용 막창자꼬리 절제,,none,미검출,-,False,False,물리적깊이민감도,True
random,P215,spleen qi deficiency,비기허,,none,미검출,-,False,False,고티록신혈증,True
random,P216,hepatogram,간실질상,굴절조절 내사시,ok,오답,-,False,False,굴절조절 내사시,True
random,P216,maxillomandibular disharmony,위아래턱부조화,,none,미검출,-,False,False,조기흥분,True
random,P216,radiostrontium,방사성스트론튬,잠재배가시간,ok,오답,-,False,False,잠재배가시간,True
random,P217,amputation of cervix,자궁목 절단,,none,미검출,-,False,False,홍조,True
random,P217,hydrometra,물자궁증,,none,미검출,-,False,False,역돌연변이,True
random,P217,calcification of bursa,윤활낭(의) 석회화,,none,미검출,-,False,False,신경축,True
random,P218,arachnoid cyst,거미막하 낭종,지주막하출혈,ok,오답,-,False,False,외상성 지주막하출혈,True
random,P218,cold sore,입술헤르페스,,none,미검출,-,False,False,커플링염료,True
random,P218,coxalgic pelvis,엉덩관절병골반,,none,미검출,-,False,False,외반슬,True
random,P219,resecting fracture,깍임골절,,none,미검출,-,False,False,언어 손실,True
random,P219,enterotoxin,창자독소,,none,미검출,-,False,False,대사촉진-,True
random,P219,hypotonus,근육긴장저하,,none,미검출,-,False,False,호색소세포,True
random,P220,fourth heart sound,제4심(장)음,,none,미검출,-,False,False,치관외-,True
random,P220,milieu therapy,환경 치료요법,위아래턱부조화,ok,오답,-,False,False,위아래턱부조화,True
random,P220,haematosalpinx,혈난관,심실협동불능 (증),ok_nospace,오답,-,False,False,심실협동불능(증),True
random,P221,revaccination,재접종,,none,미검출,-,False,False,췌질,True
random,P221,impaired eating behaviour,손상된 식습관 행위,,none,미검출,-,False,False,폐경기후 출혈,True
random,P221,presbyophrenia,노년치매,노인성 치매,ok,오답,-,False,False,막힌샛길,False
random,P222,spireme,분산사구,,none,미검출,-,False,False,도파-반응성 근긴장이상,True
random,P222,polychromatophilic erythrocyte,다염적혈구,,none,미검출,-,False,False,췌질,True
random,P222,running nose,코감기,,none,미검출,-,False,False,활동정도,True
random,P223,excitometabolic,대사촉진-,,none,미검출,-,False,False,삼출되지않은,True
random,P223,qrs widened,큐알에스(QRS) 넓힘,,none,미검출,-,False,False,잠수반사,True
random,P223,neuraxis,신경축,,none,미검출,-,False,False,녹말효소측정법,True
random,P224,direct coombs test,직접쿰즈검사,,none,미검출,-,False,False,약물유발-,True
random,P224,fenestrated capillary,창문모세혈관,뼈이상돌출,ok,오답,-,False,False,뼈이상돌출,True
random,P224,physics depth sensitivity,물리적깊이민감도,,none,미검출,-,False,False,파형,True
random,P225,pseudomonas aeruginosa,녹농균,벌레먹은 발바닥,ok,오답,-,False,False,벌레먹은 발바닥,True
random,P225,altered uterine contractions,자궁수축 변화,,none,미검출,-,False,False,가슴샘체질,True
random,P225,assess circulatory care,순환계간호 사정,자궁목내막과다형성을 신중하게 평가하기로 결정했다,ok,오답,-,False,False,자궁목내막과다형성,True
random,P226,grafting,이식,,none,미검출,-,False,False,곡물 소양증,True
random,P226,mediastinotomy,세로칸절개(술),,none,미검출,-,False,False,속림프관,True
random,P226,hill-sachs lesion,힐-샥스 병터,,none,미검출,-,False,False,방광주혈흡충이질,True
random,P227,bilateral palatine tonsils,양측 목구멍 편도,,none,미검출,-,False,False,시상하부-뇌하수체-부신축,True
random,P227,manage immobilizer care,부동간호 관리,,none,미검출,-,False,False,요세관재흡수,True
random,P227,head wind,두풍 ; 뇌풍,,none,미검출,-,False,False,아마포착용자병,True
random,P228,preexcitation ecg,조기흥분,,none,미검출,-,False,False,저비중뇨,False
random,P228,pneumonia in ornithosis,비둘기병에서의 폐렴,,none,미검출,-,False,False,이식,True
random,P228,hydrocyst,물낭,,none,미검출,-,False,False,편측시야결손,True
random,P229,triple test,삼중검사,,none,미검출,-,False,False,항균안약,True
random,P229,heteropolysaccharide,이종다당류,,none,미검출,-,False,False,관절경 후방 피막테두리성형술,True
random,P229,labilizer,불안정제,,none,미검출,-,False,False,궤양성 비궤양성 소화불량,True
random,P230,breath holding spell,숨참기발작,,none,미검출,-,False,False,귓바퀴관자신경,True
random,P230,diverticulitis oesophageal,식도 곁주머니염,,none,미검출,-,False,False,실론구충,True
random,P230,neurostearic acid,신경지방산,,none,미검출,-,False,False,크립토콕쿠스수막대뇌염,True
random,P231,bryant's traction,브리언트 당김,,none,미검출,-,False,False,자궁목 경유 가슴샘 절제,True
random,P232,cystathionine,시스타티오닌,,none,미검출,-,False,False,회전병,True
random,P232,medical care division,의료급여구분,,none,미검출,-,False,False,편평안구,True
random,P232,medical genetics,의학유전학,,none,미검출,-,False,False,수반장애,True
random,P233,puerperium,산후기,,none,미검출,-,False,True,궤양림프절야생토끼병,True
random,P233,evacuation of empyema,축농 제거,,none,미검출,-,False,False,합포체-,True
random,P233,simple dressing,단순 처치,,none,미검출,-,False,False,발전문가,True
random,P234,heteromorphism,이형,,none,미검출,-,False,False,이온화선량계,True
random,P234,atriocarotid interval,심방목동맥간격,,none,미검출,-,False,False,등 열상,True
random,P234,muscular dystrophy carrier,근퇴행위축 보균자,,none,미검출,-,False,False,일반미생물 검사,True
random,P235,dry arthritis,건성관절염,건성 관절염,ok,정답(대표),variant,True,True,눈미주신경반사,False
random,P235,foville syndrome,포비유 증후군,,none,미검출,-,False,False,후적혈구,True
random,P235,chromophilic cell,호색소세포,호색소세포,ok,정답(대표),exact,True,True,위팔,False
random,P236,mediterranean tick fever,지중해진드기열,,none,미검출,-,False,False,긴장-,True
random,P236,pseudoptosis,거짓눈꺼풀처짐,,none,미검출,-,False,False,심방실중격결손,True
random,P236,flax-dresser disease,아마포착용자병,,none,미검출,-,False,False,정신사회발달,True
random,P237,personal identity disturbance,자아정체성장애,,none,미검출,-,False,False,내시경 이용 눈물주머니코안 연결 교정,True
random,P237,glucuronic acid,글루쿠론산,,none,미검출,-,False,False,다발잔떨림근대성대발작,True
random,P237,glycophorin,글리코포린,,none,미검출,-,False,False,코프로포르피린뇨,True
random,P238,pilar cyst,모낭,모낭종,ok,정답(대표),partial,True,True,심재성 진균증,True
random,P238,revision septoplasty,교정 사이막성형술,,none,미검출,-,False,False,넙다리뼈,True
random,P238,late post-traumatic seizures,외상후 지연 발작,,none,미검출,-,False,False,무작위교배계,True
random,P239,total albinism,온백색증,,none,미검출,-,False,False,긴장형 정신분열병,True
random,P239,prescription group,처방묶음,반적응교합기,ok,오답,-,False,False,반적응교합기,True
random,P239,antroscope,위턱굴보개,간관루설치 (술),ok_nospace,오답,-,False,False,간관루설치(술),True
random,P240,linear craniectomy,선상 머리뼈 절제,철적혈모구빈혔을,ok,오답,-,False,False,철적혈모구빈혈,False
random,P240,myelodysplastic syndromes,골수형성이상증후군,,none,미검출,-,False,False,허리근음영,True
random,P240,first responder,일차반응자,트랜지스터보청기,ok,오답,-,False,False,트랜지스터보청기,True
random,P241,peritoneal cavity,배막안,,none,미검출,-,False,False,목 뒤통수 신경통,True
random,P241,ileocolic artery,돌잘룩창자동맥,,none,미검출,-,False,False,절치,True
random,P241,cryptococcal meningocerebritis,크립토콕쿠스수막대뇌염,,none,미검출,-,False,False,이소말타아제,True
random,P242,hearing impairment,청각 부전,,none,미검출,-,False,False,반응성-,True
random,P242,hysterocystocleisis,자궁방광꿰맴(술),,none,미검출,-,False,False,고지혈증,True
random,P242,muscular artery,근육형동맥,,none,미검출,-,False,False,이산화질소,True
random,P243,splenectomy,비장절제,,none,미검출,-,False,False,축농 제거,True
random,P243,tibia vara,내반경골,,none,미검출,-,False,False,관장 사정,True
random,P243,platelet,혈소판,,none,미검출,-,False,False,위팔,True
random,P244,allergenic serum,알레르기혈청,담낭의 누공,ok,오답,-,False,False,담낭의 누공,True
random,P244,hyperthyroxinemia,고티록신혈증,,none,미검출,-,False,False,간실질상,True
random,P244,grain itch,곡물 소양증,,none,미검출,-,False,False,표준화비율비,True
random,P245,lymphopoiesis,림프구형성,,none,미검출,-,False,False,다발사이이식,True
random,P245,melanoacanthoma,멜라닌가시세포종,,none,미검출,-,False,False,에스테라아제감소,True
random,P245,anterior resection,앞방향절제(술),,none,미검출,-,False,False,일차반응자,True
random,P246,oculovagal reflex,눈미주신경반사,,none,미검출,-,False,False,"콩팥요관방광촬영, 왼쪽측방향",True
random,P246,tracheobronchial,기관기관지-,,none,미검출,-,False,False,카트헤모글로빈,True
random,P246,abdominal wall strained,배벽 긴장,,none,미검출,-,False,False,과잉결정관념,True
random,P247,neurofibromatosis of spine,척수 신경섬유종증,,none,미검출,-,False,False,코프로포르피린뇨,True
random,P247,pleurothecal anastomosis,가슴막-척수막 연결,,none,미검출,-,False,False,건초천식,True
random,P247,deshielded proton,미차폐양성자,,none,미검출,-,False,False,풋효소,True
random,P248,endocervical hyperplasia,자궁목내막과다형성,,none,미검출,-,False,False,세르코스포라진균증,True
random,P248,vague symptom,분명치않는증상,다발성 골수종,ok,오답,-,False,False,다발성 골수종,True
random,P248,deficient perineum,회음결핍,,none,미검출,-,False,False,정맥염 및 혈전정맥염,True
random,P249,spot retinoscope,점상망막검영기,,none,미검출,-,False,False,음압,True
random,P249,biceps femoris muscle,넙다리두갈래근,,none,미검출,-,False,False,파울러자유아메바,True
random,P249,tuning fork,소리굽쇠,,none,미검출,-,False,False,전환간호 수행,True
random,P250,buryu,부류(復溜),,none,미검출,-,False,False,비브리오살균제,True
random,P250,dilation of rectum,곧창자 확장,,none,미검출,-,False,False,건초천식,True
random,P250,tinea manuum,손백선,,none,미검출,-,False,False,정신사회발달,True
random,P251,diastasimetry,녹말효소측정법,,none,미검출,-,False,False,제곱근모양징후,True
random,P251,perfluorocarbon,과불화탄소,,none,미검출,-,False,False,흡입기,True
random,P251,myelalgia,척수통증,,none,미검출,-,False,False,누난 증후군,True
random,P252,third ventricle,셋째뇌실,,none,미검출,-,False,False,카르바미노반응,True
random,P252,cystitomy,수정체낭절개(술),,none,미검출,-,False,False,엉덩관절병골반,True
random,P252,inappropriate self disclosure,부적절한 자기 노출,연소성 만성 홍채섬모체염,ok,오답,-,False,False,연소성 만성 홍채섬모체염,True
random,P253,erythema migrans,이동성 홍반,,none,미검출,-,False,False,전환간호 수행,True
random,P253,medical indigent,의료급여대상자,의료급여대상자,ok,정답(대표),exact,True,True,외상후 다발관절증,True
random,P253,unequal limb length,사지길이부동증,사지길이부동증,ok,정답(대표),exact,True,True,혈관유리질증,True
random,P254,primary mover,주작용근,상대암점,ok,오답,-,False,False,상대암점,True
random,P254,motor fiber,운동신경섬유,,none,미검출,-,False,False,브리언트 당김,True
random,P254,tuberculosis of oesophagus,식도의 결핵,,none,미검출,-,False,False,스미드골절,True
random,P255,primitive neuroectodermal tumor,원시신경외배엽종양,콩팥염막막염,ok,오답,-,False,False,콩팥염망막염,False
random,P255,endovascular ultrasonography,혈관내 초음파촬영,,none,미검출,-,False,False,벼룩(속),True
random,P255,failed forceps,집게 사용 실패,큰머리증,ok,오답,-,False,False,큰머리증,True
random,P256,ceruminous gland,귀지샘,,none,미검출,-,False,False,Tc섭취율,True
random,P256,synclonus,동조근간대,,none,미검출,-,False,False,두덩뼈 위쪽 경유 전립샘 절제,False
random,P256,lienorenal,지라콩팥-,비장신장,ok,오답,-,False,False,잘록창자장막층,False
random,P257,affectivity,정동성,,none,미검출,-,False,False,이마봉합선,True
random,P257,ureteropelvic junction,요관깔때기이음부,,none,미검출,-,False,False,임시 지대주,True
random,P257,gangliectomy,신경절절제(술),,none,미검출,-,False,False,고리나선신경종말,True
random,P258,dry socket recurettage,발치와골염 재소파술,,none,미검출,-,False,False,분만후 무피브리노젠혈증,True
random,P258,epigastric artery,배벽동맥,,none,미검출,-,False,False,전립샘통증,True
random,P258,transurethral intravesical electrotherapy,요도경유방광속전기요법,,none,미검출,-,False,False,대칭성연축,True
random,P259,micromanipulation,미세조작(술),,none,미검출,-,False,False,온백색증,True
random,P259,negative pressure,음압,,none,미검출,-,False,False,토르,True
random,P259,puborectalis muscle,두덩곧창자근,,none,미검출,-,False,False,결합체,True
random,P260,costal angle,갈비뼈각,,none,미검출,-,False,False,털바탕질종,True
random,P260,abdominal palpable mass,복부 촉지성 종괴,온등세모근,ok,오답,-,False,False,온등세모근,True
random,P260,interim abutment,임시 지대주,갈고리돌기-,ok,오답,-,False,False,갈고리돌기-,True
random,P261,recession operation,뒤옮김술,,none,미검출,-,False,False,회선사상충결절,True
random,P261,podiatrist,발전문가,,none,미검출,-,False,False,밴드제거,True
random,P261,recurrent thyroid ca,재발성 갑상선암,,none,미검출,-,False,False,경막외 신경차단술,True
random,P262,noonan syndrome,누난 증후군,,none,미검출,-,False,False,장크도말검사,True
random,P262,high-grade lymphoma,심한 림프종,,none,미검출,-,False,False,말단병(증),True
random,P262,hereditary amyloid nephropathy,유전성 아밀로이드 신장병증,,none,미검출,-,False,False,영적의식 지지하기,True
random,P263,collagen fiber graft,교원 섬유 이식술,,none,미검출,-,False,False,수술중초음파검사,True
random,P263,ocular prosthesis,의안,그림좌절검사,ok,오답,-,False,True,그림좌절검사,True
random,P263,laryngopharyngitis,후두인두염,말단병 (증),ok_nospace,오답,-,False,False,말단병(증),True
random,P264,postoperative nasopharynx cancer,"비인두암, 수술후 상태",,none,미검출,-,False,False,의치지지조직,True
random,P264,oath of hippocrates,히포크라테스선서,,none,미검출,-,False,False,그레이브스 눈병증,True
random,P264,postprocedural hypothyroidism,처치후 갑상선기능저하증,,none,미검출,-,False,False,콩팥염망막염,False
random,P265,scintillating hemianopia,섬광반맹,,none,미검출,-,False,False,생식기능출현기,True
random,P265,dislocation of wrist,손목의 탈구,,none,미검출,-,False,False,이형,True
random,P265,aspergillus niger,아스페르길루스니게르,,none,미검출,-,False,False,소육아종 유방염,True
random,P266,paraspasm,대칭성연축,파라핀종,ok,오답,-,False,False,손발톱병(증),True
random,P266,molding,두개몰딩,막힌샛길,ok,오답,-,False,False,막힌샛길,True
random,P266,retention of urine,소변정체,,none,미검출,-,False,False,손톱의 곤봉화,True
random,P267,cranial dermal sinus,뇌피부동,,none,미검출,-,False,False,신경뿌리통증,True
random,P267,retrograde impulse,역방향흥분,,none,미검출,-,False,False,뿌리끝육아종,True
random,P267,iodinated,요오드표지-,,none,미검출,-,False,False,심한 림프종,True
random,P268,spinal injuries,척수 손상,,none,미검출,-,False,False,확산능,True
random,P268,facial nucleus,얼굴신경핵,유구조충,ok,오답,-,False,False,유구조충,True
random,P268,alert,명료함,,none,미검출,-,False,False,신보강화학요법,True
random,P269,dendritic spine,수지상극,,none,미검출,-,False,False,굴절조절 내사시,True
random,P269,hyperestrinism,여성호르몬과다(증),,none,미검출,-,False,False,간실질상,True
random,P269,absolute scotoma,절대암점,중심난황,ok,오답,-,False,False,중심난황-,True
random,P270,paramyxoviridae infection,파라믹소바이러스 감염,면역글로불린계,ok,오답,-,False,False,면역글로불린계,True
random,P270,hb-sc disease,헤모글로빈-SC병,위샘염,ok,오답,-,False,False,위샘염,True
random,P270,echo pulse,초음파,과잉매복치 왕복진탕기,ok,오답,-,False,False,과잉매복치,True
random,P271,teat,젖꼭지,,none,미검출,-,False,False,제곱근모양징후,False
random,P271,organic writer's cramp,기질성 서경,고리핵,ok,오답,-,False,False,고리핵,True
random,P271,esthiomene,만성 외음궤양,,none,미검출,-,False,False,자궁내막버팀질육종,True
random,P272,triaging,중증도 분류,,none,미검출,-,False,False,주시점맹점암점,True
random,P272,fistula of gallbladder,담낭의 누공,,none,미검출,-,False,False,비디오레이저검사,True
random,P272,periarthritis of wrist,손목의 관절주위염,,none,미검출,-,False,False,지텔만 증후군,True
random,P273,inverse-ratio ventilation,역비환기,,none,미검출,-,False,False,형질모세포성 림프종,True
random,P273,forehead,전두,목 뒤통수 신경통,ok,오답,-,False,False,목 뒤통수 신경통,True
random,P273,complex echo pattern,복잡메아리,동전모양피부염,ok,오답,-,False,False,동전모양피부염,True
random,P274,blood tinged sputum,혈액흔적가래,,none,미검출,-,False,False,손목손허리관절,True
random,P274,kakidrosis,땀악취증,,none,미검출,-,False,False,의안,True
random,P274,hippuric acid,마뇨산,,none,미검출,-,False,False,류마티스혈관염,True
random,P275,ophthalmophacometer,수정체굴절력측정계,,none,미검출,-,False,False,연속-,True
random,P275,radioimmunoelectrophoresis,방사면역전기이동(법),,none,미검출,-,False,False,위장관영양,True
random,P275,sirenomelia syndrome,인어다리 증후군,,none,미검출,-,False,False,다발사이이식,True
random,P276,defective interfering particle,결손간섭입자,무난개충란,ok,오답,-,False,False,무난개충란,True
random,P276,ancylostoma ceylanicum,실론구충,,none,미검출,-,False,False,결합체,True
random,P276,pupillary seclusion,동공차단,,none,미검출,-,False,False,멜라닌가시세포종,True
random,P277,mastadenitis,젖샘염,,none,미검출,-,False,False,동조곡선,True
random,P277,ophthalmologic surgical procedures,안과 수술방법,,none,미검출,-,False,False,점상망막검영기,True
random,P277,catatonic shizophrenia,긴장형 정신분열병,,none,미검출,-,False,False,광범피부밑출혈,True
random,P278,drug-induced,약물유발-,,none,미검출,-,False,False,면역진단법,True
random,P278,coalescent mastoiditis,융합꼭지돌기염,,none,미검출,-,False,False,흑색땀증,True
random,P278,major calyx,큰콩팥잔,열린사슬화합물,ok,오답,-,False,False,열린사슬화합물,True
random,P279,bladder neck contracture,방광목 위축,,none,미검출,-,False,False,귀꽂이,True
random,P279,sign,징후,,none,미검출,-,False,False,갈비뼈각,True
random,P279,juvenile chronic iridocyclitis,연소성 만성 홍채섬모체염,,none,미검출,-,False,False,전립샘통증,True
random,P280,dural avf,경막의 동정맥루,,none,미검출,-,False,False,아나필락시스유사위기,True
random,P280,myoalbumin,근(육)알부민,,none,미검출,-,False,False,아마포착용자병,True
random,P280,hay asthma,건초천식,,none,미검출,-,False,False,동조근간대,True
random,P281,post-traumatic polyarthrosis,외상후 다발관절증,외상 후 다발성 관절증,ok,오답,-,False,False,궁둥뼈결절,False
random,P281,insular sclerosis,섬경화증,섬성 경화,ok,오답,-,False,False,염주핵,False
random,P281,intestinal polypectomy,장 폴립 절제,장 폴립절제술,ok,정답(대표),partial,True,True,수술중 신경생리학적 검사,False
random,P282,pubocapsular,두덩관절피막-,,none,미검출,-,False,False,성끈기질종양,True
random,P282,substantia nigra,흑(색)질,,none,미검출,-,False,False,이동성 홍반,True
random,P282,core decompression,중핵감압,다발성 샘종성 폴립,ok,오답,-,False,False,다발성 샘종성 폴립,True
random,P283,nonoperculated egg,무난개충란,,none,미검출,-,False,False,닌히드린검사,True
random,P283,transcervical thymectomy,자궁목 경유 가슴샘 절제,,none,미검출,-,False,False,분아진균(속),True
random,P283,phospholipidemia,인지질혈증,,none,미검출,-,False,False,V-Y 성형술,True
random,P284,infraction,균열골절,,none,미검출,-,False,False,반응성-,True
random,P284,epilemmal termination,신경속막종말,,none,미검출,-,False,False,림프구형성,True
random,P284,hairy-cell leukemia,털세포백혈병,,none,미검출,-,False,False,염색체외유전,True
random,P285,thyroid nodule,갑상선소결절,,none,미검출,-,False,False,단극성 우울병,True
random,P285,paraphilia,성도착(증),,none,미검출,-,False,False,다약제내성,True
random,P285,antifibrinolysin,항섬유소용해소제,,none,미검출,-,False,False,간섭작용,True
random,P286,talipes calcaneus,발끝들린휜발증,,none,미검출,-,False,False,구안지 증후군,False
random,P286,lyophobic,소액성,,none,미검출,-,False,False,림프구형성,True
random,P286,long labor,지연 진통,지연되고 어려운 미세림프절이식,ok,오답,-,False,False,미세림프절이식,True
random,P287,allocentric,타인중심-,정동성,ok,오답,-,False,False,정동성,True
random,P287,vegetant intravascular hemangioendothelioma,증식혈관내혈관내피종,,none,미검출,-,False,False,저림,True
random,P287,cervix dilatation,자궁경부개대,,none,미검출,-,False,False,단순방사선사진,True
random,P288,lobectomy of lung,폐엽 절제,,none,미검출,-,False,False,토르,True
random,P288,supratentorial neoplasms,천막위 신생물,,none,미검출,-,False,False,과불화탄소,True
random,P288,basal seat,의치지지조직,,none,미검출,-,False,False,쿱의 수정 유문근층 절개,True
random,P289,mongoloid slant,몽골인 모양 눈,,none,미검출,-,False,True,속림프관,True
random,P289,internal carotid angiography,두경부동맥조영-내경동맥,,none,미검출,-,False,False,산후질분비물정체,True
random,P289,bionator,바이오네이터,다발 집단 뼈발생이상 흡입기,ok,오답,-,False,False,다발 집단 뼈발생이상,True
random,P290,syncytial,합포체-,생식기능출현기,ok,오답,-,False,False,생식기능출현기,True
random,P290,tangential section,비스듬절단,아마포착용자병,ok,오답,-,False,False,아마포착용자병,True
random,P290,incisor tooth,절치,,none,미검출,-,False,False,감염되지않은,True
random,P291,bird-shot chorioretinopathy,산탄맥락망막병(증),,none,미검출,-,False,False,배안보개 이용 한쪽 자궁관난소 적출,True
random,P291,guinea pig,기니피그,굴절부등약시,ok,오답,-,False,False,굴절부등약시,True
random,P291,multicystic kidney disease,다낭신장병,,none,미검출,-,False,False,황반 원공,True
random,P292,endometrial stromal sarcoma,자궁내막버팀질육종,,none,미검출,-,False,False,악교정수술,True
random,P292,voluntomotory,수의운동-,,none,미검출,-,False,False,포도구균 예방접종,True
random,P292,m line,중간가로막,,none,미검출,-,False,False,일회통과심장스캔-안정상태,True
random,P293,turbidometric technique,혼탁도측정기법,,none,미검출,-,False,False,눈미주신경반사,True
random,P293,retaining harness,장치유지,귀지샘,ok,오답,-,False,False,귀지샘,True
random,P293,femur,넙다리뼈,,none,미검출,-,False,False,간관루설치(술),True
random,P294,sarcoma of lung,폐 육종,,none,미검출,-,False,False,뒤옮김술,True
random,P294,hyposthenuric urine,저비중뇨,,none,미검출,-,False,False,과소 및 과소체중아,True
random,P294,rhabdomyomyxoma,횡문근점액종,,none,미검출,-,False,False,알레르기혈청,True
random,P295,menometrorrhagia,불규칙과다월경,옵신,ok,오답,-,False,False,옵신,True
random,P295,tuning curve,동조곡선,,none,미검출,-,False,False,궁둥뼈가지,True
random,P295,horseshoe fistula,말발굽샛길,체반,ok,오답,-,False,False,체반,True
random,P296,ballism,도리깨질(증),,none,미검출,-,False,True,발치와골염 재소파술,True
random,P296,paraffinoma,파라핀종,,none,미검출,-,False,False,선천 손발톱백반,True
random,P296,virgin population,무노출인구,,none,미검출,-,False,False,낭종 주머니형성,True
random,P297,esterapenia,에스테라아제감소,,none,미검출,-,False,False,요생산,True
random,P297,reconstruction of thumb,엄지 손가락 재건,단일시궤도,ok,오답,-,False,False,단일시궤도,True
random,P297,analgesia dolorosa,무감각부위통증,,none,미검출,-,False,False,코굴염,True
random,P298,cabot ring bodies,카보트고리소체,,none,미검출,-,False,False,바위뒤통수틈새,True
random,P298,paraduodenal fold,샘창자옆주름,,none,미검출,-,False,False,혈관유리질증,False
random,P298,hemoglobin c,헤모글로빈C,,none,미검출,-,False,False,지중해진드기열,True
random,P299,presence of mei,인공중이삽입물의 존재,,none,미검출,-,False,False,식사-,True
random,P299,mamillitis,유두염,,none,미검출,-,False,False,목 뒤통수 신경통,True
random,P299,oxyhydrocephalus,뾰족물머리증,,none,미검출,-,False,False,미세마찰음,True
random,P300,root resection,치근 절제술,,none,미검출,-,False,False,인지질혈증,True
random,P300,breast stereotactic biopsy,유방 입체정위 생검술,,none,미검출,-,False,False,살리실아마이드,True
random,P300,myotonic disorders,근긴장장애,,none,미검출,-,False,False,복잡메아리,True
random,P301,ionometer,이온화선량계,치아진정처치,ok,오답,-,False,False,치아진정처치,True
random,P301,tingling,저림,,none,미검출,-,False,False,안저,True
random,P301,first filial generation,일대잡종,,none,미검출,-,False,False,더운물 주머니,True
random,P302,endosome,엔도솜,엔도솜,ok,정답(대표),exact,True,True,손톱의 곤봉화,True
random,P302,mr mapping,자기공명지도화,,none,미검출,-,False,False,연속-,True
random,P302,hyposegmentation,저분절증,,none,미검출,-,False,False,삼색상,True
random,P303,intermittent explosive disorder,간헐폭발병,,none,미검출,-,False,False,큐알에스(QRS) 넓힘,True
random,P303,gastroenteritis paratyphosa,파라티푸스위창자염,,none,미검출,-,False,False,컴퓨터 단층촬영 간 동맥조영술과 컴퓨터 단층촬영 문맥조영술,True
random,P303,fixator muscle,고정근육,발전문가 군,ok,오답,-,False,False,발전문가,True
random,P304,sao paulo fever,상파울로열,온백색증,ok,오답,-,False,False,온백색증,True
random,P304,palpating,촉진하기,,none,미검출,-,False,False,역돌연변이,True
random,P304,balloon kyphoplasty,풍선 척추성형,,none,미검출,-,False,False,자궁목 절단,True
random,P305,assess breastfeeding support,모유수유지지 사정,,none,미검출,-,False,False,외막밑섬유증식,True
random,P305,monopolar depression,단극성 우울병,,none,미검출,-,False,False,망치머리형리보자임,True
random,P305,positioned flap,판막이동수술,판막이동수술,ok,정답(대표),exact,True,True,요관깔때기이음부,True
random,P306,prandial,식사-,,none,미검출,-,False,False,수정된 노우드수술,True
random,P306,acanthamoeba keratitis,가시아메바각막염,아칸타모바 각막염,ok,오답,-,False,False,신경전도검사(두부),False
random,P306,adjustable suture,조정봉합,,none,미검출,-,False,False,손톱의 곤봉화,True
random,P307,hyperosmolar nonketotic coma,고삼투압성비케토산성혼수,,none,미검출,-,False,False,항중성구세포질항체,True
random,P307,gracilis muscle,두덩정강근,궁둥뼈가지,ok,오답,-,False,False,궁둥뼈가지,True
random,P307,lobomycosis,로보진균증,,none,미검출,-,False,False,회음결핍,True
random,P308,flat position,앙와위,,none,미검출,-,False,False,몽골인 모양 눈,True
random,P308,plantar flexion,발바닥쪽 굽힘,,none,미검출,-,False,False,스테인레스금관 합착,True
random,P308,status thymicus,가슴샘체질,근육의 결여,ok,오답,-,False,False,요천부팽대,True
random,P309,septal angle,코중격각,,none,미검출,-,False,False,방광주혈흡충이질,True
random,P309,dementia in hypercalcaemia,과칼슘혈증에서의 치매,,none,미검출,-,False,False,요도경하 수술,True
random,P309,teach personal care,개인간호 교육,,none,미검출,-,False,False,목바로잡기반사,True
random,P310,interoceptive,내수용-,,none,미검출,-,False,False,중증도 분류,True
random,P310,multicystic renal dysplasia,다낭성 신장의 형성이상,,none,미검출,-,False,False,등 열상,True
random,P310,fecal concentration,대변농축(법),무기폐,ok,오답,-,False,False,무기폐,True
random,P311,in utero,자궁내,,none,미검출,-,False,True,목 뒤통수 신경통,True
random,P311,bidiscoidal placenta,두원반태반,,none,미검출,-,False,False,살리실아마이드,True
random,P311,high-tension pulse,고긴장맥박,,none,미검출,-,False,False,담석증,True
random,P312,idiopathic hemihypertrophy,특발성 편측비대증,,none,미검출,-,False,False,톱니적혈구,True
random,P312,skull view,두부촬영,,none,미검출,-,False,False,일회통과심장스캔-안정상태,True
random,P312,general microbiology test,일반미생물 검사,옴스크출혈열,ok,오답,-,False,False,옴스크출혈열,True
random,P313,tufting enteropathy,터프팅장증,,none,미검출,-,False,False,정밀면역검사-C형간염항체,True
random,P313,supraduodenal artery,샘창자위동맥,,none,미검출,-,False,False,건초천식,True
random,P313,exteroceptive stimulus,외수용자극,,none,미검출,-,False,False,회전양극관,True
random,P314,reciprocal shaker,왕복진탕기,왕복진탕기,ok,정답(대표),exact,True,True,무릎뼈의 장애,False
random,P314,potential doubling time,잠재배가시간,디스트로피성 수포성 표피박리증,ok,오답,-,False,False,디스트로피성 수포성 표피박리증,True
random,P314,staphylococcus epidermidis,표피포도알균,,none,미검출,-,False,False,멕켈 게실절제술,True
random,P315,rodenticide,살서제,,none,미검출,-,False,False,열린사슬화합물,True
random,P315,cataract ou,두눈 백내장,,none,미검출,-,False,False,장치유지,True
random,P315,wry neck,기운목,,none,미검출,-,False,False,말발굽샛길,True
random,P316,curvature of spine,척주굽이,,none,미검출,-,False,False,변증,True
random,P316,cardiocele,심장류,심장류,ok,정답(대표),exact,True,True,투명부위,True
random,P316,hyperreninemia,과레닌혈증,,none,미검출,-,False,False,담낭의 누공,True
random,P317,sp crown setting,스테인레스금관 합착,,none,미검출,-,False,False,무감각부위통증,True
random,P317,calomel,감홍,,none,미검출,-,False,False,포도구균 예방접종,True
random,P317,fiberoptic endoscopic,광섬유내시경,,none,미검출,-,False,False,바이오네이터,True
random,P318,ventriculopleural anastomosis,뇌실가슴막 연결,,none,미검출,-,False,False,헤모글로빈C,True
random,P318,laryngeal nodule,후두결절,,none,미검출,-,False,False,팔망막순환시간,True
random,P318,hbab,간염 B형 표면항체,,none,미검출,-,False,False,온손가락,True
random,P319,arthroplasty of foot,발의 관절 성형,,none,미검출,-,False,False,힘줄뼈되기,True
random,P319,perianal haematoma,항문주위혈종,,none,미검출,-,False,False,잠식궤양,True
random,P319,lichen planus tropicus,열대성 편평태선,자궁내막버팀질육종 톱니적혈구 상태,ok,오답,-,False,False,완전기생체,True
random,P320,comparator,비교측정기,표준 발허리간관절조직,ok,오답,-,False,False,발허리간관절조직,True
random,P320,menstrual irregularity,월경불규칙,,none,미검출,-,False,False,Tc섭취율,True
random,P320,wrist joint,요골수근관절,,none,미검출,-,False,False,손발톱병(증),True
random,P321,third ventricle structure,제3뇌구조,,none,미검출,-,False,False,축농 제거,True
random,P321,reactive,반응성-,,none,미검출,-,False,False,앞방향절제(술),True
random,P321,medullary canal,골수공간,,none,미검출,-,False,False,잔상,True
random,P322,fall risk deteriorated,낙상 위험성 악화됨,원기가 유의하게 악화,ok,오답,-,False,False,원기,True
random,P322,salpingography and plasty,난관조영촬영 및 개통술,,none,미검출,-,False,False,단일유출로심장,True
random,P322,abortive prophage,불완전프로파지,,none,미검출,-,False,False,흉통,True
random,P323,radionuclide angiocardiography,방사성핵종심(장)혈관조영(술),,none,미검출,-,False,False,곧창자-,True
random,P323,nerve root injury,척추 신경뿌리의 손상,직장내 풀-스루식 수술,ok,오답,-,False,False,직장내 풀-스루식 수술,True
random,P324,sialodochoplasty,침샘관성형(술),,none,미검출,-,False,False,클로스트리듐히스톨리티쿰,True
random,P324,plasmablastic lymphoma,형질모세포성 림프종,,none,미검출,-,False,False,다원기록기,True
random,P325,assess enema,관장 사정,,none,미검출,-,False,False,융합꼭지돌기염,True
random,P325,periodic rhinitis,주기코염,흡입기의 빈대,ok,오답,-,False,False,흡입기,True
random,P325,echinocyte,톱니적혈구,,none,미검출,-,False,False,골신장술,True
random,P326,polyneuralgia,다발신경통,핵다면체형성바이러스,ok,오답,-,False,False,핵다면체형성바이러스,True
random,P326,dromotropic,전도영향성-,,none,미검출,-,False,False,눈미주신경반사,True
random,P326,altimeter sickness,고산병,인두,ok,오답,-,False,False,인두,True
random,P327,gastradenitis,위샘염,,none,미검출,-,False,False,회전방사선치료대,True
random,P327,near field potential,근접부위전위,풋첨단체과립,ok,오답,-,False,False,풋첨단체과립,True
random,P327,auriscope,이경,종양특이항원,ok,오답,-,False,False,종양특이항원,True
random,P328,self-care deficit,자가간호결핍,,none,미검출,-,False,False,류마티스성 다발근통,True
random,P328,laryngotracheal stenosis,후두기관협착(증),,none,미검출,-,False,False,생식 기관 곰팡이 감염,True
random,P328,deuterium,중수소,,none,미검출,-,False,False,빗장위접근법,True
random,P329,dialysis adequacy,투석충분도,,none,미검출,-,False,False,뇌피부동,True
random,P329,non-infected,감염되지않은,제 4 심 (장) 음,ok_nospace,오답,-,False,False,제4심(장)음,True
random,P329,worm-eaten soles,벌레먹은 발바닥,,none,미검출,-,False,False,고밀도침착병,True
random,P330,ischial ramus,궁둥뼈가지,두덩뼈가지,ok,오답,-,False,False,미각과민(증),True
random,P330,traumatic sah,외상성 지주막하출혈,,none,미검출,-,False,False,녹색시,True
random,P330,extroverted personality,외향인격,외향적 성격,ok,오답,-,False,False,무작위교배계,True
random,P331,extra-abdominal,복부외-,자가간호결핍,ok,오답,-,False,False,자가간호결핍,True
random,P331,eccrine poroma,외분비 한공종,,none,미검출,-,False,False,경막외 신경차단술,True
random,P331,activity grade,활동정도,,none,미검출,-,False,False,탈색크림,True
random,P332,phlebography,정맥조영(술),,none,미검출,-,False,False,비중심교합,False
random,P332,myoclonia fibrillaris multiplex,다발잔떨림근대성대발작,,none,미검출,-,False,False,복재신경병증,False
random,P332,femur,넙다리뼈,간관루설치 (술),ok_nospace,오답,-,False,False,간관루설치(술),True
